Image_ID,Degradation,AFLB,Feature,mean,std,min,max,l1,l2,energy,numel
R001,Rain,AFLB1,conv_feat,0.006481087300926447,0.09931792318820953,-0.6133977770805359,0.6410573720932007,64864.09765625,95.54799800035059,9129.419921875,921600
R001,Rain,AFLB1,fft_magnitude,0.0005629417719319463,0.001952080754563212,8.694451025803573e-07,0.2074512094259262,518.80712890625,1.950365421094881,3.803925275802612,921600
R001,Rain,AFLB1,raw_low,0.0,0.0,0.0,0.0,0.0,0.0,0.0,921600
R001,Rain,AFLB1,raw_high,0.07038205116987228,0.07037344574928284,9.593955496711715e-08,0.6410574316978455,64864.1015625,95.54800311067468,9129.4208984375,921600
R001,Rain,AFLB1,mined_low,-0.2140858173370361,1.85245668888092,-17.3987922668457,14.49300765991211,1160584.375,1790.195031274526,3204798.25,921600
R001,Rain,AFLB1,mined_high,-0.0004151433822698891,0.4721454381942749,-11.59436893463135,12.1424388885498,216783.421875,453.259807533163,205444.453125,921600
R001,Rain,AFLB2,conv_feat,-0.0111303897574544,0.1583916693925858,-0.9009165167808533,0.8302485346794128,216736.09375,215.569947682301,46470.40234375,1843200
R001,Rain,AFLB2,fft_magnitude,0.0002732920111157,0.001597354537807405,5.228818977798255e-08,0.407069057226181,503.7318420410156,2.20015153363014,4.840666770935059,1843200
R001,Rain,AFLB2,raw_low,0.0,0.0,0.0,0.0,0.0,0.0,0.0,1843200
R001,Rain,AFLB2,raw_high,0.1175868585705757,0.106701172888279,2.654521047418257e-08,0.9009165167808533,216736.09375,215.5699567425851,46470.40625,1843200
R001,Rain,AFLB2,mined_low,-0.01569465175271034,0.2886323034763336,-4.839775085449219,4.747572422027588,287157.21875,392.4391075377172,154008.453125,1843200
R001,Rain,AFLB2,mined_high,-0.07045374810695648,0.2063636481761932,-3.638508796691895,3.652402400970459,284136.03125,296.0465810054222,87643.578125,1843200
R001,Rain,AFLB3,conv_feat,0.001140898675657809,0.09962916374206543,-0.4866101145744324,0.6128932237625122,282359.59375,191.3005345817152,36595.89453125,3686400
R001,Rain,AFLB3,fft_magnitude,7.214410288725048e-05,0.0005033069755882025,1.875683786067839e-08,0.2510406076908112,265.9520263671875,0.9762264741707827,0.9530181288719177,3686400
R001,Rain,AFLB3,raw_low,0.0,0.0,0.0,0.0,0.0,0.0,0.0,3686400
R001,Rain,AFLB3,raw_high,0.07659494131803513,0.06372194737195969,7.638003296506213e-08,0.612893283367157,282359.59375,191.3005345817152,36595.89453125,3686400
R001,Rain,AFLB3,mined_low,0.00011527646711329,0.001194126554764807,-0.006729444488883018,0.01010546833276749,3414.09375,2.303381494864142,5.305566310882568,3686400
R001,Rain,AFLB3,mined_high,-1.823309139581397e-05,0.0009226878173649311,-0.006826416123658419,0.007125222124159336,2605.284423828125,1.771906389230894,3.139652252197266,3686400
R002,Rain,AFLB1,conv_feat,0.01212457753717899,0.1538732200860977,-0.5517111420631409,0.573677659034729,107986.296875,148.1761580961154,21956.173828125,921600
R002,Rain,AFLB1,fft_magnitude,0.0004126185376662761,0.003123523900285363,2.2967657287154e-07,0.411626785993576,380.2692565917969,3.024633205654457,9.148406028747559,921600
R002,Rain,AFLB1,raw_low,0.0,0.0,0.0,0.0,0.0,0.0,0.0,921600
R002,Rain,AFLB1,raw_high,0.1171726286411285,0.1004716157913208,3.352787558696946e-08,0.5736775994300842,107986.296875,148.1761646866661,21956.17578125,921600
R002,Rain,AFLB1,mined_low,-0.1208925172686577,1.748575210571289,-14.67771816253662,23.23589706420898,1068088.875,1682.639370156303,2831275.25,921600
R002,Rain,AFLB1,mined_high,-0.002163094701245427,0.4372771680355072,-13.76848983764648,16.04998588562012,204483.421875,419.7912055415168,176224.65625,921600
R002,Rain,AFLB2,conv_feat,-0.02189611084759235,0.2154443264007568,-0.8385186195373535,0.7929559350013733,311224.09375,294.003640496168,86438.140625,1843200
R002,Rain,AFLB2,fft_magnitude,0.0001882496289908886,0.002202165080234408,2.912749152983451e-08,0.5594689846038818,346.9817199707031,3.000662412626716,9.003974914550781,1843200
R002,Rain,AFLB2,raw_low,0.0,0.0,0.0,0.0,0.0,0.0,0.0,1843200
R002,Rain,AFLB2,raw_high,0.1688498705625534,0.1355928331613541,6.430425258940886e-08,0.8385185599327087,311224.09375,294.003667068967,86438.15625,1843200
R002,Rain,AFLB2,mined_low,-0.00701545737683773,0.2435665130615234,-4.88036584854126,4.802176475524902,250562.390625,330.8140055227408,109437.90625,1843200
R002,Rain,AFLB2,mined_high,-0.08798270672559738,0.19443579018116,-3.819400548934937,3.159045219421387,289692.6875,289.7426659986409,83950.8125,1843200
R002,Rain,AFLB3,conv_feat,0.002086784690618515,0.1241186261177063,-0.4298446774482727,0.5381271839141846,371616.625,238.3414370708543,56806.640625,3686400
R002,Rain,AFLB3,fft_magnitude,5.087023237138055e-05,0.0006314339116215706,8.488829195130165e-09,0.3393779098987579,187.5280303955078,1.216281101891608,1.479339718818665,3686400
R002,Rain,AFLB3,raw_low,0.0,0.0,0.0,0.0,0.0,0.0,0.0,3686400
R002,Rain,AFLB3,raw_high,0.1008074581623077,0.07244063168764114,9.008288337497561e-09,0.5381271839141846,371616.625,238.3414534601566,56806.6484375,3686400
R002,Rain,AFLB3,mined_low,0.0001097725034924224,0.001214460819028318,-0.006255725398659706,0.009380531497299671,3464.832275390625,2.341270559437549,5.481547832489014,3686400
R002,Rain,AFLB3,mined_high,-1.816645271901507e-05,0.0009565292857587337,-0.006820090115070343,0.006805401761084795,2714.806884765625,1.836867401325387,3.37408185005188,3686400
R003,Rain,AFLB1,conv_feat,0.008766907267272472,0.1223508417606354,-0.6515605449676514,0.6689377427101135,83442.671875,117.7579573678038,13866.9365234375,921600
R003,Rain,AFLB1,fft_magnitude,0.0006161073688417673,0.002426896011456847,3.759262199309887e-07,0.2780578136444092,567.8045654296875,2.403724236551128,5.777890205383301,921600
R003,Rain,AFLB1,raw_low,0.0,0.0,0.0,0.0,0.0,0.0,0.0,921600
R003,Rain,AFLB1,raw_high,0.09054109454154968,0.08275807648897171,1.836188623371982e-08,0.6689377427101135,83442.671875,117.7579573678038,13866.9365234375,921600
R003,Rain,AFLB1,mined_low,-0.323419064283371,1.530351877212524,-14.23700428009033,9.684694290161133,964495.5,1501.587659778809,2254765.5,921600
R003,Rain,AFLB1,mined_high,-0.002662873361259699,0.3792910277843475,-10.85376739501953,9.82911205291748,185724.484375,364.1283470494985,132589.453125,921600
R003,Rain,AFLB2,conv_feat,-0.01435045804828405,0.2045887857675552,-1.076308131217957,0.9328250885009766,280834.28125,278.4414070994112,77529.6171875,1843200
R003,Rain,AFLB2,fft_magnitude,0.0003218156052753329,0.002068319590762258,1.834292646663016e-07,0.5187401175498962,593.1705322265625,2.841830769235156,8.07600212097168,1843200
R003,Rain,AFLB2,raw_low,0.0,0.0,0.0,0.0,0.0,0.0,0.0,1843200
R003,Rain,AFLB2,raw_high,0.1523623466491699,0.1372888386249542,6.039557831627462e-08,1.076308131217957,280834.28125,278.4414070994112,77529.6171875,1843200
R003,Rain,AFLB2,mined_low,-0.02463008090853691,0.3536767661571503,-6.50510835647583,6.280513763427734,310666.59375,481.3304802835573,231679.03125,1843200
R003,Rain,AFLB2,mined_high,-0.118259958922863,0.204500749707222,-3.160092115402222,4.387380123138428,320957.75,320.7203805497867,102861.5625,1843200
R003,Rain,AFLB3,conv_feat,0.001794189098291099,0.130371019244194,-0.4872720539569855,0.6349083781242371,369004.25,250.3360553835584,62668.140625,3686400
R003,Rain,AFLB3,fft_magnitude,9.236083133146167e-05,0.000658918172121048,5.735577790488833e-09,0.3279605507850647,340.4789733886719,1.277490869851529,1.631982922554016,3686400
R003,Rain,AFLB3,raw_low,0.0,0.0,0.0,0.0,0.0,0.0,0.0,3686400
R003,Rain,AFLB3,raw_high,0.1000988110899925,0.08354669064283371,1.353271716908466e-08,0.6349083185195923,369004.25,250.3360709875826,62668.1484375,3686400
R003,Rain,AFLB3,mined_low,7.912172441137955e-05,0.001304499106481671,-0.007712694816291332,0.008752837777137756,3709.791015625,2.509241000311457,6.296290397644043,3686400
R003,Rain,AFLB3,mined_high,-7.303353868337581e-06,0.0008242865442298353,-0.008272846229374409,0.006768065504729748,2333.31640625,1.58269232607231,2.504914999008179,3686400
R004,Rain,AFLB1,conv_feat,0.008759766817092896,0.1222832351922989,-0.6476175785064697,0.6689136624336243,83393.984375,117.692727579065,13851.578125,921600
R004,Rain,AFLB1,fft_magnitude,0.0006162966601550579,0.002425416838377714,7.060666717961794e-08,0.2777805626392365,567.97900390625,2.40239277611306,5.771491050720215,921600
R004,Rain,AFLB1,raw_low,0.0,0.0,0.0,0.0,0.0,0.0,0.0,921600
R004,Rain,AFLB1,raw_high,0.0904882624745369,0.08271516114473343,2.726827403876086e-07,0.668913722038269,83393.984375,117.692731727845,13851.5791015625,921600
R004,Rain,AFLB1,mined_low,-0.3722995817661285,1.576698064804077,-13.78096199035645,9.391874313354492,1031789.75,1555.254561157112,2418816.75,921600
R004,Rain,AFLB1,mined_high,-0.004037623293697834,0.4455547332763672,-11.08607864379883,9.753475189208984,212790.46875,427.7500913208552,182970.140625,921600
R004,Rain,AFLB2,conv_feat,-0.01433553174138069,0.2044039666652679,-1.076347827911377,0.934789776802063,280515.8125,278.1896694478427,77389.4921875,1843200
R004,Rain,AFLB2,fft_magnitude,0.0003193090087734163,0.002066793153062463,1.192958194451421e-07,0.5182204246520996,588.5503540039062,2.839261379634634,8.061405181884766,1843200
R004,Rain,AFLB2,raw_low,0.0,0.0,0.0,0.0,0.0,0.0,0.0,1843200
R004,Rain,AFLB2,raw_high,0.1521895676851273,0.1372035890817642,8.092781556001682e-09,1.076347827911377,280515.8125,278.1896834895212,77389.5,1843200
R004,Rain,AFLB2,mined_low,-0.01885577663779259,0.3049946427345276,-5.676389694213867,5.635292053222656,285294.875,414.8650194641626,172112.984375,1843200
R004,Rain,AFLB2,mined_high,-0.120043158531189,0.1934583634138107,-2.820515632629395,3.986867427825928,315349.8125,309.1035930719667,95545.03125,1843200
R004,Rain,AFLB3,conv_feat,0.001791613874956965,0.1302683651447296,-0.4922438561916351,0.636326253414154,368634.84375,250.1389223386676,62569.48046875,3686400
R004,Rain,AFLB3,fft_magnitude,9.211718861479312e-05,0.0006584232323803008,4.890642912869225e-08,0.3276326656341553,339.580810546875,1.276484769324628,1.629413366317749,3686400
R004,Rain,AFLB3,raw_low,0.0,0.0,0.0,0.0,0.0,0.0,0.0,3686400
R004,Rain,AFLB3,raw_high,0.0999986007809639,0.0835065171122551,1.308037766989401e-08,0.6363261342048645,368634.84375,250.1389223386676,62569.48046875,3686400
R004,Rain,AFLB3,mined_low,0.0001035092282108963,0.001343876239843667,-0.006967241875827312,0.00911159161478281,3877.74853515625,2.587884728766868,6.697147369384766,3686400
R004,Rain,AFLB3,mined_high,-2.297914761584252e-05,0.0008788257255218923,-0.006764223799109459,0.006283210590481758,2512.335693359375,1.687922177663203,2.84908127784729,3686400
R005,Rain,AFLB1,conv_feat,0.01119477767497301,0.1458962708711624,-0.5184597969055176,0.536527156829834,103203.40625,140.472125237536,19732.41796875,921600
R005,Rain,AFLB1,fft_magnitude,0.0006016299012117088,0.002925629960373044,4.545188403426437e-08,0.3693576753139496,554.4620971679688,2.867375422251818,8.221841812133789,921600
R005,Rain,AFLB1,raw_low,0.0,0.0,0.0,0.0,0.0,0.0,0.0,921600
R005,Rain,AFLB1,raw_high,0.1119828745722771,0.09418536722660065,2.38443305988767e-07,0.536527156829834,103203.4140625,140.4721391415394,19732.421875,921600
R005,Rain,AFLB1,mined_low,-0.1579398661851883,1.465011715888977,-12.36221313476562,18.93062973022461,912328.625,1414.560620828956,2000981.75,921600
R005,Rain,AFLB1,mined_high,-0.005516995675861835,0.3969617784023285,-10.66600894927979,10.40749263763428,191435.578125,381.1201213200374,145252.546875,921600
R005,Rain,AFLB2,conv_feat,-0.01976725272834301,0.226113960146904,-0.938355028629303,0.8289564251899719,319764.8125,308.1533075232197,94958.4609375,1843200
R005,Rain,AFLB2,fft_magnitude,0.0003121169866062701,0.00229544541798532,2.042415161440658e-07,0.5989624261856079,575.2940063476562,3.145076652284118,9.891507148742676,1843200
R005,Rain,AFLB2,raw_low,0.0,0.0,0.0,0.0,0.0,0.0,0.0,1843200
R005,Rain,AFLB2,raw_high,0.1734835356473923,0.1463616639375687,9.451520099901245e-08,0.9383550882339478,319764.84375,308.1533201995396,94958.46875,1843200
R005,Rain,AFLB2,mined_low,-0.03499839827418327,0.4314181506633759,-6.800114154815674,6.649490356445312,353048.1875,587.6368723540074,345317.09375,1843200
R005,Rain,AFLB2,mined_high,-0.07529351115226746,0.2218195497989655,-4.506643772125244,4.201653480529785,312548.625,318.0282392139101,101141.9609375,1843200
R005,Rain,AFLB3,conv_feat,0.001960542285814881,0.1385741978883743,-0.4968668818473816,0.6447110772132874,403875.90625,266.0890945717242,70803.40625,3686400
R005,Rain,AFLB3,fft_magnitude,8.66613700054586e-05,0.0007018996402621269,2.546920896406846e-08,0.3662338852882385,319.4684753417969,1.357880307733345,1.843838930130005,3686400
R005,Rain,AFLB3,raw_low,0.0,0.0,0.0,0.0,0.0,0.0,0.0,3686400
R005,Rain,AFLB3,raw_high,0.1095583513379097,0.08487414568662643,1.564654072971905e-09,0.6447111368179321,403875.90625,266.0891092519572,70803.4140625,3686400
R005,Rain,AFLB3,mined_low,0.0001264470774913207,0.001447805785574019,-0.007601513527333736,0.01048749964684248,4189.41552734375,2.790368893481029,7.786158561706543,3686400
R005,Rain,AFLB3,mined_high,-3.68679866369348e-06,0.001025185571052134,-0.007527774665504694,0.008956672623753548,2805.3505859375,1.968369038371329,3.874476671218872,3686400
R006,Rain,AFLB1,conv_feat,0.01278537046164274,0.1664376705884933,-0.6096956729888916,0.6263507008552551,116118.3515625,160.250889720619,25680.34765625,921600
R006,Rain,AFLB1,fft_magnitude,0.0006038964493200183,0.003353462554514408,5.680789172402001e-07,0.4274613559246063,556.5509643554688,3.271107866627125,10.70014667510986,921600
R006,Rain,AFLB1,raw_low,0.0,0.0,0.0,0.0,0.0,0.0,0.0,921600
R006,Rain,AFLB1,raw_high,0.125996470451355,0.1094981953501701,7.497472864770316e-08,0.6263507008552551,116118.3515625,160.2508958145788,25680.349609375,921600
R006,Rain,AFLB1,mined_low,-0.1295979022979736,1.64119565486908,-13.51738452911377,16.79626274108887,1019478.0,1580.452466858779,2497830.0,921600
R006,Rain,AFLB1,mined_high,-0.0006990820984356105,0.4397991001605988,-7.871373653411865,7.378104209899902,220346.21875,422.2076836404094,178259.328125,921600
R006,Rain,AFLB2,conv_feat,-0.02289055474102497,0.2453629672527313,-0.9981272220611572,0.8888891339302063,348582.4375,334.5623073509627,111931.9375,1843200
R006,Rain,AFLB2,fft_magnitude,0.0003074478881899267,0.002496237400919199,5.15290432545612e-09,0.6473506093025208,566.6879272460938,3.414612330805642,11.65957736968994,1843200
R006,Rain,AFLB2,raw_low,0.0,0.0,0.0,0.0,0.0,0.0,0.0,1843200
R006,Rain,AFLB2,raw_high,0.1891180723905563,0.1579915434122086,1.322503351275373e-07,0.9981272220611572,348582.4375,334.562319026665,111931.9453125,1843200
R006,Rain,AFLB2,mined_low,-0.01779781095683575,0.2927320897579193,-5.123356819152832,5.02347993850708,293106.375,398.160143660814,158531.5,1843200
R006,Rain,AFLB2,mined_high,-0.05370398238301277,0.2183476239442825,-3.799638748168945,4.441543102264404,287713.0625,305.2733790187084,93191.8359375,1843200
R006,Rain,AFLB3,conv_feat,0.002167550148442388,0.14641934633255,-0.4893844723701477,0.6447928547859192,430340.125,281.1559703927697,79048.6796875,3686400
R006,Rain,AFLB3,fft_magnitude,8.850443555274978e-05,0.000742015428841114,2.266337162382115e-08,0.3924783766269684,326.2627563476562,1.434768071056995,2.058559417724609,3686400
R006,Rain,AFLB3,raw_low,0.0,0.0,0.0,0.0,0.0,0.0,0.0,3686400
R006,Rain,AFLB3,raw_high,0.1167372465133667,0.08840669691562653,1.269841760631607e-07,0.6447927951812744,430340.1875,281.1559703927697,79048.6796875,3686400
R006,Rain,AFLB3,mined_low,0.0001353969564661384,0.001364769996143878,-0.006822282448410988,0.009938133880496025,3944.008056640625,2.633222146242121,6.933858871459961,3686400
R006,Rain,AFLB3,mined_high,-4.139678276260383e-05,0.0009411454666405916,-0.00661555677652359,0.006664715241640806,2676.82177734375,1.808746463268647,3.271563768386841,3686400
R007,Rain,AFLB1,conv_feat,0.007829117588698864,0.1186034455895424,-0.6235828995704651,0.6348370909690857,78443.828125,114.1071102832225,13020.4326171875,921600
R007,Rain,AFLB1,fft_magnitude,0.0007578568765893579,0.002304853638634086,2.982219200475811e-07,0.2546367049217224,698.44091796875,2.329201775720133,5.425180912017822,921600
R007,Rain,AFLB1,raw_low,0.0,0.0,0.0,0.0,0.0,0.0,0.0,921600
R007,Rain,AFLB1,raw_high,0.08511699736118317,0.08296487480401993,2.868671629130404e-07,0.6348372101783752,78443.828125,114.1071145623707,13020.43359375,921600
R007,Rain,AFLB1,mined_low,-0.426412045955658,1.617781639099121,-14.85087776184082,9.042025566101074,1069645.375,1606.113243205472,2579599.75,921600
R007,Rain,AFLB1,mined_high,-0.009301876649260521,0.4464334547519684,-9.736586570739746,8.740365982055664,206589.671875,428.6691432503627,183757.234375,921600
R007,Rain,AFLB2,conv_feat,-0.01403920166194439,0.1856865435838699,-1.038666009902954,0.9307272434234619,245139.28125,252.8159224119399,63915.890625,1843200
R007,Rain,AFLB2,fft_magnitude,0.0003996771120000631,0.001858064439147711,5.910794076413595e-09,0.4593024849891663,736.6848754882812,2.580291854703735,6.657906055450439,1843200
R007,Rain,AFLB2,raw_low,0.0,0.0,0.0,0.0,0.0,0.0,0.0,1843200
R007,Rain,AFLB2,raw_high,0.1329965740442276,0.1303399503231049,2.142042490049789e-07,1.038666009902954,245139.28125,252.8159224119399,63915.890625,1843200
R007,Rain,AFLB2,mined_low,-0.02889281883835793,0.3294636309146881,-5.559805393218994,5.52413272857666,320086.125,449.0113793101462,201611.21875,1843200
R007,Rain,AFLB2,mined_high,-0.06482872366905212,0.2068780809640884,-3.379225254058838,4.405342102050781,281486.90625,294.3344982753466,86632.796875,1843200
R007,Rain,AFLB3,conv_feat,0.001163418288342655,0.1164090856909752,-0.5230676531791687,0.6605066657066345,311414.40625,223.5165943923404,49959.66796875,3686400
R007,Rain,AFLB3,fft_magnitude,0.000114699563710019,0.0005828994908370078,2.175518254432518e-08,0.2756446301937103,422.8284606933594,1.140628448899163,1.30103325843811,3686400
R007,Rain,AFLB3,raw_low,0.0,0.0,0.0,0.0,0.0,0.0,0.0,3686400
R007,Rain,AFLB3,raw_high,0.08447657525539398,0.08010079711675644,3.349204469316192e-09,0.6605066061019897,311414.4375,223.5166031305057,49959.671875,3686400
R007,Rain,AFLB3,mined_low,0.0001095221887226216,0.001270256005227566,-0.007613321300595999,0.009844898246228695,3612.466796875,2.44794018240381,5.992411136627197,3686400
R007,Rain,AFLB3,mined_high,-2.32554866670398e-05,0.001008915598504245,-0.008287012577056885,0.008589222095906734,2826.86572265625,1.93763240238757,3.754419326782227,3686400
R008,Rain,AFLB1,conv_feat,0.008553462103009224,0.124807633459568,-0.6047031879425049,0.6349830627441406,83591.203125,120.0963765000322,14423.1396484375,921600
R008,Rain,AFLB1,fft_magnitude,0.000651843030937016,0.002469003666192293,9.888240981581475e-08,0.2917150855064392,600.738525390625,2.451456948531161,6.009641170501709,921600
R008,Rain,AFLB1,raw_low,0.0,0.0,0.0,0.0,0.0,0.0,0.0,921600
R008,Rain,AFLB1,raw_high,0.09070225805044174,0.08615803718566895,6.742506286627759e-08,0.6349831223487854,83591.203125,120.0963765000322,14423.1396484375,921600
R008,Rain,AFLB1,mined_low,-0.7130372524261475,2.288915872573853,-16.45881462097168,10.81082916259766,1629030.5,2301.510265021644,5296949.5,921600
R008,Rain,AFLB1,mined_high,-0.01189874298870564,0.5169805884361267,-9.422614097595215,8.658589363098145,246747.84375,496.4327749051225,246445.5,921600
R008,Rain,AFLB2,conv_feat,-0.01614827290177345,0.1804968565702438,-1.019291043281555,0.8798109292984009,242660.25,246.0294221480431,60530.4765625,1843200
R008,Rain,AFLB2,fft_magnitude,0.0003132341371383518,0.001822829130105674,3.249379432190835e-08,0.4427937865257263,577.3531494140625,2.511027334394902,6.305258274078369,1843200
R008,Rain,AFLB2,raw_low,0.0,0.0,0.0,0.0,0.0,0.0,0.0,1843200
R008,Rain,AFLB2,raw_high,0.1316516101360321,0.1245300769805908,1.320175044838834e-07,1.019291043281555,242660.25,246.0294221480431,60530.4765625,1843200
R008,Rain,AFLB2,mined_low,-0.03264014050364494,0.3154775202274323,-5.322271823883057,5.280941009521484,307501.59375,430.592814472095,185410.171875,1843200
R008,Rain,AFLB2,mined_high,-0.0431646965444088,0.22301085293293,-4.14444637298584,3.978386402130127,289778.6875,308.3887816134044,95103.640625,1843200
R008,Rain,AFLB3,conv_feat,0.001279278192669153,0.1081235334277153,-0.4933898150920868,0.6423417925834656,293166.90625,207.6117169140509,43102.625,3686400
R008,Rain,AFLB3,fft_magnitude,7.845510845072567e-05,0.0005461983964778483,8.055388356353888e-09,0.2609300911426544,289.2169189453125,1.059464100379374,1.122464179992676,3686400
R008,Rain,AFLB3,raw_low,0.0,0.0,0.0,0.0,0.0,0.0,0.0,3686400
R008,Rain,AFLB3,raw_high,0.07952661067247391,0.07326564192771912,2.863554193766049e-08,0.6423417925834656,293166.90625,207.6117169140509,43102.625,3686400
R008,Rain,AFLB3,mined_low,0.0001003334982669912,0.00122764240950346,-0.007377029862254858,0.009094998240470886,3499.27294921875,2.364932355175442,5.592905044555664,3686400
R008,Rain,AFLB3,mined_high,-1.936218723130878e-05,0.0009688637219369411,-0.007663718890398741,0.007422113791108131,2725.37744140625,1.860589728541656,3.461794137954712,3686400
R009,Rain,AFLB1,conv_feat,0.01114978082478046,0.1545042842626572,-0.7284108996391296,0.7684062719345093,104808.28125,148.7098225677275,22114.611328125,921600
R009,Rain,AFLB1,fft_magnitude,0.0006619693012908101,0.00309193879365921,2.955020761419291e-07,0.387829452753067,610.0709228515625,3.035526523072699,9.214421272277832,921600
R009,Rain,AFLB1,raw_low,0.0,0.0,0.0,0.0,0.0,0.0,0.0,921600
R009,Rain,AFLB1,raw_high,0.1137242615222931,0.1051792800426483,1.306695818215076e-08,0.7684063911437988,104808.28125,148.7098291346271,22114.61328125,921600
R009,Rain,AFLB1,mined_low,-0.6319761276245117,2.169699430465698,-17.71806335449219,12.01512622833252,1518796.375,2169.470327061424,4706601.5,921600
R009,Rain,AFLB1,mined_high,-0.008838062174618244,0.3892753422260284,-7.324848175048828,6.922205448150635,190563.765625,373.800623661866,139726.90625,921600
R009,Rain,AFLB2,conv_feat,-0.02190618962049484,0.2011272460222244,-1.034008145332336,0.9174848794937134,280528.34375,274.6742673149416,75445.953125,1843200
R009,Rain,AFLB2,fft_magnitude,0.0003331513435114175,0.002037833444774151,2.215305983099825e-08,0.5099748969078064,614.0645751953125,2.803382591226054,7.858953952789307,1843200
R009,Rain,AFLB2,raw_low,0.0,0.0,0.0,0.0,0.0,0.0,0.0,1843200
R009,Rain,AFLB2,raw_high,0.1521963775157928,0.133297860622406,1.080557083810163e-07,1.034008145332336,280528.375,274.6742815363317,75445.9609375,1843200
R009,Rain,AFLB2,mined_low,-0.02384842932224274,0.2948262095451355,-4.982869625091553,4.909359455108643,292382.9375,401.5767361289745,161263.875,1843200
R009,Rain,AFLB2,mined_high,-0.05456777289509773,0.1920725256204605,-3.774008512496948,3.798010110855103,253014.0625,271.0856933240852,73487.453125,1843200
R009,Rain,AFLB3,conv_feat,0.001364234834909439,0.1119765192270279,-0.504227340221405,0.6072585582733154,319464.4375,215.0108645510733,46229.671875,3686400
R009,Rain,AFLB3,fft_magnitude,9.972110274247825e-05,0.0005627023056149483,1.189227827325112e-08,0.287128359079361,367.6118774414062,1.097222782220711,1.203897833824158,3686400
R009,Rain,AFLB3,raw_low,0.0,0.0,0.0,0.0,0.0,0.0,0.0,3686400
R009,Rain,AFLB3,raw_high,0.08666028082370758,0.07092670351266861,1.893790901874581e-08,0.607258677482605,319464.46875,215.0108645510733,46229.671875,3686400
R009,Rain,AFLB3,mined_low,9.385983867105097e-05,0.001193618751130998,-0.006881165783852339,0.008788097649812698,3415.796630859375,2.298822317059358,5.284584045410156,3686400
R009,Rain,AFLB3,mined_high,2.810374553519068e-06,0.000902029627468437,-0.007062994409352541,0.006613187026232481,2550.20361328125,1.731905304317698,2.999495983123779,3686400
R010,Rain,AFLB1,conv_feat,0.009458129294216633,0.1321157068014145,-0.6627801656723022,0.6781628131866455,89660.7734375,127.155677837248,16168.56640625,921600
R010,Rain,AFLB1,fft_magnitude,0.0006147865206003189,0.002632877789437771,7.274871194340449e-08,0.3043639361858368,566.5872802734375,2.595554505421297,6.736903190612793,921600
R010,Rain,AFLB1,raw_low,0.0,0.0,0.0,0.0,0.0,0.0,0.0,921600
R010,Rain,AFLB1,raw_high,0.09728816896677017,0.08988343179225922,1.862672860397652e-08,0.6781628727912903,89660.7734375,127.155677837248,16168.56640625,921600
R010,Rain,AFLB1,mined_low,-0.1485362350940704,1.350866913795471,-16.80017280578613,10.44183826446533,787496.8125,1304.648228450872,1702107.0,921600
R010,Rain,AFLB1,mined_high,-0.003318148665130138,0.4324747622013092,-9.225725173950195,8.396082878112793,206398.140625,415.187984532308,172381.0625,921600
R010,Rain,AFLB2,conv_feat,-0.01599447429180145,0.2130394577980042,-1.07104229927063,0.9262837171554565,293713.75,290.0459688782108,84126.6640625,1843200
R010,Rain,AFLB2,fft_magnitude,0.0003114235587418079,0.002158090006560087,1.592388088056396e-07,0.5511360764503479,574.0159301757812,2.960269097648585,8.763193130493164,1843200
R010,Rain,AFLB2,raw_low,0.0,0.0,0.0,0.0,0.0,0.0,0.0,1843200
R010,Rain,AFLB2,raw_high,0.1593499034643173,0.1422998309135437,2.980888780257374e-08,1.07104229927063,293713.75,290.0459688782108,84126.6640625,1843200
R010,Rain,AFLB2,mined_low,-0.02353175729513168,0.3648691773414612,-5.526486396789551,5.516068458557129,315537.5625,496.3919664690395,246404.984375,1843200
R010,Rain,AFLB2,mined_high,-0.08920084685087204,0.2137919515371323,-3.538881778717041,5.318554878234863,305418.46875,314.5045210326873,98913.09375,1843200
R010,Rain,AFLB3,conv_feat,0.001794208423234522,0.1340659260749817,-0.508999764919281,0.6528269648551941,382381.375,257.4296020274281,66270.0,3686400
R010,Rain,AFLB3,fft_magnitude,8.869785233400762e-05,0.0006784400320611894,1.280013606219654e-08,0.3429319560527802,326.9757690429688,1.313690009376209,1.725781440734863,3686400
R010,Rain,AFLB3,raw_low,0.0,0.0,0.0,0.0,0.0,0.0,0.0,3686400
R010,Rain,AFLB3,raw_high,0.1037275865674019,0.08495574444532394,8.79456329982986e-09,0.6528270244598389,382381.375,257.4296172014789,66270.0078125,3686400
R010,Rain,AFLB3,mined_low,0.0001081757800420746,0.001350859529338777,-0.006809387356042862,0.009362731128931046,3901.25439453125,2.601953242287192,6.770160675048828,3686400
R010,Rain,AFLB3,mined_high,-2.151091939595062e-05,0.001008080434985459,-0.008014572784304619,0.007467134855687618,2846.897705078125,1.935955046912131,3.747921943664551,3686400
R011,Rain,AFLB1,conv_feat,0.00959375873208046,0.1418894529342651,-0.6814253330230713,0.6973577737808228,95267.96875,136.5248804018887,18639.04296875,921600
R011,Rain,AFLB1,fft_magnitude,0.0005802391096949577,0.002844338770955801,3.046665426609252e-07,0.3446546494960785,534.7483520507812,2.786802514231394,7.766268253326416,921600
R011,Rain,AFLB1,raw_low,0.0,0.0,0.0,0.0,0.0,0.0,0.0,921600
R011,Rain,AFLB1,raw_high,0.1033723726868629,0.09766683727502823,6.341574732005029e-08,0.6973578929901123,95267.9765625,136.5248804018887,18639.04296875,921600
R011,Rain,AFLB1,mined_low,-0.8828350305557251,2.651129722595215,-16.22012519836426,10.78355026245117,1995287.5,2682.489328962932,7195749.0,921600
R011,Rain,AFLB1,mined_high,-0.01185339037328959,0.5330125689506531,-9.01930046081543,7.80442476272583,255081.921875,511.8186018991494,261958.28125,921600
R011,Rain,AFLB2,conv_feat,-0.02073128521442413,0.1809756904840469,-0.9694117903709412,0.8823503255844116,245315.875,247.3075640776076,61161.03125,1843200
R011,Rain,AFLB2,fft_magnitude,0.0002713245630729944,0.001839249860495329,7.524840839323588e-08,0.4686651229858398,500.1054382324219,2.524072431398618,6.370941638946533,1843200
R011,Rain,AFLB2,raw_low,0.0,0.0,0.0,0.0,0.0,0.0,0.0,1843200
R011,Rain,AFLB2,raw_high,0.1330923736095428,0.1243720427155495,1.305332020251626e-08,0.9694117307662964,245315.875,247.3075798727164,61161.0390625,1843200
R011,Rain,AFLB2,mined_low,-0.02984797954559326,0.3193457424640656,-5.462851047515869,5.303683280944824,296826.3125,435.4478298258013,189614.8125,1843200
R011,Rain,AFLB2,mined_high,-0.05977520346641541,0.2044930458068848,-3.815891027450562,3.946767330169678,275340.59375,289.2468398703779,83663.734375,1843200
R011,Rain,AFLB3,conv_feat,0.0006547737284563482,0.09965813159942627,-0.4646994769573212,0.5763142704963684,273447.875,191.3477385057111,36613.95703125,3686400
R011,Rain,AFLB3,fft_magnitude,6.780496187275276e-05,0.000504036492202431,4.045218826576047e-09,0.2455009967088699,249.9562072753906,0.9764673415551799,0.9534884691238403,3686400
R011,Rain,AFLB3,raw_low,0.0,0.0,0.0,0.0,0.0,0.0,0.0,3686400
R011,Rain,AFLB3,raw_high,0.07417748123407364,0.06655728816986084,1.711211794486189e-08,0.5763142108917236,273447.875,191.3477385057111,36613.95703125,3686400
R011,Rain,AFLB3,mined_low,8.714525029063225e-05,0.001182420295663178,-0.00668049044907093,0.008500584401190281,3371.48291015625,2.276404263895292,5.182016372680664,3686400
R011,Rain,AFLB3,mined_high,-3.413309968891554e-05,0.0009935119887813926,-0.007585152983665466,0.007346529513597488,2806.68212890625,1.908668484749007,3.643015384674072,3686400
R012,Rain,AFLB1,conv_feat,0.005660989321768284,0.08253336697816849,-0.4903158247470856,0.4572228491306305,55079.203125,79.41819383314349,6307.24951171875,921600
R012,Rain,AFLB1,fft_magnitude,0.0005074731889180839,0.001610607374459505,4.44178809289042e-08,0.1685869544744492,467.6872863769531,1.62111713438518,2.628020763397217,921600
R012,Rain,AFLB1,raw_low,0.0,0.0,0.0,0.0,0.0,0.0,0.0,921600
R012,Rain,AFLB1,raw_high,0.05976476147770882,0.05720119923353195,6.891836790146044e-08,0.4903159141540527,55079.203125,79.41819690725798,6307.25,921600
R012,Rain,AFLB1,mined_low,-0.2942393124103546,1.599438071250916,-16.38049507141113,10.94051933288574,1000959.75,1561.226521040429,2437428.25,921600
R012,Rain,AFLB1,mined_high,-0.005529319401830435,0.4437330961227417,-10.14764499664307,9.159736633300781,212354.4375,426.0168350546725,181490.34375,921600
R012,Rain,AFLB2,conv_feat,-0.007574663031846285,0.1572208553552628,-0.9971979260444641,0.8222275972366333,208442.578125,213.6977001075351,45666.70703125,1843200
R012,Rain,AFLB2,fft_magnitude,0.0002635661512613297,0.001584721729159355,3.019968630724179e-08,0.3601157665252686,485.8051147460938,2.181043196441476,4.756949424743652,1843200
R012,Rain,AFLB2,raw_low,0.0,0.0,0.0,0.0,0.0,0.0,0.0,1843200
R012,Rain,AFLB2,raw_high,0.1130873337388039,0.1094852983951569,1.026831597528144e-08,0.9971979856491089,208442.578125,213.6977183868607,45666.71484375,1843200
R012,Rain,AFLB2,mined_low,-0.02908929251134396,0.3181663453578949,-5.525325775146484,5.363008499145508,306334.0625,433.75855539113,188146.484375,1843200
R012,Rain,AFLB2,mined_high,-0.07902002334594727,0.2193825840950012,-4.248090744018555,4.136941909790039,305872.8125,316.575573520763,100220.09375,1843200
R012,Rain,AFLB3,conv_feat,0.001677659922279418,0.1046224758028984,-0.4877890646457672,0.6404945850372314,284026.25,200.900988129103,40361.20703125,3686400
R012,Rain,AFLB3,fft_magnitude,7.183561683632433e-05,0.0005291138659231365,1.722361631095737e-08,0.2476795017719269,264.8148193359375,1.025218549549714,1.05107307434082,3686400
R012,Rain,AFLB3,raw_low,0.0,0.0,0.0,0.0,0.0,0.0,0.0,3686400
R012,Rain,AFLB3,raw_high,0.07704704999923706,0.07079851627349854,8.04773847562501e-09,0.6404945850372314,284026.25,200.900988129103,40361.20703125,3686400
R012,Rain,AFLB3,mined_low,0.0001458157639717683,0.001415271544829011,-0.007539174519479275,0.01125890761613846,4036.1806640625,2.73170585058045,7.462216854095459,3686400
R012,Rain,AFLB3,mined_high,-3.746030779439025e-05,0.0009966562502086163,-0.008786630816757679,0.007116376888006926,2845.10888671875,1.914931119671075,3.666961193084717,3686400
R013,Rain,AFLB1,conv_feat,0.007081548217684031,0.09414566308259964,-0.5335292220115662,0.5637556314468384,65822.390625,90.63515568096355,8214.7314453125,921600
R013,Rain,AFLB1,fft_magnitude,0.0005491841584444046,0.00184726226143539,1.621246354943651e-07,0.2227078080177307,506.1281433105469,1.850082449751112,3.422805070877075,921600
R013,Rain,AFLB1,raw_low,0.0,0.0,0.0,0.0,0.0,0.0,0.0,921600
R013,Rain,AFLB1,raw_high,0.07142187654972076,0.06174520775675774,4.870636516329796e-08,0.5637557506561279,65822.3984375,90.63515568096355,8214.7314453125,921600
R013,Rain,AFLB1,mined_low,-0.02437590248882771,1.918161630630493,-20.21021842956543,22.69068145751953,1170425.375,1841.583761331534,3391430.75,921600
R013,Rain,AFLB1,mined_high,-0.001912604668177664,0.5360084772109985,-11.46364307403564,12.85471820831299,253343.125,514.5713932487891,264783.71875,921600
R013,Rain,AFLB2,conv_feat,-0.0107216089963913,0.1592374593019485,-0.8873941898345947,0.8027597665786743,224168.8125,216.6774316236003,46949.109375,1843200
R013,Rain,AFLB2,fft_magnitude,0.0002846478309947997,0.00160382641479373,5.36948725482489e-08,0.3969420194625854,524.6629028320312,2.211454728624159,4.89053201675415,1843200
R013,Rain,AFLB2,raw_low,0.0,0.0,0.0,0.0,0.0,0.0,0.0,1843200
R013,Rain,AFLB2,raw_high,0.1216193661093712,0.1033452972769737,1.252660020156782e-08,0.8873940706253052,224168.8125,216.6774316236003,46949.109375,1843200
R013,Rain,AFLB2,mined_low,-0.0256116408854723,0.37640181183815,-6.539251804351807,6.415343284606934,342326.78125,512.2016814693212,262350.5625,1843200
R013,Rain,AFLB2,mined_high,-0.1053714230656624,0.2465574890375137,-4.17554759979248,4.745459079742432,362661.1875,364.0254326623347,132514.515625,1843200
R013,Rain,AFLB3,conv_feat,0.001729041687212884,0.1022878810763359,-0.4950634837150574,0.6254892945289612,295951.375,196.4207855599809,38581.125,3686400
R013,Rain,AFLB3,fft_magnitude,8.065220026765019e-05,0.000515792693477124,2.341259630611603e-08,0.2622842192649841,297.3162841796875,1.002355662012714,1.004716873168945,3686400
R013,Rain,AFLB3,raw_low,0.0,0.0,0.0,0.0,0.0,0.0,0.0,3686400
R013,Rain,AFLB3,raw_high,0.08028195053339005,0.0634082704782486,9.469228068326174e-09,0.625489354133606,295951.375,196.4207855599809,38581.125,3686400
R013,Rain,AFLB3,mined_low,0.0002099404082400724,0.001832241658121347,-0.008530063554644585,0.01206861436367035,5304.6806640625,3.540921630285156,12.53812599182129,3686400
R013,Rain,AFLB3,mined_high,-7.034665759420022e-05,0.001006612321361899,-0.008293288759887218,0.007429579738527536,2859.15625,1.937409244995962,3.753554582595825,3686400
R014,Rain,AFLB1,conv_feat,0.0109756113961339,0.1426004767417908,-0.5330861806869507,0.5550842881202698,100388.5625,137.3013479768134,18851.66015625,921600
R014,Rain,AFLB1,fft_magnitude,0.0005136350519023836,0.002873890567570925,4.474730701531371e-07,0.3624553382396698,473.3660583496094,2.802652029495902,7.8548583984375,921600
R014,Rain,AFLB1,raw_low,0.0,0.0,0.0,0.0,0.0,0.0,0.0,921600
R014,Rain,AFLB1,raw_high,0.1089285612106323,0.0926818773150444,2.263341229991056e-07,0.5550843477249146,100388.5625,137.3013622019097,18851.6640625,921600
R014,Rain,AFLB1,mined_low,-0.07547042518854141,1.316143035888672,-13.97674179077148,18.10366058349609,777891.125,1265.572893989121,1601674.75,921600
R014,Rain,AFLB1,mined_high,-0.00364850671030581,0.3469089567661285,-9.02892017364502,8.2320556640625,171740.484375,333.0510119523735,110922.9765625,921600
R014,Rain,AFLB2,conv_feat,-0.01941418275237083,0.220605731010437,-0.9107802510261536,0.8238043785095215,310523.09375,300.6618220692478,90397.53125,1843200
R014,Rain,AFLB2,fft_magnitude,0.0002546697214711457,0.002245856681838632,7.296295478909087e-08,0.5864270329475403,469.4072570800781,3.068617025007681,9.416410446166992,1843200
R014,Rain,AFLB2,raw_low,0.0,0.0,0.0,0.0,0.0,0.0,0.0,1843200
R014,Rain,AFLB2,raw_high,0.168469563126564,0.1437421590089798,1.03895303027457e-07,0.9107804894447327,310523.09375,300.6618220692478,90397.53125,1843200
R014,Rain,AFLB2,mined_low,-0.02303841710090637,0.3301337957382202,-5.43306827545166,5.316340446472168,287763.71875,449.2945859900829,201865.625,1843200
R014,Rain,AFLB2,mined_high,-0.07627721130847931,0.1982474476099014,-3.435602426528931,3.539125442504883,287872.71875,288.3845766723664,83165.6640625,1843200
R014,Rain,AFLB3,conv_feat,0.001901103649288416,0.1349002867937088,-0.4896940290927887,0.6356071829795837,393097.8125,259.0342792228473,67098.7578125,3686400
R014,Rain,AFLB3,fft_magnitude,7.129107689252123e-05,0.0006847775657661259,1.095594193145644e-08,0.3578511774539948,262.8074340820312,1.321878847157176,1.747363686561584,3686400
R014,Rain,AFLB3,raw_low,0.0,0.0,0.0,0.0,0.0,0.0,0.0,3686400
R014,Rain,AFLB3,raw_high,0.106634609401226,0.08264844119548798,2.903042606305917e-08,0.6356072425842285,393097.8125,259.0342943028973,67098.765625,3686400
R014,Rain,AFLB3,mined_low,0.0001489814458182082,0.001473176060244441,-0.00744989700615406,0.01101368293166161,4267.79248046875,2.842924899617167,8.082221984863281,3686400
R014,Rain,AFLB3,mined_high,-1.993788282561582e-05,0.0009572649141773582,-0.007956337183713913,0.008354268036782742,2677.462646484375,1.838347261721339,3.379520654678345,3686400
R015,Rain,AFLB1,conv_feat,0.00798276998102665,0.1058888286352158,-0.5781788229942322,0.6080405712127686,73068.453125,101.941729487671,10392.1162109375,921600
R015,Rain,AFLB1,fft_magnitude,0.0005447163130156696,0.002098019933328032,4.490603089379874e-07,0.2534350156784058,502.0105590820312,2.080876873122528,4.330048561096191,921600
R015,Rain,AFLB1,raw_low,0.0,0.0,0.0,0.0,0.0,0.0,0.0,921600
R015,Rain,AFLB1,raw_high,0.07928434759378433,0.07064107805490494,3.609374488178219e-08,0.6080406308174133,73068.453125,101.9417390672854,10392.1181640625,921600
R015,Rain,AFLB1,mined_low,-0.008831115439534187,1.587090730667114,-16.16369247436523,19.65485572814941,965797.875,1523.630614683231,2321450.25,921600
R015,Rain,AFLB1,mined_high,-0.003493057796731591,0.5160201787948608,-12.88325500488281,13.88228225708008,244617.3125,495.3907548592323,245412.0,921600
R015,Rain,AFLB2,conv_feat,-0.01224043127149343,0.1799360513687134,-1.011674046516418,0.8791199326515198,249612.875,244.8538626660809,59953.4140625,1843200
R015,Rain,AFLB2,fft_magnitude,0.0002743879740592092,0.001820143079385161,1.83470461934121e-07,0.4416016638278961,505.7518920898438,2.499029352584344,6.245147705078125,1843200
R015,Rain,AFLB2,raw_low,0.0,0.0,0.0,0.0,0.0,0.0,0.0,1843200
R015,Rain,AFLB2,raw_high,0.1354236453771591,0.1191102340817451,5.593555840732733e-09,1.011674165725708,249612.875,244.8538626660809,59953.4140625,1843200
R015,Rain,AFLB2,mined_low,-0.0283280685544014,0.2887290120124817,-5.09481143951416,5.080358505249023,291534.5625,393.8736710545654,155136.46875,1843200
R015,Rain,AFLB2,mined_high,-0.0997471809387207,0.2348345667123795,-4.506066799163818,4.224242687225342,351889.21875,346.3905062389846,119986.3828125,1843200
R015,Rain,AFLB3,conv_feat,0.001982329646125436,0.1148323491215706,-0.505028486251831,0.6634427309036255,329352.4375,220.5109655720096,48625.0859375,3686400
R015,Rain,AFLB3,fft_magnitude,7.40139585104771e-05,0.0005813965108245611,2.293771217409812e-08,0.2933432459831238,272.8450622558594,1.125290250423174,1.266278147697449,3686400
R015,Rain,AFLB3,raw_low,0.0,0.0,0.0,0.0,0.0,0.0,0.0,3686400
R015,Rain,AFLB3,raw_high,0.08934256434440613,0.07216858863830566,4.600812619770522e-09,0.663442850112915,329352.4375,220.5109655720096,48625.0859375,3686400
R015,Rain,AFLB3,mined_low,0.0001375013962388039,0.001552157918922603,-0.008639638312160969,0.01063401531428099,4493.96435546875,2.991813935150144,8.950950622558594,3686400
R015,Rain,AFLB3,mined_high,-2.938881880254485e-05,0.001021401723846793,-0.008252573199570179,0.008710479363799095,2868.802001953125,1.961902882310105,3.849062919616699,3686400
R016,Rain,AFLB1,conv_feat,0.0105091892182827,0.1517931371927261,-0.6884021162986755,0.7075310349464417,99687.5078125,146.0702420926316,21336.515625,921600
R016,Rain,AFLB1,fft_magnitude,0.001016382942907512,0.002934870775789022,1.354515717366667e-07,0.3492763042449951,936.698486328125,2.981646343891902,8.890214920043945,921600
R016,Rain,AFLB1,raw_low,0.0,0.0,0.0,0.0,0.0,0.0,0.0,921600
R016,Rain,AFLB1,raw_high,0.1081678718328476,0.1070108115673065,2.292824241578728e-08,0.7075310945510864,99687.5078125,146.0702554637665,21336.51953125,921600
R016,Rain,AFLB1,mined_low,-0.1910771578550339,1.433421492576599,-14.17743396759033,13.27192878723145,895538.0625,1388.256730579758,1927256.75,921600
R016,Rain,AFLB1,mined_high,-0.005122635047882795,0.4563337862491608,-10.86264896392822,10.65785121917725,213325.9375,438.1080417545426,191938.65625,921600
R016,Rain,AFLB2,conv_feat,-0.01732376590371132,0.2222285121679306,-1.046121954917908,0.9558862447738647,290717.65625,302.6227798348961,91580.546875,1843200
R016,Rain,AFLB2,fft_magnitude,0.0004933458403684199,0.002220854861661792,1.230661581530512e-07,0.4676457941532135,909.3350219726562,3.088630988044713,9.539641380310059,1843200
R016,Rain,AFLB2,raw_low,0.0,0.0,0.0,0.0,0.0,0.0,0.0,1843200
R016,Rain,AFLB2,raw_high,0.1577244251966476,0.1575075685977936,1.515089387282842e-08,1.046122074127197,290717.65625,302.6227927428798,91580.5546875,1843200
R016,Rain,AFLB2,mined_low,-0.02388168126344681,0.2754327356815338,-4.996516227722168,4.871071815490723,287375.0,375.3429057208888,140882.296875,1843200
R016,Rain,AFLB2,mined_high,-0.081868976354599,0.2069630026817322,-4.184290409088135,3.704273700714111,294933.875,302.1674049678423,91305.140625,1843200
R016,Rain,AFLB3,conv_feat,0.002347040921449661,0.132818803191185,-0.5443220734596252,0.6668104529380798,349085.28125,255.0519248604095,65051.484375,3686400
R016,Rain,AFLB3,fft_magnitude,0.0001298064453294501,0.0006653498858213425,1.9723774613567e-08,0.3045051097869873,478.5184631347656,1.301556376320308,1.694049000740051,3686400
R016,Rain,AFLB3,raw_low,0.0,0.0,0.0,0.0,0.0,0.0,0.0,3686400
R016,Rain,AFLB3,raw_high,0.09469544887542725,0.09316177666187286,3.245024515763362e-08,0.6668105125427246,349085.3125,255.0519248604095,65051.484375,3686400
R016,Rain,AFLB3,mined_low,7.61741102905944e-05,0.001250470522791147,-0.007571045774966478,0.009713017381727695,3549.005859375,2.405353924252214,5.785727500915527,3686400
R016,Rain,AFLB3,mined_high,-1.299078394367825e-05,0.000960897421464324,-0.008253887295722961,0.006683496292680502,2705.94287109375,1.845091638744534,3.40436315536499,3686400
R017,Rain,AFLB1,conv_feat,0.01210768520832062,0.1822426021099091,-0.7298584580421448,0.7351356744766235,120609.4296875,175.3385898590211,30743.62109375,921600
R017,Rain,AFLB1,fft_magnitude,0.0006753525231033564,0.003666533622890711,1.066923189796398e-07,0.4303399622440338,622.4049072265625,3.579084109566928,12.80984306335449,921600
R017,Rain,AFLB1,raw_low,0.0,0.0,0.0,0.0,0.0,0.0,0.0,921600
R017,Rain,AFLB1,raw_high,0.1308696120977402,0.1274053156375885,1.995519056663397e-07,0.7351357936859131,120609.4296875,175.3386065677636,30743.626953125,921600
R017,Rain,AFLB1,mined_low,-0.2924260497093201,1.143550872802734,-12.83083915710449,7.614418029785156,734868.75,1133.13409400653,1283992.875,921600
R017,Rain,AFLB1,mined_high,-0.009910419583320618,0.4297605752944946,-7.820862770080566,7.274118423461914,209369.8125,412.6798282264351,170304.640625,921600
R017,Rain,AFLB2,conv_feat,-0.02658220753073692,0.2397974580526352,-1.095273375511169,0.9745392203330994,317880.75,327.5540151066691,107291.6328125,1843200
R017,Rain,AFLB2,fft_magnitude,0.0002979362616315484,0.002444323385134339,4.28160049636972e-08,0.637220561504364,549.1561279296875,3.343084251225358,11.17621231079102,1843200
R017,Rain,AFLB2,raw_low,0.0,0.0,0.0,0.0,0.0,0.0,0.0,1843200
R017,Rain,AFLB2,raw_high,0.1724613606929779,0.1687202155590057,2.242542151975613e-09,1.09527325630188,317880.78125,327.5540031811548,107291.625,1843200
R017,Rain,AFLB2,mined_low,-0.02988463453948498,0.2915341556072235,-5.929286479949951,5.792581081390381,279714.3125,397.8739985849792,158303.71875,1843200
R017,Rain,AFLB2,mined_high,-0.06161715462803841,0.2047116458415985,-3.696331262588501,4.984565258026123,281876.96875,290.2425709643574,84240.75,1843200
R017,Rain,AFLB3,conv_feat,0.0006752620683982968,0.1341509521007538,-0.5091777443885803,0.645757257938385,364402.8125,257.5730782224726,66343.890625,3686400
R017,Rain,AFLB3,fft_magnitude,6.898549327161163e-05,0.0006811101920902729,1.468607990773307e-08,0.3323641419410706,254.3081207275391,1.314422153601157,1.727705597877502,3686400
R017,Rain,AFLB3,raw_low,0.0,0.0,0.0,0.0,0.0,0.0,0.0,3686400
R017,Rain,AFLB3,raw_high,0.09885059297084808,0.09069450199604034,9.791615518395247e-09,0.6457573771476746,364402.8125,257.5730782224726,66343.890625,3686400
R017,Rain,AFLB3,mined_low,7.985641423147172e-05,0.001303569413721561,-0.009139690548181534,0.008950388059020042,3700.98046875,2.507545243042395,6.287783145904541,3686400
R017,Rain,AFLB3,mined_high,1.405232069373596e-05,0.0008018903899937868,-0.006460684817284346,0.006607196759432554,2231.851318359375,1.539865971467325,2.371187210083008,3686400
R018,Rain,AFLB1,conv_feat,0.01231263857334852,0.1745834648609161,-0.6891356110572815,0.7149772644042969,117351.9453125,168.0164263732865,28229.51953125,921600
R018,Rain,AFLB1,fft_magnitude,0.0006827626493759453,0.00350667187012732,2.383215758072765e-08,0.4278129041194916,629.2340698242188,3.429621041942245,11.76230049133301,921600
R018,Rain,AFLB1,raw_low,0.0,0.0,0.0,0.0,0.0,0.0,0.0,921600
R018,Rain,AFLB1,raw_high,0.1273350119590759,0.1200699210166931,8.763381487142397e-08,0.7149773240089417,117351.9453125,168.0164321855901,28229.521484375,921600
R018,Rain,AFLB1,mined_low,-0.6049063205718994,2.031275987625122,-16.30378341674805,10.41386890411377,1429399.125,2034.655130482805,4139821.5,921600
R018,Rain,AFLB1,mined_high,-0.01027054246515036,0.5120266079902649,-9.009795188903809,9.410921096801758,250199.0,491.6444186350537,241714.234375,921600
R018,Rain,AFLB2,conv_feat,-0.02390363812446594,0.2490514516830444,-1.057130813598633,0.9608073830604553,333288.96875,339.6772825050271,115380.65625,1843200
R018,Rain,AFLB2,fft_magnitude,0.0003299146483186632,0.002532149665057659,5.443891026857273e-08,0.6160293221473694,608.0986938476562,3.46681668128145,12.01881790161133,1843200
R018,Rain,AFLB2,raw_low,0.0,0.0,0.0,0.0,0.0,0.0,0.0,1843200
R018,Rain,AFLB2,raw_high,0.1808208376169205,0.1729214638471603,2.020814804382098e-08,1.057130813598633,333288.96875,339.6772825050271,115380.65625,1843200
R018,Rain,AFLB2,mined_low,-0.02403713390231133,0.3511947393417358,-5.861946105957031,5.751663208007812,304592.5,477.913270112894,228401.09375,1843200
R018,Rain,AFLB2,mined_high,-0.07999144494533539,0.2062338143587112,-3.487820386886597,3.993078470230103,292342.5625,300.3159143926608,90189.6484375,1843200
R018,Rain,AFLB3,conv_feat,0.001806766376830637,0.1462536752223969,-0.5166851878166199,0.6605475544929504,396184.34375,280.828461876641,78864.625,3686400
R018,Rain,AFLB3,fft_magnitude,8.10224810265936e-05,0.0007419940666295588,5.658989277179671e-09,0.359382838010788,298.6812744140625,1.433096734561331,2.053766250610352,3686400
R018,Rain,AFLB3,raw_low,0.0,0.0,0.0,0.0,0.0,0.0,0.0,3686400
R018,Rain,AFLB3,raw_high,0.1074718832969666,0.0992128774523735,6.918681094703061e-08,0.6605476140975952,396184.34375,280.828461876641,78864.625,3686400
R018,Rain,AFLB3,mined_low,0.0001516814372735098,0.001585701014846563,-0.00766238896176219,0.01023734826594591,4592.8095703125,3.058443146136514,9.354074478149414,3686400
R018,Rain,AFLB3,mined_high,-3.816308526438661e-05,0.00107240816578269,-0.007660358678549528,0.008301050402224064,3030.388916015625,2.060326905283363,4.244946956634521,3686400
R019,Rain,AFLB1,conv_feat,0.00612724432721734,0.09576007723808289,-0.6466350555419922,0.6536609530448914,62927.38671875,92.11766422624925,8485.6640625,921600
R019,Rain,AFLB1,fft_magnitude,0.0007299473509192467,0.001817594515159726,1.983410129469121e-07,0.1962226331233978,672.719482421875,1.880344023171636,3.535693645477295,921600
R019,Rain,AFLB1,raw_low,0.0,0.0,0.0,0.0,0.0,0.0,0.0,921600
R019,Rain,AFLB1,raw_high,0.06828058511018753,0.06741882115602493,1.462328640400301e-07,0.6536608934402466,62927.38671875,92.1176695268747,8485.6650390625,921600
R019,Rain,AFLB1,mined_low,-0.07899240404367447,1.297446966171265,-20.7944221496582,14.36533164978027,780133.25,1247.855360208065,1557143.0,921600
R019,Rain,AFLB1,mined_high,0.0008213578257709742,0.4399725496768951,-10.69451808929443,11.38662147521973,206138.53125,422.3743711152465,178400.109375,921600
R019,Rain,AFLB2,conv_feat,-0.01050032302737236,0.1517459899187088,-1.013599753379822,0.9495060443878174,202192.03125,206.5098268696916,42646.30859375,1843200
R019,Rain,AFLB2,fft_magnitude,0.0003721153480000794,0.001507197855971754,1.228849129120135e-07,0.3713940382003784,685.8829956054688,2.107682177542321,4.442324161529541,1843200
R019,Rain,AFLB2,raw_low,0.0,0.0,0.0,0.0,0.0,0.0,0.0,1843200
R019,Rain,AFLB2,raw_high,0.1096961945295334,0.1053748056292534,5.774312938910953e-08,1.013599634170532,202192.03125,206.5098268696916,42646.30859375,1843200
R019,Rain,AFLB2,mined_low,-0.02630787715315819,0.3159207701683044,-5.994583606719971,5.898026466369629,312402.0,430.392825654657,185237.984375,1843200
R019,Rain,AFLB2,mined_high,-0.1016523316502571,0.2132860124111176,-4.008780956268311,4.325803756713867,320279.5,320.7725537666837,102895.03125,1843200
R019,Rain,AFLB3,conv_feat,0.00108844053465873,0.09604057669639587,-0.5114026665687561,0.6692903637886047,259350.875,184.4097530806058,34006.95703125,3686400
R019,Rain,AFLB3,fft_magnitude,0.0001037087859003805,0.0004790388920810074,2.86502039870129e-08,0.2288333922624588,382.3120727539062,0.9410620728997392,0.885597825050354,3686400
R019,Rain,AFLB3,raw_low,0.0,0.0,0.0,0.0,0.0,0.0,0.0,3686400
R019,Rain,AFLB3,raw_high,0.0703534260392189,0.0653863325715065,3.358893962968068e-08,0.6692903637886047,259350.875,184.4097530806058,34006.95703125,3686400
R019,Rain,AFLB3,mined_low,0.0001854186848504469,0.001627417746931314,-0.0078359954059124,0.01220025680959225,4682.4912109375,3.144857411025364,9.890128135681152,3686400
R019,Rain,AFLB3,mined_high,-5.298337055137381e-05,0.0009957945439964533,-0.007908448576927185,0.007048460189253092,2823.65087890625,1.914629918286827,3.665807723999023,3686400
R020,Rain,AFLB1,conv_feat,0.006283740047365427,0.09576751291751862,-0.5515161156654358,0.5741111040115356,63228.984375,92.1345080744723,8488.767578125,921600
R020,Rain,AFLB1,fft_magnitude,0.0005591589142568409,0.00187755620572716,3.613170065364102e-07,0.2141343504190445,515.3208618164062,1.880687923678174,3.536987066268921,921600
R020,Rain,AFLB1,raw_low,0.0,0.0,0.0,0.0,0.0,0.0,0.0,921600
R020,Rain,AFLB1,raw_high,0.06860783696174622,0.06711085885763168,6.710834554723988e-08,0.5741111040115356,63228.984375,92.1345080744723,8488.767578125,921600
R020,Rain,AFLB1,mined_low,-0.366403192281723,1.618590593338013,-14.47696208953857,10.05252265930176,1089421.625,1593.162421098364,2538166.5,921600
R020,Rain,AFLB1,mined_high,-0.009008915163576603,0.4170519411563873,-8.43748950958252,7.885198593139648,197355.59375,400.4632668859904,160370.828125,921600
R020,Rain,AFLB2,conv_feat,-0.01274585165083408,0.1364600360393524,-0.8847736716270447,0.8048815131187439,178952.046875,186.070677096097,34622.296875,1843200
R020,Rain,AFLB2,fft_magnitude,0.0002921361592598259,0.001367955468595028,3.675619808518604e-08,0.353670060634613,538.4653930664062,1.899076001205774,3.606489658355713,1843200
R020,Rain,AFLB2,raw_low,0.0,0.0,0.0,0.0,0.0,0.0,0.0,1843200
R020,Rain,AFLB2,raw_high,0.09708771109580994,0.09673561155796051,5.681378212329946e-08,0.8847736120223999,178952.0625,186.0706875927802,34622.30078125,1843200
R020,Rain,AFLB2,mined_low,-0.03348264098167419,0.3118970692157745,-5.705973148345947,5.658883094787598,292329.0625,425.8784671123911,181372.46875,1843200
R020,Rain,AFLB2,mined_high,-0.07104205340147018,0.2073581367731094,-3.536467552185059,3.861572265625,286669.5,297.5825515718286,88555.375,1843200
R020,Rain,AFLB3,conv_feat,0.0005268511595204473,0.08123700320720673,-0.4712374806404114,0.6009946465492249,216195.421875,155.9783200580292,24329.236328125,3686400
R020,Rain,AFLB3,fft_magnitude,8.275924483314157e-05,0.0004062250955030322,2.313956315447285e-08,0.194741815328598,305.0836791992188,0.7959735483873575,0.6335738897323608,3686400
R020,Rain,AFLB3,raw_low,0.0,0.0,0.0,0.0,0.0,0.0,0.0,3686400
R020,Rain,AFLB3,raw_high,0.05864675715565681,0.05621641874313354,6.281519748796427e-09,0.6009945869445801,216195.40625,155.9783200580292,24329.236328125,3686400
R020,Rain,AFLB3,mined_low,0.0001018086550175212,0.001183481654152274,-0.007249097339808941,0.00919053889811039,3367.806884765625,2.280676991859814,5.20148754119873,3686400
R020,Rain,AFLB3,mined_high,-4.325248028180795e-06,0.0008721689810045063,-0.007591959089040756,0.007689793594181538,2438.24658203125,1.674585017709422,2.804234981536865,3686400
R021,Rain,AFLB1,conv_feat,0.01084720157086849,0.1385184228420258,-0.4766111671924591,0.4995109140872955,98020.125,133.3847963834334,17791.50390625,921600
R021,Rain,AFLB1,fft_magnitude,0.0003554289578460157,0.002813792321830988,1.487813676703809e-07,0.3640901744365692,327.5633239746094,2.72270590081499,7.413127422332764,921600
R021,Rain,AFLB1,raw_low,0.0,0.0,0.0,0.0,0.0,0.0,0.0,921600
R021,Rain,AFLB1,raw_high,0.106358639895916,0.08940277993679047,5.673343572709655e-09,0.4995108544826508,98020.125,133.3847963834334,17791.50390625,921600
R021,Rain,AFLB1,mined_low,0.5730251669883728,2.360121965408325,-13.60340404510498,20.6117057800293,1561826.5,2331.54208625965,5436088.5,921600
R021,Rain,AFLB1,mined_high,0.001291549415327609,0.4349554181098938,-9.718694686889648,9.904772758483887,219274.109375,417.5590527099131,174355.5625,921600
R021,Rain,AFLB2,conv_feat,-0.01975537277758121,0.204121470451355,-0.7796075940132141,0.7072181105613708,294255.75,278.4193526633879,77517.3359375,1843200
R021,Rain,AFLB2,fft_magnitude,0.0001723206369206309,0.002085934625938535,1.82787580627064e-08,0.5561625361442566,317.6213989257812,2.841605750929108,8.074723243713379,1843200
R021,Rain,AFLB2,raw_low,0.0,0.0,0.0,0.0,0.0,0.0,0.0,1843200
R021,Rain,AFLB2,raw_high,0.1596439629793167,0.1287231743335724,1.080378027040751e-07,0.7796075344085693,294255.75,278.4193666934827,77517.34375,1843200
R021,Rain,AFLB2,mined_low,-0.008650075644254684,0.2162610292434692,-4.424293994903564,4.403659343719482,209828.890625,293.8404647933977,86342.21875,1843200
R021,Rain,AFLB2,mined_high,-0.09079442173242569,0.1793349981307983,-3.07252311706543,3.725171804428101,269712.1875,272.8990340996098,74473.8828125,1843200
R021,Rain,AFLB3,conv_feat,0.001757901278324425,0.1214913576841354,-0.3883796334266663,0.5117965340614319,364670.875,233.2878285241217,54423.2109375,3686400
R021,Rain,AFLB3,fft_magnitude,5.29568460478913e-05,0.0006177822942845523,1.000506433257442e-08,0.3342609405517578,195.2201232910156,1.190491922706013,1.417271018028259,3686400
R021,Rain,AFLB3,raw_low,0.0,0.0,0.0,0.0,0.0,0.0,0.0,3686400
R021,Rain,AFLB3,raw_high,0.09892330318689346,0.0705508291721344,8.866699374721065e-09,0.5117965340614319,364670.875,233.2878285241217,54423.2109375,3686400
R021,Rain,AFLB3,mined_low,6.441200093831867e-05,0.001058596069924533,-0.006056362297385931,0.007325612008571625,3056.346435546875,2.03626348501556,4.146368980407715,3686400
R021,Rain,AFLB3,mined_high,2.137979754479602e-05,0.0009166868985630572,-0.00748132448643446,0.006756226532161236,2619.078125,1.760517463582298,3.099421739578247,3686400
R022,Rain,AFLB1,conv_feat,0.01013131160289049,0.1388328224420547,-0.6084699630737305,0.6098635792732239,94284.203125,133.6339157455921,17858.0234375,921600
R022,Rain,AFLB1,fft_magnitude,0.0006443914026021957,0.002767416182905436,1.828653353186382e-07,0.3348852694034576,593.87109375,2.727790971125412,7.44084358215332,921600
R022,Rain,AFLB1,raw_low,0.0,0.0,0.0,0.0,0.0,0.0,0.0,921600
R022,Rain,AFLB1,raw_high,0.1023049056529999,0.09439757466316223,2.613632688053258e-08,0.6098636388778687,94284.203125,133.6339230533363,17858.025390625,921600
R022,Rain,AFLB1,mined_low,-0.01698468998074532,1.062857866287231,-12.09149169921875,10.90316963195801,648672.125,1020.473848268538,1041366.875,921600
R022,Rain,AFLB1,mined_high,-0.00594022125005722,0.4223909080028534,-8.848381996154785,7.420708656311035,201390.5,405.5353521889306,164458.921875,921600
R022,Rain,AFLB2,conv_feat,-0.01752929203212261,0.2205603271722794,-1.003356218338013,0.8883305788040161,293656.375,300.3868599406439,90232.265625,1843200
R022,Rain,AFLB2,fft_magnitude,0.0003250642621424049,0.002234663814306259,1.87754629621395e-08,0.5356408953666687,599.158447265625,3.065810457894113,9.39919376373291,1843200
R022,Rain,AFLB2,raw_low,0.0,0.0,0.0,0.0,0.0,0.0,0.0,1843200
R022,Rain,AFLB2,raw_high,0.1593187749385834,0.1535306572914124,7.845532934425137e-08,1.003356337547302,293656.375,300.3868599406439,90232.265625,1843200
R022,Rain,AFLB2,mined_low,-0.01787885650992393,0.3194451034069061,-5.822079181671143,5.945297241210938,307394.59375,434.3717985493533,188678.859375,1843200
R022,Rain,AFLB2,mined_high,-0.1064833775162697,0.2310213893651962,-3.865582942962646,4.130428314208984,339034.3125,345.3588260780373,119272.71875,1843200
R022,Rain,AFLB3,conv_feat,0.00195600837469101,0.1363164186477661,-0.5046457052230835,0.6615004539489746,372538.3125,261.7544770390757,68515.40625,3686400
R022,Rain,AFLB3,fft_magnitude,8.79264043760486e-05,0.0006901298183947802,2.68641695555516e-08,0.3345691561698914,324.1318969726562,1.335760227510486,1.784255385398865,3686400
R022,Rain,AFLB3,raw_low,0.0,0.0,0.0,0.0,0.0,0.0,0.0,3686400
R022,Rain,AFLB3,raw_high,0.1010574847459793,0.09150616824626923,1.609731370422196e-08,0.6615003347396851,372538.3125,261.7544621157393,68515.3984375,3686400
R022,Rain,AFLB3,mined_low,0.0001839311589719728,0.001629011472687125,-0.008398179896175861,0.01254695747047663,4651.548828125,3.147575923134267,9.907234191894531,3686400
R022,Rain,AFLB3,mined_high,-8.011919271666557e-05,0.001012685126625001,-0.007517229299992323,0.007234620396047831,2890.463134765625,1.950431125616884,3.804181575775146,3686400
R023,Rain,AFLB1,conv_feat,0.01508322823792696,0.2058272212743759,-0.7425214052200317,0.7727180123329163,142274.34375,198.1239846188492,39253.11328125,921600
R023,Rain,AFLB1,fft_magnitude,0.0007325330516323447,0.00414851913228631,2.278776634057067e-07,0.5285418629646301,675.1024780273438,4.044188797268755,16.3554630279541,921600
R023,Rain,AFLB1,raw_low,0.0,0.0,0.0,0.0,0.0,0.0,0.0,921600
R023,Rain,AFLB1,raw_high,0.1543775647878647,0.1369668543338776,1.249091070576469e-07,0.7727178335189819,142274.359375,198.1239846188492,39253.11328125,921600
R023,Rain,AFLB1,mined_low,-0.7238681316375732,2.295492649078369,-15.53490543365479,9.823522567749023,1664494.375,2310.644715225601,5339079.0,921600
R023,Rain,AFLB1,mined_high,-0.007843047380447388,0.447467178106308,-7.752535820007324,9.205058097839355,210046.890625,429.6344558168025,184585.765625,921600
R023,Rain,AFLB2,conv_feat,-0.02991212904453278,0.2737720906734467,-1.062631130218506,0.9605322480201721,382162.0,373.8972327057263,139799.140625,1843200
R023,Rain,AFLB2,fft_magnitude,0.000346734857885167,0.002789334859699011,4.047539547968881e-08,0.6946430206298828,639.1016845703125,3.816072634871388,14.56241035461426,1843200
R023,Rain,AFLB2,raw_low,0.0,0.0,0.0,0.0,0.0,0.0,0.0,1843200
R023,Rain,AFLB2,raw_high,0.2073361575603485,0.1812666952610016,9.49963450125324e-08,1.062631011009216,382162.0,373.8972327057263,139799.140625,1843200
R023,Rain,AFLB2,mined_low,-0.02453716844320297,0.3068268895149231,-5.373055458068848,5.237184524536133,280151.09375,417.8919193403959,174633.65625,1843200
R023,Rain,AFLB2,mined_high,-0.1064987704157829,0.1929420083761215,-3.351231098175049,3.512746572494507,306176.0,299.2016982739236,89521.65625,1843200
R023,Rain,AFLB3,conv_feat,0.001857581431977451,0.1541326642036438,-0.5200533270835876,0.6547629833221436,434878.625,295.9561966110863,87590.0703125,3686400
R023,Rain,AFLB3,fft_magnitude,8.513802458764985e-05,0.0007819911115802824,6.781248895748604e-09,0.3924985229969025,313.8528137207031,1.510295187789544,2.280991554260254,3686400
R023,Rain,AFLB3,raw_low,0.0,0.0,0.0,0.0,0.0,0.0,0.0,3686400
R023,Rain,AFLB3,raw_high,0.117968387901783,0.09921587258577347,3.263100722961099e-08,0.6547629833221436,434878.65625,295.9561966110863,87590.0703125,3686400
R023,Rain,AFLB3,mined_low,8.94421391421929e-05,0.001345511409454048,-0.007059108000248671,0.009057248011231422,3836.7587890625,2.589083414678179,6.703352928161621,3686400
R023,Rain,AFLB3,mined_high,-4.411229747347534e-05,0.001066986005753279,-0.007657823618501425,0.007581450510770082,3044.239990234375,2.050363029342245,4.203988552093506,3686400
R024,Rain,AFLB1,conv_feat,0.007328396197408438,0.1243285462260246,-0.719581127166748,0.7532494068145752,76843.890625,119.5625694262736,14295.2080078125,921600
R024,Rain,AFLB1,fft_magnitude,0.0008300903718918562,0.002402912592515349,5.428120743999898e-07,0.2480934262275696,765.0112915039062,2.440560791108809,5.956336975097656,921600
R024,Rain,AFLB1,raw_low,0.0,0.0,0.0,0.0,0.0,0.0,0.0,921600
R024,Rain,AFLB1,raw_high,0.08338096737861633,0.09251437336206436,2.55917154134977e-08,0.75324946641922,76843.8984375,119.5625735101708,14295.208984375,921600
R024,Rain,AFLB1,mined_low,-0.2387615293264389,1.197824597358704,-12.09920024871826,8.618043899536133,738823.25,1172.533261788338,1374834.25,921600
R024,Rain,AFLB1,mined_high,-0.001886406564153731,0.4281152188777924,-8.78654956817627,8.530539512634277,212737.1875,410.9946015460544,168916.5625,921600
R024,Rain,AFLB2,conv_feat,-0.01336820051074028,0.1720370352268219,-1.052568078041077,0.9364045858383179,220484.0,234.2693011658804,54882.10546875,1843200
R024,Rain,AFLB2,fft_magnitude,0.0003819123667199165,0.00171923020388931,2.529005627138758e-08,0.3787864148616791,703.9408569335938,2.391001154409119,5.716886520385742,1843200
R024,Rain,AFLB2,raw_low,0.0,0.0,0.0,0.0,0.0,0.0,0.0,1843200
R024,Rain,AFLB2,raw_high,0.1196202337741852,0.1243641823530197,2.1793875149001e-08,1.052568078041077,220484.015625,234.2693095029735,54882.109375,1843200
R024,Rain,AFLB2,mined_low,-0.02698230557143688,0.3319182097911835,-5.031413555145264,4.925766468048096,318020.8125,452.1136126572612,204406.71875,1843200
R024,Rain,AFLB2,mined_high,-0.0780431255698204,0.2075811922550201,-4.608578681945801,4.015867233276367,291586.96875,301.0810989168865,90649.828125,1843200
R024,Rain,AFLB3,conv_feat,0.001234221155755222,0.1038878336548805,-0.516299843788147,0.632594108581543,272556.625,199.4787151866083,39791.7578125,3686400
R024,Rain,AFLB3,fft_magnitude,0.0001027887337841094,0.0005201284657232463,9.720679372549057e-09,0.2283463031053543,378.9203796386719,1.017960547928692,1.036243677139282,3686400
R024,Rain,AFLB3,raw_low,0.0,0.0,0.0,0.0,0.0,0.0,0.0,3686400
R024,Rain,AFLB3,raw_high,0.07393570989370346,0.07299120724201202,1.761433665592449e-08,0.632594108581543,272556.59375,199.4787151866083,39791.7578125,3686400
R024,Rain,AFLB3,mined_low,0.0001507770357420668,0.00153727491851896,-0.007864722982048988,0.01196912210434675,4351.7041015625,2.965730597301286,8.795557975769043,3686400
R024,Rain,AFLB3,mined_high,-7.789443043293431e-05,0.001165751833468676,-0.008623630739748478,0.008012560196220875,3321.149658203125,2.243234529496948,5.032101154327393,3686400
R025,Rain,AFLB1,conv_feat,0.01303977519273758,0.1696331650018692,-0.6048193573951721,0.6320459246635437,118592.15625,163.3282677520183,26676.123046875,921600
R025,Rain,AFLB1,fft_magnitude,0.0006359245162457228,0.003414118196815252,2.737630495630583e-07,0.4354939460754395,586.0680541992188,3.333924304709279,11.11505126953125,921600
R025,Rain,AFLB1,raw_low,0.0,0.0,0.0,0.0,0.0,0.0,0.0,921600
R025,Rain,AFLB1,raw_high,0.1286807209253311,0.1112956330180168,1.081461746821333e-07,0.6320460438728333,118592.15625,163.3282677520183,26676.123046875,921600
R025,Rain,AFLB1,mined_low,-0.1192376390099525,1.642813920974731,-14.55405426025391,16.06274223327637,1012561.875,1581.250059288536,2500351.75,921600
R025,Rain,AFLB1,mined_high,-0.0008397572091780603,0.4353421926498413,-10.20640277862549,8.898416519165039,218186.484375,417.9293077184226,174664.90625,921600
R025,Rain,AFLB2,conv_feat,-0.02326836064457893,0.2504748106002808,-1.026979923248291,0.896737813949585,356330.625,341.5200511134009,116635.9453125,1843200
R025,Rain,AFLB2,fft_magnitude,0.0003197904443368316,0.002547410782426596,2.519215414054088e-08,0.6606760025024414,589.437744140625,3.48562449131894,12.14957809448242,1843200
R025,Rain,AFLB2,raw_low,0.0,0.0,0.0,0.0,0.0,0.0,0.0,1843200
R025,Rain,AFLB2,raw_high,0.1933217346668243,0.1609526425600052,4.284335020088292e-08,1.026980042457581,356330.625,341.5200511134009,116635.9453125,1843200
R025,Rain,AFLB2,mined_low,-0.02063076384365559,0.3242517113685608,-6.332247734069824,6.270378589630127,304938.125,441.108865530948,194577.03125,1843200
R025,Rain,AFLB2,mined_high,-0.05785856395959854,0.2336308658123016,-3.848599672317505,4.849506855010986,305769.3125,326.7696412421142,106778.3984375,1843200
R025,Rain,AFLB3,conv_feat,0.002228454686701298,0.1497371196746826,-0.5077528357505798,0.659231960773468,440241.40625,287.5271182862584,82671.84375,3686400
R025,Rain,AFLB3,fft_magnitude,9.134028368862346e-05,0.0007587304571643472,1.268023730460754e-08,0.4012515544891357,336.7168273925781,1.467280769024223,2.152912855148315,3686400
R025,Rain,AFLB3,raw_low,0.0,0.0,0.0,0.0,0.0,0.0,0.0,3686400
R025,Rain,AFLB3,raw_high,0.119423121213913,0.09035646170377731,1.125539128565833e-08,0.659231960773468,440241.40625,287.5271318719331,82671.8515625,3686400
R025,Rain,AFLB3,mined_low,0.0001329674705630168,0.001373298931866884,-0.007350912317633629,0.01004091463983059,3953.517822265625,2.649064521496276,7.017542839050293,3686400
R025,Rain,AFLB3,mined_high,-6.407409819075838e-05,0.001015515299513936,-0.007131966296583414,0.007012208923697472,2895.7578125,1.953666550897555,3.816812992095947,3686400
R026,Rain,AFLB1,conv_feat,0.007607441861182451,0.1191546395421028,-0.7066713571548462,0.7324877381324768,77172.1875,114.6213535406907,13138.0546875,921600
R026,Rain,AFLB1,fft_magnitude,0.0008409018628299236,0.002287522656843066,2.147257447404627e-07,0.2592768669128418,774.9751586914062,2.339698748800354,5.474190235137939,921600
R026,Rain,AFLB1,raw_low,0.0,0.0,0.0,0.0,0.0,0.0,0.0,921600
R026,Rain,AFLB1,raw_high,0.08373717963695526,0.08511044085025787,2.086521959654419e-07,0.7324877977371216,77172.1875,114.6213620605906,13138.056640625,921600
R026,Rain,AFLB1,mined_low,-0.469596266746521,1.529937386512756,-15.106125831604,9.428935050964355,1077710.125,1536.368608114602,2360428.5,921600
R026,Rain,AFLB1,mined_high,-0.007588138803839684,0.4024639129638672,-8.227216720581055,8.257560729980469,186652.515625,386.4340176537257,149331.25,921600
R026,Rain,AFLB2,conv_feat,-0.01461301278322935,0.1705782860517502,-1.020342111587524,0.9282948970794678,221958.671875,232.4330044604251,54025.1015625,1843200
R026,Rain,AFLB2,fft_magnitude,0.0004552819300442934,0.001686978037469089,1.517434888853586e-08,0.4038341641426086,839.1756591796875,2.372259466200016,5.627614974975586,1843200
R026,Rain,AFLB2,raw_low,0.0,0.0,0.0,0.0,0.0,0.0,0.0,1843200
R026,Rain,AFLB2,raw_high,0.1204202845692635,0.1216940805315971,9.780739773646019e-09,1.020342111587524,221958.671875,232.4330044604251,54025.1015625,1843200
R026,Rain,AFLB2,mined_low,-0.02673840895295143,0.2986026704311371,-5.569599151611328,5.499538898468018,284515.96875,407.0184654902035,165664.03125,1843200
R026,Rain,AFLB2,mined_high,-0.08651280403137207,0.1984408497810364,-3.429757833480835,4.505453109741211,289822.65625,293.9018756319871,86378.3125,1843200
R026,Rain,AFLB3,conv_feat,0.001064507989212871,0.1035121381282806,-0.5393009185791016,0.6763720512390137,270134.9375,198.7538128565085,39503.078125,3686400
R026,Rain,AFLB3,fft_magnitude,0.0001420080807292834,0.000508815748617053,1.961468498734575e-08,0.2354037314653397,523.4985961914062,1.014261298538173,1.028725981712341,3686400
R026,Rain,AFLB3,raw_low,0.0,0.0,0.0,0.0,0.0,0.0,0.0,3686400
R026,Rain,AFLB3,raw_high,0.07327879220247269,0.07311712950468063,1.211077282903261e-08,0.6763721704483032,270134.9375,198.7538128565085,39503.078125,3686400
R026,Rain,AFLB3,mined_low,0.0001264452876057476,0.001366969780065119,-0.00879053957760334,0.01070039812475443,3872.162353515625,2.635786510545724,6.947370529174805,3686400
R026,Rain,AFLB3,mined_high,-5.372185114538297e-05,0.001036380766890943,-0.00760834151878953,0.007424686104059219,2946.569580078125,1.99252268645463,3.970146656036377,3686400
R027,Rain,AFLB1,conv_feat,0.006775015499442816,0.0979890301823616,-0.5197374820709229,0.539339005947113,68206.6875,94.29404640538023,8891.3671875,921600
R027,Rain,AFLB1,fft_magnitude,0.0004946706467308104,0.001942986738868058,3.82377521646049e-07,0.2147479802370071,455.8884887695312,1.924769261390759,3.704736709594727,921600
R027,Rain,AFLB1,raw_low,0.0,0.0,0.0,0.0,0.0,0.0,0.0,921600
R027,Rain,AFLB1,raw_high,0.0740089938044548,0.06457880139350891,8.970400422469993e-09,0.5393390655517578,68206.6875,94.29404640538023,8891.3671875,921600
R027,Rain,AFLB1,mined_low,-0.2515426278114319,1.691630482673645,-17.49102401733398,17.2108211517334,1053674.25,1641.821016432668,2695576.25,921600
R027,Rain,AFLB1,mined_high,-0.00322394841350615,0.5701704025268555,-11.72960472106934,10.6055965423584,263182.65625,547.3723024596695,299616.4375,921600
R027,Rain,AFLB2,conv_feat,-0.01089274324476719,0.1855324804782867,-0.9175866842269897,0.7928382158279419,255160.8125,252.3209916207924,63665.8828125,1843200
R027,Rain,AFLB2,fft_magnitude,0.0002650075766723603,0.001878240378573537,4.867712632972143e-08,0.4917524755001068,488.4619445800781,2.575240399888526,6.631863117218018,1843200
R027,Rain,AFLB2,raw_low,0.0,0.0,0.0,0.0,0.0,0.0,0.0,1843200
R027,Rain,AFLB2,raw_high,0.1384336054325104,0.1240043863654137,5.589299245656321e-09,0.9175866842269897,255160.8125,252.3209916207924,63665.8828125,1843200
R027,Rain,AFLB2,mined_low,-0.02188346907496452,0.308012843132019,-5.07707405090332,5.003638744354248,301156.09375,419.2262031111605,175750.609375,1843200
R027,Rain,AFLB2,mined_high,-0.1016311421990395,0.2153412401676178,-3.432849645614624,4.074555397033691,320019.3125,323.2812968221329,104510.796875,1843200
R027,Rain,AFLB3,conv_feat,0.001420179498381913,0.1246059238910675,-0.4781396090984344,0.6039313673973083,352180.0625,239.2589062475,57244.82421875,3686400
R027,Rain,AFLB3,fft_magnitude,7.768587238388136e-05,0.0006311552133411169,2.779833963018064e-08,0.3112845718860626,286.3811950683594,1.220963009445022,1.490750670433044,3686400
R027,Rain,AFLB3,raw_low,0.0,0.0,0.0,0.0,0.0,0.0,0.0,3686400
R027,Rain,AFLB3,raw_high,0.09553495794534683,0.0800107941031456,1.793203807665122e-07,0.6039313077926636,352180.0625,239.2589225739554,57244.83203125,3686400
R027,Rain,AFLB3,mined_low,0.0001237126562045887,0.001441653352230787,-0.007523610722273588,0.01073072478175163,4130.359375,2.778147220415434,7.718101978302002,3686400
R027,Rain,AFLB3,mined_high,-2.325169407413341e-05,0.001051891827955842,-0.008453239686787128,0.007639149203896523,2982.97216796875,2.020125694518852,4.080907821655273,3686400
R028,Rain,AFLB1,conv_feat,0.009060939773917198,0.130451038479805,-0.6467133164405823,0.6651405692100525,89482.65625,125.5347312499613,15758.96875,921600
R028,Rain,AFLB1,fft_magnitude,0.0008230238454416394,0.00253918394446373,1.033643926007244e-07,0.3126980662345886,758.498779296875,2.562467063133885,6.566237449645996,921600
R028,Rain,AFLB1,raw_low,0.0,0.0,0.0,0.0,0.0,0.0,0.0,921600
R028,Rain,AFLB1,raw_high,0.09709489345550537,0.08759085834026337,8.576724042086425e-08,0.6651406288146973,89482.65625,125.534735139572,15758.9697265625,921600
R028,Rain,AFLB1,mined_low,-0.3342275321483612,1.383885264396667,-13.40819454193115,8.545589447021484,841560.875,1366.726655187496,1867941.75,921600
R028,Rain,AFLB1,mined_high,-0.004782894626259804,0.3146252334117889,-6.965636730194092,6.519696235656738,161853.953125,302.0751148307321,91249.375,921600
R028,Rain,AFLB2,conv_feat,-0.01740925386548042,0.1792895048856735,-1.008025169372559,0.8954594135284424,247489.65625,244.5563345760032,59807.80078125,1843200
R028,Rain,AFLB2,fft_magnitude,0.0004388995293993503,0.001785314409062266,1.057752285760216e-07,0.4428301155567169,808.9796142578125,2.495992786831092,6.229979991912842,1843200
R028,Rain,AFLB2,raw_low,0.0,0.0,0.0,0.0,0.0,0.0,0.0,1843200
R028,Rain,AFLB2,raw_high,0.1342717260122299,0.1200787797570229,1.131616045313422e-08,1.008025288581848,247489.65625,244.5563345760032,59807.80078125,1843200
R028,Rain,AFLB2,mined_low,-0.03272553905844688,0.2704326212406158,-4.801303863525391,4.719127655029297,285448.5,369.8299862774786,136774.21875,1843200
R028,Rain,AFLB2,mined_high,-0.06816517561674118,0.1989355832338333,-3.533237934112549,4.192816257476807,272285.34375,285.4990832953759,81509.7265625,1843200
R028,Rain,AFLB3,conv_feat,0.001249610795639455,0.1052352637052536,-0.4941252470016479,0.6557762026786804,291649.15625,202.0659507128799,40830.6484375,3686400
R028,Rain,AFLB3,fft_magnitude,0.0001358998415526003,0.0005195857374928892,2.939797383305631e-08,0.2564146518707275,500.981201171875,1.031163529903396,1.063298225402832,3686400
R028,Rain,AFLB3,raw_low,0.0,0.0,0.0,0.0,0.0,0.0,0.0,3686400
R028,Rain,AFLB3,raw_high,0.07911490648984909,0.06940356642007828,1.10679359011101e-08,0.6557761430740356,291649.1875,202.0659507128799,40830.6484375,3686400
R028,Rain,AFLB3,mined_low,7.195128273451701e-05,0.001093861530534923,-0.01188517920672894,0.01004251558333635,3067.66845703125,2.104752739091317,4.429984092712402,3686400
R028,Rain,AFLB3,mined_high,5.445505394163774e-06,0.0009307637810707092,-0.00719958171248436,0.008072498254477978,2608.951416015625,1.787096967810414,3.193715572357178,3686400
R029,Rain,AFLB1,conv_feat,0.00563104311004281,0.08945596218109131,-0.4408838450908661,0.4897437691688538,62605.14453125,86.04769639384601,7404.2060546875,921600
R029,Rain,AFLB1,fft_magnitude,0.0003836201212834567,0.001788957393728197,1.102692337440203e-08,0.2160327732563019,353.5443115234375,1.756441251176779,3.085085868835449,921600
R029,Rain,AFLB1,raw_low,0.0,0.0,0.0,0.0,0.0,0.0,0.0,921600
R029,Rain,AFLB1,raw_high,0.0679309293627739,0.05847621336579323,8.946609142412854e-08,0.4897437691688538,62605.14453125,86.04770206838762,7404.20703125,921600
R029,Rain,AFLB1,mined_low,-0.4980171024799347,1.64653754234314,-11.63134384155273,7.223868846893311,1178589.625,1651.397211454591,2727112.75,921600
R029,Rain,AFLB1,mined_high,-0.01159640122205019,0.3600082695484161,-5.985195159912109,5.403076648712158,186774.765625,345.7872132901967,119568.796875,921600
R029,Rain,AFLB2,conv_feat,-0.01457997411489487,0.1129389852285385,-0.7041253447532654,0.6475705504417419,156924.484375,154.6034683371463,23902.232421875,1843200
R029,Rain,AFLB2,fft_magnitude,0.0001936787739396095,0.001145993010140955,1.146498078696823e-07,0.3423934876918793,356.9887084960938,1.577914988830228,2.489815711975098,1843200
R029,Rain,AFLB2,raw_low,0.0,0.0,0.0,0.0,0.0,0.0,0.0,1843200
R029,Rain,AFLB2,raw_high,0.08513697981834412,0.07562727481126785,2.611292337917348e-08,0.7041254043579102,156924.484375,154.6034620205835,23902.23046875,1843200
R029,Rain,AFLB2,mined_low,-0.0153846824541688,0.2183814495801926,-3.829732418060303,3.814139842987061,229897.609375,297.2193003490857,88339.3125,1843200
R029,Rain,AFLB2,mined_high,-0.1246583759784698,0.1907941550016403,-2.474247932434082,3.371217250823975,324165.0,309.4183302989659,95739.703125,1843200
R029,Rain,AFLB3,conv_feat,-0.000398469710489735,0.0630594789981842,-0.3523305356502533,0.4358731806278229,178846.578125,121.0766157232684,14659.546875,3686400
R029,Rain,AFLB3,fft_magnitude,5.538089317269623e-05,0.000317004305543378,1.668747273697591e-08,0.1553448289632797,204.1561279296875,0.6178665288783977,0.3817590475082397,3686400
R029,Rain,AFLB3,raw_low,0.0,0.0,0.0,0.0,0.0,0.0,0.0,3686400
R029,Rain,AFLB3,raw_high,0.04851523786783218,0.04028558358550072,5.726095597680114e-09,0.4358731210231781,178846.578125,121.076619756097,14659.5478515625,3686400
R029,Rain,AFLB3,mined_low,2.726374259509612e-05,0.0009087766520678997,-0.009583938866853714,0.007396680302917957,2529.267578125,1.745636267757141,3.047245979309082,3686400
R029,Rain,AFLB3,mined_high,1.232105660164962e-05,0.0008229506202042103,-0.006190396379679441,0.006118269637227058,2322.66748046875,1.580242285199216,2.497165679931641,3686400
R030,Rain,AFLB1,conv_feat,0.006353504490107298,0.1070823445916176,-0.7066715955734253,0.766699492931366,67618.53125,102.9798410187644,10604.84765625,921600
R030,Rain,AFLB1,fft_magnitude,0.0005998382112011313,0.002105890773236752,7.541851232417685e-08,0.2231975793838501,552.8109130859375,2.102067170649667,4.418686389923096,921600
R030,Rain,AFLB1,raw_low,0.0,0.0,0.0,0.0,0.0,0.0,0.0,921600
R030,Rain,AFLB1,raw_high,0.0733707994222641,0.07825421541929245,2.738105706612259e-07,0.7666995525360107,67618.53125,102.9798410187644,10604.84765625,921600
R030,Rain,AFLB1,mined_low,-0.195719912648201,1.517801880836487,-13.56320667266846,15.73658561706543,956498.0,1469.154178430569,2158414.0,921600
R030,Rain,AFLB1,mined_high,0.001441218890249729,0.4702045917510986,-10.75551795959473,13.31156349182129,220243.0,451.3985385720694,203760.640625,921600
R030,Rain,AFLB2,conv_feat,-0.01341163273900747,0.1564501076936722,-1.099872231483459,0.97250896692276,201617.0625,213.1827176244594,45446.87109375,1843200
R030,Rain,AFLB2,fft_magnitude,0.0002936972305178642,0.001575477188453078,5.654990786752023e-08,0.4144774973392487,541.3427124023438,2.175787167224337,4.734049797058105,1843200
R030,Rain,AFLB2,raw_low,0.0,0.0,0.0,0.0,0.0,0.0,0.0,1843200
R030,Rain,AFLB2,raw_high,0.1093842536211014,0.1126569733023643,1.167692875725379e-08,1.099872350692749,201617.0625,213.182726786201,45446.875,1843200
R030,Rain,AFLB2,mined_low,-0.01399180758744478,0.2939720451831818,-5.213272571563721,5.186764240264893,285603.34375,399.5614979261641,159649.390625,1843200
R030,Rain,AFLB2,mined_high,-0.06839008629322052,0.2025850713253021,-3.322713613510132,4.351699352264404,280315.21875,290.2882457575573,84267.265625,1843200
R030,Rain,AFLB3,conv_feat,0.0004209923790767789,0.09488262236118317,-0.5165097713470459,0.6571617126464844,254435.6875,182.1764254781611,33188.25,3686400
R030,Rain,AFLB3,fft_magnitude,8.01297792349942e-05,0.0004775242996402085,2.413988120508748e-08,0.2270239889621735,295.3904113769531,0.9296652206187618,0.8642774224281311,3686400
R030,Rain,AFLB3,raw_low,0.0,0.0,0.0,0.0,0.0,0.0,0.0,3686400
R030,Rain,AFLB3,raw_high,0.0690200999379158,0.06510848551988602,8.859061040311644e-09,0.6571617126464844,254435.6875,182.1764254781611,33188.25,3686400
R030,Rain,AFLB3,mined_low,0.0001307570491917431,0.001412233570590615,-0.007234988268464804,0.01044258382171392,4071.60009765625,2.723085826550865,7.415196418762207,3686400
R030,Rain,AFLB3,mined_high,-2.265972216264345e-05,0.001060344278812408,-0.00820289459079504,0.007274623028934002,3003.81689453125,2.036325773980155,4.146622657775879,3686400
R031,Rain,AFLB1,conv_feat,0.007151168771088123,0.106146939098835,-0.5387843251228333,0.5688957571983337,73337.0390625,102.1320520438491,10430.9560546875,921600
R031,Rain,AFLB1,fft_magnitude,0.000639845326077193,0.002075225580483675,1.029173546385209e-07,0.2336439788341522,589.6814575195312,2.084761841891885,4.346231937408447,921600
R031,Rain,AFLB1,raw_low,0.0,0.0,0.0,0.0,0.0,0.0,0.0,921600
R031,Rain,AFLB1,raw_high,0.07957577705383301,0.07061166316270828,8.072097656963706e-09,0.5688958168029785,73337.0390625,102.1320568247306,10430.95703125,921600
R031,Rain,AFLB1,mined_low,0.1397073566913605,1.764666557312012,-16.09364700317383,19.91947555541992,1108301.625,1699.380622462196,2887894.5,921600
R031,Rain,AFLB1,mined_high,-0.0009327969164587557,0.5384224653244019,-16.5682430267334,19.36174011230469,248317.015625,516.8863209159244,267171.46875,921600
R031,Rain,AFLB2,conv_feat,-0.01284774951636791,0.1814340800046921,-1.043418645858765,0.8800212740898132,248859.65625,246.9398886242358,60979.30859375,1843200
R031,Rain,AFLB2,fft_magnitude,0.0003142421483062208,0.001829600660130382,8.103514659296707e-08,0.4959054589271545,579.2111206054688,2.520319568413639,6.352010726928711,1843200
R031,Rain,AFLB2,raw_low,0.0,0.0,0.0,0.0,0.0,0.0,0.0,1843200
R031,Rain,AFLB2,raw_high,0.1350150108337402,0.1218783780932426,5.969241811953907e-08,1.043418645858765,248859.671875,246.9398965335492,60979.3125,1843200
R031,Rain,AFLB2,mined_low,-0.007425959687680006,0.2829543054103851,-5.930084228515625,5.846479892730713,291517.375,384.2837899911991,147674.03125,1843200
R031,Rain,AFLB2,mined_high,-0.02717711590230465,0.209346204996109,-3.860356569290161,4.436004638671875,267514.4375,286.6027847910763,82141.15625,1843200
R031,Rain,AFLB3,conv_feat,0.001048518810421228,0.1178533285856247,-0.5065312385559082,0.652049720287323,330287.65625,226.2873587940785,51205.96875,3686400
R031,Rain,AFLB3,fft_magnitude,7.900620403233916e-05,0.0005962298018857837,4.978326195725913e-09,0.2974119186401367,291.2484741210938,1.154767761744654,1.333488583564758,3686400
R031,Rain,AFLB3,raw_low,0.0,0.0,0.0,0.0,0.0,0.0,0.0,3686400
R031,Rain,AFLB3,raw_high,0.08959626406431198,0.07657033950090408,2.669199794524957e-08,0.6520496606826782,330287.65625,226.2873587940785,51205.96875,3686400
R031,Rain,AFLB3,mined_low,0.0001962189853657037,0.001808688277378678,-0.00749689107760787,0.0119037376716733,5319.16845703125,3.493057449842529,12.20145034790039,3686400
R031,Rain,AFLB3,mined_high,-4.023968358524144e-05,0.000901979801710695,-0.006609439384192228,0.007462990470230579,2560.5966796875,1.733523735568269,3.005104541778564,3686400
R032,Rain,AFLB1,conv_feat,0.006597352214157581,0.08733674883842468,-0.3672691881656647,0.38117316365242,63025.91015625,84.08215093269646,7069.80810546875,921600
R032,Rain,AFLB1,fft_magnitude,0.000431689724791795,0.001734932651743293,3.015994991528714e-07,0.1988089084625244,397.8452453613281,1.716319845713472,2.945753812789917,921600
R032,Rain,AFLB1,raw_low,0.0,0.0,0.0,0.0,0.0,0.0,0.0,921600
R032,Rain,AFLB1,raw_high,0.0683874860405922,0.05472097173333168,5.681210524244307e-08,0.3811731934547424,63025.91015625,84.08215383629275,7069.80859375,921600
R032,Rain,AFLB1,mined_low,-0.413782149553299,1.630175352096558,-16.3454761505127,10.22203731536865,1067862.875,1614.595382750737,2606918.25,921600
R032,Rain,AFLB1,mined_high,-0.004045262932777405,0.4275745153427124,-8.698222160339355,6.800809860229492,212570.765625,410.4898940595249,168501.953125,921600
R032,Rain,AFLB2,conv_feat,-0.00924871675670147,0.1716805547475815,-0.8449322581291199,0.7236613035202026,238036.65625,233.4192345598366,54484.5390625,1843200
R032,Rain,AFLB2,fft_magnitude,0.0002283430803800002,0.001739827683195472,5.417410875452333e-08,0.4204235970973969,420.8819580078125,2.38232516949215,5.675473213195801,1843200
R032,Rain,AFLB2,raw_low,0.0,0.0,0.0,0.0,0.0,0.0,0.0,1843200
R032,Rain,AFLB2,raw_high,0.1291431486606598,0.1134980097413063,6.40284696373783e-08,0.8449322581291199,238036.65625,233.4192345598366,54484.5390625,1843200
R032,Rain,AFLB2,mined_low,-0.03958646953105927,0.48277947306633,-7.795679092407227,7.659109115600586,392426.28125,657.642878962435,432494.15625,1843200
R032,Rain,AFLB2,mined_high,-0.1027314737439156,0.2198376506567001,-3.969805717468262,4.950016021728516,332315.0,329.4418812552527,108531.953125,1843200
R032,Rain,AFLB3,conv_feat,0.001825141371227801,0.1155020967125893,-0.4881052076816559,0.6172351837158203,324306.46875,221.7917009127032,49191.55859375,3686400
R032,Rain,AFLB3,fft_magnitude,6.393861258402467e-05,0.0005860149976797402,3.864333564251865e-08,0.283818781375885,235.7033081054688,1.131826142341944,1.281030416488647,3686400
R032,Rain,AFLB3,raw_low,0.0,0.0,0.0,0.0,0.0,0.0,0.0,3686400
R032,Rain,AFLB3,raw_high,0.08797375857830048,0.07486442476511002,4.778879159061944e-08,0.6172351837158203,324306.46875,221.791709718826,49191.5625,3686400
R032,Rain,AFLB3,mined_low,0.0001679551205597818,0.001563165104016662,-0.007147438358515501,0.01085247565060854,4476.23291015625,3.018551528124358,9.111653327941895,3686400
R032,Rain,AFLB3,mined_high,-5.700151814380661e-05,0.000993024674244225,-0.007552792318165302,0.007834050804376602,2838.34765625,1.909745810006633,3.647129058837891,3686400
R033,Rain,AFLB1,conv_feat,0.007817675359547138,0.1146399155259132,-0.6751173734664917,0.7338562607765198,80425.921875,110.3099105574268,12168.2763671875,921600
R033,Rain,AFLB1,fft_magnitude,0.0007404761854559183,0.002225561300292611,7.548758418352008e-08,0.2618729770183563,682.4228515625,2.251691817965065,5.07011604309082,921600
R033,Rain,AFLB1,raw_low,0.0,0.0,0.0,0.0,0.0,0.0,0.0,921600
R033,Rain,AFLB1,raw_high,0.08726771920919418,0.07475139945745468,2.309766671260149e-07,0.7338563203811646,80425.9296875,110.3099149838762,12168.27734375,921600
R033,Rain,AFLB1,mined_low,-0.2871559262275696,1.51197612285614,-16.46298027038574,10.1071081161499,961954.5,1477.442807691722,2182837.25,921600
R033,Rain,AFLB1,mined_high,-0.005620396230369806,0.5243511199951172,-11.79830741882324,13.8068380355835,242509.109375,503.4059774426601,253417.578125,921600
R033,Rain,AFLB2,conv_feat,-0.01482873037457466,0.1787311285734177,-1.028171896934509,0.9032287001609802,249878.3125,243.4871499432773,59285.9921875,1843200
R033,Rain,AFLB2,fft_magnitude,0.0003766331356018782,0.001791267190128565,4.921823304471218e-08,0.482737123966217,694.210205078125,2.485080450893312,6.175624847412109,1843200
R033,Rain,AFLB2,raw_low,0.0,0.0,0.0,0.0,0.0,0.0,0.0,1843200
R033,Rain,AFLB2,raw_high,0.1355676651000977,0.1174143180251122,2.762600814776306e-08,1.028171896934509,249878.3125,243.4871499432773,59285.9921875,1843200
R033,Rain,AFLB2,mined_low,-0.03187264502048492,0.4733383357524872,-6.829639434814453,6.756273746490479,382805.375,644.0806432427541,414839.875,1843200
R033,Rain,AFLB2,mined_high,-0.05497372522950172,0.2274390161037445,-3.58657431602478,4.258739471435547,303890.875,317.6733286727106,100916.34375,1843200
R033,Rain,AFLB3,conv_feat,0.001068690326064825,0.1126635149121284,-0.5196260213851929,0.6612768769264221,315923.84375,216.3236778389042,46795.93359375,3686400
R033,Rain,AFLB3,fft_magnitude,9.846835018834099e-05,0.0005664647906087339,2.454029690568404e-08,0.2832767963409424,362.9937133789062,1.103922217078798,1.218644261360168,3686400
R033,Rain,AFLB3,raw_low,0.0,0.0,0.0,0.0,0.0,0.0,0.0,3686400
R033,Rain,AFLB3,raw_high,0.08569982647895813,0.07314198464155197,1.038502972505739e-08,0.6612768173217773,315923.84375,216.3236778389042,46795.93359375,3686400
R033,Rain,AFLB3,mined_low,0.0001333232648903504,0.001631977269425988,-0.008928963914513588,0.01113478932529688,4745.06005859375,3.143834993036362,9.883698463439941,3686400
R033,Rain,AFLB3,mined_high,2.077278986689635e-05,0.001056528533808887,-0.008225592784583569,0.008752387948334217,2894.284423828125,2.028926753196484,4.116543769836426,3686400
R034,Rain,AFLB1,conv_feat,0.009336627088487148,0.1260696947574615,-0.6347379088401794,0.6380403637886047,87467.3984375,121.3583600849154,14727.8515625,921600
R034,Rain,AFLB1,fft_magnitude,0.0007091446896083653,0.002481079660356045,4.001458648872358e-07,0.2992710769176483,653.5477294921875,2.47721724173645,6.136605262756348,921600
R034,Rain,AFLB1,raw_low,0.0,0.0,0.0,0.0,0.0,0.0,0.0,921600
R034,Rain,AFLB1,raw_high,0.0949082002043724,0.0835055336356163,5.96334572833257e-08,0.6380405426025391,87467.3984375,121.3583600849154,14727.8515625,921600
R034,Rain,AFLB1,mined_low,0.3026333749294281,1.917884588241577,-19.22687149047852,23.03046989440918,1189610.375,1863.950240752151,3474310.5,921600
R034,Rain,AFLB1,mined_high,0.0009737912332639098,0.7358234524726868,-17.40196418762207,19.87722969055176,340040.9375,706.3910921012524,498988.375,921600
R034,Rain,AFLB2,conv_feat,-0.01482944097369909,0.2087921947240829,-1.020923614501953,0.9484949707984924,288364.28125,284.179768148614,80758.140625,1843200
R034,Rain,AFLB2,fft_magnitude,0.0003637036425061524,0.002105157589539886,9.310151227737151e-08,0.5096116065979004,670.3785400390625,2.90039769438322,8.412306785583496,1843200
R034,Rain,AFLB2,raw_low,0.0,0.0,0.0,0.0,0.0,0.0,0.0,1843200
R034,Rain,AFLB2,raw_high,0.156447634100914,0.1390619724988937,2.433983503635773e-08,1.020923495292664,288364.28125,284.179768148614,80758.140625,1843200
R034,Rain,AFLB2,mined_low,-0.001095679588615894,0.2778613567352295,-5.277303695678711,5.310836315155029,277941.84375,377.239997382303,142310.015625,1843200
R034,Rain,AFLB2,mined_high,-0.08277702331542969,0.2213950902223587,-3.721628904342651,4.330899715423584,314247.9375,320.8980684150342,102975.5703125,1843200
R034,Rain,AFLB3,conv_feat,0.002128749620169401,0.1320040374994278,-0.5172497630119324,0.6738903522491455,373589.75,253.4807068595162,64252.46875,3686400
R034,Rain,AFLB3,fft_magnitude,9.961871546693146e-05,0.0006663121748715639,3.400450765411733e-08,0.3324631452560425,367.2344360351562,1.293538362819642,1.673241496086121,3686400
R034,Rain,AFLB3,raw_low,0.0,0.0,0.0,0.0,0.0,0.0,0.0,3686400
R034,Rain,AFLB3,raw_high,0.1013427153229713,0.08461237698793411,5.847978457040881e-08,0.673890233039856,373589.78125,253.4807222699588,64252.4765625,3686400
R034,Rain,AFLB3,mined_low,0.0001319501898251474,0.001490354537963867,-0.007801041938364506,0.01027823518961668,4287.2197265625,2.872673752113871,8.252254486083984,3686400
R034,Rain,AFLB3,mined_high,-3.412780279177241e-05,0.001026590121909976,-0.008492855355143547,0.007072872016578913,2891.3974609375,1.972141855987375,3.889343500137329,3686400
R035,Rain,AFLB1,conv_feat,0.01147514767944813,0.1563746929168701,-0.6707603335380554,0.6826122403144836,109200.484375,150.5233643097476,22657.283203125,921600
R035,Rain,AFLB1,fft_magnitude,0.0006474267574958503,0.003134401747956872,3.545462732290616e-07,0.3919690251350403,596.6685180664062,3.072545295300755,9.440534591674805,921600
R035,Rain,AFLB1,raw_low,0.0,0.0,0.0,0.0,0.0,0.0,0.0,921600
R035,Rain,AFLB1,raw_high,0.1184901148080826,0.1026879698038101,8.017416064376448e-09,0.6826122999191284,109200.4921875,150.5233707975277,22657.28515625,921600
R035,Rain,AFLB1,mined_low,-0.4037782251834869,1.526882171630859,-14.55587005615234,9.583374977111816,1004920.1875,1516.194166325672,2298844.75,921600
R035,Rain,AFLB1,mined_high,-0.007891546934843063,0.3511720895767212,-7.142680644989014,6.735082149505615,173847.25,337.2103154931652,113710.796875,921600
R035,Rain,AFLB2,conv_feat,-0.02203933708369732,0.2282870262861252,-1.060828685760498,0.9380336403846741,315936.25,311.3737454812143,96953.609375,1843200
R035,Rain,AFLB2,fft_magnitude,0.0003299958189018071,0.002317399950698018,2.329347381646585e-07,0.5982885360717773,608.248291015625,3.177944896174658,10.09933376312256,1843200
R035,Rain,AFLB2,raw_low,0.0,0.0,0.0,0.0,0.0,0.0,0.0,1843200
R035,Rain,AFLB2,raw_high,0.1714063882827759,0.152382880449295,9.420455171493813e-08,1.060828685760498,315936.25,311.3737454812143,96953.609375,1843200
R035,Rain,AFLB2,mined_low,-0.03331448510289192,0.3809950053691864,-7.046439170837402,6.920742034912109,333976.4375,519.2296276696853,269599.40625,1843200
R035,Rain,AFLB2,mined_high,-0.1015321612358093,0.2363419979810715,-4.692175388336182,5.132241725921631,335174.0,349.2245203661965,121957.765625,1843200
R035,Rain,AFLB3,conv_feat,0.001523243030533195,0.1365178674459457,-0.514246940612793,0.6662526726722717,384738.5625,262.1306180847632,68712.4609375,3686400
R035,Rain,AFLB3,fft_magnitude,9.019631397677585e-05,0.0006908450741320848,2.005300103746777e-08,0.3468481004238129,332.4996948242188,1.337679792067121,1.789387226104736,3686400
R035,Rain,AFLB3,raw_low,0.0,0.0,0.0,0.0,0.0,0.0,0.0,3686400
R035,Rain,AFLB3,raw_high,0.1043670177459717,0.08801690489053726,6.562639498497447e-08,0.6662527322769165,384738.5625,262.1306329866847,68712.46875,3686400
R035,Rain,AFLB3,mined_low,5.711530684493482e-05,0.001179738435894251,-0.01114080753177404,0.01070999260991812,3239.0341796875,2.267750762229457,5.142693519592285,3686400
R035,Rain,AFLB3,mined_high,8.685614375281148e-06,0.0009693113388493657,-0.007465932983905077,0.00968959555029869,2669.611328125,1.861152440493132,3.46388840675354,3686400
R036,Rain,AFLB1,conv_feat,0.007284346502274275,0.1117012947797775,-0.6248124241828918,0.6377115249633789,72454.65625,107.4610121887236,11547.869140625,921600
R036,Rain,AFLB1,fft_magnitude,0.0006730124005116522,0.002183572389185429,8.361886330021662e-07,0.2381553202867508,620.2482299804688,2.193538831671002,4.811612606048584,921600
R036,Rain,AFLB1,raw_low,0.0,0.0,0.0,0.0,0.0,0.0,0.0,921600
R036,Rain,AFLB1,raw_high,0.07861833274364471,0.07968311756849289,1.741683490763535e-07,0.6377115845680237,72454.65625,107.4610212763214,11547.87109375,921600
R036,Rain,AFLB1,mined_low,-0.3030849099159241,1.37532377243042,-15.54084205627441,9.76099967956543,878327.375,1351.990800634383,1827879.125,921600
R036,Rain,AFLB1,mined_high,-0.008179644122719765,0.3945075869560242,-9.722650527954102,8.401572227478027,184701.828125,378.8087000716853,143496.03125,921600
R036,Rain,AFLB2,conv_feat,-0.01323924493044615,0.1750919818878174,-1.031170845031738,0.9076862335205078,226280.375,238.391320888576,56830.421875,1843200
R036,Rain,AFLB2,fft_magnitude,0.0003456154081504792,0.001758484169840813,5.32964889998766e-08,0.4311504065990448,637.038330078125,2.433071319199568,5.919836044311523,1843200
R036,Rain,AFLB2,raw_low,0.0,0.0,0.0,0.0,0.0,0.0,0.0,1843200
R036,Rain,AFLB2,raw_high,0.1227649599313736,0.1255437880754471,5.779873646361011e-08,1.031170845031738,226280.375,238.3913372744488,56830.4296875,1843200
R036,Rain,AFLB2,mined_low,-0.01898672059178352,0.2746695876121521,-4.733350276947021,4.631137847900391,279803.09375,373.7936847379848,139721.71875,1843200
R036,Rain,AFLB2,mined_high,-0.08066212385892868,0.1869318932294846,-3.327411890029907,4.09668493270874,270098.75,276.4063612916678,76400.4765625,1843200
R036,Rain,AFLB3,conv_feat,0.001022423268295825,0.1091706827282906,-0.5093281865119934,0.6531779170036316,287713.75,209.6169031680174,43939.24609375,3686400
R036,Rain,AFLB3,fft_magnitude,9.753093036124483e-05,0.0005485304864123464,1.391811998985304e-08,0.2565677762031555,359.5380249023438,1.069696792263511,1.144251227378845,3686400
R036,Rain,AFLB3,raw_low,0.0,0.0,0.0,0.0,0.0,0.0,0.0,3686400
R036,Rain,AFLB3,raw_high,0.07804735004901886,0.07634064555168152,2.852217795279444e-09,0.6531778573989868,287713.75,209.6169031680174,43939.24609375,3686400
R036,Rain,AFLB3,mined_low,0.0001285591861233115,0.001301934593357146,-0.007107042707502842,0.01083429902791977,3757.19677734375,2.511871570547799,6.30949878692627,3686400
R036,Rain,AFLB3,mined_high,-2.718828909564763e-05,0.0009610597626306117,-0.00774995144456625,0.006970316637307405,2738.826171875,1.845972951713608,3.407616138458252,3686400
R037,Rain,AFLB1,conv_feat,0.008816920220851898,0.1232732981443405,-0.6417294144630432,0.6505308151245117,84745.5703125,118.6446819156889,14076.560546875,921600
R037,Rain,AFLB1,fft_magnitude,0.0006428260239772499,0.002439459087327123,5.4351562539523e-07,0.2829325795173645,592.428466796875,2.421824300912129,5.865232944488525,921600
R037,Rain,AFLB1,raw_low,0.0,0.0,0.0,0.0,0.0,0.0,0.0,921600
R037,Rain,AFLB1,raw_high,0.09195482730865479,0.08257332444190979,5.251039070230945e-08,0.6505308151245117,84745.5703125,118.6446860311809,14076.5615234375,921600
R037,Rain,AFLB1,mined_low,-0.05234594643115997,1.114835977554321,-17.59437370300293,16.36509323120117,667367.875,1071.421660691999,1147944.375,921600
R037,Rain,AFLB1,mined_high,-0.004764342680573463,0.3675972521305084,-8.874805450439453,7.922788143157959,180222.171875,352.9229953190923,124554.640625,921600
R037,Rain,AFLB2,conv_feat,-0.0146460197865963,0.1978178918361664,-1.033870220184326,0.9301766157150269,276460.90625,269.3015561132167,72523.328125,1843200
R037,Rain,AFLB2,fft_magnitude,0.0003151923010591418,0.001999809872359037,5.998199270607074e-08,0.502662718296051,580.9624633789062,2.748547517223825,7.554513454437256,1843200
R037,Rain,AFLB2,raw_low,0.0,0.0,0.0,0.0,0.0,0.0,0.0,1843200
R037,Rain,AFLB2,raw_high,0.1499896347522736,0.1298057436943054,1.119275552241561e-07,1.033870220184326,276460.90625,269.3015561132167,72523.328125,1843200
R037,Rain,AFLB2,mined_low,-0.03039522655308247,0.3975439965724945,-6.029954433441162,5.911856651306152,338041.125,541.2988719275147,293004.46875,1843200
R037,Rain,AFLB2,mined_high,-0.07217749208211899,0.2384857088327408,-4.762381076812744,4.995770931243896,324323.3125,338.2825880458525,114435.109375,1843200
R037,Rain,AFLB3,conv_feat,0.00170392298605293,0.1251551508903503,-0.5108451843261719,0.6609845161437988,357187.46875,240.3201640520412,57753.78125,3686400
R037,Rain,AFLB3,fft_magnitude,8.844614058034495e-05,0.0006325857248157263,1.491681622667329e-08,0.3159070014953613,326.0478515625,1.226378749034106,1.504004836082458,3686400
R037,Rain,AFLB3,raw_low,0.0,0.0,0.0,0.0,0.0,0.0,0.0,3686400
R037,Rain,AFLB3,raw_high,0.096893310546875,0.07923637330532074,1.144479497838802e-07,0.6609845161437988,357187.5,240.3201721792201,57753.78515625,3686400
R037,Rain,AFLB3,mined_low,3.512336843414232e-05,0.001212916802614927,-0.008866791613399982,0.009521277621388435,3342.873779296875,2.329776459804917,5.427858352661133,3686400
R037,Rain,AFLB3,mined_high,-1.404656813974725e-05,0.000931263726670295,-0.00741849048063159,0.007766385097056627,2636.716796875,1.788229736012791,3.197765588760376,3686400
R038,Rain,AFLB1,conv_feat,0.008849246427416801,0.1158262640237808,-0.516904890537262,0.525779664516449,80700.625,111.5172658646969,12436.1005859375,921600
R038,Rain,AFLB1,fft_magnitude,0.0005514881340786815,0.002306160051375628,1.126527848782644e-07,0.2850425839424133,508.25146484375,2.27633681373183,5.181709289550781,921600
R038,Rain,AFLB1,raw_low,0.0,0.0,0.0,0.0,0.0,0.0,0.0,921600
R038,Rain,AFLB1,raw_high,0.08756580203771591,0.07632996886968613,2.979544255765632e-08,0.5257796049118042,80700.640625,111.5172702432229,12436.1015625,921600
R038,Rain,AFLB1,mined_low,-0.08149970322847366,1.231034278869629,-13.8436803817749,13.2240571975708,755325.5625,1184.380059355949,1402756.125,921600
R038,Rain,AFLB1,mined_high,-0.004368913359940052,0.4009586870670319,-9.731769561767578,8.947549819946289,201008.4375,384.943177624958,148181.25,921600
R038,Rain,AFLB2,conv_feat,-0.01424110028892756,0.1883031278848648,-0.9312429428100586,0.7989487648010254,263804.09375,256.3788700341742,65730.125,1843200
R038,Rain,AFLB2,fft_magnitude,0.000283615430817008,0.001906367484480143,3.877898180348893e-08,0.4666236340999603,522.7599487304688,2.616655984682605,6.846888542175293,1843200
R038,Rain,AFLB2,raw_low,0.0,0.0,0.0,0.0,0.0,0.0,0.0,1843200
R038,Rain,AFLB2,raw_high,0.1431228816509247,0.1231938228011131,6.707743249734222e-09,0.9312430024147034,263804.09375,256.3788700341742,65730.125,1843200
R038,Rain,AFLB2,mined_low,-0.008843561634421349,0.2324243932962418,-3.68718695640564,3.588357448577881,261858.46875,315.7781806505953,99715.859375,1843200
R038,Rain,AFLB2,mined_high,-0.09512144327163696,0.2167982012033463,-4.724678039550781,4.551145076751709,310671.0,321.4195442680796,103310.5234375,1843200
R038,Rain,AFLB3,conv_feat,0.001963634043931961,0.1170521080493927,-0.4537156522274017,0.597282886505127,336286.0,224.7716723421793,50522.3046875,3686400
R038,Rain,AFLB3,fft_magnitude,7.731869845883921e-05,0.0005923885619267821,2.310000546401625e-08,0.3009028732776642,285.0276489257812,1.147033196122722,1.315685153007507,3686400
R038,Rain,AFLB3,raw_low,0.0,0.0,0.0,0.0,0.0,0.0,0.0,3686400
R038,Rain,AFLB3,raw_high,0.09122340381145477,0.07337126135826111,3.852488816846744e-08,0.597282886505127,336285.96875,224.7716723421793,50522.3046875,3686400
R038,Rain,AFLB3,mined_low,0.000114461021439638,0.00124194344971329,-0.0069527099840343,0.009731173515319824,3551.25244140625,2.394636988833291,5.734286308288574,3686400
R038,Rain,AFLB3,mined_high,-1.602906741027255e-05,0.0009238503407686949,-0.006684192921966314,0.006331904325634241,2658.94091796875,1.774059707453944,3.147287845611572,3686400
R039,Rain,AFLB1,conv_feat,0.008354912512004375,0.1301129758358002,-0.7220447063446045,0.733756959438324,82276.5625,125.1657065715785,15666.4541015625,921600
R039,Rain,AFLB1,fft_magnitude,0.0007269195630215108,0.002560192253440619,2.63651230625328e-07,0.288222461938858,669.9290771484375,2.554934428469125,6.527689933776855,921600
R039,Rain,AFLB1,raw_low,0.0,0.0,0.0,0.0,0.0,0.0,0.0,921600
R039,Rain,AFLB1,raw_high,0.0892757847905159,0.09502119570970535,1.341263100584911e-07,0.7337570190429688,82276.5625,125.1657143737354,15666.4560546875,921600
R039,Rain,AFLB1,mined_low,-0.5049554705619812,1.880692481994629,-13.86003589630127,11.64046382904053,1280619.75,1869.409666178069,3494692.5,921600
R039,Rain,AFLB1,mined_high,-0.007129943463951349,0.3673866093158722,-9.14470386505127,9.36250114440918,169295.65625,352.7575632605203,124437.8984375,921600
R039,Rain,AFLB2,conv_feat,-0.01599372550845146,0.1762653291225433,-1.103566408157349,0.9765635132789612,226671.65625,240.2888398625704,57738.7265625,1843200
R039,Rain,AFLB2,fft_magnitude,0.0003575343580450863,0.001770654576830566,1.454709064319104e-07,0.3995409309864044,659.00732421875,2.452437772282205,6.014451026916504,1843200
R039,Rain,AFLB2,raw_low,0.0,0.0,0.0,0.0,0.0,0.0,0.0,1843200
R039,Rain,AFLB2,raw_high,0.1229772418737411,0.1272865235805511,3.728230169031121e-08,1.103566408157349,226671.65625,240.2888398625704,57738.7265625,1843200
R039,Rain,AFLB2,mined_low,-0.02719168365001678,0.3016076683998108,-5.982269287109375,5.827596187591553,299225.0625,411.1368955408892,169033.546875,1843200
R039,Rain,AFLB2,mined_high,-0.09731169790029526,0.2003917098045349,-3.657817363739014,3.965601921081543,302161.1875,302.4423757098201,91471.390625,1843200
R039,Rain,AFLB3,conv_feat,0.001138155348598957,0.1019271239638329,-0.5220524668693542,0.6641736626625061,263780.875,195.7122808486989,38303.296875,3686400
R039,Rain,AFLB3,fft_magnitude,9.822315041674301e-05,0.0005108193727210164,1.500532675891009e-08,0.2306110113859177,362.0898132324219,0.9987400581523902,0.9974817037582397,3686400
R039,Rain,AFLB3,raw_low,0.0,0.0,0.0,0.0,0.0,0.0,0.0,3686400
R039,Rain,AFLB3,raw_high,0.07155514508485794,0.07259679585695267,1.297400231692336e-08,0.6641737222671509,263780.875,195.7122708691256,38303.29296875,3686400
R039,Rain,AFLB3,mined_low,0.0001501597726019099,0.001463711843825877,-0.008643710985779762,0.01117393653839827,4150.81591796875,2.825076573102113,7.981057643890381,3686400
R039,Rain,AFLB3,mined_high,-9.166965901385993e-05,0.001080374699085951,-0.008404075168073177,0.007357769180089235,3086.77587890625,2.08177312285032,4.333779335021973,3686400
R040,Rain,AFLB1,conv_feat,0.007772334385663271,0.1117112562060356,-0.6007622480392456,0.6427887678146362,74841.296875,107.5020621168496,11556.693359375,921600
R040,Rain,AFLB1,fft_magnitude,0.0006068501970730722,0.002203782089054585,2.93855350719241e-07,0.2532888948917389,559.2731323242188,2.19437657290201,4.815288543701172,921600
R040,Rain,AFLB1,raw_low,0.0,0.0,0.0,0.0,0.0,0.0,0.0,921600
R040,Rain,AFLB1,raw_high,0.0812080129981041,0.07710430771112442,4.191148406107459e-08,0.6427887678146362,74841.3046875,107.5020621168496,11556.693359375,921600
R040,Rain,AFLB1,mined_low,-0.2943779230117798,1.434968233108521,-18.14893913269043,11.99348068237305,896491.1875,1406.258199976093,1977562.125,921600
R040,Rain,AFLB1,mined_high,-0.007531969342380762,0.4573449492454529,-11.65866661071777,10.33340072631836,218010.90625,439.1106779617185,192818.1875,921600
R040,Rain,AFLB2,conv_feat,-0.01345961261540651,0.1805180609226227,-1.015094757080078,0.9046888947486877,242412.28125,245.759743575916,60397.8515625,1843200
R040,Rain,AFLB2,fft_magnitude,0.0003100471221841872,0.00182131736073643,2.833486689723941e-08,0.4553220272064209,571.4788818359375,2.508274974545436,6.291443347930908,1843200
R040,Rain,AFLB2,raw_low,0.0,0.0,0.0,0.0,0.0,0.0,0.0,1843200
R040,Rain,AFLB2,raw_high,0.131517082452774,0.124383233487606,4.028017741575241e-08,1.015094876289368,242412.28125,245.759743575916,60397.8515625,1843200
R040,Rain,AFLB2,mined_low,-0.02262732945382595,0.3346757590770721,-6.019861698150635,5.911264419555664,306340.78125,455.4081960175947,207396.625,1843200
R040,Rain,AFLB2,mined_high,-0.0708514153957367,0.2082982808351517,-4.017203807830811,4.071049213409424,288908.8125,298.7069006568144,89225.8125,1843200
R040,Rain,AFLB3,conv_feat,0.001437437022104859,0.1133760139346123,-0.5248622298240662,0.643027663230896,314234.40625,217.6994505763623,47393.05078125,3686400
R040,Rain,AFLB3,fft_magnitude,8.721959602553397e-05,0.0005720046465285122,1.34177344790487e-08,0.2822332978248596,321.5263061523438,1.110942860951211,1.234194040298462,3686400
R040,Rain,AFLB3,raw_low,0.0,0.0,0.0,0.0,0.0,0.0,0.0,3686400
R040,Rain,AFLB3,raw_high,0.08524154126644135,0.07476675510406494,1.534322890961448e-08,0.6430277228355408,314234.40625,217.6994505763623,47393.05078125,3686400
R040,Rain,AFLB3,mined_low,0.0001453927980037406,0.001468170317821205,-0.007265428546816111,0.01026620902121067,4202.8447265625,2.832675707923476,8.024051666259766,3686400
R040,Rain,AFLB3,mined_high,-4.891711796517484e-05,0.0009852139046415687,-0.009215548634529114,0.006579744163900614,2786.57421875,1.893940815896165,3.587011814117432,3686400
R041,Rain,AFLB1,conv_feat,0.008556853979825974,0.1272658854722977,-0.7058795094490051,0.7104436755180359,84083.59375,122.4510943512246,14994.2705078125,921600
R041,Rain,AFLB1,fft_magnitude,0.0008562036091461778,0.00245886342599988,9.944329804056906e-07,0.2905579507350922,789.0772705078125,2.49952254504456,6.247612953186035,921600
R041,Rain,AFLB1,raw_low,0.0,0.0,0.0,0.0,0.0,0.0,0.0,921600
R041,Rain,AFLB1,raw_high,0.09123654663562775,0.08913875371217728,1.435738106181361e-08,0.7104437947273254,84083.6015625,122.4510943512246,14994.2705078125,921600
R041,Rain,AFLB1,mined_low,-0.5782308578491211,2.0609450340271,-16.34301567077637,13.89143753051758,1397111.5,2054.903647376198,4222629.0,921600
R041,Rain,AFLB1,mined_high,-0.009860055521130562,0.525969386100769,-10.99050903320312,10.04261875152588,244986.203125,505.0193065616403,255044.5,921600
R041,Rain,AFLB2,conv_feat,-0.01583861745893955,0.1796145141124725,-1.04982316493988,0.9515631198883057,239693.578125,244.7990167336258,59926.55859375,1843200
R041,Rain,AFLB2,fft_magnitude,0.0004391515394672751,0.001787131070159376,1.641734286295105e-07,0.41940838098526,809.444091796875,2.498469456414024,6.242349624633789,1843200
R041,Rain,AFLB2,raw_low,0.0,0.0,0.0,0.0,0.0,0.0,0.0,1843200
R041,Rain,AFLB2,raw_high,0.130042091012001,0.12490513920784,3.325023811839856e-08,1.04982316493988,239693.578125,244.7990167336258,59926.55859375,1843200
R041,Rain,AFLB2,mined_low,-0.03037601709365845,0.3461720943450928,-6.764952182769775,6.721060752868652,338255.3125,471.7847264643059,222580.828125,1843200
R041,Rain,AFLB2,mined_high,-0.07301324605941772,0.2280632257461548,-4.472709178924561,4.211493492126465,309638.6875,325.1092724954181,105696.0390625,1843200
R041,Rain,AFLB3,conv_feat,0.001354587846435606,0.1057915017008781,-0.5103887319564819,0.6615210175514221,282896.0625,203.1363266072811,41264.3671875,3686400
R041,Rain,AFLB3,fft_magnitude,0.000115935574285686,0.0005273148417472839,1.350259193344527e-08,0.2495817095041275,427.3848876953125,1.036625693657364,1.07459282875061,3686400
R041,Rain,AFLB3,raw_low,0.0,0.0,0.0,0.0,0.0,0.0,0.0,3686400
R041,Rain,AFLB3,raw_high,0.07674047350883484,0.07283252477645874,1.131506177642905e-08,0.6615210771560669,282896.09375,203.1363266072811,41264.3671875,3686400
R041,Rain,AFLB3,mined_low,0.0001962840906344354,0.001725959242321551,-0.008216969668865204,0.01289126183837652,4984.48388671875,3.335202424227245,11.12357521057129,3686400
R041,Rain,AFLB3,mined_high,-6.268818106036633e-05,0.0009892132366076112,-0.008223587647080421,0.007548403460532427,2783.543701171875,1.903099332990274,3.621787071228027,3686400
R042,Rain,AFLB1,conv_feat,0.006414955947548151,0.1038911119103432,-0.6315589547157288,0.639499306678772,66723.734375,99.92541652246189,9985.0888671875,921600
R042,Rain,AFLB1,fft_magnitude,0.0007591554312966764,0.001984455622732639,7.568320938844408e-07,0.2093787640333176,699.6376342773438,2.039719048395322,4.160453796386719,921600
R042,Rain,AFLB1,raw_low,0.0,0.0,0.0,0.0,0.0,0.0,0.0,921600
R042,Rain,AFLB1,raw_high,0.07239988446235657,0.07478483021259308,9.566437420005514e-09,0.6394993662834167,66723.734375,99.92541652246189,9985.0888671875,921600
R042,Rain,AFLB1,mined_low,-0.3256183564662933,1.538069486618042,-14.55563926696777,11.43079376220703,1006032.9375,1509.273003800174,2277905.0,921600
R042,Rain,AFLB1,mined_high,-0.006156777497380972,0.4208162724971771,-8.720812797546387,8.34017562866211,200470.09375,404.0268980835311,163237.734375,921600
R042,Rain,AFLB2,conv_feat,-0.01022651139646769,0.1654800623655319,-1.006649017333984,0.9496033787727356,210713.6875,225.0917955107427,50666.31640625,1843200
R042,Rain,AFLB2,fft_magnitude,0.0003856828552670777,0.00164760637562722,6.95387525340152e-10,0.35869300365448,710.890625,2.297333548309854,5.277741432189941,1843200
R042,Rain,AFLB2,raw_low,0.0,0.0,0.0,0.0,0.0,0.0,0.0,1843200
R042,Rain,AFLB2,raw_high,0.1143195107579231,0.120080329477787,4.490087235353712e-08,1.006649017333984,210713.71875,225.0917955107427,50666.31640625,1843200
R042,Rain,AFLB2,mined_low,-0.0331987664103508,0.3586871027946472,-6.955253601074219,6.776342391967773,330068.65625,489.0511859713664,239171.0625,1843200
R042,Rain,AFLB2,mined_high,-0.06922437995672226,0.2174293696880341,-3.645418167114258,4.372653961181641,298184.5625,309.7916890831644,95970.890625,1843200
R042,Rain,AFLB3,conv_feat,0.001505982712842524,0.1049496904015541,-0.5039766430854797,0.6615145802497864,270178.03125,201.5241533290737,40611.984375,3686400
R042,Rain,AFLB3,fft_magnitude,0.0001037970941979438,0.0005254707648418844,2.446020452850917e-08,0.2341083288192749,382.6376037597656,1.028398675640712,1.05760383605957,3686400
R042,Rain,AFLB3,raw_low,0.0,0.0,0.0,0.0,0.0,0.0,0.0,3686400
R042,Rain,AFLB3,raw_high,0.07329048216342926,0.07513462007045746,5.837719641021977e-09,0.6615145206451416,270178.03125,201.5241533290737,40611.984375,3686400
R042,Rain,AFLB3,mined_low,9.389145998284221e-05,0.001336727174930274,-0.007913810200989246,0.009507541544735432,3815.1767578125,2.572839578768446,6.619503498077393,3686400
R042,Rain,AFLB3,mined_high,2.540682089602342e-06,0.001014207140542567,-0.007697373162955046,0.007729720324277878,2820.979248046875,1.947283868120725,3.791914463043213,3686400
R043,Rain,AFLB1,conv_feat,0.006009668577462435,0.08909173309803009,-0.5694248080253601,0.6273000836372375,62741.9921875,85.72242404630774,7348.333984375,921600
R043,Rain,AFLB1,fft_magnitude,0.0005420776433311403,0.001740236766636372,2.655842763488181e-07,0.168719619512558,499.5787658691406,1.749801760753147,3.061806201934814,921600
R043,Rain,AFLB1,raw_low,0.0,0.0,0.0,0.0,0.0,0.0,0.0,921600
R043,Rain,AFLB1,raw_high,0.06807941943407059,0.05778102204203606,1.322478624388168e-07,0.6273001432418823,62741.9921875,85.72242404630774,7348.333984375,921600
R043,Rain,AFLB1,mined_low,-0.4601410031318665,1.823352336883545,-18.88039016723633,12.47903728485107,1187314.5,1805.296097597289,3259094.0,921600
R043,Rain,AFLB1,mined_high,-0.003648414509370923,0.3931235373020172,-9.23920726776123,8.365201950073242,192663.234375,377.4148496681073,142441.96875,921600
R043,Rain,AFLB2,conv_feat,-0.006502365693449974,0.1969705671072006,-1.017416000366211,0.9107965230941772,273261.4375,267.5617919285188,71589.3125,1843200
R043,Rain,AFLB2,fft_magnitude,0.0002836448256857693,0.00199131784029305,2.314647140622128e-08,0.4810732007026672,522.8141479492188,2.730791021055528,7.45721960067749,1843200
R043,Rain,AFLB2,raw_low,0.0,0.0,0.0,0.0,0.0,0.0,0.0,1843200
R043,Rain,AFLB2,raw_high,0.1482538133859634,0.1298479288816452,1.758682088848218e-08,1.017415761947632,273261.4375,267.5617919285188,71589.3125,1843200
R043,Rain,AFLB2,mined_low,-0.03808707743883133,0.5292646884918213,-7.926913738250732,7.781013965606689,405673.3125,720.411666167338,518992.96875,1843200
R043,Rain,AFLB2,mined_high,-0.07610440254211426,0.2593858540058136,-4.088611125946045,4.77739429473877,348354.5,366.9985950245587,134687.96875,1843200
R043,Rain,AFLB3,conv_feat,0.001989507582038641,0.1375881135463715,-0.5070471167564392,0.696875274181366,391076.625,264.1967927748178,69799.9453125,3686400
R043,Rain,AFLB3,fft_magnitude,7.485964306397364e-05,0.0006981980986893177,1.33796511647688e-08,0.335789680480957,275.9625854492188,1.348223624833169,1.817706942558289,3686400
R043,Rain,AFLB3,raw_low,0.0,0.0,0.0,0.0,0.0,0.0,0.0,3686400
R043,Rain,AFLB3,raw_high,0.1060863211750984,0.08763640373945236,3.126107017692448e-08,0.6968753337860107,391076.625,264.1968075601974,69799.953125,3686400
R043,Rain,AFLB3,mined_low,4.003675712738186e-05,0.001275792252272367,-0.01083946879953146,0.009399205446243286,3577.92578125,2.450726934529711,6.006062507629395,3686400
R043,Rain,AFLB3,mined_high,4.385868123790715e-06,0.0009292442118749022,-0.00789177417755127,0.00679782684892416,2590.8876953125,1.784168729868514,3.183258056640625,3686400
R044,Rain,AFLB1,conv_feat,0.008681629784405231,0.1324265599250793,-0.6261616349220276,0.663306713104248,84783.25,127.4023906393636,16231.369140625,921600
R044,Rain,AFLB1,fft_magnitude,0.0007766155176796019,0.002595240017399192,4.434888296600548e-07,0.2721037566661835,715.7288818359375,2.600590521435596,6.763071060180664,921600
R044,Rain,AFLB1,raw_low,0.0,0.0,0.0,0.0,0.0,0.0,0.0,921600
R044,Rain,AFLB1,raw_high,0.0919957160949707,0.09565015882253647,1.044285937723544e-07,0.663306713104248,84783.25,127.4024021371359,16231.3720703125,921600
R044,Rain,AFLB1,mined_low,-0.1072110086679459,1.50115442276001,-15.99302864074707,10.17640590667725,955539.5625,1444.77883255535,2087385.875,921600
R044,Rain,AFLB1,mined_high,-0.00708313100039959,0.4801100790500641,-12.81845855712891,11.19370937347412,227638.71875,460.9558174326472,212480.265625,921600
R044,Rain,AFLB2,conv_feat,-0.01350576151162386,0.2305242121219635,-1.018015027046204,0.9275908470153809,294751.34375,313.506715936836,98286.4609375,1843200
R044,Rain,AFLB2,fft_magnitude,0.0004095862968824804,0.002320948988199234,1.980691024527914e-07,0.5346344113349915,754.949462890625,3.199714594272784,10.23817348480225,1843200
R044,Rain,AFLB2,raw_low,0.0,0.0,0.0,0.0,0.0,0.0,0.0,1843200
R044,Rain,AFLB2,raw_high,0.1599128395318985,0.1665884405374527,5.723731888451766e-08,1.018015146255493,294751.34375,313.506715936836,98286.4609375,1843200
R044,Rain,AFLB2,mined_low,-0.01400587521493435,0.2820259034633636,-5.280580997467041,5.056472778320312,276998.375,383.362915525224,146967.125,1843200
R044,Rain,AFLB2,mined_high,-0.1013747751712799,0.2216782569885254,-3.933039665222168,4.199383735656738,334013.375,330.9372108119605,109519.4375,1843200
R044,Rain,AFLB3,conv_feat,0.002014919416978955,0.1490027159452438,-0.5167055726051331,0.6908487677574158,394988.78125,286.1113747301914,81859.71875,3686400
R044,Rain,AFLB3,fft_magnitude,0.0001128174844780006,0.0007520306389778852,9.027621317159173e-09,0.3472382128238678,415.890380859375,1.460055896133218,2.131763219833374,3686400
R044,Rain,AFLB3,raw_low,0.0,0.0,0.0,0.0,0.0,0.0,0.0,3686400
R044,Rain,AFLB3,raw_high,0.1071475669741631,0.1035628691315651,3.562363914966227e-08,0.6908488273620605,394988.78125,286.1113747301914,81859.71875,3686400
R044,Rain,AFLB3,mined_low,8.560321293771267e-05,0.001339765032753348,-0.01064675394445658,0.01030769664794207,3819.977783203125,2.57759421693448,6.643991947174072,3686400
R044,Rain,AFLB3,mined_high,-2.004651469178498e-05,0.001006353879347444,-0.009259330108761787,0.006987133994698524,2865.27099609375,1.932582768176637,3.734876155853271,3686400
R045,Rain,AFLB1,conv_feat,0.00788690522313118,0.111543133854866,-0.4865916967391968,0.5086521506309509,72961.7265625,107.3487535223977,11523.7548828125,921600
R045,Rain,AFLB1,fft_magnitude,0.000547511619515717,0.002215911168605089,1.868882115729775e-08,0.2371110320091248,504.5867309570312,2.191247291715595,4.801564693450928,921600
R045,Rain,AFLB1,raw_low,0.0,0.0,0.0,0.0,0.0,0.0,0.0,921600
R045,Rain,AFLB1,raw_high,0.07916854321956635,0.07897099107503891,8.277621077468211e-08,0.5086521506309509,72961.7265625,107.3487580709484,11523.755859375,921600
R045,Rain,AFLB1,mined_low,0.1072345227003098,1.340797424316406,-14.60094833374023,13.00491142272949,823998.5,1291.275580579142,1667392.625,921600
R045,Rain,AFLB1,mined_high,-0.003975668922066689,0.3581914901733398,-7.303886413574219,6.761494159698486,180436.703125,343.8849962196664,118256.890625,921600
R045,Rain,AFLB2,conv_feat,-0.01021423377096653,0.2094004899263382,-0.8990588188171387,0.8191021680831909,278831.125,284.6295563974339,81013.984375,1843200
R045,Rain,AFLB2,fft_magnitude,0.0002951868809759617,0.002119266893714666,6.070472835517648e-08,0.4697379767894745,544.0884399414062,2.904988332912108,8.438957214355469,1843200
R045,Rain,AFLB2,raw_low,0.0,0.0,0.0,0.0,0.0,0.0,0.0,1843200
R045,Rain,AFLB2,raw_high,0.1512756049633026,0.1451502591371536,1.811620222724741e-07,0.8990586996078491,278831.1875,284.6295563974339,81013.984375,1843200
R045,Rain,AFLB2,mined_low,-0.01901990175247192,0.2380955666303635,-4.283600330352783,4.188494682312012,256724.65625,324.2790320464769,105156.890625,1843200
R045,Rain,AFLB2,mined_high,-0.07411382347345352,0.1951636970043182,-3.365869998931885,3.942809104919434,270094.3125,283.4251995677166,80329.84375,1843200
R045,Rain,AFLB3,conv_feat,0.002533921040594578,0.1374384611845016,-0.4556358456611633,0.597281813621521,382423.34375,263.9266884477582,69657.296875,3686400
R045,Rain,AFLB3,fft_magnitude,8.787852129898965e-05,0.0006959555903449655,1.374369507090023e-08,0.3325717151165009,323.9553833007812,1.346845255653858,1.813992142677307,3686400
R045,Rain,AFLB3,raw_low,0.0,0.0,0.0,0.0,0.0,0.0,0.0,3686400
R045,Rain,AFLB3,raw_high,0.103738971054554,0.09018855541944504,4.86805831201309e-08,0.5972818732261658,382423.34375,263.9266884477582,69657.296875,3686400
R045,Rain,AFLB3,mined_low,0.0001324599579675123,0.001331197563558817,-0.006738570518791676,0.01012682821601629,3799.964599609375,2.568521449555875,6.597302436828613,3686400
R045,Rain,AFLB3,mined_high,-3.837093390757218e-05,0.00107327161822468,-0.008403919637203217,0.007445557042956352,3120.3603515625,2.061998017229668,4.251835823059082,3686400
R046,Rain,AFLB1,conv_feat,0.006076877936720848,0.1007880866527557,-0.5450595617294312,0.554689884185791,68132.875,96.93226634001962,9395.8642578125,921600
R046,Rain,AFLB1,fft_magnitude,0.0007524369284510612,0.001918808207847178,2.656318258686952e-07,0.179962158203125,693.4458618164062,1.978621785967575,3.914944171905518,921600
R046,Rain,AFLB1,raw_low,0.0,0.0,0.0,0.0,0.0,0.0,0.0,921600
R046,Rain,AFLB1,raw_high,0.07392890006303787,0.06877271085977554,3.594959139263665e-07,0.5546900033950806,68132.875,96.9322814520529,9395.8671875,921600
R046,Rain,AFLB1,mined_low,-0.02196267805993557,1.460572838783264,-20.60976028442383,15.02473545074463,901913.375,1402.308364804261,1966468.75,921600
R046,Rain,AFLB1,mined_high,0.0008797390619292855,0.4048201441764832,-9.749198913574219,11.44182205200195,195058.46875,388.6282767632844,151031.9375,921600
R046,Rain,AFLB2,conv_feat,-0.004605953115969896,0.2059075683355331,-1.015552282333374,0.9000581502914429,283100.6875,279.6193143141224,78186.9609375,1843200
R046,Rain,AFLB2,fft_magnitude,0.0003834788221865892,0.002066786168143153,2.403960195351829e-07,0.4338272213935852,706.8281860351562,2.853852823270613,8.144475936889648,1843200
R046,Rain,AFLB2,raw_low,0.0,0.0,0.0,0.0,0.0,0.0,0.0,1843200
R046,Rain,AFLB2,raw_high,0.1535919457674026,0.1372175514698029,1.56688003016825e-07,1.015552401542664,283100.6875,279.6193282840083,78186.96875,1843200
R046,Rain,AFLB2,mined_low,-0.01501780189573765,0.3023307621479034,-5.588417053222656,5.636986255645752,305657.4375,410.9639202533478,168891.34375,1843200
R046,Rain,AFLB2,mined_high,-0.0847160667181015,0.2437154799699783,-3.582359075546265,4.680463790893555,334740.3125,350.29883447922,122709.2734375,1843200
R046,Rain,AFLB3,conv_feat,0.002709620865061879,0.1406249105930328,-0.5009768009185791,0.6550454497337341,398755.15625,270.0499519764816,72926.9765625,3686400
R046,Rain,AFLB3,fft_magnitude,0.0001073658640962094,0.0007096811314113438,4.013043408690464e-08,0.3324305415153503,395.7935180664062,1.378092971740986,1.899140238761902,3686400
R046,Rain,AFLB3,raw_low,0.0,0.0,0.0,0.0,0.0,0.0,0.0,3686400
R046,Rain,AFLB3,raw_high,0.1081692650914192,0.08990060538053513,3.380097979288621e-08,0.6550455093383789,398755.1875,270.0499519764816,72926.9765625,3686400
R046,Rain,AFLB3,mined_low,6.764644786017016e-05,0.001290123094804585,-0.007162180729210377,0.008992506191134453,3666.496826171875,2.480438953130578,6.15257740020752,3686400
R046,Rain,AFLB3,mined_high,-5.666276410920545e-05,0.001144080888479948,-0.009496798738837242,0.007742139976471663,3288.472900390625,2.199327808338883,4.837042808532715,3686400
R047,Rain,AFLB1,conv_feat,0.008348903618752956,0.1221989542245865,-0.5980783700942993,0.6456027626991272,82149.9375,117.5844817633794,13826.1103515625,921600
R047,Rain,AFLB1,fft_magnitude,0.0006835417007096112,0.002404937520623207,6.804243213309746e-08,0.2850817143917084,629.9520263671875,2.400183126297742,5.760879039764404,921600
R047,Rain,AFLB1,raw_low,0.0,0.0,0.0,0.0,0.0,0.0,0.0,921600
R047,Rain,AFLB1,raw_high,0.08913839608430862,0.08400379121303558,1.043487642959917e-07,0.645602822303772,82149.9453125,117.5844817633794,13826.1103515625,921600
R047,Rain,AFLB1,mined_low,-0.6844356060028076,2.206561088562012,-14.42682266235352,9.72630786895752,1576264.0,2217.862371744469,4918913.5,921600
R047,Rain,AFLB1,mined_high,-0.01244118995964527,0.5318483710289001,-8.552604675292969,8.49075698852539,252905.25,510.7141293081679,260828.921875,921600
R047,Rain,AFLB2,conv_feat,-0.01586641930043697,0.1768358945846558,-1.014448761940002,0.879105806350708,237830.6875,241.0448042506828,58102.59765625,1843200
R047,Rain,AFLB2,fft_magnitude,0.0003335404326207936,0.00178111286368221,1.282741663999332e-07,0.4328171908855438,614.78173828125,2.460153315503916,6.052354335784912,1843200
R047,Rain,AFLB2,raw_low,0.0,0.0,0.0,0.0,0.0,0.0,0.0,1843200
R047,Rain,AFLB2,raw_high,0.1290314048528671,0.1219572648406029,5.992511376007315e-08,1.014448642730713,237830.6875,241.0448042506828,58102.59765625,1843200
R047,Rain,AFLB2,mined_low,-0.03648666664958,0.3345866501331329,-6.0443434715271,5.893805503845215,318497.5,456.9428643167546,208796.78125,1843200
R047,Rain,AFLB2,mined_high,-0.05841338261961937,0.2250890135765076,-4.683037281036377,4.003604888916016,302038.3125,315.7136014254058,99675.078125,1843200
R047,Rain,AFLB3,conv_feat,0.001226513762958348,0.1057769358158112,-0.4970966279506683,0.6206544637680054,286387.03125,203.1053740518699,41251.79296875,3686400
R047,Rain,AFLB3,fft_magnitude,8.437901851721108e-05,0.0005331916618160903,1.24036754201029e-08,0.2538938820362091,311.0548095703125,1.036467790161134,1.074265480041504,3686400
R047,Rain,AFLB3,raw_low,0.0,0.0,0.0,0.0,0.0,0.0,0.0,3686400
R047,Rain,AFLB3,raw_high,0.07768745720386505,0.07179781049489975,9.136823742039724e-09,0.6206545829772949,286387.03125,203.1053836681834,41251.796875,3686400
R047,Rain,AFLB3,mined_low,0.00013096044131089,0.001388458884321153,-0.00757953803986311,0.01046664919704199,3995.198486328125,2.677672938470545,7.16993236541748,3686400
R047,Rain,AFLB3,mined_high,-4.406653715705033e-06,0.000965572486165911,-0.008394823409616947,0.008061203174293041,2687.584228515625,1.853918451846961,3.437013626098633,3686400
R048,Rain,AFLB1,conv_feat,0.01002088747918606,0.1268174052238464,-0.515910804271698,0.5162319540977478,90422.59375,122.1241923591514,14914.318359375,921600
R048,Rain,AFLB1,fft_magnitude,0.0005246916553005576,0.002543156500905752,4.064043537255202e-07,0.3246521949768066,483.5558166503906,2.492849710432318,6.21429967880249,921600
R048,Rain,AFLB1,raw_low,0.0,0.0,0.0,0.0,0.0,0.0,0.0,921600
R048,Rain,AFLB1,raw_high,0.09811479598283768,0.0809725821018219,2.45932596953935e-07,0.5162320137023926,90422.59375,122.1241963573865,14914.3193359375,921600
R048,Rain,AFLB1,mined_low,-0.2844810783863068,1.422324657440186,-15.95574855804443,9.469477653503418,904742.8125,1392.475628152967,1938988.375,921600
R048,Rain,AFLB1,mined_high,0.0004663703148253262,0.4016607701778412,-11.13370227813721,11.32029724121094,194458.375,385.5945895626649,148683.1875,921600
R048,Rain,AFLB2,conv_feat,-0.01642374694347382,0.2037438750267029,-0.8481985926628113,0.7637014985084534,292385.75,277.5091073955952,77011.3046875,1843200
R048,Rain,AFLB2,fft_magnitude,0.0002611305972095579,0.002069789916276932,1.08058166858882e-07,0.5263811349868774,481.31591796875,2.83231544910214,8.022010803222656,1843200
R048,Rain,AFLB2,raw_low,0.0,0.0,0.0,0.0,0.0,0.0,0.0,1843200
R048,Rain,AFLB2,raw_high,0.1586294174194336,0.1289108693599701,7.431315651729165e-08,0.8481987714767456,292385.75,277.5091073955952,77011.3046875,1843200
R048,Rain,AFLB2,mined_low,-0.02570141293108463,0.420538455247879,-7.822426319122314,7.608162879943848,350844.5,572.007156860821,327192.1875,1843200
R048,Rain,AFLB2,mined_high,-0.09619588404893875,0.2231237143278122,-4.575043678283691,3.705678462982178,330685.125,329.8765749299274,108818.5546875,1843200
R048,Rain,AFLB3,conv_feat,0.002170896856114268,0.1265000551939011,-0.4741691648960114,0.5950613617897034,375657.9375,242.9158805018725,59008.125,3686400
R048,Rain,AFLB3,fft_magnitude,7.242517312988639e-05,0.0006415629759430885,1.268452987090996e-08,0.3379034101963043,266.9881591796875,1.239624979083596,1.536670088768005,3686400
R048,Rain,AFLB3,raw_low,0.0,0.0,0.0,0.0,0.0,0.0,0.0,3686400
R048,Rain,AFLB3,raw_high,0.1019037365913391,0.07498405873775482,6.519259443393821e-08,0.5950612425804138,375657.9375,242.9158885422071,59008.12890625,3686400
R048,Rain,AFLB3,mined_low,0.0001874500885605812,0.001738774939440191,-0.008071858435869217,0.01209230627864599,5038.09375,3.357791687202831,11.27476501464844,3686400
R048,Rain,AFLB3,mined_high,-7.932869630167261e-05,0.001078609842807055,-0.007229848764836788,0.00737724220380187,3097.121337890625,2.076524390566289,4.311953544616699,3686400
R049,Rain,AFLB1,conv_feat,0.008611217141151428,0.1149646192789078,-0.5782365798950195,0.5978258848190308,79187.453125,110.67520488602,12249.0009765625,921600
R049,Rain,AFLB1,fft_magnitude,0.0005457460647448897,0.002289123134687543,4.43572048425267e-07,0.2662895917892456,502.9595947265625,2.259148225707865,5.103750705718994,921600
R049,Rain,AFLB1,raw_low,0.0,0.0,0.0,0.0,0.0,0.0,0.0,921600
R049,Rain,AFLB1,raw_high,0.08592389523983002,0.07686417549848557,1.790781993804558e-07,0.5978258848190308,79187.4609375,110.6752092978595,12249.001953125,921600
R049,Rain,AFLB1,mined_low,-0.03120010532438755,1.525122880935669,-15.20305824279785,14.72084999084473,933192.25,1464.424289610084,2144538.5,921600
R049,Rain,AFLB1,mined_high,0.001813251175917685,0.5857654213905334,-13.77146530151367,16.24607467651367,257162.453125,562.3375598784062,316223.53125,921600
R049,Rain,AFLB2,conv_feat,-0.01277437619864941,0.2122298032045364,-1.017077088356018,0.9359980821609497,282004.0625,288.6542319540803,83321.265625,1843200
R049,Rain,AFLB2,fft_magnitude,0.0002928874164354056,0.002150125103071332,1.049637248229374e-07,0.5043683052062988,539.85009765625,2.946064900995717,8.679298400878906,1843200
R049,Rain,AFLB2,raw_low,0.0,0.0,0.0,0.0,0.0,0.0,0.0,1843200
R049,Rain,AFLB2,raw_high,0.1529970020055771,0.1476366966962814,4.545976040049027e-08,1.017076969146729,282004.0625,288.6542319540803,83321.265625,1843200
R049,Rain,AFLB2,mined_low,0.00637067761272192,0.2887073159217834,-5.485790252685547,5.498241901397705,282350.84375,392.0574734653071,153709.0625,1843200
R049,Rain,AFLB2,mined_high,-0.0982954129576683,0.1896328032016754,-3.44101357460022,3.297576904296875,287929.5,289.985452221314,84091.5625,1843200
R049,Rain,AFLB3,conv_feat,0.002178613096475601,0.1393165737390518,-0.5045477747917175,0.662167489528656,379282.125,267.5205015508157,71567.21875,3686400
R049,Rain,AFLB3,fft_magnitude,8.061221888056025e-05,0.0007064493838697672,3.164146500367337e-09,0.336281031370163,297.1688842773438,1.365184952219248,1.863729953765869,3686400
R049,Rain,AFLB3,raw_low,0.0,0.0,0.0,0.0,0.0,0.0,0.0,3686400
R049,Rain,AFLB3,raw_high,0.102886863052845,0.09395820647478104,3.538231263533476e-09,0.6621675491333008,379282.125,267.5205161525,71567.2265625,3686400
R049,Rain,AFLB3,mined_low,0.0001230584748554975,0.001448414521291852,-0.006985169369727373,0.01003619842231274,4214.8955078125,2.790974792224487,7.78954029083252,3686400
R049,Rain,AFLB3,mined_high,-2.734026202233508e-05,0.001046497607603669,-0.007018094416707754,0.006339346989989281,3022.87109375,2.009961117800133,4.039943695068359,3686400
R050,Rain,AFLB1,conv_feat,0.007994644343852997,0.1045873388648033,-0.4499388039112091,0.4567624032497406,72787.2578125,100.6967523681871,10139.8359375,921600
R050,Rain,AFLB1,fft_magnitude,0.0003765462606679648,0.002107737585902214,7.204829444162897e-08,0.2539520859718323,347.0250244140625,2.055463869037582,4.224931716918945,921600
R050,Rain,AFLB1,raw_low,0.0,0.0,0.0,0.0,0.0,0.0,0.0,921600
R050,Rain,AFLB1,raw_high,0.07897923141717911,0.0690268725156784,1.210732563095007e-07,0.4567624628543854,72787.2578125,100.6967572172138,10139.8369140625,921600
R050,Rain,AFLB1,mined_low,-0.1531543135643005,1.634281873703003,-17.37747001647949,24.96437835693359,984137.1875,1575.784804470458,2483097.75,921600
R050,Rain,AFLB1,mined_high,-0.002276724437251687,0.4584368467330933,-13.06464958190918,11.69144439697266,223508.625,440.10479930921,193692.234375,921600
R050,Rain,AFLB2,conv_feat,-0.01232563517987728,0.1796407550573349,-0.7444926500320435,0.7080793976783752,251046.65625,244.4617732770299,59761.55859375,1843200
R050,Rain,AFLB2,fft_magnitude,0.000182376112206839,0.001828689710237086,1.991265285994359e-08,0.4575964510440826,336.1556396484375,2.495027651738688,6.225162982940674,1843200
R050,Rain,AFLB2,raw_low,0.0,0.0,0.0,0.0,0.0,0.0,0.0,1843200
R050,Rain,AFLB2,raw_high,0.1362015455961227,0.117778867483139,4.286614796455979e-08,0.7444928288459778,251046.6875,244.4617812665203,59761.5625,1843200
R050,Rain,AFLB2,mined_low,-0.02550933882594109,0.4270889759063721,-6.398775577545166,6.478474140167236,358351.84375,580.868584535263,337408.3125,1843200
R050,Rain,AFLB2,mined_high,-0.09749148786067963,0.218950167298317,-4.249779224395752,4.418117046356201,325299.4375,325.3926114135046,105880.3515625,1843200
R050,Rain,AFLB3,conv_feat,0.001951475511305034,0.1150892749428749,-0.383039265871048,0.5273013710975647,335837.9375,221.0031727006425,48842.40234375,3686400
R050,Rain,AFLB3,fft_magnitude,4.886741589871235e-05,0.0005853606853634119,8.356110470231215e-09,0.3009158670902252,180.1448364257812,1.127802114166697,1.271937608718872,3686400
R050,Rain,AFLB3,raw_low,0.0,0.0,0.0,0.0,0.0,0.0,0.0,3686400
R050,Rain,AFLB3,raw_high,0.09110186994075775,0.07035481184720993,4.347402793314359e-08,0.5273014307022095,335837.9375,221.0031903757274,48842.41015625,3686400
R050,Rain,AFLB3,mined_low,0.0001613802742213011,0.001632200088351965,-0.008185507729649544,0.01117612794041634,4719.51708984375,3.149104878234235,9.916861534118652,3686400
R050,Rain,AFLB3,mined_high,-3.851706787827425e-05,0.001024589641019702,-0.007480408065021038,0.007312480825930834,2918.287109375,1.968601705627571,3.87539267539978,3686400
R051,Rain,AFLB1,conv_feat,0.0112747298553586,0.1508713960647583,-0.6196754574775696,0.6998673677444458,105068.2734375,145.2404055028249,21094.775390625,921600
R051,Rain,AFLB1,fft_magnitude,0.0008098927210085094,0.002980147721245885,2.349541006196887e-07,0.3795784115791321,746.3971557617188,2.964707362640325,8.78948974609375,921600
R051,Rain,AFLB1,raw_low,0.0,0.0,0.0,0.0,0.0,0.0,0.0,921600
R051,Rain,AFLB1,raw_high,0.1140063852071762,0.099457748234272,2.048925438202787e-07,0.699867308139801,105068.28125,145.2404122265907,21094.77734375,921600
R051,Rain,AFLB1,mined_low,-0.2246493846178055,1.266081571578979,-12.62263298034668,13.62430191040039,816809.75,1234.423296523522,1523800.875,921600
R051,Rain,AFLB1,mined_high,-0.005987217649817467,0.3181405365467072,-7.604105949401855,5.92483377456665,158951.765625,305.4689913681911,93311.3046875,921600
R051,Rain,AFLB2,conv_feat,-0.0202505923807621,0.2168347239494324,-1.025187253952026,0.9543645977973938,302362.78125,295.6656288148827,87418.1640625,1843200
R051,Rain,AFLB2,fft_magnitude,0.0004341723106335849,0.002179873175919056,2.247492147944286e-07,0.5309063196182251,800.2664184570312,3.017624740487435,9.106059074401855,1843200
R051,Rain,AFLB2,raw_low,0.0,0.0,0.0,0.0,0.0,0.0,0.0,1843200
R051,Rain,AFLB2,raw_high,0.1640423089265823,0.1432393491268158,6.18646467387407e-08,1.025187253952026,302362.78125,295.6656420265973,87418.171875,1843200
R051,Rain,AFLB2,mined_low,-0.01900040917098522,0.2977712154388428,-4.725982189178467,4.754537582397461,291733.6875,405.0897662864368,164097.71875,1843200
R051,Rain,AFLB2,mined_high,-0.08405376970767975,0.2190794497728348,-3.524013042449951,3.921177387237549,302749.40625,318.5720459134794,101488.1484375,1843200
R051,Rain,AFLB3,conv_feat,0.001934768864884973,0.1290438771247864,-0.5305159687995911,0.6707923412322998,362895.6875,247.7921019347671,61400.92578125,3686400
R051,Rain,AFLB3,fft_magnitude,0.000129718697280623,0.0006456971168518066,2.686143574237576e-08,0.3226761817932129,478.1950073242188,1.264508826602465,1.598982572555542,3686400
R051,Rain,AFLB3,raw_low,0.0,0.0,0.0,0.0,0.0,0.0,0.0,3686400
R051,Rain,AFLB3,raw_high,0.09844175726175308,0.0834583044052124,2.809912302836892e-08,0.6707923412322998,362895.6875,247.7921019347671,61400.92578125,3686400
R051,Rain,AFLB3,mined_low,4.984374027117155e-05,0.001033088890835643,-0.007841123268008232,0.008550352416932583,2906.52587890625,1.98583786277025,3.943552017211914,3686400
R051,Rain,AFLB3,mined_high,-5.753544428444002e-06,0.0009036220726557076,-0.007355725858360529,0.00771821616217494,2547.56005859375,1.734989572872963,3.010188817977905,3686400
R052,Rain,AFLB1,conv_feat,0.009587001986801624,0.1309368461370468,-0.6229134202003479,0.6542752981185913,88804.75,126.0358525690706,15885.0361328125,921600
R052,Rain,AFLB1,fft_magnitude,0.0006365803419612348,0.002603187691420317,1.243005272044684e-07,0.315257728099823,586.6724243164062,2.572696218171445,6.618765830993652,921600
R052,Rain,AFLB1,raw_low,0.0,0.0,0.0,0.0,0.0,0.0,0.0,921600
R052,Rain,AFLB1,raw_high,0.09635932743549347,0.08916977792978287,8.849242760788911e-08,0.6542752981185913,88804.7578125,126.0358603173617,15885.0380859375,921600
R052,Rain,AFLB1,mined_low,-0.223580926656723,1.179355978965759,-11.89351463317871,11.73479557037354,750017.875,1152.347549570007,1327904.875,921600
R052,Rain,AFLB1,mined_high,-0.006959280464798212,0.4799071550369263,-9.921420097351074,10.28256797790527,236670.890625,460.7593257330773,212299.15625,921600
R052,Rain,AFLB2,conv_feat,-0.01590501703321934,0.2146504521369934,-1.002408981323242,0.901260495185852,284391.46875,292.2180264802293,85391.375,1843200
R052,Rain,AFLB2,fft_magnitude,0.0003197145706508309,0.002173383021727204,9.580647741813664e-08,0.5083513259887695,589.2979125976562,2.982437703328578,8.89493465423584,1843200
R052,Rain,AFLB2,raw_low,0.0,0.0,0.0,0.0,0.0,0.0,0.0,1843200
R052,Rain,AFLB2,raw_high,0.1542922407388687,0.1500722765922546,1.1928369758607e-07,1.002409338951111,284391.46875,292.2180398478164,85391.3828125,1843200
R052,Rain,AFLB2,mined_low,-0.01458301674574614,0.2842411696910858,-5.363022327423096,5.250081062316895,288281.96875,386.4061779720919,149309.734375,1843200
R052,Rain,AFLB2,mined_high,-0.06679645925760269,0.2022301554679871,-3.821937322616577,4.083244323730469,278095.5625,289.1459001308855,83605.3515625,1843200
R052,Rain,AFLB3,conv_feat,0.002145634265616536,0.1338831931352615,-0.5042665004730225,0.6618894934654236,364243.1875,257.088749267641,66094.625,3686400
R052,Rain,AFLB3,fft_magnitude,8.175110997399315e-05,0.0006783995777368546,1.458533649412175e-08,0.3263984322547913,301.3672790527344,1.311950523161717,1.721214175224304,3686400
R052,Rain,AFLB3,raw_low,0.0,0.0,0.0,0.0,0.0,0.0,0.0,3686400
R052,Rain,AFLB3,raw_high,0.09880729019641876,0.09036832302808762,1.720230535795508e-08,0.6618894934654236,364243.1875,257.088749267641,66094.625,3686400
R052,Rain,AFLB3,mined_low,0.0001157888109446503,0.001309004728682339,-0.006945959758013487,0.009591878391802311,3760.31396484375,2.52310235127434,6.366045475006104,3686400
R052,Rain,AFLB3,mined_high,-8.950812002694875e-07,0.000989160849712789,-0.007168903481215239,0.007684236392378807,2783.4970703125,1.899189615595001,3.606921195983887,3686400
R053,Rain,AFLB1,conv_feat,0.0111326863989234,0.1460499167442322,-0.6591655015945435,0.6289249062538147,102542.6640625,140.6146454521185,19772.478515625,921600
R053,Rain,AFLB1,fft_magnitude,0.0006713854381814599,0.002913524163886905,7.301569837636634e-08,0.3620205819606781,618.7488403320312,2.870284650290603,8.238533973693848,921600
R053,Rain,AFLB1,raw_low,0.0,0.0,0.0,0.0,0.0,0.0,0.0,921600
R053,Rain,AFLB1,raw_high,0.1112659126520157,0.09525970369577408,3.092012548222556e-07,0.6591655611991882,102542.6640625,140.6146523970742,19772.48046875,921600
R053,Rain,AFLB1,mined_low,-0.1173093989491463,1.301374435424805,-14.20448684692383,12.22547340393066,807385.375,1254.384958854338,1573481.625,921600
R053,Rain,AFLB1,mined_high,-0.006020354107022285,0.4544406235218048,-11.57464790344238,11.73700141906738,218086.5625,436.3012684774134,190358.796875,921600
R053,Rain,AFLB2,conv_feat,-0.01873365975916386,0.2361178398132324,-1.015417098999023,0.8991190791130066,330593.0,321.5715802896767,103408.28125,1843200
R053,Rain,AFLB2,fft_magnitude,0.0003403634182177484,0.002393360016867518,1.233362780794778e-07,0.6016639471054077,627.3578491210938,3.282026071959808,10.77169513702393,1843200
R053,Rain,AFLB2,raw_low,0.0,0.0,0.0,0.0,0.0,0.0,0.0,1843200
R053,Rain,AFLB2,raw_high,0.179358184337616,0.1547036617994308,9.997605410205779e-09,1.015416979789734,330593.0,321.5715924370497,103408.2890625,1843200
R053,Rain,AFLB2,mined_low,-0.02652766928076744,0.3880828619003296,-6.136872291564941,6.061309337615967,340621.78125,528.1082393790122,278898.3125,1843200
R053,Rain,AFLB2,mined_high,-0.05607496201992035,0.2266875207424164,-4.166098117828369,4.23283576965332,304109.3125,317.0373844280829,100512.703125,1843200
R053,Rain,AFLB3,conv_feat,0.002274282276630402,0.1466703563928604,-0.507554292678833,0.6727648377418518,422249.65625,281.640936632976,79321.6171875,3686400
R053,Rain,AFLB3,fft_magnitude,9.099842282012105e-05,0.0007430124096572399,2.216489569661917e-08,0.379987359046936,335.4565734863281,1.437242899584056,2.065667152404785,3686400
R053,Rain,AFLB3,raw_low,0.0,0.0,0.0,0.0,0.0,0.0,0.0,3686400
R053,Rain,AFLB3,raw_high,0.1145425587892532,0.09163717180490494,1.015384327729407e-07,0.6727649569511414,422249.6875,281.6409505025858,79321.625,3686400
R053,Rain,AFLB3,mined_low,3.983044371125288e-05,0.001426339615136385,-0.008773969486355782,0.00983173493295908,4000.112060546875,2.739639707113415,7.50562572479248,3686400
R053,Rain,AFLB3,mined_high,9.972597581509035e-06,0.001003999030217528,-0.007218055427074432,0.008220999501645565,2809.989501953125,1.927773271378897,3.716309785842896,3686400
R054,Rain,AFLB1,conv_feat,0.008251171559095383,0.1289628595113754,-0.9058962464332581,0.8989408016204834,82099.71875,124.0574857299027,15390.259765625,921600
R054,Rain,AFLB1,fft_magnitude,0.0007384014897979796,0.00253236829303205,8.14598521969856e-09,0.2845999598503113,680.5108032226562,2.53231289999965,6.412608623504639,921600
R054,Rain,AFLB1,raw_low,0.0,0.0,0.0,0.0,0.0,0.0,0.0,921600
R054,Rain,AFLB1,raw_high,0.08908389508724213,0.0936138927936554,1.005830014833009e-07,0.9058963060379028,82099.71875,124.0574896658299,15390.2607421875,921600
R054,Rain,AFLB1,mined_low,-0.3150573670864105,1.354824662208557,-14.41599273681641,9.152251243591309,887103.3125,1335.335819185571,1783121.75,921600
R054,Rain,AFLB1,mined_high,-0.009250295348465443,0.4735971987247467,-9.32505989074707,9.215533256530762,217899.453125,454.7400012644588,206788.46875,921600
R054,Rain,AFLB2,conv_feat,-0.01571961678564548,0.1873664408922195,-1.19476842880249,1.078600406646729,236745.09375,255.2708044288457,65163.18359375,1843200
R054,Rain,AFLB2,fft_magnitude,0.0003811638162005693,0.001880784053355455,1.926637764881889e-07,0.4345425665378571,702.5611572265625,2.605346859850303,6.787832260131836,1843200
R054,Rain,AFLB2,raw_low,0.0,0.0,0.0,0.0,0.0,0.0,0.0,1843200
R054,Rain,AFLB2,raw_high,0.1284424364566803,0.1373165398836136,1.191657883481412e-08,1.19476842880249,236745.09375,255.2707967776573,65163.1796875,1843200
R054,Rain,AFLB2,mined_low,-0.0194692574441433,0.2902013957500458,-6.289070606231689,6.156843662261963,284723.65625,394.8761475133691,155927.171875,1843200
R054,Rain,AFLB2,mined_high,-0.08759365230798721,0.1875276267528534,-3.252182006835938,3.387703895568848,281442.375,281.0005699504896,78961.3203125,1843200
R054,Rain,AFLB3,conv_feat,0.001142977504059672,0.1133859157562256,-0.5586199164390564,0.6729572415351868,290181.125,217.7120105351333,47398.51953125,3686400
R054,Rain,AFLB3,fft_magnitude,0.0001062692972482182,0.0005688075325451791,6.934987251128177e-09,0.2548682689666748,391.7511291503906,1.11100697360524,1.234336495399475,3686400
R054,Rain,AFLB3,raw_low,0.0,0.0,0.0,0.0,0.0,0.0,0.0,3686400
R054,Rain,AFLB3,raw_high,0.07871666550636292,0.08161713927984238,2.235626084257092e-08,0.6729571223258972,290181.125,217.7120105351333,47398.51953125,3686400
R054,Rain,AFLB3,mined_low,0.0001928169367602095,0.001762187574058771,-0.00849080178886652,0.01180509943515062,5157.45947265625,3.403593935153698,11.58445167541504,3686400
R054,Rain,AFLB3,mined_high,-9.681254596216604e-05,0.00106200180016458,-0.008213615976274014,0.007120800204575062,3035.553466796875,2.047498418786413,4.192249774932861,3686400
R055,Rain,AFLB1,conv_feat,0.01183301489800215,0.1703170835971832,-0.7390443086624146,0.7410290837287903,115768.3203125,163.8985549909608,26862.736328125,921600
R055,Rain,AFLB1,fft_magnitude,0.0008780359057709575,0.003372539766132832,3.189737469710963e-07,0.4017421305179596,809.1978759765625,3.345565160611355,11.19280624389648,921600
R055,Rain,AFLB1,raw_low,0.0,0.0,0.0,0.0,0.0,0.0,0.0,921600
R055,Rain,AFLB1,raw_high,0.1256166696548462,0.1156217306852341,5.069528086210084e-08,0.7410291433334351,115768.3203125,163.8985549909608,26862.736328125,921600
R055,Rain,AFLB1,mined_low,-0.3825149238109589,1.569034576416016,-14.97572803497314,9.499716758728027,1023048.75,1550.38874157419,2403705.25,921600
R055,Rain,AFLB1,mined_high,-0.005534105934202671,0.3744031190872192,-8.765432357788086,8.128949165344238,176995.390625,359.4662492849642,129215.984375,921600
R055,Rain,AFLB2,conv_feat,-0.02285430207848549,0.2471917718648911,-1.113178372383118,1.003796696662903,338798.5625,337.0299968103729,113589.21875,1843200
R055,Rain,AFLB2,fft_magnitude,0.0004445617087185383,0.002494343556463718,1.773908735458463e-07,0.6337723135948181,819.4161376953125,3.439797899164596,11.83220958709717,1843200
R055,Rain,AFLB2,raw_low,0.0,0.0,0.0,0.0,0.0,0.0,0.0,1843200
R055,Rain,AFLB2,raw_high,0.1838099807500839,0.1668531596660614,4.307553638227546e-07,1.113178372383118,338798.5625,337.0299968103729,113589.21875,1843200
R055,Rain,AFLB2,mined_low,-0.02382796443998814,0.2787227630615234,-5.965997695922852,5.835686683654785,292514.75,379.7868645701165,144238.0625,1843200
R055,Rain,AFLB2,mined_high,-0.07318417727947235,0.2306032627820969,-4.248299598693848,4.272054672241211,321278.84375,328.4653472970931,107889.484375,1843200
R055,Rain,AFLB3,conv_feat,0.001531612244434655,0.1470262110233307,-0.531318724155426,0.6648803949356079,409736.0625,282.305643872913,79696.4765625,3686400
R055,Rain,AFLB3,fft_magnitude,0.0001234585070051253,0.0007401041802950203,1.139220628942894e-08,0.3670447468757629,455.117431640625,1.440634999271536,2.075429201126099,3686400
R055,Rain,AFLB3,raw_low,0.0,0.0,0.0,0.0,0.0,0.0,0.0,3686400
R055,Rain,AFLB3,raw_high,0.1111480221152306,0.09625575691461563,4.290706456799853e-09,0.6648804545402527,409736.0625,282.305657709866,79696.484375,3686400
R055,Rain,AFLB3,mined_low,6.78691576467827e-05,0.001192470430396497,-0.008871355094015598,0.01016143243759871,3334.197265625,2.293248434084744,5.258988380432129,3686400
R055,Rain,AFLB3,mined_high,-5.050202889833599e-05,0.001058006309904158,-0.008052782155573368,0.007146175019443035,3012.153564453125,2.033685016965503,4.13587474822998,3686400
R056,Rain,AFLB1,conv_feat,0.006169980391860008,0.09180838614702225,-0.5183175802230835,0.535168468952179,62697.37890625,88.33485927583317,7803.04736328125,921600
R056,Rain,AFLB1,fft_magnitude,0.000595933583099395,0.001781212282367051,2.040465716390827e-07,0.1906309276819229,549.21240234375,1.80312791953024,3.251270294189453,921600
R056,Rain,AFLB1,raw_low,0.0,0.0,0.0,0.0,0.0,0.0,0.0,921600
R056,Rain,AFLB1,raw_high,0.06803101301193237,0.06195668876171112,4.295807798371243e-08,0.5351685881614685,62697.37890625,88.33486756725794,7803.048828125,921600
R056,Rain,AFLB1,mined_low,0.05924712121486664,1.338512659072876,-12.0654468536377,18.53421401977539,812350.875,1286.230344844966,1654388.5,921600
R056,Rain,AFLB1,mined_high,-0.004985976964235306,0.4929377436637878,-10.27681350708008,10.07585620880127,225701.265625,473.2444367079237,223960.296875,921600
R056,Rain,AFLB2,conv_feat,-0.009511852636933327,0.1697747558355331,-0.9695616960525513,0.8848981261253357,221068.859375,230.8553135218031,53294.17578125,1843200
R056,Rain,AFLB2,fft_magnitude,0.000313667522277683,0.00170689239166677,8.556724395702986e-08,0.3965590596199036,578.1519775390625,2.356157142165323,5.55147647857666,1843200
R056,Rain,AFLB2,raw_low,0.0,0.0,0.0,0.0,0.0,0.0,0.0,1843200
R056,Rain,AFLB2,raw_high,0.1199375316500664,0.1205360144376755,1.585583753183073e-08,0.969561755657196,221068.859375,230.8553219821887,53294.1796875,1843200
R056,Rain,AFLB2,mined_low,-0.02756395004689693,0.3400830030441284,-5.302258014678955,5.187788009643555,318051.71875,463.2260348631108,214578.359375,1843200
R056,Rain,AFLB2,mined_high,-0.1026579737663269,0.2205008119344711,-4.569074153900146,3.778894901275635,337226.21875,330.2156255766828,109042.359375,1843200
R056,Rain,AFLB3,conv_feat,0.001359474961645901,0.1132829859852791,-0.5068230032920837,0.6668367385864258,296478.375,217.5190006068435,47314.515625,3686400
R056,Rain,AFLB3,fft_magnitude,8.934397192206234e-05,0.0005711912526749074,3.999965247913906e-09,0.2559969127178192,329.3576049804688,1.110021966682479,1.232148766517639,3686400
R056,Rain,AFLB3,raw_low,0.0,0.0,0.0,0.0,0.0,0.0,0.0,3686400
R056,Rain,AFLB3,raw_high,0.08042490482330322,0.07979171723127365,1.53677426339982e-08,0.6668366193771362,296478.375,217.5190006068435,47314.515625,3686400
R056,Rain,AFLB3,mined_low,0.0001331144449068233,0.001421403372660279,-0.007641728967428207,0.01124304533004761,3965.819091796875,2.741035936923725,7.513278007507324,3686400
R056,Rain,AFLB3,mined_high,-5.028454688726924e-05,0.001022187527269125,-0.008072161115705967,0.008041794411838055,2917.729736328125,1.964973399926218,3.861120462417603,3686400
R057,Rain,AFLB1,conv_feat,0.01111055258661509,0.1486405730247498,-0.6680907011032104,0.6691552996635437,104146.9921875,143.0930299992805,20475.615234375,921600
R057,Rain,AFLB1,fft_magnitude,0.0005743881338275969,0.00298786791972816,8.479754569634679e-07,0.3836221098899841,529.3560791015625,2.920874276375331,8.531506538391113,921600
R057,Rain,AFLB1,raw_low,0.0,0.0,0.0,0.0,0.0,0.0,0.0,921600
R057,Rain,AFLB1,raw_high,0.1130067184567451,0.09719540178775787,3.881608634515032e-08,0.6691552400588989,104146.9921875,143.0930368239489,20475.6171875,921600
R057,Rain,AFLB1,mined_low,-0.2013685554265976,1.508691549301147,-15.66868305206299,13.07150840759277,949885.375,1461.187872930788,2135070.0,921600
R057,Rain,AFLB1,mined_high,-6.354540528263897e-05,0.3523041009902954,-7.248282432556152,7.071476936340332,171486.9375,338.2119342956425,114387.3125,921600
R057,Rain,AFLB2,conv_feat,-0.02166561037302017,0.2019138932228088,-1.03220272064209,0.9023582339286804,288131.9375,275.7009815905631,76011.03125,1843200
R057,Rain,AFLB2,fft_magnitude,0.0002892024349421263,0.002052328316494823,1.110683740535023e-07,0.5425387620925903,533.0579223632812,2.813861347911836,7.917815685272217,1843200
R057,Rain,AFLB2,raw_low,0.0,0.0,0.0,0.0,0.0,0.0,0.0,1843200
R057,Rain,AFLB2,raw_high,0.1563215851783752,0.1296232342720032,1.848706432383551e-07,1.03220272064209,288131.9375,275.7009815905631,76011.03125,1843200
R057,Rain,AFLB2,mined_low,-0.015819251537323,0.2767106294631958,-5.364595890045166,5.410237789154053,298642.3125,376.2882040404668,141592.8125,1843200
R057,Rain,AFLB2,mined_high,-0.05413830280303955,0.2015491127967834,-3.836612462997437,3.930656671524048,263675.28125,283.3317677652826,80276.890625,1843200
R057,Rain,AFLB3,conv_feat,0.001381113776005805,0.1156804114580154,-0.5070096850395203,0.6122959852218628,338524.0,222.1222302162708,49338.28515625,3686400
R057,Rain,AFLB3,fft_magnitude,8.512864587828517e-05,0.0005842014215886593,2.752816108397838e-08,0.3092079162597656,313.8182373046875,1.133512767209986,1.28485119342804,3686400
R057,Rain,AFLB3,raw_low,0.0,0.0,0.0,0.0,0.0,0.0,0.0,3686400
R057,Rain,AFLB3,raw_high,0.09183051437139511,0.07036351412534714,3.048837982078112e-08,0.612295925617218,338524.0,222.1222390092896,49338.2890625,3686400
R057,Rain,AFLB3,mined_low,0.0001455542223993689,0.00140151905361563,-0.007626833859831095,0.01318512205034494,4038.225830078125,2.705389408420956,7.319131851196289,3686400
R057,Rain,AFLB3,mined_high,-7.449933036696166e-05,0.001011254847981036,-0.007804997731000185,0.007338314782828093,2874.180419921875,1.946871091002923,3.79030704498291,3686400
R058,Rain,AFLB1,conv_feat,0.01135673560202122,0.1569522619247437,-0.7491214871406555,0.7770296931266785,106843.4609375,151.0680917976228,22821.568359375,921600
R058,Rain,AFLB1,fft_magnitude,0.0006871635559946299,0.003137788735330105,3.444026219767693e-07,0.3945370614528656,633.2899169921875,3.08366460996617,9.508987426757812,921600
R058,Rain,AFLB1,raw_low,0.0,0.0,0.0,0.0,0.0,0.0,0.0,921600
R058,Rain,AFLB1,raw_high,0.1159325763583183,0.1064078286290169,6.381881689776492e-08,0.7770298719406128,106843.4609375,151.0680917976228,22821.568359375,921600
R058,Rain,AFLB1,mined_low,-0.6226831674575806,2.126721858978271,-17.95008850097656,11.83075523376465,1495545.875,2127.365271879749,4525683.0,921600
R058,Rain,AFLB1,mined_high,-0.00864921510219574,0.3785441815853119,-6.663454055786133,6.730777263641357,186098.375,363.4972489579529,132130.25,921600
R058,Rain,AFLB2,conv_feat,-0.02222373150289059,0.205102801322937,-1.024271607398987,0.9179679155349731,286909.46875,280.0866355924538,78448.5234375,1843200
R058,Rain,AFLB2,fft_magnitude,0.0003446535847615451,0.002077175304293633,5.702177929833852e-08,0.5212942361831665,635.2655029296875,2.858622300765713,8.171721458435059,1843200
R058,Rain,AFLB2,raw_low,0.0,0.0,0.0,0.0,0.0,0.0,0.0,1843200
R058,Rain,AFLB2,raw_high,0.1556583642959595,0.1353939771652222,1.245672649474727e-07,1.024271726608276,286909.5,280.0866355924538,78448.5234375,1843200
R058,Rain,AFLB2,mined_low,-0.02972872368991375,0.323899120092392,-5.26524019241333,5.570699214935303,315306.0,441.5883794610089,195000.296875,1843200
R058,Rain,AFLB2,mined_high,-0.0370192676782608,0.2036032974720001,-3.863679885864258,4.63007926940918,257778.28125,280.9529125360689,78934.5390625,1843200
R058,Rain,AFLB3,conv_feat,0.001413147430866957,0.1145775765180588,-0.4935784637928009,0.6274161338806152,327640.8125,220.0056817448131,48402.5,3686400
R058,Rain,AFLB3,fft_magnitude,0.0001028417973429896,0.0005756311002187431,2.71606523938317e-08,0.2944850623607635,379.1159973144531,1.122711821622816,1.260481834411621,3686400
R058,Rain,AFLB3,raw_low,0.0,0.0,0.0,0.0,0.0,0.0,0.0,3686400
R058,Rain,AFLB3,raw_high,0.08887825906276703,0.07232338935136795,1.414294281687489e-08,0.62741619348526,327640.8125,220.0056817448131,48402.5,3686400
R058,Rain,AFLB3,mined_low,5.429478915175423e-05,0.001174059463664889,-0.008517853915691376,0.01005347725003958,3298.14794921875,2.256603405609036,5.092258930206299,3686400
R058,Rain,AFLB3,mined_high,3.357875175424851e-05,0.0009064051555469632,-0.0067866500467062,0.007102365605533123,2544.4853515625,1.741491683431915,3.032793283462524,3686400
R059,Rain,AFLB1,conv_feat,0.01005837973207235,0.1311799287796021,-0.6089929342269897,0.6388636827468872,91798.09375,126.3023831611561,15952.2919921875,921600
R059,Rain,AFLB1,fft_magnitude,0.0006207988481037319,0.002612821524962783,1.808009209014472e-08,0.3366977572441101,572.1282348632812,2.578136837094038,6.64678955078125,921600
R059,Rain,AFLB1,raw_low,0.0,0.0,0.0,0.0,0.0,0.0,0.0,921600
R059,Rain,AFLB1,raw_high,0.09960730373859406,0.08595189452171326,1.741665300869499e-07,0.6388638019561768,91798.09375,126.3023831611561,15952.2919921875,921600
R059,Rain,AFLB1,mined_low,0.06680450588464737,1.551538705825806,-14.11672973632812,19.84540557861328,955986.3125,1490.857136012703,2222655.0,921600
R059,Rain,AFLB1,mined_high,-0.002832058584317565,0.4579381346702576,-11.12622261047363,12.10579490661621,212571.1875,439.6290339593144,193273.6875,921600
R059,Rain,AFLB2,conv_feat,-0.01758330501616001,0.1907857358455658,-1.010523319244385,0.8899678587913513,272086.8125,260.1170109296968,67660.859375,1843200
R059,Rain,AFLB2,fft_magnitude,0.0003260361263528466,0.001928079058416188,2.855915965938038e-07,0.481086939573288,600.9497680664062,2.654808281479771,7.048007011413574,1843200
R059,Rain,AFLB2,raw_low,0.0,0.0,0.0,0.0,0.0,0.0,0.0,1843200
R059,Rain,AFLB2,raw_high,0.1476165652275085,0.1221381276845932,8.306313858952308e-09,1.010523319244385,272086.84375,260.1170109296968,67660.859375,1843200
R059,Rain,AFLB2,mined_low,-0.01413624361157417,0.2432016581296921,-4.452528953552246,4.52063512802124,263508.375,330.7388272867279,109388.171875,1843200
R059,Rain,AFLB2,mined_high,-0.08168399333953857,0.1935663968324661,-3.534233570098877,3.991666793823242,280396.875,285.235456465356,81359.265625,1843200
R059,Rain,AFLB3,conv_feat,0.001868057297542691,0.1132588014006615,-0.5000879168510437,0.6572661399841309,330932.8125,217.4864848530823,47300.37109375,3686400
R059,Rain,AFLB3,fft_magnitude,9.641352517064661e-05,0.0005699528846889734,4.645805962155691e-09,0.2975495159626007,355.4188232421875,1.109856084824612,1.231780529022217,3686400
R059,Rain,AFLB3,raw_low,0.0,0.0,0.0,0.0,0.0,0.0,0.0,3686400
R059,Rain,AFLB3,raw_high,0.08977127820253372,0.06908085942268372,9.2015682184865e-08,0.6572660207748413,330932.84375,217.4864848530823,47300.37109375,3686400
R059,Rain,AFLB3,mined_low,6.962803308852017e-05,0.001164683257229626,-0.007704903371632099,0.008804255165159702,3302.885498046875,2.240184141492161,5.018424987792969,3686400
R059,Rain,AFLB3,mined_high,8.900237844500225e-06,0.00093610561452806,-0.007577355951070786,0.006885147653520107,2634.9150390625,1.797404004055108,3.230661153793335,3686400
R060,Rain,AFLB1,conv_feat,0.003011280903592706,0.04456736892461777,-0.5173437595367432,0.6017921566963196,31544.892578125,42.8822253842574,1838.88525390625,921600
R060,Rain,AFLB1,fft_magnitude,0.0003545454819686711,0.0008400477236136794,2.988408880355564e-07,0.1302439868450165,326.7491149902344,0.8753298410252529,0.7662023305892944,921600
R060,Rain,AFLB1,raw_low,0.0,0.0,0.0,0.0,0.0,0.0,0.0,921600
R060,Rain,AFLB1,raw_high,0.03422839939594269,0.02870078384876251,4.493656646786803e-08,0.6017921566963196,31544.892578125,42.88222680757801,1838.885375976562,921600
R060,Rain,AFLB1,mined_low,-0.1029773056507111,1.013295292854309,-10.97123146057129,7.643054962158203,631952.4375,977.7738746765532,956041.75,921600
R060,Rain,AFLB1,mined_high,-0.01218691747635603,0.5036228895187378,-12.60988521575928,8.678028106689453,245096.90625,483.6194914392926,233887.8125,921600
R060,Rain,AFLB2,conv_feat,9.311304893344641e-05,0.1184577643871307,-1.013453364372253,0.9126339554786682,165127.71875,160.8236429777195,25864.244140625,1843200
R060,Rain,AFLB2,fft_magnitude,0.0001862943172454834,0.001194565673358738,7.200445395483257e-08,0.2646726369857788,343.377685546875,1.64139938244116,2.694191932678223,1843200
R060,Rain,AFLB2,raw_low,0.0,0.0,0.0,0.0,0.0,0.0,0.0,1843200
R060,Rain,AFLB2,raw_high,0.08958752453327179,0.07750048488378525,6.055142165450889e-08,1.013453483581543,165127.71875,160.8236429777195,25864.244140625,1843200
R060,Rain,AFLB2,mined_low,-0.03216339275240898,0.3317306339740753,-5.909652233123779,5.766621112823486,310982.78125,452.4843574644322,204742.09375,1843200
R060,Rain,AFLB2,mined_high,-0.06601686775684357,0.2363967597484589,-4.372136116027832,3.654191493988037,320297.25,333.2227811464876,111037.421875,1843200
R060,Rain,AFLB3,conv_feat,0.002073341282084584,0.0848715677857399,-0.5053603649139404,0.6621333956718445,238029.75,163.0020250065931,26569.66015625,3686400
R060,Rain,AFLB3,fft_magnitude,4.883087240159512e-05,0.0004304769390728325,2.676115151700742e-08,0.1979428082704544,180.0101318359375,0.8318163097150176,0.6919183731079102,3686400
R060,Rain,AFLB3,raw_low,0.0,0.0,0.0,0.0,0.0,0.0,0.0,3686400
R060,Rain,AFLB3,raw_high,0.06456971168518066,0.05512018874287605,6.705646882210203e-08,0.6621333956718445,238029.78125,163.0020309976995,26569.662109375,3686400
R060,Rain,AFLB3,mined_low,0.0001904916425701231,0.001722270273603499,-0.007339039351791143,0.0107357120141387,5017.94384765625,3.326923852074899,11.06842231750488,3686400
R060,Rain,AFLB3,mined_high,-8.963970321929082e-05,0.001070492318831384,-0.006874475162476301,0.00658983550965786,3112.60009765625,2.062538608998833,4.25406551361084,3686400
R061,Rain,AFLB1,conv_feat,0.01388383936136961,0.1843415647745132,-0.7072426080703735,0.7163423299789429,128025.3203125,177.4691214338427,31495.2890625,921600
R061,Rain,AFLB1,fft_magnitude,0.0007889794651418924,0.003690110985189676,4.249057781180454e-07,0.4626182615756989,727.1234741210938,3.622573434994956,13.12303829193115,921600
R061,Rain,AFLB1,raw_low,0.0,0.0,0.0,0.0,0.0,0.0,0.0,921600
R061,Rain,AFLB1,raw_high,0.1389163732528687,0.121970571577549,2.729125725409176e-08,0.7163423895835876,128025.328125,177.4691269365604,31495.291015625,921600
R061,Rain,AFLB1,mined_low,0.1160926297307014,1.299480319023132,-11.52857685089111,12.02367877960205,817306.125,1252.469510606945,1568679.875,921600
R061,Rain,AFLB1,mined_high,-0.00360152730718255,0.3703292608261108,-8.768814086914062,9.311412811279297,180427.453125,355.5329186587368,126403.65625,921600
R061,Rain,AFLB2,conv_feat,-0.02390145882964134,0.2807735204696655,-1.011898756027222,0.9523802399635315,390676.4375,382.5694585627556,146359.390625,1843200
R061,Rain,AFLB2,fft_magnitude,0.0003836116520687938,0.002850298536941409,1.085292993252551e-07,0.6944735050201416,707.072998046875,3.904583384700736,15.24577140808105,1843200
R061,Rain,AFLB2,raw_low,0.0,0.0,0.0,0.0,0.0,0.0,0.0,1843200
R061,Rain,AFLB2,raw_high,0.2119555175304413,0.1856876611709595,2.06756467946434e-07,1.011898756027222,390676.40625,382.5694585627556,146359.390625,1843200
R061,Rain,AFLB2,mined_low,-0.01373209711164236,0.3121515214443207,-5.829729557037354,5.747090816497803,300678.84375,424.2008295017821,179946.34375,1843200
R061,Rain,AFLB2,mined_high,-0.09113544225692749,0.2254848182201385,-3.381573915481567,4.189726829528809,326435.375,330.1871864942672,109023.578125,1843200
R061,Rain,AFLB3,conv_feat,0.002773621119558811,0.1706892102956772,-0.5151484608650208,0.6627151370048523,487279.0625,327.7665422980204,107430.90625,3686400
R061,Rain,AFLB3,fft_magnitude,0.0001011137064779177,0.0008652717806398869,8.773108461923584e-09,0.4354479014873505,372.7455749511719,1.672626718530356,2.797680139541626,3686400
R061,Rain,AFLB3,raw_low,0.0,0.0,0.0,0.0,0.0,0.0,0.0,3686400
R061,Rain,AFLB3,raw_high,0.1321829110383987,0.1080286130309105,2.182288909580166e-07,0.662714958190918,487279.0625,327.7665542158016,107430.9140625,3686400
R061,Rain,AFLB3,mined_low,0.0001297753769904375,0.001497298595495522,-0.007858384400606155,0.01104486454278231,4247.48974609375,2.885591155100128,8.32663631439209,3686400
R061,Rain,AFLB3,mined_high,-5.496375160873868e-05,0.001055234111845493,-0.008185558952391148,0.007516844198107719,2986.47314453125,2.028796078199212,4.116013526916504,3686400
R062,Rain,AFLB1,conv_feat,0.009509209543466568,0.1268905401229858,-0.5592405200004578,0.6251419186592102,83018.359375,122.1565018224572,14922.2109375,921600
R062,Rain,AFLB1,fft_magnitude,0.0007204852881841362,0.002495479071512818,4.426141799740435e-07,0.3098735511302948,663.999267578125,2.493509258992759,6.217588424682617,921600
R062,Rain,AFLB1,raw_low,0.0,0.0,0.0,0.0,0.0,0.0,0.0,921600
R062,Rain,AFLB1,raw_high,0.09008068591356277,0.08987272530794144,1.559235585091301e-07,0.625141978263855,83018.359375,122.1565098168125,14922.212890625,921600
R062,Rain,AFLB1,mined_low,-0.08358987420797348,1.24869167804718,-13.89093399047852,13.01600360870361,765128.4375,1201.426964072307,1443426.75,921600
R062,Rain,AFLB1,mined_high,-0.006589504890143871,0.487976461648941,-11.68903827667236,11.47357559204102,220800.6875,468.5001167289075,219492.359375,921600
R062,Rain,AFLB2,conv_feat,-0.01375629752874374,0.1853650510311127,-0.9987096786499023,0.8706734776496887,248473.796875,252.3519832248203,63681.5234375,1843200
R062,Rain,AFLB2,fft_magnitude,0.0003443030873313546,0.001865571015514433,3.904512979602259e-08,0.3759220838546753,634.6194458007812,2.57555673006587,6.633492469787598,1843200
R062,Rain,AFLB2,raw_low,0.0,0.0,0.0,0.0,0.0,0.0,0.0,1843200
R062,Rain,AFLB2,raw_high,0.1348056644201279,0.1279721558094025,3.049359165174792e-08,0.9987096786499023,248473.796875,252.3519909645058,63681.52734375,1843200
R062,Rain,AFLB2,mined_low,-0.02465294487774372,0.2957167029380798,-5.725407600402832,5.591314792633057,281894.0,402.8710246468465,162305.0625,1843200
R062,Rain,AFLB2,mined_high,-0.08709973841905594,0.2290776968002319,-4.36834192276001,4.13804292678833,330948.125,332.7281641971416,110708.03125,1843200
R062,Rain,AFLB3,conv_feat,0.002710465807467699,0.1104463040828705,-0.5078805685043335,0.6488754749298096,298097.0625,212.1207461270585,44995.2109375,3686400
R062,Rain,AFLB3,fft_magnitude,8.619623258709908e-05,0.0005571605288423598,2.671601073700458e-08,0.2520021498203278,317.7537841796875,1.082474160007125,1.17175030708313,3686400
R062,Rain,AFLB3,raw_low,0.0,0.0,0.0,0.0,0.0,0.0,0.0,3686400
R062,Rain,AFLB3,raw_high,0.08086400479078293,0.07527778297662735,1.973898378082595e-08,0.6488754153251648,298097.0625,212.1207461270585,44995.2109375,3686400
R062,Rain,AFLB3,mined_low,0.0001009523402899504,0.00123378133866936,-0.007709071505814791,0.00891744066029787,3524.7109375,2.376776883840867,5.649068355560303,3686400
R062,Rain,AFLB3,mined_high,-2.799334288283717e-05,0.0009947589132934809,-0.007699206937104464,0.007819450460374355,2815.819580078125,1.910693196535548,3.650748491287231,3686400
R063,Rain,AFLB1,conv_feat,0.009667390957474709,0.1308667957782745,-0.6126914024353027,0.622726321220398,90216.7265625,125.9744478989192,15869.5615234375,921600
R063,Rain,AFLB1,fft_magnitude,0.0007220756961032748,0.002579424530267715,3.565599513422057e-07,0.30704265832901,665.4649658203125,2.571442793246708,6.61231803894043,921600
R063,Rain,AFLB1,raw_low,0.0,0.0,0.0,0.0,0.0,0.0,0.0,921600
R063,Rain,AFLB1,raw_high,0.0978914126753807,0.08738905936479568,2.255833919662109e-08,0.622726321220398,90216.7265625,125.9744478989192,15869.5615234375,921600
R063,Rain,AFLB1,mined_low,-0.2958221733570099,2.051915645599365,-21.69713592529297,16.19076538085938,1283181.0,1990.204826142274,3960915.25,921600
R063,Rain,AFLB1,mined_high,0.002826825482770801,0.6606172323226929,-17.71710205078125,20.40271186828613,297446.96875,634.1983621076296,402207.5625,921600
R063,Rain,AFLB2,conv_feat,-0.01468071714043617,0.2162112146615982,-1.028934955596924,0.9075313210487366,305233.15625,294.213968694554,86561.859375,1843200
R063,Rain,AFLB2,fft_magnitude,0.0003707499708980322,0.002180482726544142,3.586212926620647e-08,0.522528886795044,683.3663330078125,3.002808686586568,9.016860008239746,1843200
R063,Rain,AFLB2,raw_low,0.0,0.0,0.0,0.0,0.0,0.0,0.0,1843200
R063,Rain,AFLB2,raw_high,0.1655995845794678,0.1397840976715088,6.428013676895716e-08,1.028934955596924,305233.15625,294.213968694554,86561.859375,1843200
R063,Rain,AFLB2,mined_low,-0.01431361306458712,0.3513593673706055,-6.149699211120605,6.071712017059326,320051.71875,477.416943038263,227926.9375,1843200
R063,Rain,AFLB2,mined_high,-0.07649851590394974,0.2351123243570328,-4.705610275268555,4.729772090911865,327312.625,335.6702250721681,112674.5,1843200
R063,Rain,AFLB3,conv_feat,0.002442697063088417,0.1374764293432236,-0.5062270760536194,0.6592438817024231,395913.4375,263.9964192465496,69694.109375,3686400
R063,Rain,AFLB3,fft_magnitude,0.0001087386917788535,0.0006931903189979494,2.220627948190668e-08,0.3480654060840607,400.8543090820312,1.347201107401517,1.814950823783875,3686400
R063,Rain,AFLB3,raw_low,0.0,0.0,0.0,0.0,0.0,0.0,0.0,3686400
R063,Rain,AFLB3,raw_high,0.1073983907699585,0.08585640788078308,5.644171796603814e-09,0.6592438220977783,395913.4375,263.9964192465496,69694.109375,3686400
R063,Rain,AFLB3,mined_low,9.818891703616828e-05,0.001511703245341778,-0.008513209410011768,0.01071888022124767,4316.73486328125,2.908586444789208,8.459875106811523,3686400
R063,Rain,AFLB3,mined_high,-3.333029599161819e-05,0.001082711503840983,-0.008486220613121986,0.008902334608137608,3060.529052734375,2.079790752779688,4.3255295753479,3686400
R064,Rain,AFLB1,conv_feat,0.009647545404732227,0.1261618584394455,-0.6255054473876953,0.6170284748077393,87384.15625,121.4689831487343,14754.7138671875,921600
R064,Rain,AFLB1,fft_magnitude,0.0005391715676523745,0.002525882329791784,1.047350153271509e-07,0.2856318652629852,496.9005126953125,2.479475456262475,6.147798538208008,921600
R064,Rain,AFLB1,raw_low,0.0,0.0,0.0,0.0,0.0,0.0,0.0,921600
R064,Rain,AFLB1,raw_high,0.0948178768157959,0.08378222584724426,2.545636590411959e-09,0.6255055069923401,87384.15625,121.4689911883379,14754.7158203125,921600
R064,Rain,AFLB1,mined_low,-0.2312133759260178,2.175349712371826,-16.87993431091309,15.25290870666504,1399526.875,2100.098569115269,4410414.0,921600
R064,Rain,AFLB1,mined_high,-0.009312726557254791,0.6687129735946655,-14.69100189208984,12.59830570220947,318289.78125,642.0266982376979,412198.28125,921600
R064,Rain,AFLB2,conv_feat,-0.01202714536339045,0.2500827610492706,-1.016210436820984,0.875248372554779,341752.96875,339.9160397252533,115542.9140625,1843200
R064,Rain,AFLB2,fft_magnitude,0.0002630394592415541,0.00254177232272923,7.86802232255468e-08,0.5891355276107788,484.8343505859375,3.469253640942863,12.03572082519531,1843200
R064,Rain,AFLB2,raw_low,0.0,0.0,0.0,0.0,0.0,0.0,0.0,1843200
R064,Rain,AFLB2,raw_high,0.1854128539562225,0.1682501435279846,1.142066352599613e-08,1.016210436820984,341752.96875,339.9160397252533,115542.9140625,1843200
R064,Rain,AFLB2,mined_low,-0.00455841701477766,0.2636988162994385,-4.950873374938965,4.941238880157471,261628.484375,358.0628872837843,128209.03125,1843200
R064,Rain,AFLB2,mined_high,-0.1368373781442642,0.2267518043518066,-3.95103645324707,4.722958087921143,372321.5,359.56027832618,129283.59375,1843200
R064,Rain,AFLB3,conv_feat,0.003126221941784024,0.1671890765428543,-0.5081949234008789,0.6623261570930481,476208.28125,321.059135908013,103078.96875,3686400
R064,Rain,AFLB3,fft_magnitude,6.488415965577587e-05,0.0008508619503118098,1.542987249081307e-08,0.417972207069397,239.18896484375,1.638398103271258,2.684348344802856,3686400
R064,Rain,AFLB3,raw_low,0.0,0.0,0.0,0.0,0.0,0.0,0.0,3686400
R064,Rain,AFLB3,raw_high,0.1291797608137131,0.1061816737055779,1.787133925290618e-07,0.6623260974884033,476208.28125,321.059135908013,103078.96875,3686400
R064,Rain,AFLB3,mined_low,7.089428254403174e-05,0.001620406284928322,-0.008137590251863003,0.01037571392953396,4656.892578125,3.114156296117057,9.697969436645508,3686400
R064,Rain,AFLB3,mined_high,-3.41230261255987e-05,0.001084947260096669,-0.007605382241308689,0.007716238964349031,3104.007080078125,2.084128863716193,4.343593120574951,3686400
R065,Rain,AFLB1,conv_feat,0.01040414907038212,0.1480229198932648,-0.7329952120780945,0.7488076686859131,97145.546875,142.4525825713595,20292.73828125,921600
R065,Rain,AFLB1,fft_magnitude,0.0009249029099009931,0.002884293906390667,7.058213213895215e-07,0.3364156484603882,852.3905029296875,2.907801224380761,8.455307960510254,921600
R065,Rain,AFLB1,raw_low,0.0,0.0,0.0,0.0,0.0,0.0,0.0,921600
R065,Rain,AFLB1,raw_high,0.105409674346447,0.1044405773282051,2.349659240508117e-07,0.7488076686859131,97145.5546875,142.4525894267107,20292.740234375,921600
R065,Rain,AFLB1,mined_low,-0.1422376185655594,1.525020599365234,-16.21101951599121,12.92339706420898,926148.25,1470.373847019866,2161999.25,921600
R065,Rain,AFLB1,mined_high,-0.006906343158334494,0.6062502264976501,-13.3811674118042,12.10634517669678,281936.21875,582.0379605317853,338768.1875,921600
R065,Rain,AFLB2,conv_feat,-0.01682600192725658,0.2325738668441772,-1.082028388977051,1.030987143516541,304950.78125,316.5780166483453,100221.640625,1843200
R065,Rain,AFLB2,fft_magnitude,0.000480099261039868,0.002330972580239177,4.996856262096117e-08,0.5261082053184509,884.9189453125,3.231060891732619,10.43975448608398,1843200
R065,Rain,AFLB2,raw_low,0.0,0.0,0.0,0.0,0.0,0.0,0.0,1843200
R065,Rain,AFLB2,raw_high,0.165446400642395,0.1643204391002655,2.589238761174784e-07,1.082028388977051,304950.8125,316.5780166483453,100221.640625,1843200
R065,Rain,AFLB2,mined_low,-0.01595918461680412,0.2811716794967651,-5.506955623626709,5.543598175048828,296831.875,382.3457409531326,146188.265625,1843200
R065,Rain,AFLB2,mined_high,-0.08590542525053024,0.227891132235527,-4.669204711914062,4.488129138946533,327626.8125,330.647482694939,109327.7578125,1843200
R065,Rain,AFLB3,conv_feat,0.002254571299999952,0.1439923346042633,-0.5519632697105408,0.691647469997406,384059.84375,276.4991664770438,76451.7890625,3686400
R065,Rain,AFLB3,fft_magnitude,0.0001306618796661496,0.0007231890340335667,3.50392319603543e-08,0.3399638831615448,481.6719360351562,1.411003978088308,1.99093222618103,3686400
R065,Rain,AFLB3,raw_low,0.0,0.0,0.0,0.0,0.0,0.0,0.0,3686400
R065,Rain,AFLB3,raw_high,0.1041829064488411,0.09942232072353363,3.556552030659077e-08,0.6916475892066956,384059.875,276.4991806045725,76451.796875,3686400
R065,Rain,AFLB3,mined_low,0.0001612678897799924,0.00164137443061918,-0.008256669156253338,0.01211933139711618,4686.9765625,3.166613344111648,10.02744007110596,3686400
R065,Rain,AFLB3,mined_high,-4.925715256831609e-05,0.0009736308711580932,-0.007245545741170645,0.008116567507386208,2747.412841796875,1.871762022961898,3.503493070602417,3686400
R066,Rain,AFLB1,conv_feat,0.006915431935340166,0.1166584044694901,-0.6036123037338257,0.6173397898674011,71214.5,112.1886664284766,12586.296875,921600
R066,Rain,AFLB1,fft_magnitude,0.0005170932272449136,0.002328740898519754,1.696745641766029e-07,0.2174525558948517,476.5531311035156,2.290041769388059,5.244291305541992,921600
R066,Rain,AFLB1,raw_low,0.0,0.0,0.0,0.0,0.0,0.0,0.0,921600
R066,Rain,AFLB1,raw_high,0.0772726833820343,0.0876694917678833,1.789837114074544e-07,0.6173398494720459,71214.5078125,112.188670780799,12586.2978515625,921600
R066,Rain,AFLB1,mined_low,-0.06458354741334915,1.922811388969421,-15.8974084854126,13.41045761108398,1215149.375,1846.939833887395,3411186.75,921600
R066,Rain,AFLB1,mined_high,-0.005242425948381424,0.5227678418159485,-10.18052101135254,10.42766857147217,223363.890625,501.882362959688,251885.90625,921600
R066,Rain,AFLB2,conv_feat,-0.01080809067934752,0.2158810347318649,-1.016359329223633,0.9549370408058167,268415.1875,293.4569016482659,86116.953125,1843200
R066,Rain,AFLB2,fft_magnitude,0.000252383149927482,0.00219160201959312,6.14508124385793e-08,0.5139610171318054,465.1925964355469,2.995082003023287,8.970516204833984,1843200
R066,Rain,AFLB2,raw_low,0.0,0.0,0.0,0.0,0.0,0.0,0.0,1843200
R066,Rain,AFLB2,raw_high,0.1456245630979538,0.159733921289444,2.983603053507977e-08,1.016359448432922,268415.1875,293.4569016482659,86116.953125,1843200
R066,Rain,AFLB2,mined_low,-0.02605989947915077,0.3644210994243622,-6.963441371917725,6.842779636383057,297752.09375,496.0178770719862,246033.734375,1843200
R066,Rain,AFLB2,mined_high,-0.1242189109325409,0.237742081284523,-3.43113374710083,4.858284950256348,369645.84375,364.172006063069,132621.25,1843200
R066,Rain,AFLB3,conv_feat,0.001489686197601259,0.1427789628505707,-0.5150327682495117,0.6625438928604126,374990.875,274.1505346064457,75158.515625,3686400
R066,Rain,AFLB3,fft_magnitude,6.333905912470073e-05,0.0007258973782882094,1.899281620865167e-08,0.3293488919734955,233.4931030273438,1.399018619778827,1.957253098487854,3686400
R066,Rain,AFLB3,raw_low,0.0,0.0,0.0,0.0,0.0,0.0,0.0,3686400
R066,Rain,AFLB3,raw_high,0.1017227843403816,0.1002024263143539,2.999585291263429e-08,0.6625438928604126,374990.875,274.1505346064457,75158.515625,3686400
R066,Rain,AFLB3,mined_low,9.017726551974192e-05,0.001173787866719067,-0.007433212827891111,0.008668624795973301,3366.1201171875,2.260313767114129,5.109018325805664,3686400
R066,Rain,AFLB3,mined_high,-2.085301275656093e-06,0.000875720870681107,-0.007422687485814095,0.006764618214219809,2486.700439453125,1.681388809543296,2.827068328857422,3686400
R067,Rain,AFLB1,conv_feat,0.01061804965138435,0.1458971351385117,-0.6094892621040344,0.6308748126029968,100744.875,140.4316796190411,19721.056640625,921600
R067,Rain,AFLB1,fft_magnitude,0.0007261459250003099,0.002896350109949708,3.508862391754519e-07,0.3337118327617645,669.216064453125,2.866549802956011,8.217107772827148,921600
R067,Rain,AFLB1,raw_low,0.0,0.0,0.0,0.0,0.0,0.0,0.0,921600
R067,Rain,AFLB1,raw_high,0.1093151941895485,0.0972054973244667,9.877508944100555e-08,0.6308748126029968,100744.8828125,140.4316865730452,19721.05859375,921600
R067,Rain,AFLB1,mined_low,-0.00508281821385026,1.579188585281372,-18.202392578125,15.48327350616455,984201.5,1516.028941016629,2298343.75,921600
R067,Rain,AFLB1,mined_high,0.0003279102384112775,0.4636902511119843,-12.20433616638184,14.16648769378662,211108.15625,445.1427439597325,198152.0625,921600
R067,Rain,AFLB2,conv_feat,-0.01670631021261215,0.2521445453166962,-1.022473454475403,0.9565095901489258,348506.75,343.0733339972666,117699.3125,1843200
R067,Rain,AFLB2,fft_magnitude,0.0003622828517109156,0.002553510246798396,1.087209824390811e-07,0.6376662254333496,667.759765625,3.501477746988932,12.26034641265869,1843200
R067,Rain,AFLB2,raw_low,0.0,0.0,0.0,0.0,0.0,0.0,0.0,1843200
R067,Rain,AFLB2,raw_high,0.1890770196914673,0.1676480025053024,2.2385759024246e-08,1.022473573684692,348506.75,343.0733453833159,117699.3203125,1843200
R067,Rain,AFLB2,mined_low,-0.008017558604478836,0.292598694562912,-5.455018520355225,5.298938751220703,287439.09375,397.3942665980474,157922.203125,1843200
R067,Rain,AFLB2,mined_high,-0.1137470155954361,0.2287440448999405,-4.123393535614014,4.243157386779785,343876.125,346.8304025384741,120291.328125,1843200
R067,Rain,AFLB3,conv_feat,0.002363791456446052,0.1622000932693481,-0.5412301421165466,0.6649565100669861,463211.46875,311.4572352266038,97005.609375,3686400
R067,Rain,AFLB3,fft_magnitude,9.879036952042952e-05,0.0008218958391807973,2.816703137398235e-08,0.4126932919025421,364.1808166503906,1.589398595925049,2.526187896728516,3686400
R067,Rain,AFLB3,raw_low,0.0,0.0,0.0,0.0,0.0,0.0,0.0,3686400
R067,Rain,AFLB3,raw_high,0.1256541609764099,0.1025938168168068,4.474288672895455e-08,0.6649566292762756,463211.5,311.4572477684538,97005.6171875,3686400
R067,Rain,AFLB3,mined_low,3.306439612060785e-05,0.001170976087450981,-0.01051211450248957,0.009065017104148865,3308.39501953125,2.249170044308369,5.058765888214111,3686400
R067,Rain,AFLB3,mined_high,-4.620262188836932e-06,0.0009444008464924991,-0.007171781733632088,0.007194003090262413,2668.2294921875,1.813271259771765,3.287952661514282,3686400
R068,Rain,AFLB1,conv_feat,0.01229151431471109,0.1887265890836716,-0.8543833494186401,0.872040331363678,122710.1875,181.5613812357958,32964.53515625,921600
R068,Rain,AFLB1,fft_magnitude,0.0008660343009978533,0.003762134350836277,5.165115268823683e-08,0.437766432762146,798.13720703125,3.706106281549627,13.7352237701416,921600
R068,Rain,AFLB1,raw_low,0.0,0.0,0.0,0.0,0.0,0.0,0.0,921600
R068,Rain,AFLB1,raw_high,0.1331490874290466,0.134313553571701,1.518063896810418e-07,0.8720403909683228,122710.203125,181.5613919931768,32964.5390625,921600
R068,Rain,AFLB1,mined_low,-0.4857912659645081,1.908542156219482,-14.01305675506592,10.20656108856201,1313722.5,1890.621524790195,3574449.75,921600
R068,Rain,AFLB1,mined_high,-0.01077698171138763,0.4650751352310181,-8.538092613220215,8.351573944091797,225402.265625,446.5919908036865,199444.40625,921600
R068,Rain,AFLB2,conv_feat,-0.0259800273925066,0.2395889312028885,-1.188081860542297,1.022775650024414,318210.75,327.1834825445808,107049.03125,1843200
R068,Rain,AFLB2,fft_magnitude,0.0003984388895332813,0.002427142346277833,2.062578658978964e-07,0.6052032709121704,734.402587890625,3.339302599159723,11.15094184875488,1843200
R068,Rain,AFLB2,raw_low,0.0,0.0,0.0,0.0,0.0,0.0,0.0,1843200
R068,Rain,AFLB2,raw_high,0.1726403832435608,0.1681461483240128,1.490504644152679e-07,1.188081860542297,318210.75,327.1835064226191,107049.046875,1843200
R068,Rain,AFLB2,mined_low,-0.02825938165187836,0.3074400722980499,-4.971541404724121,4.917956829071045,298965.9375,419.1540774285752,175690.140625,1843200
R068,Rain,AFLB2,mined_high,-0.1046000719070435,0.1974830031394958,-3.177213907241821,3.169891357421875,308022.8125,303.3986393756571,92050.734375,1843200
R068,Rain,AFLB3,conv_feat,0.0009336251532658935,0.1318718194961548,-0.5050860643386841,0.6118000745773315,358630.1875,253.200228018756,64110.35546875,3686400
R068,Rain,AFLB3,fft_magnitude,0.0001028305778163485,0.0006650697905570269,1.361690049606068e-08,0.3207331001758575,379.0746459960938,1.292107148076581,1.669540882110596,3686400
R068,Rain,AFLB3,raw_low,0.0,0.0,0.0,0.0,0.0,0.0,0.0,3686400
R068,Rain,AFLB3,raw_high,0.09728467464447021,0.08903225511312485,6.490841197859254e-09,0.6118000149726868,358630.21875,253.2002511600255,64110.3671875,3686400
R068,Rain,AFLB3,mined_low,0.0001389730168739334,0.001427054638043046,-0.007800498977303505,0.01024065259844065,4079.58984375,2.752906736973108,7.578495502471924,3686400
R068,Rain,AFLB3,mined_high,-6.585984374396503e-05,0.001042196992784739,-0.008149408735334873,0.00725687388330698,2943.747802734375,2.005009576103953,4.020063400268555,3686400
R069,Rain,AFLB1,conv_feat,0.009435422718524933,0.1317892372608185,-0.6633793115615845,0.6796523928642273,89425.5,126.8414980398765,16088.765625,921600
R069,Rain,AFLB1,fft_magnitude,0.0006111343973316252,0.002626869594678283,2.150610072249037e-07,0.3038384616374969,563.221435546875,2.589141244099474,6.703652381896973,921600
R069,Rain,AFLB1,raw_low,0.0,0.0,0.0,0.0,0.0,0.0,0.0,921600
R069,Rain,AFLB1,raw_high,0.09703287482261658,0.08967748284339905,1.155459639079481e-08,0.6796525120735168,89425.5,126.8415057389536,16088.767578125,921600
R069,Rain,AFLB1,mined_low,-0.07887575775384903,1.323688268661499,-15.5094747543335,11.89288139343262,781411.1875,1272.994795747414,1620515.75,921600
R069,Rain,AFLB1,mined_high,-0.003366817254573107,0.4155998528003693,-8.648000717163086,8.11828899383545,198362.125,398.9889566140898,159192.1875,921600
R069,Rain,AFLB2,conv_feat,-0.0160316489636898,0.2130604982376099,-1.075155854225159,0.9256420135498047,293964.0625,290.0782356753088,84145.3828125,1843200
R069,Rain,AFLB2,fft_magnitude,0.0003076256834901869,0.002158879535272717,6.237649330387285e-08,0.5522040724754333,567.0156860351562,2.960598324797861,8.765142440795898,1843200
R069,Rain,AFLB2,raw_low,0.0,0.0,0.0,0.0,0.0,0.0,0.0,1843200
R069,Rain,AFLB2,raw_high,0.1594857275485992,0.1421833038330078,2.610547866765955e-08,1.075155735015869,293964.09375,290.0782356753088,84145.3828125,1843200
R069,Rain,AFLB2,mined_low,-0.01998480223119259,0.3495688736438751,-5.307326316833496,5.280805587768555,305438.96875,475.3653857823474,225972.25,1843200
R069,Rain,AFLB2,mined_high,-0.09185866266489029,0.2099826484918594,-3.348355531692505,3.980853080749512,301222.65625,311.1665676329962,96824.6328125,1843200
R069,Rain,AFLB3,conv_feat,0.001790065201930702,0.1337611973285675,-0.4947453737258911,0.6497864127159119,381878.9375,256.8445085309398,65969.1015625,3686400
R069,Rain,AFLB3,fft_magnitude,8.670827082823962e-05,0.0006771293701604009,9.919119747792138e-09,0.3427154123783112,319.641357421875,1.310704228922037,1.717945575714111,3686400
R069,Rain,AFLB3,raw_low,0.0,0.0,0.0,0.0,0.0,0.0,0.0,3686400
R069,Rain,AFLB3,raw_high,0.1035912930965424,0.08464105427265167,2.696733680807029e-08,0.6497863531112671,381878.9375,256.8445085309398,65969.1015625,3686400
R069,Rain,AFLB3,mined_low,0.0001021758580463938,0.001315322238951921,-0.007224160712212324,0.00927352998405695,3772.998779296875,2.533026931035201,6.416225433349609,3686400
R069,Rain,AFLB3,mined_high,-4.664476728066802e-05,0.001046001794748008,-0.007245921995490789,0.007717963773757219,2989.176513671875,2.010319313762401,4.041383743286133,3686400
R070,Rain,AFLB1,conv_feat,0.01419419515877962,0.183377280831337,-0.6432315111160278,0.668576717376709,129087.8125,176.5687720124938,31176.53125,921600
R070,Rain,AFLB1,fft_magnitude,0.0007624676218256354,0.00367613066919148,2.958377365303022e-07,0.4569754004478455,702.690185546875,3.604194920306,12.99022102355957,921600
R070,Rain,AFLB1,raw_low,0.0,0.0,0.0,0.0,0.0,0.0,0.0,921600
R070,Rain,AFLB1,raw_high,0.1400692462921143,0.1192028149962425,2.3469331722481e-07,0.668576717376709,129087.8125,176.5687830740474,31176.53515625,921600
R070,Rain,AFLB1,mined_low,0.1761752367019653,1.289342164993286,-12.50124359130859,16.25394630432129,789156.75,1249.269786715424,1560675.0,921600
R070,Rain,AFLB1,mined_high,0.002565664704889059,0.5149076581001282,-12.91334342956543,14.00297927856445,229120.5625,494.3174903338946,244349.78125,921600
R070,Rain,AFLB2,conv_feat,-0.02324758656322956,0.3014476895332336,-1.079416275024414,0.9563136696815491,421782.375,410.4741541802602,168489.03125,1843200
R070,Rain,AFLB2,fft_magnitude,0.0003782715648412704,0.003062499919906259,1.049824618348794e-07,0.7697637677192688,697.2301635742188,4.189384605718815,17.55094337463379,1843200
R070,Rain,AFLB2,raw_low,0.0,0.0,0.0,0.0,0.0,0.0,0.0,1843200
R070,Rain,AFLB2,raw_high,0.228831559419632,0.1976038068532944,2.803796128603153e-08,1.079416275024414,421782.34375,410.4741732131268,168489.046875,1843200
R070,Rain,AFLB2,mined_low,-0.01107578631490469,0.2716741859912872,-4.835121631622314,4.801247596740723,288533.15625,369.1435188378634,136266.9375,1843200
R070,Rain,AFLB2,mined_high,-0.09686155617237091,0.2035712748765945,-3.59663724899292,3.847117900848389,304903.4375,306.0681858262959,93677.734375,1843200
R070,Rain,AFLB3,conv_feat,0.003022028133273125,0.1888297945261002,-0.5437111258506775,0.6618122458457947,547582.3125,362.5996414780357,131478.5,3686400
R070,Rain,AFLB3,fft_magnitude,0.0001023739750962704,0.0009582886705175042,1.939558202934677e-08,0.4927131235599518,377.3914184570312,1.850383592479083,3.423919439315796,3686400
R070,Rain,AFLB3,raw_low,0.0,0.0,0.0,0.0,0.0,0.0,0.0,3686400
R070,Rain,AFLB3,raw_high,0.1485412120819092,0.1166247725486755,3.841924467451463e-08,0.6618121862411499,547582.3125,362.5996414780357,131478.5,3686400
R070,Rain,AFLB3,mined_low,0.0001385790965287015,0.001615466084331274,-0.00745947752147913,0.0115073723718524,4641.37548828125,3.113086115179351,9.691305160522461,3686400
R070,Rain,AFLB3,mined_high,-9.569824032951146e-05,0.001159189268946648,-0.007860102690756321,0.008292419835925102,3340.473876953125,2.233214924173777,4.98724889755249,3686400
R071,Rain,AFLB1,conv_feat,0.01228588912636042,0.169858381152153,-0.7358331084251404,0.7693093419075012,113892.3515625,163.4900309938652,26728.990234375,921600
R071,Rain,AFLB1,fft_magnitude,0.0007586615392938256,0.00339248264208436,3.895827376254601e-07,0.4112963974475861,699.1824951171875,3.337226422130497,11.13708019256592,921600
R071,Rain,AFLB1,raw_low,0.0,0.0,0.0,0.0,0.0,0.0,0.0,921600
R071,Rain,AFLB1,raw_high,0.1235811188817024,0.1171773001551628,1.229411310532669e-07,0.769309401512146,113892.359375,163.4900369670886,26728.9921875,921600
R071,Rain,AFLB1,mined_low,-0.2008510679006577,1.564562678337097,-15.89380359649658,14.8841438293457,984118.125,1514.306111722462,2293123.0,921600
R071,Rain,AFLB1,mined_high,-0.004956391640007496,0.5632305145263672,-10.66615772247314,12.01163387298584,260464.421875,540.7222022443688,292380.5,921600
R071,Rain,AFLB2,conv_feat,-0.02151077054440975,0.249854639172554,-1.083626627922058,0.9567947387695312,345063.46875,340.4687256195494,115918.953125,1843200
R071,Rain,AFLB2,fft_magnitude,0.0003500701859593391,0.002535448409616947,4.134239972586329e-08,0.6136150360107422,645.2493896484375,3.47489439989089,12.07489109039307,1843200
R071,Rain,AFLB2,raw_low,0.0,0.0,0.0,0.0,0.0,0.0,0.0,1843200
R071,Rain,AFLB2,raw_high,0.1872089356184006,0.1668618470430374,8.568168397005138e-08,1.083626627922058,345063.5,340.4687370927028,115918.9609375,1843200
R071,Rain,AFLB2,mined_low,-0.02563357912003994,0.2994527220726013,-4.95303201675415,4.874843120574951,305731.21875,408.0372800063739,166494.421875,1843200
R071,Rain,AFLB2,mined_high,-0.08600523322820663,0.2212040275335312,-4.086614608764648,3.859703540802002,319509.03125,322.2173058473117,103823.9921875,1843200
R071,Rain,AFLB3,conv_feat,0.002378260716795921,0.1491040289402008,-0.519943118095398,0.6518928408622742,425005.34375,286.3161495619833,81976.9375,3686400
R071,Rain,AFLB3,fft_magnitude,8.615701517555863e-05,0.0007560971425846219,9.381366794514179e-09,0.3809753060340881,317.6092224121094,1.461101012845713,2.13481616973877,3686400
R071,Rain,AFLB3,raw_low,0.0,0.0,0.0,0.0,0.0,0.0,0.0,3686400
R071,Rain,AFLB3,raw_high,0.1152900755405426,0.09458258002996445,2.055617898122364e-08,0.6518928408622742,425005.34375,286.3161495619833,81976.9375,3686400
R071,Rain,AFLB3,mined_low,0.0001598118542460725,0.001650113961659372,-0.008228378370404243,0.01137545891106129,4769.611328125,3.183042663432114,10.131760597229,3686400
R071,Rain,AFLB3,mined_high,-4.402017293614335e-05,0.001002946868538857,-0.007825703360140324,0.00801937747746706,2849.251708984375,1.927512050744371,3.715302705764771,3686400
R072,Rain,AFLB1,conv_feat,0.00951791275292635,0.1314787566661835,-0.6946442723274231,0.7326302528381348,89688.734375,126.5498990640648,16014.876953125,921600
R072,Rain,AFLB1,fft_magnitude,0.0004832248669117689,0.002647077199071646,4.229757166740455e-08,0.3427547812461853,445.3400268554688,2.583189088629546,6.672865867614746,921600
R072,Rain,AFLB1,raw_low,0.0,0.0,0.0,0.0,0.0,0.0,0.0,921600
R072,Rain,AFLB1,raw_high,0.09731850773096085,0.08891774713993073,5.0311669497205e-08,0.7326302528381348,89688.734375,126.5499067808823,16014.87890625,921600
R072,Rain,AFLB1,mined_low,-0.5904989838600159,1.879039406776428,-13.29943084716797,8.921404838562012,1358221.375,1890.853510983863,3575327.0,921600
R072,Rain,AFLB1,mined_high,-0.01129941828548908,0.5442862510681152,-9.091413497924805,8.935979843139648,261057.03125,522.6274067153387,273139.40625,921600
R072,Rain,AFLB2,conv_feat,-0.01925370655953884,0.1567177623510361,-1.072831153869629,0.9544771909713745,220947.796875,214.3667819124502,45953.1171875,1843200
R072,Rain,AFLB2,fft_magnitude,0.0002241155161755159,0.001595859765075147,1.416967254641577e-08,0.3942655026912689,413.0897216796875,2.187871955855952,4.786783695220947,1843200
R072,Rain,AFLB2,raw_low,0.0,0.0,0.0,0.0,0.0,0.0,0.0,1843200
R072,Rain,AFLB2,raw_high,0.1198718547821045,0.1027711182832718,4.766077310591754e-09,1.072831153869629,220947.796875,214.3668001347224,45953.125,1843200
R072,Rain,AFLB2,mined_low,-0.02726487815380096,0.2750594317913055,-4.022119998931885,3.967788696289062,282001.375,375.2631784827816,140822.453125,1843200
R072,Rain,AFLB2,mined_high,-0.09329402446746826,0.1704656481742859,-3.406765460968018,3.562351703643799,267746.875,263.8247376337177,69603.4921875,1843200
R072,Rain,AFLB3,conv_feat,0.001149476855061948,0.08114362508058548,-0.5094210505485535,0.6649574041366577,229351.78125,155.8113969074471,24277.19140625,3686400
R072,Rain,AFLB3,fft_magnitude,5.323128425516188e-05,0.0004106904671061784,1.69138214545228e-08,0.1991051733493805,196.2318115234375,0.7951216762924832,0.6322184801101685,3686400
R072,Rain,AFLB3,raw_low,0.0,0.0,0.0,0.0,0.0,0.0,0.0,3686400
R072,Rain,AFLB3,raw_high,0.062215656042099,0.05210395157337189,1.081583178574874e-08,0.6649572849273682,229351.796875,155.8113969074471,24277.19140625,3686400
R072,Rain,AFLB3,mined_low,0.0001587018050486222,0.001485171960666776,-0.006835639476776123,0.01011398434638977,4354.7841796875,2.867764033007463,8.22407054901123,3686400
R072,Rain,AFLB3,mined_high,-1.979959779419005e-05,0.0009064410114660859,-0.00693594291806221,0.006523489486426115,2586.17431640625,1.740781824248633,3.030321359634399,3686400
R073,Rain,AFLB1,conv_feat,0.00797303207218647,0.1108532249927521,-0.5977564454078674,0.5792605876922607,78068.140625,106.6940033533399,11383.6103515625,921600
R073,Rain,AFLB1,fft_magnitude,0.0005598211428150535,0.002198470057919621,1.635693962498408e-07,0.2572851181030273,515.93115234375,2.17788227759385,4.743171215057373,921600
R073,Rain,AFLB1,raw_low,0.0,0.0,0.0,0.0,0.0,0.0,0.0,921600
R073,Rain,AFLB1,raw_high,0.08470935374498367,0.07194673269987106,2.731404791234127e-08,0.5977565050125122,78068.140625,106.6940033533399,11383.6103515625,921600
R073,Rain,AFLB1,mined_low,-0.2582988739013672,1.433337569236755,-16.57124710083008,10.31777954101562,899199.8125,1398.168355385002,1954874.75,921600
R073,Rain,AFLB1,mined_high,-0.003483106382191181,0.497980922460556,-12.08346176147461,11.00572490692139,225953.171875,478.0733632247251,228554.140625,921600
R073,Rain,AFLB2,conv_feat,-0.01365584228187799,0.1885176450014114,-0.9930670261383057,0.8423534035682678,260562.5625,256.6106608268643,65849.03125,1843200
R073,Rain,AFLB2,fft_magnitude,0.0002813144528772682,0.001908469712361693,9.318193150420484e-08,0.4945386946201324,518.518798828125,2.619021646981869,6.859274387359619,1843200
R073,Rain,AFLB2,raw_low,0.0,0.0,0.0,0.0,0.0,0.0,0.0,1843200
R073,Rain,AFLB2,raw_high,0.141364261507988,0.1254652738571167,2.905904921135516e-07,0.9930671453475952,260562.59375,256.6106608268643,65849.03125,1843200
R073,Rain,AFLB2,mined_low,-0.02411054447293282,0.3688410222530365,-6.166983604431152,6.084751605987549,323679.6875,501.8238921673619,251827.21875,1843200
R073,Rain,AFLB2,mined_high,-0.0520741380751133,0.2272922843694687,-4.031313896179199,4.231998443603516,300573.4375,316.5773750207048,100221.234375,1843200
R073,Rain,AFLB3,conv_feat,0.001467605703510344,0.1220227405428886,-0.4843439161777496,0.6427948474884033,342981.5,234.3006048594412,54896.7734375,3686400
R073,Rain,AFLB3,fft_magnitude,7.872461719671264e-05,0.0006177436443977058,7.443565319675827e-09,0.3066102266311646,290.2104187011719,1.195660260044996,1.429603457450867,3686400
R073,Rain,AFLB3,raw_low,0.0,0.0,0.0,0.0,0.0,0.0,0.0,3686400
R073,Rain,AFLB3,raw_high,0.09303970634937286,0.07896402478218079,2.540990884369876e-08,0.6427948474884033,342981.5625,234.3006048594412,54896.7734375,3686400
R073,Rain,AFLB3,mined_low,9.944113116944209e-05,0.001281405333429575,-0.007780354004353285,0.01045965403318405,3660.2734375,2.467695373097485,6.089520454406738,3686400
R073,Rain,AFLB3,mined_high,-1.919413807627279e-05,0.001091759535484016,-0.00891979318112135,0.00844700075685978,3094.922607421875,2.096502061132778,4.395320892333984,3686400
R074,Rain,AFLB1,conv_feat,0.007492138538509607,0.100412629544735,-0.4355086982250214,0.4447396397590637,73313.1953125,96.66407986391584,9343.9443359375,921600
R074,Rain,AFLB1,fft_magnitude,0.0004837256856262684,0.001997628947719932,2.884864898078376e-07,0.2078434675931931,445.8016052246094,1.973147370794944,3.893310546875,921600
R074,Rain,AFLB1,raw_low,0.0,0.0,0.0,0.0,0.0,0.0,0.0,921600
R074,Rain,AFLB1,raw_high,0.07954990863800049,0.06173038855195045,1.341106354857402e-07,0.4447396397590637,73313.1953125,96.66407986391584,9343.9443359375,921600
R074,Rain,AFLB1,mined_low,0.1489883363246918,1.851438283920288,-14.90684223175049,17.28218269348145,1178208.75,1783.126397651047,3179539.75,921600
R074,Rain,AFLB1,mined_high,-0.005278559867292643,0.6812710762023926,-12.24528026580811,16.88591575622559,317572.96875,654.0398258133827,427768.09375,921600
R074,Rain,AFLB2,conv_feat,-0.008086645044386387,0.224651113152504,-0.8154213428497314,0.6886498928070068,316674.84375,305.1940084806712,93143.3828125,1843200
R074,Rain,AFLB2,fft_magnitude,0.000257074018009007,0.002279873006045818,1.147589046013309e-08,0.5431475043296814,473.8388061523438,3.114873270852161,9.702435493469238,1843200
R074,Rain,AFLB2,raw_low,0.0,0.0,0.0,0.0,0.0,0.0,0.0,1843200
R074,Rain,AFLB2,raw_high,0.1718070954084396,0.1449684202671051,8.01442610054437e-08,0.8154214024543762,316674.84375,305.1940084806712,93143.3828125,1843200
R074,Rain,AFLB2,mined_low,0.00761883333325386,0.3069868683815002,-6.108195781707764,6.276448249816895,297272.9375,416.9075324637347,173811.890625,1843200
R074,Rain,AFLB2,mined_high,-0.08384007215499878,0.1620956659317017,-3.170101642608643,3.437285661697388,252309.34375,247.7624397734652,61386.2265625,1843200
R074,Rain,AFLB3,conv_feat,0.00265645794570446,0.1565948724746704,-0.4662254452705383,0.5936600565910339,449547.875,300.705394655633,90423.734375,3686400
R074,Rain,AFLB3,fft_magnitude,7.271221693372354e-05,0.0007959203794598579,1.913538127951142e-08,0.3876348733901978,268.0463256835938,1.534530861701757,2.354784965515137,3686400
R074,Rain,AFLB3,raw_low,0.0,0.0,0.0,0.0,0.0,0.0,0.0,3686400
R074,Rain,AFLB3,raw_high,0.121947668492794,0.09827397018671036,5.775793354700909e-08,0.5936601161956787,449547.875,300.705394655633,90423.734375,3686400
R074,Rain,AFLB3,mined_low,6.730496534146369e-05,0.0009043151512742043,-0.005902414675801992,0.008702757768332958,2516.94775390625,1.741087425074608,3.03138542175293,3686400
R074,Rain,AFLB3,mined_high,-6.83360849507153e-05,0.0009196535684168339,-0.006736219860613346,0.006334594916552305,2636.59912109375,1.770602880703978,3.135034561157227,3686400
R075,Rain,AFLB1,conv_feat,0.008951961994171143,0.1329275369644165,-0.6354440450668335,0.6419910192489624,89614.3046875,127.899485223016,16358.2783203125,921600
R075,Rain,AFLB1,fft_magnitude,0.0006969450041651726,0.002628696616739035,4.084905071977118e-07,0.2942385971546173,642.3045043945312,2.6107373364631,6.815949440002441,921600
R075,Rain,AFLB1,raw_low,0.0,0.0,0.0,0.0,0.0,0.0,0.0,921600
R075,Rain,AFLB1,raw_high,0.09723775088787079,0.09107517451047897,1.569708274473669e-07,0.6419910192489624,89614.3125,127.899485223016,16358.2783203125,921600
R075,Rain,AFLB1,mined_low,-0.0173617172986269,1.403875231742859,-15.36101055145264,14.52508544921875,855018.375,1347.823291459233,1816627.625,921600
R075,Rain,AFLB1,mined_high,0.001595503650605679,0.4713667631149292,-12.90605926513672,15.2617301940918,210948.984375,452.5146751763969,204769.53125,921600
R075,Rain,AFLB2,conv_feat,-0.0163172222673893,0.2177540212869644,-1.07422661781311,0.9217107892036438,297319.9375,296.4615146819229,87889.4296875,1843200
R075,Rain,AFLB2,fft_magnitude,0.0003649254504125565,0.002198593923822045,1.012380863585349e-07,0.5856319069862366,672.630615234375,3.025747594589567,9.15514850616455,1843200
R075,Rain,AFLB2,raw_low,0.0,0.0,0.0,0.0,0.0,0.0,0.0,1843200
R075,Rain,AFLB2,raw_high,0.1613063961267471,0.1471846252679825,3.963622674518774e-08,1.0742267370224,297319.9375,296.4615146819229,87889.4296875,1843200
R075,Rain,AFLB2,mined_low,-0.01099707372486591,0.2688669860363007,-4.59453821182251,4.608451843261719,287057.75,365.3311425953172,133466.84375,1843200
R075,Rain,AFLB2,mined_high,-0.04580722376704216,0.2008982598781586,-3.669824123382568,3.777961730957031,262689.25,279.7487153679173,78259.34375,1843200
R075,Rain,AFLB3,conv_feat,0.001281824079342186,0.138612762093544,-0.5159727931022644,0.6775212287902832,389415.34375,266.1478677352122,70834.6875,3686400
R075,Rain,AFLB3,fft_magnitude,9.972362022381276e-05,0.0007003209902904928,2.553804812066574e-08,0.3496355414390564,367.6211547851562,1.358180211608719,1.844653487205505,3686400
R075,Rain,AFLB3,raw_low,0.0,0.0,0.0,0.0,0.0,0.0,0.0,3686400
R075,Rain,AFLB3,raw_high,0.1056356877088547,0.0897565707564354,3.617501187491712e-09,0.6775212287902832,389415.40625,266.1478677352122,70834.6875,3686400
R075,Rain,AFLB3,mined_low,3.18043130391743e-05,0.001190392882563174,-0.00926254503428936,0.009387990459799767,3345.911376953125,2.286369953460488,5.227487564086914,3686400
R075,Rain,AFLB3,mined_high,6.972565643081907e-06,0.001033209729939699,-0.00862455740571022,0.007411158178001642,2934.975341796875,1.983807820641476,3.935493469238281,3686400
R076,Rain,AFLB1,conv_feat,0.0119637968018651,0.1784897297620773,-0.8575175404548645,0.8685470223426819,120082.265625,171.7346244937229,29492.78125,921600
R076,Rain,AFLB1,fft_magnitude,0.0008880404639057815,0.003541953163221478,1.278116030789533e-07,0.4292895495891571,818.4180908203125,3.505518377610387,12.28865909576416,921600
R076,Rain,AFLB1,raw_low,0.0,0.0,0.0,0.0,0.0,0.0,0.0,921600
R076,Rain,AFLB1,raw_high,0.1302976012229919,0.1225734576582909,5.330917929313728e-08,0.8685469627380371,120082.2734375,171.7346301801853,29492.783203125,921600
R076,Rain,AFLB1,mined_low,-0.8316847681999207,2.561768054962158,-18.26936149597168,12.02835178375244,1877398.5,2585.65533279283,6685613.5,921600
R076,Rain,AFLB1,mined_high,-0.009065929800271988,0.4657931625843048,-8.997817039489746,8.589942932128906,218228.5625,447.2461395864698,200029.109375,921600
R076,Rain,AFLB2,conv_feat,-0.02540189400315285,0.2256163060665131,-1.108660101890564,1.002990365028381,308470.71875,308.2421430466639,95013.21875,1843200
R076,Rain,AFLB2,fft_magnitude,0.000424878642661497,0.002277950523421168,7.31647062934826e-08,0.5483177900314331,783.1362915039062,3.145983323990943,9.897211074829102,1843200
R076,Rain,AFLB2,raw_low,0.0,0.0,0.0,0.0,0.0,0.0,0.0,1843200
R076,Rain,AFLB2,raw_high,0.1673560738563538,0.1534272432327271,9.4792831362156e-09,1.108659982681274,308470.71875,308.2421557193305,95013.2265625,1843200
R076,Rain,AFLB2,mined_low,-0.02620511315762997,0.2935643196105957,-5.103228092193604,5.045309066772461,299854.03125,400.1408931551485,160112.734375,1843200
R076,Rain,AFLB2,mined_high,-0.09469690173864365,0.2137847989797592,-3.495273351669312,4.32889986038208,314835.375,317.4435481310023,100770.40625,1843200
R076,Rain,AFLB3,conv_feat,0.001095779705792665,0.1239075884222984,-0.5258728861808777,0.670699417591095,339493.75,237.9118796949829,56602.0625,3686400
R076,Rain,AFLB3,fft_magnitude,0.0001086862394004129,0.0006229275022633374,1.142449357338648e-09,0.2926406562328339,400.6609497070312,1.214088965953509,1.474012017250061,3686400
R076,Rain,AFLB3,raw_low,0.0,0.0,0.0,0.0,0.0,0.0,0.0,3686400
R076,Rain,AFLB3,raw_high,0.0920935720205307,0.08290394395589828,5.778306189085924e-08,0.6706993579864502,339493.75,237.911863276088,56602.0546875,3686400
R076,Rain,AFLB3,mined_low,0.0001238749391632155,0.001386048970744014,-0.007831352762877941,0.01056556217372417,3948.7373046875,2.67182110291491,7.138628005981445,3686400
R076,Rain,AFLB3,mined_high,-4.055049794260412e-05,0.001084282645024359,-0.008595125749707222,0.008331761695444584,3039.1484375,2.083278032204668,4.340047359466553,3686400
R077,Rain,AFLB1,conv_feat,0.009291878901422024,0.1302599459886551,-0.5599038600921631,0.6010738611221313,91055.671875,125.3673002059847,15716.9599609375,921600
R077,Rain,AFLB1,fft_magnitude,0.0006385613232851028,0.002588063012808561,2.766755926586484e-07,0.3180242776870728,588.4981079101562,2.559049469642944,6.548734188079834,921600
R077,Rain,AFLB1,raw_low,0.0,0.0,0.0,0.0,0.0,0.0,0.0,921600
R077,Rain,AFLB1,raw_high,0.09880173206329346,0.08539444208145142,1.409018324238787e-08,0.6010739803314209,91055.6796875,125.3673041007902,15716.9609375,921600
R077,Rain,AFLB1,mined_low,-0.0354912169277668,1.445164322853088,-15.67456245422363,14.19452571868896,898536.75,1387.776098655687,1925922.5,921600
R077,Rain,AFLB1,mined_high,-0.0004807602090295404,0.3942561745643616,-10.16471481323242,9.186856269836426,190026.671875,378.486211769993,143251.8125,921600
R077,Rain,AFLB2,conv_feat,-0.01876436173915863,0.1850510686635971,-0.9995149374008179,0.9212760925292969,261100.015625,252.5219591317753,63767.33984375,1843200
R077,Rain,AFLB2,fft_magnitude,0.0003454643592704087,0.001866655889898539,4.842877388000488e-08,0.5178089141845703,636.7598876953125,2.577291642951878,6.64243221282959,1843200
R077,Rain,AFLB2,raw_low,0.0,0.0,0.0,0.0,0.0,0.0,0.0,1843200
R077,Rain,AFLB2,raw_high,0.141655832529068,0.1205388903617859,1.211316345006708e-07,0.9995147585868835,261100.03125,252.5219746007266,63767.34765625,1843200
R077,Rain,AFLB2,mined_low,-0.01730790361762047,0.2650218307971954,-5.344524383544922,5.401044368743896,283683.0625,360.5720498388637,130012.203125,1843200
R077,Rain,AFLB2,mined_high,-0.04033008962869644,0.1853840798139572,-4.907119274139404,3.492077589035034,241847.484375,257.5727597446981,66343.7265625,1843200
R077,Rain,AFLB3,conv_feat,0.0008896258077584207,0.1107636168599129,-0.5053523182868958,0.6624977588653564,318131.84375,212.6729994322269,45229.8046875,3686400
R077,Rain,AFLB3,fft_magnitude,0.0001129750889958814,0.0005538514815270901,5.164955751979505e-08,0.2880931198596954,416.4713745117188,1.085292377543502,1.177859544754028,3686400
R077,Rain,AFLB3,raw_low,0.0,0.0,0.0,0.0,0.0,0.0,0.0,3686400
R077,Rain,AFLB3,raw_high,0.08629878610372543,0.0694398358464241,2.429213274979247e-08,0.6624977588653564,318131.84375,212.6729994322269,45229.8046875,3686400
R077,Rain,AFLB3,mined_low,5.334530578693375e-05,0.001286259386688471,-0.009594496339559555,0.01087831985205412,3592.42236328125,2.471741035390381,6.109503746032715,3686400
R077,Rain,AFLB3,mined_high,3.124380600638688e-05,0.0009302913094870746,-0.00710589811205864,0.006477858871221542,2594.591552734375,1.787166406940893,3.193963766098022,3686400
R078,Rain,AFLB1,conv_feat,0.01228109374642372,0.1552097648382187,-0.6085222363471985,0.6071507930755615,110398.7578125,149.4671002679185,22340.4140625,921600
R078,Rain,AFLB1,fft_magnitude,0.0005096104578115046,0.003136984538286924,1.374731795067419e-07,0.3863129913806915,469.6570129394531,3.050984276965152,9.308505058288574,921600
R078,Rain,AFLB1,raw_low,0.0,0.0,0.0,0.0,0.0,0.0,0.0,921600
R078,Rain,AFLB1,raw_high,0.119790330529213,0.09945439547300339,4.133005404582946e-08,0.6085222959518433,110398.765625,149.4671002679185,22340.4140625,921600
R078,Rain,AFLB1,mined_low,0.04827982559800148,1.964874386787415,-17.14803314208984,20.24318885803223,1176805.5,1886.848695576834,3560198.0,921600
R078,Rain,AFLB1,mined_high,-0.005634693428874016,0.5087282061576843,-12.1340799331665,12.36671733856201,240214.9375,488.408992290273,238543.34375,921600
R078,Rain,AFLB2,conv_feat,-0.01866495050489902,0.277222216129303,-1.014828562736511,0.8687956929206848,384730.15625,377.2214410992567,142296.015625,1843200
R078,Rain,AFLB2,fft_magnitude,0.0002531736681703478,0.00282446900382638,3.315827612482281e-08,0.6979678869247437,466.6496887207031,3.850000277432518,14.82250213623047,1843200
R078,Rain,AFLB2,raw_low,0.0,0.0,0.0,0.0,0.0,0.0,0.0,1843200
R078,Rain,AFLB2,raw_high,0.208729475736618,0.1833917796611786,2.900516449244606e-08,1.014828681945801,384730.15625,377.2214618099028,142296.03125,1843200
R078,Rain,AFLB2,mined_low,-0.0192942637950182,0.2961073517799377,-5.270589828491211,5.147797107696533,281702.09375,402.8611927512999,162297.140625,1843200
R078,Rain,AFLB2,mined_high,-0.1262402981519699,0.2240817993879318,-4.092798233032227,3.664565563201904,360797.9375,349.1794958363105,121926.3203125,1843200
R078,Rain,AFLB3,conv_feat,0.003031405387446284,0.1789885312318802,-0.506898820400238,0.6674303412437439,516855.4375,343.7072700714956,118134.6875,3686400
R078,Rain,AFLB3,fft_magnitude,6.4493426179979e-05,0.0009112486150115728,1.353523071401241e-09,0.4614524841308594,237.7485656738281,1.753973740806319,3.07642388343811,3686400
R078,Rain,AFLB3,raw_low,0.0,0.0,0.0,0.0,0.0,0.0,0.0,3686400
R078,Rain,AFLB3,raw_high,0.1402059942483902,0.1113030090928078,4.150632193500314e-08,0.6674302816390991,516855.375,343.7072700714956,118134.6875,3686400
R078,Rain,AFLB3,mined_low,0.0001262605801457539,0.001502965809777379,-0.007001523859798908,0.01010433025658131,4323.8505859375,2.895859057268746,8.38599967956543,3686400
R078,Rain,AFLB3,mined_high,-6.778693204978481e-05,0.001023564022034407,-0.00933584850281477,0.006481390446424484,2932.243896484375,1.969547897201934,3.879118919372559,3686400
R079,Rain,AFLB1,conv_feat,0.01277370750904083,0.1671391725540161,-0.6104568839073181,0.6273516416549683,116517.203125,160.9215222651246,25895.736328125,921600
R079,Rain,AFLB1,fft_magnitude,0.0004834144201595336,0.003387342672795057,2.060335191345075e-07,0.4143479466438293,445.5147399902344,3.284796841405361,10.78989028930664,921600
R079,Rain,AFLB1,raw_low,0.0,0.0,0.0,0.0,0.0,0.0,0.0,921600
R079,Rain,AFLB1,raw_high,0.1264292597770691,0.1100650504231453,5.864372809583074e-08,0.6273516416549683,116517.203125,160.9215222651246,25895.736328125,921600
R079,Rain,AFLB1,mined_low,0.01123729255050421,1.694894194602966,-15.38636302947998,13.2114725112915,1080500.625,1627.134137064305,2647565.5,921600
R079,Rain,AFLB1,mined_high,-0.003032485721632838,0.4110016524791718,-10.61785316467285,8.95313835144043,192527.71875,394.5723159320735,155687.3125,921600
R079,Rain,AFLB2,conv_feat,-0.02149983868002892,0.2815679907798767,-1.025975465774536,0.9564000964164734,386837.625,383.3821730662499,146981.890625,1843200
R079,Rain,AFLB2,fft_magnitude,0.0002301338536199182,0.002872904064133763,1.496582591187234e-08,0.7220678925514221,424.1827087402344,3.91287792196513,15.31061363220215,1843200
R079,Rain,AFLB2,raw_low,0.0,0.0,0.0,0.0,0.0,0.0,0.0,1843200
R079,Rain,AFLB2,raw_high,0.209872841835022,0.1889342963695526,3.522021074786608e-08,1.025975465774536,386837.625,383.3821730662499,146981.890625,1843200
R079,Rain,AFLB2,mined_low,-0.006457009818404913,0.2738354504108429,-4.602023124694824,4.483085632324219,268796.6875,371.8746638653943,138290.765625,1843200
R079,Rain,AFLB2,mined_high,-0.1467087417840958,0.2422132194042206,-4.698164939880371,4.858284473419189,403429.28125,384.457389544017,147807.484375,1843200
R079,Rain,AFLB3,conv_feat,0.002635049633681774,0.1775730103254318,-0.5412301421165466,0.6647842526435852,507606.3125,340.9777302112266,116265.8125,3686400
R079,Rain,AFLB3,fft_magnitude,5.895417416468263e-05,0.0009043537429533899,1.073425970332664e-08,0.4565826058387756,217.3286743164062,1.740044820032883,3.027755975723267,3686400
R079,Rain,AFLB3,raw_low,0.0,0.0,0.0,0.0,0.0,0.0,0.0,3686400
R079,Rain,AFLB3,raw_high,0.1376970261335373,0.1121545806527138,3.313081720079936e-08,0.6647842526435852,507606.3125,340.9777416672531,116265.8203125,3686400
R079,Rain,AFLB3,mined_low,0.0001081320369848981,0.001344763673841953,-0.00756143731996417,0.01038434077054262,3867.83203125,2.590279705011664,6.709548950195312,3686400
R079,Rain,AFLB3,mined_high,-5.38964886800386e-05,0.000976845039986074,-0.007746845949441195,0.007531377952545881,2797.95849609375,1.87839499514805,3.528367757797241,3686400
R080,Rain,AFLB1,conv_feat,0.009324325248599052,0.1384995579719543,-0.6743810772895813,0.6670295000076294,93013.4375,133.2605530530322,17758.375,921600
R080,Rain,AFLB1,fft_magnitude,0.0005735597223974764,0.002774853026494384,2.318825380598355e-07,0.3363064527511597,528.5926513671875,2.720169749011988,7.399323463439941,921600
R080,Rain,AFLB1,raw_low,0.0,0.0,0.0,0.0,0.0,0.0,0.0,921600
R080,Rain,AFLB1,raw_high,0.1009260416030884,0.09530480951070786,1.386613490694799e-07,0.6743810772895813,93013.4375,133.2605603812508,17758.376953125,921600
R080,Rain,AFLB1,mined_low,-0.7623524069786072,2.318593978881836,-15.17205142974854,9.577520370483398,1727970.125,2343.080451030225,5490026.0,921600
R080,Rain,AFLB1,mined_high,-0.01252266392111778,0.528001070022583,-8.985107421875,7.498762130737305,251850.8125,507.0236064524018,257072.9375,921600
R080,Rain,AFLB2,conv_feat,-0.02029610984027386,0.1759332567453384,-0.9961415529251099,0.8844490051269531,237259.0625,240.4390515286566,57810.9375,1843200
R080,Rain,AFLB2,fft_magnitude,0.0002689537068363279,0.001787398592568934,5.200148223138967e-08,0.4539321959018707,495.7354736328125,2.453970987995644,6.021973609924316,1843200
R080,Rain,AFLB2,raw_low,0.0,0.0,0.0,0.0,0.0,0.0,0.0,1843200
R080,Rain,AFLB2,raw_high,0.1287212818861008,0.121635839343071,1.676638134995301e-07,0.9961415529251099,237259.0625,240.439067774977,57810.9453125,1843200
R080,Rain,AFLB2,mined_low,-0.0331122986972332,0.3347266614437103,-5.37071704864502,5.315103054046631,308281.09375,456.6581051508886,208536.625,1843200
R080,Rain,AFLB2,mined_high,-0.07946852594614029,0.1988697052001953,-3.463981628417969,3.870022296905518,284924.125,290.7529422680018,84537.2734375,1843200
R080,Rain,AFLB3,conv_feat,0.0005905141006223857,0.0965982973575592,-0.4652725756168365,0.5812872648239136,263401.6875,185.4722014211294,34399.9375,3686400
R080,Rain,AFLB3,fft_magnitude,6.699177174596116e-05,0.0004883871297352016,1.035595875720219e-08,0.2359349578619003,246.9584655761719,0.9464838636446526,0.8958317041397095,3686400
R080,Rain,AFLB3,raw_low,0.0,0.0,0.0,0.0,0.0,0.0,0.0,3686400
R080,Rain,AFLB3,raw_high,0.07145228236913681,0.06500885635614395,1.232189905664427e-08,0.5812872052192688,263401.6875,185.4722014211294,34399.9375,3686400
R080,Rain,AFLB3,mined_low,0.0001615090295672417,0.001524995197542012,-0.007253848016262054,0.01085738651454449,4390.3544921875,2.944365736271264,8.669289588928223,3686400
R080,Rain,AFLB3,mined_high,-6.283601396717131e-05,0.0009851729264482856,-0.007165950257331133,0.006804781965911388,2808.005859375,1.895375612219188,3.592448711395264,3686400
R081,Rain,AFLB1,conv_feat,0.01064161024987698,0.1422452479600906,-0.6125910878181458,0.6363904476165771,97115.6484375,136.9370435866424,18751.75390625,921600
R081,Rain,AFLB1,fft_magnitude,0.0006616883329115808,0.002835501218214631,2.386172752721905e-07,0.3482324779033661,609.8119506835938,2.795215817821709,7.813231468200684,921600
R081,Rain,AFLB1,raw_low,0.0,0.0,0.0,0.0,0.0,0.0,0.0,921600
R081,Rain,AFLB1,raw_high,0.1053772196173668,0.09613843262195587,7.88780241123277e-09,0.6363905072212219,97115.6484375,136.9370435866424,18751.75390625,921600
R081,Rain,AFLB1,mined_low,-0.06788065284490585,1.586325168609619,-21.59932708740234,18.2942008972168,950586.8125,1524.265806872279,2323386.25,921600
R081,Rain,AFLB1,mined_high,-0.003832377027720213,0.5438784956932068,-13.76366233825684,12.54050159454346,239239.3125,522.1363267864054,272626.34375,921600
R081,Rain,AFLB2,conv_feat,-0.01791646145284176,0.2163047939538956,-0.9359402656555176,0.8683885335922241,305295.59375,294.6707908836572,86830.875,1843200
R081,Rain,AFLB2,fft_magnitude,0.0003440773580223322,0.002188326790928841,1.375102272049844e-07,0.5378334522247314,634.203369140625,3.007471317906015,9.044883728027344,1843200
R081,Rain,AFLB2,raw_low,0.0,0.0,0.0,0.0,0.0,0.0,0.0,1843200
R081,Rain,AFLB2,raw_high,0.1656334698200226,0.140265166759491,3.746371746160548e-08,0.9359403252601624,305295.625,294.6707908836572,86830.875,1843200
R081,Rain,AFLB2,mined_low,0.00696982815861702,0.2461042553186417,-4.002330780029297,4.070111274719238,267847.40625,334.25618216048,111727.1953125,1843200
R081,Rain,AFLB2,mined_high,-0.09304451942443848,0.1783571243286133,-3.164359331130981,3.328060865402222,273692.03125,273.1146880204358,74591.6328125,1843200
R081,Rain,AFLB3,conv_feat,0.002170514315366745,0.1301326602697372,-0.4883848130702972,0.6336847543716431,379254.75,249.8894521208328,62444.73828125,3686400
R081,Rain,AFLB3,fft_magnitude,9.725353447720408e-05,0.0006570139084942639,1.097997426313668e-08,0.3392593860626221,358.5154418945312,1.275211759821395,1.62616503238678,3686400
R081,Rain,AFLB3,raw_low,0.0,0.0,0.0,0.0,0.0,0.0,0.0,3686400
R081,Rain,AFLB3,raw_high,0.1028794348239899,0.07971852272748947,5.965715921263381e-09,0.6336848139762878,379254.75,249.8894599367889,62444.7421875,3686400
R081,Rain,AFLB3,mined_low,0.0001031816864269786,0.001320137758739293,-0.006548314820975065,0.008966203778982162,3805.397705078125,2.542394804752244,6.463771343231201,3686400
R081,Rain,AFLB3,mined_high,-1.630840961297508e-05,0.0009589671972207725,-0.00681603979319334,0.006269565317779779,2762.044921875,1.841483193603851,3.391060352325439,3686400
R082,Rain,AFLB1,conv_feat,0.01206671819090843,0.1627630442380905,-0.6196613311767578,0.6474572420120239,111935.6640625,156.6813358879257,24549.041015625,921600
R082,Rain,AFLB1,fft_magnitude,0.0006530211539939046,0.003266877261921763,7.098230270230488e-08,0.4130592346191406,601.8242797851562,3.19824442390189,10.22876739501953,921600
R082,Rain,AFLB1,raw_low,0.0,0.0,0.0,0.0,0.0,0.0,0.0,921600
R082,Rain,AFLB1,raw_high,0.1214579716324806,0.1090200841426849,2.514609889203712e-07,0.6474572420120239,111935.6640625,156.6813421207196,24549.04296875,921600
R082,Rain,AFLB1,mined_low,0.06635011732578278,1.246711015701294,-13.09714984893799,14.76116752624512,754482.125,1198.536294819644,1436489.25,921600
R082,Rain,AFLB1,mined_high,0.00122352153994143,0.456015944480896,-10.99313259124756,10.54866600036621,215739.28125,437.7768766734945,191648.59375,921600
R082,Rain,AFLB2,conv_feat,-0.02274896577000618,0.2292793095111847,-0.9640752077102661,0.9053438305854797,322825.3125,312.8083478745412,97849.0625,1843200
R082,Rain,AFLB2,fft_magnitude,0.0003327044832985848,0.002327907597646117,1.058006233733977e-07,0.599841833114624,613.2409057617188,3.192586841522345,10.19261074066162,1843200
R082,Rain,AFLB2,raw_low,0.0,0.0,0.0,0.0,0.0,0.0,0.0,1843200
R082,Rain,AFLB2,raw_high,0.1751439422369003,0.1497034281492233,1.067339550075985e-09,0.9640753269195557,322825.3125,312.8083728498967,97849.078125,1843200
R082,Rain,AFLB2,mined_low,-0.01130293216556311,0.2792564332485199,-5.472728252410889,5.368033885955811,286698.125,379.4415509996236,143975.890625,1843200
R082,Rain,AFLB2,mined_high,-0.0837029218673706,0.1941639184951782,-3.339401721954346,3.481765747070312,281107.96875,287.0570364709773,82401.7421875,1843200
R082,Rain,AFLB3,conv_feat,0.001818042248487473,0.1331005990505219,-0.502139151096344,0.6618971228599548,386894.28125,255.5769896846154,65319.59765625,3686400
R082,Rain,AFLB3,fft_magnitude,0.0001000697884592228,0.0006718782242387533,3.1114044674041e-08,0.3518542945384979,368.8972778320312,1.304235871320188,1.70103120803833,3686400
R082,Rain,AFLB3,raw_low,0.0,0.0,0.0,0.0,0.0,0.0,0.0,3686400
R082,Rain,AFLB3,raw_high,0.1049517914652824,0.08187916874885559,7.268837265428374e-08,0.6618970036506653,386894.28125,255.5769973266374,65319.6015625,3686400
R082,Rain,AFLB3,mined_low,8.721487392904237e-05,0.001198013662360609,-0.007164290174841881,0.01021436229348183,3397.427734375,2.306273454583054,5.318897247314453,3686400
R082,Rain,AFLB3,mined_high,-4.447563333087601e-05,0.001082589733414352,-0.007796850986778736,0.006871452089399099,3093.37548828125,2.08032568949317,4.327754974365234,3686400
R083,Rain,AFLB1,conv_feat,0.01375437248498201,0.1881183832883835,-0.7049078345298767,0.7102451324462891,128591.875,181.0757136186407,32788.4140625,921600
R083,Rain,AFLB1,fft_magnitude,0.0004928686539642513,0.003818524070084095,1.392761959095878e-07,0.4677275717258453,454.2277526855469,3.696192566029056,13.66183948516846,921600
R083,Rain,AFLB1,raw_low,0.0,0.0,0.0,0.0,0.0,0.0,0.0,921600
R083,Rain,AFLB1,raw_high,0.1395311206579208,0.1269203573465347,1.024558571316447e-07,0.7102451920509338,128591.875,181.0757136186407,32788.4140625,921600
R083,Rain,AFLB1,mined_low,-0.1864223033189774,1.358628034591675,-13.33359241485596,11.67996978759766,851147.8125,1316.503940366302,1733182.625,921600
R083,Rain,AFLB1,mined_high,-0.004145316779613495,0.3711142241954803,-7.631779670715332,7.9793381690979,179468.8125,356.2918615755909,126943.890625,921600
R083,Rain,AFLB2,conv_feat,-0.02673927694559097,0.2644155919551849,-1.054197669029236,0.9247541427612305,372993.65625,360.8134148178252,130186.3203125,1843200
R083,Rain,AFLB2,fft_magnitude,0.0002202965115429834,0.002703483682125807,3.434717754657868e-08,0.7294482588768005,406.050537109375,3.682536518565877,13.56107521057129,1843200
R083,Rain,AFLB2,raw_low,0.0,0.0,0.0,0.0,0.0,0.0,0.0,1843200
R083,Rain,AFLB2,raw_high,0.2023620158433914,0.1722794771194458,6.337983649018497e-08,1.054197430610657,372993.65625,360.8134256440578,130186.328125,1843200
R083,Rain,AFLB2,mined_low,-0.02306404523551464,0.3252653479576111,-4.957217216491699,4.941129684448242,293208.0625,442.7036607596553,195986.53125,1843200
R083,Rain,AFLB2,mined_high,-0.102815069258213,0.2258061915636063,-3.672487497329712,4.406394004821777,328718.0,336.8474942388618,113466.234375,1843200
R083,Rain,AFLB3,conv_feat,0.00165558559820056,0.1541731953620911,-0.5012689232826233,0.6175951957702637,453714.34375,296.029612116761,87633.53125,3686400
R083,Rain,AFLB3,fft_magnitude,5.687831071554683e-05,0.0007847486413083971,2.770132745411047e-08,0.4165285229682922,209.6762084960938,1.510669827346548,2.282123327255249,3686400
R083,Rain,AFLB3,raw_low,0.0,0.0,0.0,0.0,0.0,0.0,0.0,3686400
R083,Rain,AFLB3,raw_high,0.123077891767025,0.09286521375179291,6.321379686369255e-08,0.6175953149795532,453714.34375,296.029612116761,87633.53125,3686400
R083,Rain,AFLB3,mined_low,0.0001209262045449577,0.00134078785777092,-0.007326235063374043,0.009864166378974915,3863.681640625,2.584761429924952,6.680991649627686,3686400
R083,Rain,AFLB3,mined_high,-4.746543345390819e-05,0.001022889628075063,-0.007422314025461674,0.007047314662486315,2927.52587890625,1.966061406291295,3.865397453308105,3686400
R084,Rain,AFLB1,conv_feat,0.007881074212491512,0.1149244755506516,-0.6009436845779419,0.6240411400794983,76665.1953125,110.5866105706292,12229.3984375,921600
R084,Rain,AFLB1,fft_magnitude,0.0007869412656873465,0.002215803368017077,2.446648750265012e-07,0.2552641332149506,725.2450561523438,2.257339797645922,5.095582962036133,921600
R084,Rain,AFLB1,raw_low,0.0,0.0,0.0,0.0,0.0,0.0,0.0,921600
R084,Rain,AFLB1,raw_high,0.0831870585680008,0.07968475669622421,1.374548901367234e-07,0.6240411996841431,76665.1953125,110.5866149860032,12229.3994140625,921600
R084,Rain,AFLB1,mined_low,-0.005420282483100891,2.016720056533813,-23.94368362426758,20.97561073303223,1181645.75,1936.058108632073,3748321.0,921600
R084,Rain,AFLB1,mined_high,0.001143398229032755,0.5359078645706177,-11.734787940979,13.04685592651367,245458.40625,514.4726669124415,264682.125,921600
R084,Rain,AFLB2,conv_feat,-0.01274417620152235,0.1867890059947968,-1.024634838104248,0.9564669728279114,251932.375,254.1827283176416,64608.859375,1843200
R084,Rain,AFLB2,fft_magnitude,0.0004275518585927784,0.001862392760813236,5.245825107635937e-08,0.4406953155994415,788.0635986328125,2.594241543808531,6.73008918762207,1843200
R084,Rain,AFLB2,raw_low,0.0,0.0,0.0,0.0,0.0,0.0,0.0,1843200
R084,Rain,AFLB2,raw_high,0.1366820633411407,0.1279474943876266,1.407503305017599e-07,1.024634957313538,251932.375,254.1827283176416,64608.859375,1843200
R084,Rain,AFLB2,mined_low,-0.01113064866513014,0.2786305844783783,-4.864398956298828,4.798015117645264,288495.4375,378.583131557654,143325.1875,1843200
R084,Rain,AFLB2,mined_high,-0.07262077927589417,0.2183483690023422,-3.559442043304443,3.989935159683228,300201.65625,312.4052731429161,97597.0546875,1843200
R084,Rain,AFLB3,conv_feat,0.00182563322596252,0.118468850851059,-0.540966272354126,0.6834260821342468,324556.15625,227.4871991590956,51750.42578125,3686400
R084,Rain,AFLB3,fft_magnitude,0.0001228738692589104,0.0005920136463828385,3.485819632942366e-09,0.2860920131206512,452.9622497558594,1.160890751304329,1.347667336463928,3686400
R084,Rain,AFLB3,raw_low,0.0,0.0,0.0,0.0,0.0,0.0,0.0,3686400
R084,Rain,AFLB3,raw_high,0.08804149180650711,0.07928995788097382,3.855310737321815e-08,0.6834261417388916,324556.15625,227.4871991590956,51750.42578125,3686400
R084,Rain,AFLB3,mined_low,0.0001406889641657472,0.001568213454447687,-0.007874052971601486,0.01099652238190174,4462.02294921875,3.023062276104731,9.13890552520752,3686400
R084,Rain,AFLB3,mined_high,-4.744674151879735e-05,0.001127326511777937,-0.008724559098482132,0.008573670871555805,3204.12060546875,2.166383125630225,4.693215847015381,3686400
R085,Rain,AFLB1,conv_feat,0.006878547836095095,0.1133267879486084,-0.627387285232544,0.650714635848999,70141.0546875,108.9939343925844,11879.677734375,921600
R085,Rain,AFLB1,fft_magnitude,0.0009339032112620771,0.002121031051501632,3.97381256789231e-07,0.2139422595500946,860.6851806640625,2.224829390767679,4.949865818023682,921600
R085,Rain,AFLB1,raw_low,0.0,0.0,0.0,0.0,0.0,0.0,0.0,921600
R085,Rain,AFLB1,raw_high,0.0761079266667366,0.08424879610538483,9.506543818815771e-08,0.6507147550582886,70141.0625,108.9939388724781,11879.6787109375,921600
R085,Rain,AFLB1,mined_low,-0.09216489642858505,1.42489218711853,-12.73401069641113,16.63504981994629,877402.125,1370.754901505007,1878969.0,921600
R085,Rain,AFLB1,mined_high,-0.001222571940161288,0.4099837839603424,-11.64157962799072,10.56674003601074,190201.546875,393.5861960867022,154910.09375,921600
R085,Rain,AFLB2,conv_feat,-0.01002159528434277,0.189088299870491,-1.013742923736572,0.9564000964164734,237038.296875,257.0750893464787,66087.6015625,1843200
R085,Rain,AFLB2,fft_magnitude,0.0005123763694427907,0.001863423618488014,1.227358978894699e-07,0.3898011147975922,944.412109375,2.623761747860063,6.884125709533691,1843200
R085,Rain,AFLB2,raw_low,0.0,0.0,0.0,0.0,0.0,0.0,0.0,1843200
R085,Rain,AFLB2,raw_high,0.1286015063524246,0.1389837116003036,7.184328865150746e-08,1.013742923736572,237038.296875,257.0751045414549,66087.609375,1843200
R085,Rain,AFLB2,mined_low,-0.0179971307516098,0.2643151879310608,-4.448223114013672,4.486334800720215,279348.4375,359.6770795623485,129367.6015625,1843200
R085,Rain,AFLB2,mined_high,-0.1514098048210144,0.229911208152771,-3.12126898765564,4.108168125152588,383830.90625,373.7448996307508,139685.25,1843200
R085,Rain,AFLB3,conv_feat,0.001817397656850517,0.1213223412632942,-0.5087559223175049,0.6875323057174683,308392.96875,232.9650255403158,54272.703125,3686400
R085,Rain,AFLB3,fft_magnitude,0.0001620332041056827,0.0005976131069473922,6.605457514297086e-08,0.2625263035297394,597.3192138671875,1.18884472249983,1.413351774215698,3686400
R085,Rain,AFLB3,raw_low,0.0,0.0,0.0,0.0,0.0,0.0,0.0,3686400
R085,Rain,AFLB3,raw_high,0.08365695178508759,0.08788587898015976,1.140747318828517e-08,0.687532365322113,308393.0,232.9650423078536,54272.7109375,3686400
R085,Rain,AFLB3,mined_low,7.284092134796083e-05,0.001261891331523657,-0.006881265435367823,0.009386452846229076,3583.894775390625,2.426864308528451,5.889670372009277,3686400
R085,Rain,AFLB3,mined_high,-5.258029705146328e-05,0.001125709735788405,-0.008209111168980598,0.006773271597921848,3225.751708984375,2.163719067366217,4.681680202484131,3686400
R086,Rain,AFLB1,conv_feat,0.008847765624523163,0.1204583346843719,-0.5568023324012756,0.5273274183273315,84144.6796875,115.9515237475343,13444.755859375,921600
R086,Rain,AFLB1,fft_magnitude,0.0005553007358685136,0.002402120037004352,3.153334091621218e-07,0.2906826734542847,511.76513671875,2.366850473313619,5.601981163024902,921600
R086,Rain,AFLB1,raw_low,0.0,0.0,0.0,0.0,0.0,0.0,0.0,921600
R086,Rain,AFLB1,raw_high,0.09130281209945679,0.07907141745090485,9.691716229554004e-08,0.5568023324012756,84144.671875,115.9515237475343,13444.755859375,921600
R086,Rain,AFLB1,mined_low,-0.3964484930038452,1.491864323616028,-13.74536418914795,8.928691864013672,993756.625,1481.896251429229,2196016.5,921600
R086,Rain,AFLB1,mined_high,-0.009060196578502655,0.4870195686817169,-9.561260223388672,8.6422700881958,228707.890625,467.6196705122658,218668.15625,921600
R086,Rain,AFLB2,conv_feat,-0.01569347828626633,0.191464751958847,-0.9701774716377258,0.9050903916358948,267886.96875,260.8128819192028,68023.359375,1843200
R086,Rain,AFLB2,fft_magnitude,0.0002776979235932231,0.001940916990861297,4.103453932202683e-08,0.5095700025558472,511.8528137207031,2.661910365188386,7.085766792297363,1843200
R086,Rain,AFLB2,raw_low,0.0,0.0,0.0,0.0,0.0,0.0,0.0,1843200
R086,Rain,AFLB2,raw_high,0.1453379839658737,0.1256260573863983,6.710448019475734e-08,0.970177412033081,267886.96875,260.812896896415,68023.3671875,1843200
R086,Rain,AFLB2,mined_low,-0.01481380220502615,0.3183386027812958,-6.224066257476807,6.142577648162842,303871.78125,432.6585330835392,187193.40625,1843200
R086,Rain,AFLB2,mined_high,-0.04756958037614822,0.2083974778652191,-3.319596529006958,4.470460414886475,278842.15625,290.2071323856462,84220.1796875,1843200
R086,Rain,AFLB3,conv_feat,0.001521757338196039,0.1194452717900276,-0.5033740997314453,0.6577227711677551,345013.0,229.3535241989972,52603.0390625,3686400
R086,Rain,AFLB3,fft_magnitude,7.887450919952244e-05,0.0006044668261893094,2.955887090649867e-08,0.3111982941627502,290.7630004882812,1.170414943311289,1.369871139526367,3686400
R086,Rain,AFLB3,raw_low,0.0,0.0,0.0,0.0,0.0,0.0,0.0,3686400
R086,Rain,AFLB3,raw_high,0.09359077364206314,0.0742311030626297,8.731380773951969e-08,0.6577227115631104,345013.03125,229.3535497463469,52603.05078125,3686400
R086,Rain,AFLB3,mined_low,0.0001264348829863593,0.001389432814903557,-0.006876597180962563,0.009854268282651901,3995.12060546875,2.678733277653607,7.175611972808838,3686400
R086,Rain,AFLB3,mined_high,-1.395849722030107e-05,0.0009211452561430633,-0.008343556895852089,0.007136665284633636,2609.1181640625,1.76880197886732,3.128660440444946,3686400
R087,Rain,AFLB1,conv_feat,0.007799126207828522,0.1183275803923607,-0.6688666939735413,0.690582811832428,76448.3359375,113.8409492175377,12959.76171875,921600
R087,Rain,AFLB1,fft_magnitude,0.0006264547700993717,0.002338123740628362,1.158503195597405e-07,0.25757896900177,577.3406982421875,2.323768687550146,5.399900913238525,921600
R087,Rain,AFLB1,raw_low,0.0,0.0,0.0,0.0,0.0,0.0,0.0,921600
R087,Rain,AFLB1,raw_high,0.08295175433158875,0.08474224805831909,2.652033970207412e-07,0.690582811832428,76448.3359375,113.8409577958434,12959.763671875,921600
R087,Rain,AFLB1,mined_low,-0.3216919600963593,1.43002462387085,-14.48834323883057,9.258734703063965,887038.0625,1407.130768621026,1980017.0,921600
R087,Rain,AFLB1,mined_high,-0.006512988358736038,0.4148709177970886,-8.401602745056152,8.893318176269531,202308.921875,398.3251655369015,158662.9375,921600
R087,Rain,AFLB2,conv_feat,-0.01411680039018393,0.1782408207654953,-1.1040940284729,0.9705531597137451,237435.96875,242.7455264778323,58925.390625,1843200
R087,Rain,AFLB2,fft_magnitude,0.0003045808698516339,0.001799261546693742,1.12016827813477e-07,0.4456021785736084,561.4034423828125,2.477511155058136,6.1380615234375,1843200
R087,Rain,AFLB2,raw_low,0.0,0.0,0.0,0.0,0.0,0.0,0.0,1843200
R087,Rain,AFLB2,raw_high,0.1288172602653503,0.1239967122673988,9.808792356125196e-08,1.104093909263611,237435.96875,242.7455264778323,58925.390625,1843200
R087,Rain,AFLB2,mined_low,-0.02038616687059402,0.343829482793808,-5.530805587768555,5.494956970214844,299358.0,467.6182002980637,218666.78125,1843200
R087,Rain,AFLB2,mined_high,-0.06575141847133636,0.2047336995601654,-4.484081268310547,3.796780586242676,279280.8125,291.9383095150412,85227.9765625,1843200
R087,Rain,AFLB3,conv_feat,0.001213161507621408,0.1090357452630997,-0.513872504234314,0.6634732484817505,298723.0625,209.3615947201158,43832.27734375,3686400
R087,Rain,AFLB3,fft_magnitude,8.345042442670092e-05,0.0005501621635630727,1.3000198251234e-08,0.266871303319931,307.6316528320312,1.068393964747982,1.141465663909912,3686400
R087,Rain,AFLB3,raw_low,0.0,0.0,0.0,0.0,0.0,0.0,0.0,3686400
R087,Rain,AFLB3,raw_high,0.08103382587432861,0.07296428829431534,2.379254127049535e-08,0.66347336769104,298723.09375,209.361604049071,43832.28125,3686400
R087,Rain,AFLB3,mined_low,7.6161595643498e-05,0.001183870248496532,-0.007013126742094755,0.008786913938820362,3358.34423828125,2.277729505580512,5.188051700592041,3686400
R087,Rain,AFLB3,mined_high,-1.787608016456943e-05,0.0009661256335675716,-0.007545344065874815,0.007258371915668249,2741.098876953125,1.855278631810058,3.442058801651001,3686400
R088,Rain,AFLB1,conv_feat,0.01615005917847157,0.2142549753189087,-0.7191523313522339,0.7574743628501892,147172.4375,206.2682946431661,42546.609375,921600
R088,Rain,AFLB1,fft_magnitude,0.0007411760743707418,0.004322788678109646,3.662208882815321e-07,0.5583828091621399,683.06787109375,4.210433561784136,17.72775077819824,921600
R088,Rain,AFLB1,raw_low,0.0,0.0,0.0,0.0,0.0,0.0,0.0,921600
R088,Rain,AFLB1,raw_high,0.1596923172473907,0.1437511146068573,7.159289161506877e-09,0.7574744820594788,147172.4375,206.2682946431661,42546.609375,921600
R088,Rain,AFLB1,mined_low,-0.5153297185897827,1.799074769020081,-14.18886089324951,9.784150123596191,1237717.625,1796.568813043352,3227659.5,921600
R088,Rain,AFLB1,mined_high,-0.003290316555649042,0.4117832779884338,-10.25215435028076,9.856585502624512,196079.921875,395.32458973608,156281.53125,921600
R088,Rain,AFLB2,conv_feat,-0.03019106201827526,0.2853054702281952,-1.017365097999573,0.9470368027687073,400627.9375,389.5062178579439,151715.09375,1843200
R088,Rain,AFLB2,fft_magnitude,0.0003499320882838219,0.002907160203903913,6.899237803281721e-08,0.7072913646697998,644.9948120117188,3.975381312284894,15.80365657806396,1843200
R088,Rain,AFLB2,raw_low,0.0,0.0,0.0,0.0,0.0,0.0,0.0,1843200
R088,Rain,AFLB2,raw_high,0.2173545658588409,0.1872637420892715,1.443685846425069e-07,1.017365097999573,400627.9375,389.5062178579439,151715.09375,1843200
R088,Rain,AFLB2,mined_low,-0.005873603746294975,0.2258526831865311,-3.794189929962158,3.678148746490479,251843.234375,306.731432812159,94084.171875,1843200
R088,Rain,AFLB2,mined_high,-0.108156219124794,0.1984015256166458,-3.372406005859375,3.292421579360962,310581.15625,306.7825217071533,94115.515625,1843200
R088,Rain,AFLB3,conv_feat,0.002537828870117664,0.1592593044042587,-0.5078016519546509,0.6510094404220581,456888.0,305.8166832434097,93523.84375,3686400
R088,Rain,AFLB3,fft_magnitude,8.481726399622858e-05,0.0008083824650384486,1.270324023749936e-08,0.4146792590618134,312.6703491210938,1.560614172638597,2.435516595840454,3686400
R088,Rain,AFLB3,raw_low,0.0,0.0,0.0,0.0,0.0,0.0,0.0,3686400
R088,Rain,AFLB3,raw_high,0.1239387989044189,0.1000456959009171,1.155400397578887e-07,0.6510093808174133,456888.0,305.8166960165844,93523.8515625,3686400
R088,Rain,AFLB3,mined_low,0.0001055924949469045,0.001385229406878352,-0.007476595230400562,0.01033682189881802,3965.884765625,2.66735636216246,7.114789962768555,3686400
R088,Rain,AFLB3,mined_high,-1.849719592428301e-05,0.000940279453061521,-0.007723305374383926,0.009353474713861942,2652.347900390625,1.805685782830592,3.260501146316528,3686400
R089,Rain,AFLB1,conv_feat,0.01313565112650394,0.1746124625205994,-0.6671971678733826,0.7106431126594543,116057.53125,168.1016073409918,28258.150390625,921600
R089,Rain,AFLB1,fft_magnitude,0.0003888818901032209,0.003553115297108889,1.227486734478589e-07,0.4453355073928833,358.3935546875,3.431359928225433,11.77423095703125,921600
R089,Rain,AFLB1,raw_low,0.0,0.0,0.0,0.0,0.0,0.0,0.0,921600
R089,Rain,AFLB1,raw_high,0.1259304881095886,0.1216699331998825,5.737124979532382e-07,0.7106429934501648,116057.53125,168.1016131503502,28258.15234375,921600
R089,Rain,AFLB1,mined_low,-0.3020207285881042,1.822891473770142,-18.12407684326172,13.4582576751709,1151716.0,1773.832151022187,3146480.5,921600
R089,Rain,AFLB1,mined_high,-0.000984248355962336,0.3620965480804443,-7.533145904541016,7.825748920440674,176257.4375,347.6139875997512,120835.484375,921600
R089,Rain,AFLB2,conv_feat,-0.02326391823589802,0.2513140141963959,-1.061517834663391,0.9456233978271484,341292.40625,342.653991385625,117411.7578125,1843200
R089,Rain,AFLB2,fft_magnitude,0.0001762228203006089,0.002569894539192319,8.713497834378359e-08,0.605701208114624,324.8139038085938,3.497197527836547,12.23039054870605,1843200
R089,Rain,AFLB2,raw_low,0.0,0.0,0.0,0.0,0.0,0.0,0.0,1843200
R089,Rain,AFLB2,raw_high,0.1851629763841629,0.1715069264173508,3.317162722282774e-08,1.061517953872681,341292.40625,342.653991385625,117411.7578125,1843200
R089,Rain,AFLB2,mined_low,-0.01904660277068615,0.3276206851005554,-6.229755878448486,6.026337146759033,290270.375,445.543593546131,198509.09375,1843200
R089,Rain,AFLB2,mined_high,-0.10238266736269,0.1997493207454681,-3.476363897323608,4.22914981842041,308026.84375,304.7361307344437,92864.109375,1843200
R089,Rain,AFLB3,conv_feat,0.002464201766997576,0.1465167254209518,-0.5040420293807983,0.6642346978187561,412455.59375,281.3519120914233,79158.8984375,3686400
R089,Rain,AFLB3,fft_magnitude,4.333804827183485e-05,0.0007465389790013433,7.49914796926987e-09,0.3753200471401215,159.7613830566406,1.435767996230036,2.061429738998413,3686400
R089,Rain,AFLB3,raw_low,0.0,0.0,0.0,0.0,0.0,0.0,0.0,3686400
R089,Rain,AFLB3,raw_high,0.111885741353035,0.09462983906269073,4.237643125293289e-08,0.6642346978187561,412455.59375,281.3519120914233,79158.8984375,3686400
R089,Rain,AFLB3,mined_low,0.0001678148109931499,0.001606922945939004,-0.0074984235689044,0.01086703315377235,4674.52587890625,3.102070725933935,9.622842788696289,3686400
R089,Rain,AFLB3,mined_high,-8.554827945772558e-05,0.001010899199172854,-0.006546550430357456,0.00655980221927166,2886.81396484375,1.947864069373044,3.794174432754517,3686400
R090,Rain,AFLB1,conv_feat,0.01283398270606995,0.1735316067934036,-0.6775155067443848,0.7108874320983887,119183.203125,167.0453192156997,27904.138671875,921600
R090,Rain,AFLB1,fft_magnitude,0.0007065325044095516,0.003480893094092607,2.256160058777823e-07,0.4436231553554535,651.140380859375,3.409798409999978,11.62672519683838,921600
R090,Rain,AFLB1,raw_low,0.0,0.0,0.0,0.0,0.0,0.0,0.0,921600
R090,Rain,AFLB1,raw_high,0.1293220520019531,0.1164205223321915,1.164282181775889e-07,0.7108875513076782,119183.203125,167.0453309078856,27904.142578125,921600
R090,Rain,AFLB1,mined_low,-0.3585218191146851,1.456863641738892,-14.8633451461792,10.08506774902344,937782.25,1440.316675248884,2074512.125,921600
R090,Rain,AFLB1,mined_high,0.000645472842734307,0.3637387752532959,-9.459609031677246,9.412978172302246,175989.796875,349.189754109424,121933.484375,921600
R090,Rain,AFLB2,conv_feat,-0.02429494448006153,0.2377615422010422,-1.03403639793396,0.9460846781730652,331767.75,324.4765736921543,105285.046875,1843200
R090,Rain,AFLB2,fft_magnitude,0.0003462705644778907,0.002414576709270477,1.276822700901903e-07,0.6003286838531494,638.2459106445312,3.311675490924487,10.96719455718994,1843200
R090,Rain,AFLB2,raw_low,0.0,0.0,0.0,0.0,0.0,0.0,0.0,1843200
R090,Rain,AFLB2,raw_high,0.1799955368041992,0.1572336107492447,1.080865441593915e-08,1.034035921096802,331767.78125,324.4765977693923,105285.0625,1843200
R090,Rain,AFLB2,mined_low,-0.01204107515513897,0.2481424808502197,-4.256404399871826,4.212357997894287,259940.84375,337.2857885013835,113761.703125,1843200
R090,Rain,AFLB2,mined_high,-0.1081477999687195,0.1889978498220444,-3.52949333190918,4.072121143341064,299487.5,295.630549630785,87397.421875,1843200
R090,Rain,AFLB3,conv_feat,0.001948669087141752,0.1357275247573853,-0.5039158463478088,0.6716210842132568,386848.34375,260.6236960399035,67924.7109375,3686400
R090,Rain,AFLB3,fft_magnitude,9.087817306863144e-05,0.0006867158226668835,4.788801533095466e-08,0.3518933057785034,335.0133056640625,1.329989795860784,1.768872857093811,3686400
R090,Rain,AFLB3,raw_low,0.0,0.0,0.0,0.0,0.0,0.0,0.0,3686400
R090,Rain,AFLB3,raw_high,0.1049393266439438,0.08610164374113083,7.993986805843178e-09,0.6716210842132568,386848.34375,260.6236960399035,67924.7109375,3686400
R090,Rain,AFLB3,mined_low,0.0001169510869658552,0.001350708655081689,-0.007130122277885675,0.009883187711238861,3910.64404296875,2.603063568452805,6.77593994140625,3686400
R090,Rain,AFLB3,mined_high,-1.367748609482078e-05,0.0009620731580071151,-0.007208222057670355,0.007328405976295471,2715.25634765625,1.847367052345724,3.412765026092529,3686400
R091,Rain,AFLB1,conv_feat,0.00569737795740366,0.08262428641319275,-0.4507750272750854,0.4600124359130859,55184.1796875,79.5076647248553,6321.46875,921600
R091,Rain,AFLB1,fft_magnitude,0.0004985231207683682,0.001615391112864017,3.162865311878704e-07,0.1699365526437759,459.4389343261719,1.622943457144423,2.633945465087891,921600
R091,Rain,AFLB1,raw_low,0.0,0.0,0.0,0.0,0.0,0.0,0.0,921600
R091,Rain,AFLB1,raw_high,0.05987866967916489,0.05721693485975266,9.809189549514485e-08,0.4600125551223755,55184.18359375,79.50766779551046,6321.46923828125,921600
R091,Rain,AFLB1,mined_low,-0.2415696382522583,1.438292264938354,-15.97531986236572,10.46799468994141,901150.5625,1400.10017498749,1960280.5,921600
R091,Rain,AFLB1,mined_high,-0.004993523471057415,0.4157160520553589,-11.17311668395996,8.756759643554688,199893.53125,399.1161915720784,159293.734375,921600
R091,Rain,AFLB2,conv_feat,-0.007589009590446949,0.1571618765592575,-0.9778872728347778,0.8116344809532166,208247.5625,213.6186548209215,45632.9296875,1843200
R091,Rain,AFLB2,fft_magnitude,0.0002531531790737063,0.001585816615261137,1.122554138532905e-08,0.3608919680118561,466.6119384765625,2.180236309787568,4.753430366516113,1843200
R091,Rain,AFLB2,raw_low,0.0,0.0,0.0,0.0,0.0,0.0,0.0,1843200
R091,Rain,AFLB2,raw_high,0.1129815429449081,0.1095108166337013,1.257349424577114e-08,0.9778872728347778,208247.578125,213.6186548209215,45632.9296875,1843200
R091,Rain,AFLB2,mined_low,-0.02700508572161198,0.3042859733104706,-5.427485466003418,5.296053409576416,293603.0,414.7360418085219,172005.984375,1843200
R091,Rain,AFLB2,mined_high,-0.0690201073884964,0.2204383313655853,-3.650223255157471,4.408385276794434,299815.65625,313.6037383187579,98347.3046875,1843200
R091,Rain,AFLB3,conv_feat,0.001684128423221409,0.1046085804700851,-0.4889386892318726,0.6315487027168274,284455.03125,200.8744943988659,40350.5625,3686400
R091,Rain,AFLB3,fft_magnitude,6.840773130534217e-05,0.0005294969887472689,5.662441182607836e-09,0.2484400421380997,252.1782531738281,1.025083426825302,1.050796031951904,3686400
R091,Rain,AFLB3,raw_low,0.0,0.0,0.0,0.0,0.0,0.0,0.0,3686400
R091,Rain,AFLB3,raw_high,0.07716336846351624,0.07065130025148392,1.334800270313963e-08,0.6315486431121826,284455.03125,200.8744943988659,40350.5625,3686400
R091,Rain,AFLB3,mined_low,8.047125447774306e-05,0.001185648259706795,-0.008809859864413738,0.009222419001162052,3342.580810546875,2.281681803766181,5.206071853637695,3686400
R091,Rain,AFLB3,mined_high,-1.162991156888893e-05,0.0009589160908944905,-0.008856788277626038,0.0082279397174716,2717.94482421875,1.841254145247901,3.390216827392578,3686400
R092,Rain,AFLB1,conv_feat,0.00765002379193902,0.1050883084535599,-0.5742204189300537,0.5954292416572571,73566.7421875,101.1517318268081,10231.6728515625,921600
R092,Rain,AFLB1,fft_magnitude,0.0005637641297653317,0.002075580647215247,3.523007023886748e-07,0.2461768090724945,519.5650024414062,2.064751176783195,4.263197422027588,921600
R092,Rain,AFLB1,raw_low,0.0,0.0,0.0,0.0,0.0,0.0,0.0,921600
R092,Rain,AFLB1,raw_high,0.0798250213265419,0.06877529621124268,3.362366740589096e-08,0.5954292416572571,73566.7421875,101.1517366540239,10231.673828125,921600
R092,Rain,AFLB1,mined_low,0.2030938714742661,1.674435496330261,-13.56265544891357,18.35083770751953,1038721.25,1619.239018798645,2621935.0,921600
R092,Rain,AFLB1,mined_high,0.001067470409907401,0.7348508238792419,-16.84668731689453,19.4818172454834,331081.84375,705.4575642800919,497670.375,921600
R092,Rain,AFLB2,conv_feat,-0.01265263836830854,0.1811470687389374,-1.010802984237671,0.9339415431022644,250314.15625,246.5325948277428,60778.3203125,1843200
R092,Rain,AFLB2,fft_magnitude,0.0003054785192944109,0.001827980158850551,8.263551620757426e-08,0.4654679596424103,563.0579833984375,2.516162885890928,6.331075668334961,1843200
R092,Rain,AFLB2,raw_low,0.0,0.0,0.0,0.0,0.0,0.0,0.0,1843200
R092,Rain,AFLB2,raw_high,0.1358041167259216,0.1205470487475395,5.857387463947816e-09,1.010802984237671,250314.15625,246.5326106725031,60778.328125,1843200
R092,Rain,AFLB2,mined_low,0.003981898538768291,0.2612869441509247,-7.076653480529785,7.099159240722656,280891.75,354.7760957632293,125866.078125,1843200
R092,Rain,AFLB2,mined_high,-0.05498399958014488,0.1891996562480927,-3.475445747375488,4.55173397064209,253044.65625,267.4931073878353,71552.5625,1843200
R092,Rain,AFLB3,conv_feat,0.001625897246412933,0.1169492155313492,-0.5329344868659973,0.6641524434089661,331512.71875,224.5641873023168,50429.07421875,3686400
R092,Rain,AFLB3,fft_magnitude,9.626873361412436e-05,0.000589046801906079,1.661582871292921e-08,0.2953266501426697,354.8850708007812,1.145974352857526,1.313257217407227,3686400
R092,Rain,AFLB3,raw_low,0.0,0.0,0.0,0.0,0.0,0.0,0.0,3686400
R092,Rain,AFLB3,raw_high,0.08992858231067657,0.07478377223014832,3.543512505643776e-08,0.6641525030136108,331512.71875,224.5641873023168,50429.07421875,3686400
R092,Rain,AFLB3,mined_low,3.658848072518595e-05,0.000599893624894321,-0.004188173916190863,0.004732962232083082,1674.365600585938,1.153936184525185,1.331568717956543,3686400
R092,Rain,AFLB3,mined_high,-4.693190567195415e-05,0.0008372513111680746,-0.005627444945275784,0.004399999044835567,2401.027099609375,1.610046098653333,2.592248439788818,3686400
R093,Rain,AFLB1,conv_feat,0.006890925113111734,0.09912137687206268,-0.4447111189365387,0.4829692244529724,68310.109375,95.38619077531611,9098.525390625,921600
R093,Rain,AFLB1,fft_magnitude,0.0006080949679017067,0.001934883883222938,1.75618410480638e-07,0.2195712029933929,560.4203491210938,1.947062490384215,3.791052341461182,921600
R093,Rain,AFLB1,raw_low,0.0,0.0,0.0,0.0,0.0,0.0,0.0,921600
R093,Rain,AFLB1,raw_high,0.07412122189998627,0.0661708191037178,1.993049920656631e-07,0.4829692244529724,68310.1171875,95.38619077531611,9098.525390625,921600
R093,Rain,AFLB1,mined_low,-0.4327204525470734,1.647637128829956,-15.48050212860107,9.336376190185547,1098903.875,1635.372052470018,2674441.75,921600
R093,Rain,AFLB1,mined_high,-0.004581533372402191,0.4093964397907257,-9.000580787658691,8.513224601745605,193336.09375,393.0451826762414,154484.515625,921600
R093,Rain,AFLB2,conv_feat,-0.01108483877032995,0.1615692526102066,-0.8364048600196838,0.7397520542144775,227138.515625,219.8693237612969,48342.51953125,1843200
R093,Rain,AFLB2,fft_magnitude,0.0003195104072801769,0.001621710252948105,1.195032126588558e-07,0.4088367521762848,588.9215698242188,2.24403193835617,5.035679340362549,1843200
R093,Rain,AFLB2,raw_low,0.0,0.0,0.0,0.0,0.0,0.0,0.0,1843200
R093,Rain,AFLB2,raw_high,0.1232305392622948,0.1050796359777451,8.420029473654722e-08,0.8364048004150391,227138.53125,219.869332644414,48342.5234375,1843200
R093,Rain,AFLB2,mined_low,-0.003252028720453382,0.2499843835830688,-4.55648136138916,4.578899383544922,281046.9375,339.4187586890271,115205.09375,1843200
R093,Rain,AFLB2,mined_high,-0.03718036413192749,0.1885947436094284,-3.498411417007446,3.467568874359131,246925.984375,260.9729841142565,68106.8984375,1843200
R093,Rain,AFLB3,conv_feat,0.001408156822435558,0.1029410883784294,-0.4634849727153778,0.5847740769386292,294172.625,197.6653876346337,39071.60546875,3686400
R093,Rain,AFLB3,fft_magnitude,9.276458877138793e-05,0.0005171135999262333,2.879450455850474e-08,0.2581286728382111,341.9673767089844,1.008706930533915,1.017489671707153,3686400
R093,Rain,AFLB3,raw_low,0.0,0.0,0.0,0.0,0.0,0.0,0.0,3686400
R093,Rain,AFLB3,raw_high,0.07979942858219147,0.06504538655281067,1.677888405993144e-08,0.5847740173339844,294172.625,197.6653876346337,39071.60546875,3686400
R093,Rain,AFLB3,mined_low,7.716662366874516e-05,0.001300594420172274,-0.007396961096674204,0.00998226460069418,3692.653564453125,2.501532752332544,6.257666110992432,3686400
R093,Rain,AFLB3,mined_high,-2.971692811115645e-05,0.001044892007485032,-0.008138026110827923,0.008932603523135185,2970.7109375,2.007003918228164,4.028064727783203,3686400
R094,Rain,AFLB1,conv_feat,0.007636320311576128,0.1169128715991974,-0.6464622616767883,0.6694861650466919,79260.015625,112.4755094870657,12650.740234375,921600
R094,Rain,AFLB1,fft_magnitude,0.0004253096994943917,0.00235343724489212,4.151947905484121e-07,0.2761925160884857,391.9654235839844,2.295896775972389,5.27114200592041,921600
R094,Rain,AFLB1,raw_low,0.0,0.0,0.0,0.0,0.0,0.0,0.0,921600
R094,Rain,AFLB1,raw_high,0.08600261807441711,0.07956432551145554,1.690410300625445e-07,0.6694862842559814,79260.015625,112.4755138282884,12650.7412109375,921600
R094,Rain,AFLB1,mined_low,0.3724930882453918,1.339009642601013,-7.858142852783203,12.56013202667236,897404.1875,1334.261171959973,1780252.875,921600
R094,Rain,AFLB1,mined_high,-0.002090136287733912,0.2924375534057617,-6.528375625610352,6.351015567779541,154381.03125,280.7472311751266,78819.0078125,921600
R094,Rain,AFLB2,conv_feat,-0.01724829897284508,0.1651848703622818,-1.04822564125061,0.9767588376998901,224542.234375,225.4816892510343,50841.9921875,1843200
R094,Rain,AFLB2,fft_magnitude,0.0002099779812851921,0.00168202118948102,1.012302917047236e-07,0.4873974621295929,387.0314025878906,2.301312992325785,5.296041488647461,1843200
R094,Rain,AFLB2,raw_low,0.0,0.0,0.0,0.0,0.0,0.0,0.0,1843200
R094,Rain,AFLB2,raw_high,0.1218219697475433,0.1128847002983093,1.639128726083072e-07,1.04822564125061,224542.25,225.4816892510343,50841.9921875,1843200
R094,Rain,AFLB2,mined_low,-0.01837042905390263,0.3529908955097198,-5.717131614685059,5.639454364776611,300036.875,479.8848657490669,230289.484375,1843200
R094,Rain,AFLB2,mined_high,-0.09349723160266876,0.2009255290031433,-3.794419527053833,4.056227207183838,299775.9375,300.8732472944379,90524.7109375,1843200
R094,Rain,AFLB3,conv_feat,0.0001528635330032557,0.09888006746768951,-0.5095969438552856,0.6625539660453796,278114.5,189.849961318142,36043.0078125,3686400
R094,Rain,AFLB3,fft_magnitude,6.2888691900298e-05,0.0005006615538150072,2.595034942487473e-08,0.2528893649578094,231.8328704833984,0.9688240453663267,0.9386200308799744,3686400
R094,Rain,AFLB3,raw_low,0.0,0.0,0.0,0.0,0.0,0.0,0.0,3686400
R094,Rain,AFLB3,raw_high,0.07544338703155518,0.0639185830950737,3.214081445435113e-08,0.6625539660453796,278114.5,189.8499510304124,36043.00390625,3686400
R094,Rain,AFLB3,mined_low,0.0001280224532820284,0.001197698875330389,-0.007647110149264336,0.01061208546161652,3424.95458984375,2.312681654934971,5.348496437072754,3686400
R094,Rain,AFLB3,mined_high,-8.0320613051299e-05,0.001026303274556994,-0.007650732062757015,0.006615210324525833,2945.892333984375,1.976527760317241,3.906661987304688,3686400
R095,Rain,AFLB1,conv_feat,0.01136110816150904,0.1597806364297867,-0.6529925465583801,0.6661466956138611,113223.5859375,153.776668164826,23647.263671875,921600
R095,Rain,AFLB1,fft_magnitude,0.0004866257077082992,0.003233328694477677,1.96755706838303e-07,0.401828795671463,448.4742431640625,3.138953376115089,9.853028297424316,921600
R095,Rain,AFLB1,raw_low,0.0,0.0,0.0,0.0,0.0,0.0,0.0,921600
R095,Rain,AFLB1,raw_high,0.1228554546833038,0.102788433432579,3.092312113039952e-07,0.6661466956138611,113223.5859375,153.7766745153504,23647.265625,921600
R095,Rain,AFLB1,mined_low,-0.03992141410708427,1.503857612609863,-13.64114665985107,15.76757526397705,944530.25,1444.211809257908,2085747.75,921600
R095,Rain,AFLB1,mined_high,-0.003625083481892943,0.3090698719024658,-6.755597591400146,5.885913848876953,163689.421875,296.727489668551,88047.203125,921600
R095,Rain,AFLB2,conv_feat,-0.02486390992999077,0.2202868759632111,-1.15121853351593,0.991946280002594,314531.03125,300.9703966962531,90583.1796875,1843200
R095,Rain,AFLB2,fft_magnitude,0.0002476733643561602,0.002248972887173295,1.130864077936167e-07,0.6617952585220337,456.5115356445312,3.071766438705111,9.435749053955078,1843200
R095,Rain,AFLB2,raw_low,0.0,0.0,0.0,0.0,0.0,0.0,0.0,1843200
R095,Rain,AFLB2,raw_high,0.1706440001726151,0.1415102183818817,6.801183616289563e-08,1.15121853351593,314531.03125,300.9704096751041,90583.1875,1843200
R095,Rain,AFLB2,mined_low,-0.02670445293188095,0.4051860272884369,-6.949539184570312,6.817310810089111,342374.0625,551.2922319423701,303923.125,1843200
R095,Rain,AFLB2,mined_high,-0.07237618416547775,0.220239669084549,-4.246246337890625,4.737936496734619,302991.15625,314.7389791557442,99060.625,1843200
R095,Rain,AFLB3,conv_feat,0.0004992755129933357,0.1289854645729065,-0.5517143607139587,0.6394620537757874,379627.09375,247.6539372920406,61332.47265625,3686400
R095,Rain,AFLB3,fft_magnitude,7.14148482074961e-05,0.0006543455529026687,4.884409321448402e-08,0.3480747044086456,263.2637023925781,1.26380374933753,1.5971999168396,3686400
R095,Rain,AFLB3,raw_low,0.0,0.0,0.0,0.0,0.0,0.0,0.0,3686400
R095,Rain,AFLB3,raw_high,0.1029804423451424,0.07766935229301453,4.100922623706538e-08,0.6394619941711426,379627.09375,247.6539451785495,61332.4765625,3686400
R095,Rain,AFLB3,mined_low,0.0001654687948757783,0.001471122028306127,-0.007428030017763376,0.01125587895512581,4249.41748046875,2.842365305048552,8.07904052734375,3686400
R095,Rain,AFLB3,mined_high,-5.738340405514464e-05,0.0009935838170349598,-0.007668262347579002,0.00722613325342536,2801.989990234375,1.910859896939226,3.651385545730591,3686400
R096,Rain,AFLB1,conv_feat,0.005539539270102978,0.08936454355716705,-0.6640786528587341,0.7482591271400452,54850.484375,85.9546318150962,7388.19873046875,921600
R096,Rain,AFLB1,fft_magnitude,0.0005393060273490846,0.001746265799738467,6.331350022037441e-08,0.1866939067840576,497.0244445800781,1.754541498701727,3.078415870666504,921600
R096,Rain,AFLB1,raw_low,0.0,0.0,0.0,0.0,0.0,0.0,0.0,921600
R096,Rain,AFLB1,raw_high,0.05951659753918648,0.06689158827066422,1.117598369404504e-08,0.7482591271400452,54850.49609375,85.9546318150962,7388.19873046875,921600
R096,Rain,AFLB1,mined_low,-0.3050165772438049,1.474552035331726,-17.62441444396973,10.5156946182251,957894.4375,1445.537745961689,2089579.375,921600
R096,Rain,AFLB1,mined_high,-0.01034354697912931,0.5076290369033813,-10.6281156539917,9.83437442779541,239255.390625,487.4250262860946,237583.15625,921600
R096,Rain,AFLB2,conv_feat,-0.01014448795467615,0.1243035346269608,-1.072435617446899,1.046262860298157,159211.359375,169.3211399604314,28669.6484375,1843200
R096,Rain,AFLB2,fft_magnitude,0.0002614317054394633,0.001245749182999134,4.591466051806492e-08,0.2859908044338226,481.8709106445312,1.728126749379271,2.986422061920166,1843200
R096,Rain,AFLB2,raw_low,0.0,0.0,0.0,0.0,0.0,0.0,0.0,1843200
R096,Rain,AFLB2,raw_high,0.08637770265340805,0.08996207267045975,3.912895607527389e-08,1.072435617446899,159211.375,169.3211399604314,28669.6484375,1843200
R096,Rain,AFLB2,mined_low,-0.03341560438275337,0.3734771609306335,-6.368677139282227,6.138617992401123,338445.6875,509.0748809114431,259157.234375,1843200
R096,Rain,AFLB2,mined_high,-0.0784609466791153,0.2190606892108917,-3.637570858001709,4.08006763458252,307466.03125,315.9077199120022,99797.6875,1843200
R096,Rain,AFLB3,conv_feat,0.0008249399834312499,0.07352565228939056,-0.508139967918396,0.6343566179275513,193579.703125,141.178127455619,19931.263671875,3686400
R096,Rain,AFLB3,fft_magnitude,7.050686690490693e-05,0.0003685489355120808,1.83015078647486e-08,0.169933944940567,259.91650390625,0.7204466572776318,0.5190433859825134,3686400
R096,Rain,AFLB3,raw_low,0.0,0.0,0.0,0.0,0.0,0.0,0.0,3686400
R096,Rain,AFLB3,raw_high,0.05251186341047287,0.05147043988108635,2.766331874681782e-08,0.6343566179275513,193579.734375,141.178127455619,19931.263671875,3686400
R096,Rain,AFLB3,mined_low,6.996370211709291e-05,0.001287486171349883,-0.008212179876863956,0.009707307443022728,3661.484130859375,2.475620608115207,6.128697395324707,3686400
R096,Rain,AFLB3,mined_high,1.497722496424103e-05,0.0009454594110138714,-0.00826170016080141,0.006635067518800497,2624.673583984375,1.815509796427123,3.296075820922852,3686400
R097,Rain,AFLB1,conv_feat,0.007038073614239693,0.107428602874279,-0.7608847618103027,0.7519360184669495,70330.2578125,103.3525425273854,10681.748046875,921600
R097,Rain,AFLB1,fft_magnitude,0.0008087226306088269,0.002043359447270632,8.186573836610478e-07,0.2337090671062469,745.3187866210938,2.109675068175199,4.450728893280029,921600
R097,Rain,AFLB1,raw_low,0.0,0.0,0.0,0.0,0.0,0.0,0.0,921600
R097,Rain,AFLB1,raw_high,0.07631321251392365,0.07593900710344315,5.081005838292185e-08,0.7608847618103027,70330.2578125,103.3525472518094,10681.7490234375,921600
R097,Rain,AFLB1,mined_low,0.02048955298960209,1.350942850112915,-13.7304859161377,14.48980617523193,820527.6875,1297.054210509337,1682349.625,921600
R097,Rain,AFLB1,mined_high,0.006870278157293797,0.571922242641449,-13.27706432342529,15.24912071228027,259992.828125,549.0849490288365,301494.28125,921600
R097,Rain,AFLB2,conv_feat,-0.01233638823032379,0.1587347835302353,-1.21733570098877,1.023503422737122,212003.71875,216.1553351325153,46723.12890625,1843200
R097,Rain,AFLB2,fft_magnitude,0.0004007157986052334,0.001574782305397093,1.537349589852965e-07,0.3776659667491913,738.599365234375,2.206126231755439,4.866992950439453,1843200
R097,Rain,AFLB2,raw_low,0.0,0.0,0.0,0.0,0.0,0.0,0.0,1843200
R097,Rain,AFLB2,raw_high,0.1150193884968758,0.1100884303450584,1.122020591992623e-07,1.217335820198059,212003.734375,216.1553441682625,46723.1328125,1843200
R097,Rain,AFLB2,mined_low,-0.01581634022295475,0.2699576020240784,-5.318752288818359,5.241406917572021,280947.25,367.1350866847243,134788.171875,1843200
R097,Rain,AFLB2,mined_high,-0.0764898881316185,0.1964346468448639,-3.849717855453491,4.026401042938232,281668.0625,286.1936079824285,81906.78125,1843200
R097,Rain,AFLB3,conv_feat,0.001254893140867352,0.09709620475769043,-0.5225633382797241,0.6760449409484863,263275.28125,186.4402866033787,34759.98046875,3686400
R097,Rain,AFLB3,fft_magnitude,0.0001112060344894417,0.0004828939272556454,3.981610152692383e-09,0.2323109805583954,409.9499206542969,0.9514240972279935,0.9052078127861023,3686400
R097,Rain,AFLB3,raw_low,0.0,0.0,0.0,0.0,0.0,0.0,0.0,3686400
R097,Rain,AFLB3,raw_high,0.07141798734664917,0.0657929927110672,7.466925922017253e-08,0.6760449409484863,263275.28125,186.4402866033787,34759.98046875,3686400
R097,Rain,AFLB3,mined_low,4.716674811788835e-05,0.001265925471670926,-0.009085546247661114,0.01034070737659931,3558.02392578125,2.43226344700085,5.915905475616455,3686400
R097,Rain,AFLB3,mined_high,1.435812555428129e-05,0.0009894008981063962,-0.007532959338277578,0.007330935914069414,2786.04248046875,1.899849762749007,3.609429121017456,3686400
R098,Rain,AFLB1,conv_feat,0.01003712229430676,0.1423573046922684,-0.5789465308189392,0.5723816156387329,98180.265625,137.0022738748339,18769.623046875,921600
R098,Rain,AFLB1,fft_magnitude,0.0005034488858655095,0.002869236283004284,2.564921999237413e-07,0.3341783285140991,463.978515625,2.796547300438322,7.820676803588867,921600
R098,Rain,AFLB1,raw_low,0.0,0.0,0.0,0.0,0.0,0.0,0.0,921600
R098,Rain,AFLB1,raw_high,0.1065324172377586,0.09495888650417328,3.725338260096578e-09,0.578946590423584,98180.2734375,137.0022738748339,18769.623046875,921600
R098,Rain,AFLB1,mined_low,0.424438089132309,1.837686777114868,-14.75578784942627,21.6777515411377,1180633.0,1810.622130650125,3278352.5,921600
R098,Rain,AFLB1,mined_high,-0.005060362163931131,0.6252803802490234,-16.01260375976562,18.80625915527344,286410.9375,600.2888367277873,360346.6875,921600
R098,Rain,AFLB2,conv_feat,-0.01871988922357559,0.2397518455982208,-1.040891170501709,0.890647292137146,323275.40625,326.488586132808,106594.796875,1843200
R098,Rain,AFLB2,fft_magnitude,0.0002463038254063576,0.002442014869302511,1.203828787765815e-07,0.6556580662727356,453.9872131347656,3.332210272108648,11.10362529754639,1843200
R098,Rain,AFLB2,raw_low,0.0,0.0,0.0,0.0,0.0,0.0,0.0,1843200
R098,Rain,AFLB2,raw_high,0.1753881275653839,0.1645307838916779,3.150364236148562e-08,1.040891170501709,323275.40625,326.488586132808,106594.796875,1843200
R098,Rain,AFLB2,mined_low,-0.005390894133597612,0.2596448957920074,-4.879517078399658,4.723305702209473,262868.65625,352.5815951662821,124313.78125,1843200
R098,Rain,AFLB2,mined_high,-0.08467451483011246,0.1966027617454529,-3.896841287612915,3.535377264022827,291102.5625,290.619825222747,84459.8828125,1843200
R098,Rain,AFLB3,conv_feat,0.001366312731988728,0.1537105143070221,-0.4807648658752441,0.6362211108207703,428293.6875,295.1358532523624,87105.171875,3686400
R098,Rain,AFLB3,fft_magnitude,6.610184209421277e-05,0.000781641632784158,1.555206097236805e-08,0.3882945775985718,243.6778259277344,1.506108878081767,2.268363952636719,3686400
R098,Rain,AFLB3,raw_low,0.0,0.0,0.0,0.0,0.0,0.0,0.0,3686400
R098,Rain,AFLB3,raw_high,0.1161820963025093,0.1006504371762276,1.687076611744942e-08,0.6362209916114807,428293.6875,295.1358532523624,87105.171875,3686400
R098,Rain,AFLB3,mined_low,0.0001254637318197638,0.001535205519758165,-0.006841160822659731,0.01061583124101162,4460.2060546875,2.957421623474844,8.746342658996582,3686400
R098,Rain,AFLB3,mined_high,-2.07994926313404e-05,0.0009955787099897861,-0.00813276693224907,0.006716168951243162,2862.27392578125,1.911928193623396,3.655469417572021,3686400
R099,Rain,AFLB1,conv_feat,0.01167584024369717,0.1699257344007492,-0.7672370672225952,0.7890430092811584,118840.265625,163.5133368509279,26736.611328125,921600
R099,Rain,AFLB1,fft_magnitude,0.0007632810156792402,0.003391954116523266,1.309168453644816e-07,0.4112554490566254,703.4397583007812,3.337702049968696,11.14025497436523,921600
R099,Rain,AFLB1,raw_low,0.0,0.0,0.0,0.0,0.0,0.0,0.0,921600
R099,Rain,AFLB1,raw_high,0.1289499402046204,0.1112788990139961,4.570885892007936e-08,0.7890430688858032,118840.265625,163.5133368509279,26736.611328125,921600
R099,Rain,AFLB1,mined_low,0.3736484050750732,1.678146719932556,-13.12787914276123,20.01846694946289,1047591.5,1650.471372063145,2724055.75,921600
R099,Rain,AFLB1,mined_high,-0.002658315701410174,0.4443551301956177,-11.28047561645508,13.07870578765869,216993.234375,426.588556896455,181977.796875,921600
R099,Rain,AFLB2,conv_feat,-0.02528584562242031,0.2370891869068146,-1.095453023910522,0.939196765422821,334058.4375,323.7083829428889,104787.1171875,1843200
R099,Rain,AFLB2,fft_magnitude,0.0003874459653161466,0.002402462996542454,1.743323565506216e-07,0.6880131959915161,714.140380859375,3.303835062237405,10.91532611846924,1843200
R099,Rain,AFLB2,raw_low,0.0,0.0,0.0,0.0,0.0,0.0,0.0,1843200
R099,Rain,AFLB2,raw_high,0.1812383085489273,0.1549300849437714,6.708526711918239e-08,1.095453023910522,334058.4375,323.7084070772645,104787.1328125,1843200
R099,Rain,AFLB2,mined_low,-0.02384268492460251,0.3315255045890808,-5.211992740631104,5.155131340026855,315557.9375,451.2564403972535,203632.375,1843200
R099,Rain,AFLB2,mined_high,-0.09782825410366058,0.2128277719020844,-3.789990663528442,4.420199394226074,311269.1875,318.00795980604,101129.0625,1843200
R099,Rain,AFLB3,conv_feat,0.0006033115787431598,0.1405500620603561,-0.5322693586349487,0.6846364736557007,406968.75,269.8586146021653,72823.671875,3686400
R099,Rain,AFLB3,fft_magnitude,0.000121742494229693,0.0007068406557664275,4.235269557284482e-08,0.3663070797920227,448.7915344238281,1.377116568313884,1.896450042724609,3686400
R099,Rain,AFLB3,raw_low,0.0,0.0,0.0,0.0,0.0,0.0,0.0,3686400
R099,Rain,AFLB3,raw_high,0.1103973463177681,0.0869891494512558,9.483512997121579e-08,0.6846365332603455,406968.78125,269.8586290773375,72823.6796875,3686400
R099,Rain,AFLB3,mined_low,6.793108332203701e-05,0.001209076726809144,-0.009507388807833195,0.01175675354897976,3417.572998046875,2.325088363937157,5.406035900115967,3686400
R099,Rain,AFLB3,mined_high,-4.691532012657262e-05,0.001148623297922313,-0.008363792672753334,0.006945523899048567,3315.61279296875,2.207195444666609,4.871711730957031,3686400
R100,Rain,AFLB1,conv_feat,0.01075169071555138,0.1389108598232269,-0.6402003765106201,0.6177619099617004,96663.984375,133.7532782892629,17889.939453125,921600
R100,Rain,AFLB1,fft_magnitude,0.0005779649945907295,0.002784639596939087,4.142131331263954e-07,0.356768012046814,532.6525268554688,2.73022739287798,7.454141616821289,921600
R100,Rain,AFLB1,raw_low,0.0,0.0,0.0,0.0,0.0,0.0,0.0,921600
R100,Rain,AFLB1,raw_high,0.1048871353268623,0.09170886129140854,9.220178753821529e-08,0.6402003765106201,96663.984375,133.7532782892629,17889.939453125,921600
R100,Rain,AFLB1,mined_low,0.2050142884254456,1.424407005310059,-12.88080883026123,19.33763313293457,853689.0625,1381.521805835869,1908602.5,921600
R100,Rain,AFLB1,mined_high,0.004996349103748798,0.7404946088790894,-17.38457298278809,22.93575859069824,322214.09375,710.8909902368998,505366.0,921600
R100,Rain,AFLB2,conv_feat,-0.0179474800825119,0.2171336710453033,-1.014187455177307,0.9567368626594543,302905.3125,295.795748786219,87495.125,1843200
R100,Rain,AFLB2,fft_magnitude,0.0002921032137237489,0.002204399788752198,7.718255545796637e-08,0.5326811671257019,538.4046630859375,3.018952742376993,9.114075660705566,1843200
R100,Rain,AFLB2,raw_low,0.0,0.0,0.0,0.0,0.0,0.0,0.0,1843200
R100,Rain,AFLB2,raw_high,0.1643366515636444,0.1430475860834122,1.234242397174512e-08,1.014187455177307,302905.3125,295.7957619921219,87495.1328125,1843200
R100,Rain,AFLB2,mined_low,0.009490491822361946,0.2362320721149445,-5.320672988891602,5.335378170013428,249027.3125,320.9780220279887,103026.890625,1843200
R100,Rain,AFLB2,mined_high,-0.05601344630122185,0.1899848878383636,-3.43184757232666,4.282889842987061,261743.46875,268.9088774566582,72311.984375,1843200
R100,Rain,AFLB3,conv_feat,0.002392997266724706,0.1323574930429459,-0.5412301421165466,0.6920584440231323,380748.375,254.1679132483091,64601.328125,3686400
R100,Rain,AFLB3,fft_magnitude,8.092594362096861e-05,0.0006706796702928841,4.111485907287715e-08,0.3423125147819519,298.3254089355469,1.297045317347114,1.682326555252075,3686400
R100,Rain,AFLB3,raw_low,0.0,0.0,0.0,0.0,0.0,0.0,0.0,3686400
R100,Rain,AFLB3,raw_high,0.1032846048474312,0.0828041210770607,7.823116732197377e-08,0.6920583844184875,380748.375,254.1679286170857,64601.3359375,3686400
R100,Rain,AFLB3,mined_low,8.82502063177526e-05,0.001271714572794735,-0.007398392073810101,0.009531945921480656,3641.89453125,2.447563914320739,5.990569114685059,3686400
R100,Rain,AFLB3,mined_high,9.964995115296915e-06,0.0009435025858692825,-0.006862674374133348,0.007206292822957039,2668.192626953125,1.811625960500141,3.281988620758057,3686400
H001,Haze,AFLB1,conv_feat,0.0121867386624217,0.1499088257551193,-0.5531516671180725,0.551328182220459,151018.3125,171.8551806754745,29534.203125,1305600
H001,Haze,AFLB1,fft_magnitude,0.000334488635417074,0.002557616680860519,7.573297544638535e-09,0.3853618204593658,436.7083435058594,2.947291996599627,8.686530113220215,1305600
H001,Haze,AFLB1,raw_low,0.0,0.0,0.0,0.0,0.0,0.0,0.0,1305600
H001,Haze,AFLB1,raw_high,0.1156696528196335,0.0961337760090828,1.724116032164602e-07,0.5531516075134277,151018.296875,171.8551806754745,29534.203125,1305600
H001,Haze,AFLB1,mined_low,0.08796332031488419,1.442098379135132,-17.18314743041992,14.80636215209961,1268274.75,1650.845238052314,2725290.0,1305600
H001,Haze,AFLB1,mined_high,-0.001238671713508666,0.5545044541358948,-9.681466102600098,11.12621402740479,383669.84375,633.5942116212868,401441.625,1305600
H001,Haze,AFLB2,conv_feat,-0.01848569139838219,0.254923552274704,-0.9077237844467163,0.8036748766899109,516271.25,413.0178945881159,170583.78125,2611200
H001,Haze,AFLB2,fft_magnitude,0.0001635332737350836,0.002185581484809518,3.015293570385325e-09,0.6538904309272766,427.0180969238281,3.541599198241022,12.54292488098145,2611200
H001,Haze,AFLB2,raw_low,0.0,0.0,0.0,0.0,0.0,0.0,0.0,2611200
H001,Haze,AFLB2,raw_high,0.197714164853096,0.1619779020547867,5.621860665883105e-08,0.9077237844467163,516271.21875,413.0178945881159,170583.78125,2611200
H001,Haze,AFLB2,mined_low,0.00711996853351593,0.3745054006576538,-6.583259105682373,6.664848804473877,462084.3125,605.2804618521897,366364.4375,2611200
H001,Haze,AFLB2,mined_high,-0.03392103686928749,0.2021619826555252,-3.874181985855103,3.601528644561768,370276.6875,331.244457500801,109722.890625,2611200
H001,Haze,AFLB3,conv_feat,0.003015188965946436,0.1615128815174103,-0.4504347741603851,0.5950583815574646,686319.375,369.1627774437721,136281.15625,5222400
H001,Haze,AFLB3,fft_magnitude,4.590186290442944e-05,0.0006910786614753306,9.39649691389377e-09,0.4343187212944031,239.7178955078125,1.582772314497314,2.505168199539185,5222400
H001,Haze,AFLB3,raw_low,0.0,0.0,0.0,0.0,0.0,0.0,0.0,5222400
H001,Haze,AFLB3,raw_high,0.1314183920621872,0.09393993020057678,4.101400818967704e-08,0.595058262348175,686319.375,369.1627774437721,136281.15625,5222400
H001,Haze,AFLB3,mined_low,2.300017695233691e-05,0.0006604423397220671,-0.00482063228264451,0.00667418772354722,2627.6845703125,1.510195494495613,2.280690431594849,5222400
H001,Haze,AFLB3,mined_high,-4.262830407242291e-05,0.0007416934822686017,-0.005159567110240459,0.005266230553388596,2994.218994140625,1.697757417040517,2.882380247116089,5222400
H002,Haze,AFLB1,conv_feat,0.009286732412874699,0.1208303794264793,-0.5159122943878174,0.5307595729827881,115877.5078125,138.4714193773394,19174.333984375,1305600
H002,Haze,AFLB1,fft_magnitude,0.0003134110884275287,0.002054568147286773,8.90590001745295e-08,0.2932547330856323,409.1895141601562,2.374765284133175,5.639510154724121,1305600
H002,Haze,AFLB1,raw_low,0.0,0.0,0.0,0.0,0.0,0.0,0.0,1305600
H002,Haze,AFLB1,raw_high,0.08875421434640884,0.0825161263346672,8.451756627891882e-08,0.5307595729827881,115877.5,138.4714123248911,19174.33203125,1305600
H002,Haze,AFLB1,mined_low,0.2113917618989944,1.914712429046631,-15.56790924072266,20.82907295227051,1674787.5,2201.098362181936,4844834.0,1305600
H002,Haze,AFLB1,mined_high,0.004073108080774546,0.528143048286438,-12.73839282989502,14.06383991241455,345881.53125,603.489332962895,364199.375,1305600
H002,Haze,AFLB2,conv_feat,-0.01396660599857569,0.2125123143196106,-0.8956667184829712,0.798857569694519,401347.59375,344.1438879669375,118435.015625,2611200
H002,Haze,AFLB2,fft_magnitude,0.0001534982293378562,0.001819746801629663,3.815677374063853e-08,0.5102840662002563,400.8145751953125,2.951009487125215,8.708456993103027,2611200
H002,Haze,AFLB2,raw_low,0.0,0.0,0.0,0.0,0.0,0.0,0.0,2611200
H002,Haze,AFLB2,raw_high,0.1537023484706879,0.1474182307720184,3.30211458177132e-09,0.8956665992736816,401347.5625,344.1438993175674,118435.0234375,2611200
H002,Haze,AFLB2,mined_low,0.002281314926221967,0.2818625569343567,-5.649089813232422,5.855429172515869,398609.8125,455.4824708482205,207464.28125,2611200
H002,Haze,AFLB2,mined_high,-0.02556437999010086,0.1791705936193466,-3.836604833602905,3.590114831924438,323806.6875,292.4577426740486,85531.53125,2611200
H002,Haze,AFLB3,conv_feat,0.002361966762691736,0.1361617594957352,-0.4536941945552826,0.5926234126091003,539586.1875,311.2114308432452,96852.5546875,5222400
H002,Haze,AFLB3,fft_magnitude,3.930133243557066e-05,0.0005825522821396589,7.971467930190101e-09,0.3412934541702271,205.2472839355469,1.334307875720509,1.780377507209778,5222400
H002,Haze,AFLB3,raw_low,0.0,0.0,0.0,0.0,0.0,0.0,0.0,5222400
H002,Haze,AFLB3,raw_high,0.1033215001225471,0.08871454000473022,9.358390506974956e-09,0.5926233530044556,539586.1875,311.2114182914888,96852.546875,5222400
H002,Haze,AFLB3,mined_low,3.38052814186085e-05,0.000617655401583761,-0.004808082245290279,0.006095057353377342,2436.0771484375,1.4136139806449,1.998304486274719,5222400
H002,Haze,AFLB3,mined_high,-6.962146289879456e-05,0.0009006118052639067,-0.005158495157957077,0.004006982780992985,3688.082275390625,2.064269953661428,4.261210441589355,5222400
H003,Haze,AFLB1,conv_feat,0.01017775572836399,0.1231597810983658,-0.5012506246566772,0.4756720066070557,95886.4609375,123.1001759556521,15153.6533203125,992256
H003,Haze,AFLB1,fft_magnitude,0.0003127022355329245,0.002410892397165298,8.00483022089793e-08,0.305790513753891,310.2806701660156,2.421655755732776,5.864416599273682,992256
H003,Haze,AFLB1,raw_low,0.0,0.0,0.0,0.0,0.0,0.0,0.0,992256
H003,Haze,AFLB1,raw_high,0.09663479030132294,0.07703008502721786,1.356662409079945e-07,0.5012505650520325,95886.453125,123.1001640560442,15153.650390625,992256
H003,Haze,AFLB1,mined_low,0.02645062655210495,1.495375752449036,-17.23423004150391,23.12205505371094,902535.3125,1489.807370098564,2219526.0,992256
H003,Haze,AFLB1,mined_high,-0.007563961204141378,0.7104231119155884,-13.56984424591064,14.76852893829346,366327.875,707.7071251584232,500849.375,992256
H003,Haze,AFLB2,conv_feat,-0.01340064778923988,0.2366893589496613,-0.8270090818405151,0.7134683728218079,362246.0,333.9646781472555,111532.40625,1984512
H003,Haze,AFLB2,fft_magnitude,0.0001494600292062387,0.00232703797519207,1.047233322282182e-08,0.5923748016357422,296.605224609375,3.284916164774183,10.79067420959473,1984512
H003,Haze,AFLB2,raw_low,0.0,0.0,0.0,0.0,0.0,0.0,0.0,1984512
H003,Haze,AFLB2,raw_high,0.1825365424156189,0.151267409324646,5.890855447887589e-08,0.8270090222358704,362245.96875,333.9646781472555,111532.40625,1984512
H003,Haze,AFLB2,mined_low,0.01252714265137911,0.3084841370582581,-5.006237983703613,4.913752555847168,289563.96875,434.9281549865449,189162.5,1984512
H003,Haze,AFLB2,mined_high,-0.07810813933610916,0.2180775701999664,-5.200611114501953,3.268104314804077,353113.65625,326.3224775816095,106486.359375,1984512
H003,Haze,AFLB3,conv_feat,0.003054129425436258,0.1561908721923828,-0.4483397901058197,0.5467388033866882,502531.71875,311.22934168391,96863.703125,3969024
H003,Haze,AFLB3,fft_magnitude,3.842066143988632e-05,0.0007673415821045637,3.027553541201655e-09,0.4132390320301056,152.4925231933594,1.530644355424129,2.342872142791748,3969024
H003,Haze,AFLB3,raw_low,0.0,0.0,0.0,0.0,0.0,0.0,0.0,3969024
H003,Haze,AFLB3,raw_high,0.1266134232282639,0.09150933474302292,3.753273176698713e-07,0.546738862991333,502531.6875,311.22934168391,96863.703125,3969024
H003,Haze,AFLB3,mined_low,2.539607521612197e-05,0.0006610089330933988,-0.004396260250359774,0.004534870386123657,2006.215576171875,1.317860600817342,1.736756563186646,3969024
H003,Haze,AFLB3,mined_high,-5.688246164936572e-05,0.0007515639299526811,-0.004907159134745598,0.003936885390430689,2328.9970703125,1.50157877171936,2.254738807678223,3969024
H004,Haze,AFLB1,conv_feat,0.01399951428174973,0.1737501323223114,-0.6452451348304749,0.6580260992050171,174774.203125,199.1752526043334,39670.78125,1305600
H004,Haze,AFLB1,fft_magnitude,0.000433437671745196,0.002957858145236969,3.646408330837403e-08,0.4402817785739899,565.896240234375,3.415827314662044,11.66787624359131,1305600
H004,Haze,AFLB1,raw_low,0.0,0.0,0.0,0.0,0.0,0.0,0.0,1305600
H004,Haze,AFLB1,raw_high,0.1338650435209274,0.1116478592157364,4.866190650432145e-08,0.6580260396003723,174774.203125,199.1752526043334,39670.78125,1305600
H004,Haze,AFLB1,mined_low,0.266991138458252,1.953359603881836,-15.66232395172119,23.28811264038086,1726278.0,2252.717026170842,5074734.0,1305600
H004,Haze,AFLB1,mined_high,0.001886420883238316,0.4544532001018524,-15.47653293609619,17.52729988098145,310314.21875,519.2756373064309,269647.1875,1305600
H004,Haze,AFLB2,conv_feat,-0.02098160609602928,0.2995339632034302,-1.022817134857178,0.925150990486145,605219.9375,485.2092171166991,235427.984375,2611200
H004,Haze,AFLB2,fft_magnitude,0.0002229200326837599,0.002565108006820083,1.595798693188044e-08,0.7662232518196106,582.0888061523438,4.16063418799508,17.31087684631348,2611200
H004,Haze,AFLB2,raw_low,0.0,0.0,0.0,0.0,0.0,0.0,0.0,2611200
H004,Haze,AFLB2,raw_high,0.231778472661972,0.1908915042877197,4.097824657378624e-08,1.022817015647888,605219.9375,485.2091849140946,235427.953125,2611200
H004,Haze,AFLB2,mined_low,0.01098333392292261,0.3356812596321106,-5.33575439453125,5.372085094451904,436217.4375,542.724636671305,294550.03125,2611200
H004,Haze,AFLB2,mined_high,-0.06049032881855965,0.2006414234638214,-5.083688735961914,4.235658645629883,371361.875,338.6349435601707,114673.625,2611200
H004,Haze,AFLB3,conv_feat,0.00352482171729207,0.1909978240728378,-0.521859347820282,0.657494843006134,809188.8125,436.5534403140124,190578.90625,5222400
H004,Haze,AFLB3,fft_magnitude,6.184855737956241e-05,0.0008166972547769547,1.150723960563482e-08,0.5106461048126221,322.9978942871094,1.871707313936388,3.503288269042969,5222400
H004,Haze,AFLB3,raw_low,0.0,0.0,0.0,0.0,0.0,0.0,0.0,5222400
H004,Haze,AFLB3,raw_high,0.1549457758665085,0.1117336004972458,2.794189413179993e-07,0.6574947834014893,809188.8125,436.5534224181503,190578.890625,5222400
H004,Haze,AFLB3,mined_low,-1.600387258804403e-05,0.0005633925902657211,-0.006035201251506805,0.004977078642696142,2242.86328125,1.288016247255907,1.65898585319519,5222400
H004,Haze,AFLB3,mined_high,-4.462079959921539e-05,0.0007189023308455944,-0.004873199388384819,0.004214682150632143,2892.357666015625,1.646038171439143,2.709441661834717,5222400
H005,Haze,AFLB1,conv_feat,0.01080314815044403,0.1414806842803955,-0.5874851942062378,0.6101913452148438,135708.375,162.1304632367866,26286.287109375,1305600
H005,Haze,AFLB1,fft_magnitude,0.0003504377382341772,0.002408071421086788,9.020710223239803e-08,0.3433204889297485,457.531494140625,2.78051439479867,7.731260299682617,1305600
H005,Haze,AFLB1,raw_low,0.0,0.0,0.0,0.0,0.0,0.0,0.0,1305600
H005,Haze,AFLB1,raw_high,0.1039432883262634,0.09658820927143097,2.212930949596625e-10,0.6101913452148438,135708.359375,162.1304572134736,26286.28515625,1305600
H005,Haze,AFLB1,mined_low,0.1553656309843063,1.620145320892334,-16.09946250915527,21.15945816040039,1384909.875,1859.71671229787,3458546.25,1305600
H005,Haze,AFLB1,mined_high,-0.0005582629819400609,0.5365616083145142,-13.40181064605713,15.83299732208252,349907.09375,613.0909394208986,375880.5,1305600
H005,Haze,AFLB2,conv_feat,-0.01638904958963394,0.2439880520105362,-0.9947585463523865,0.863695502281189,463937.875,395.1538466217936,156146.5625,2611200
H005,Haze,AFLB2,fft_magnitude,0.0001691423240117729,0.002090062014758587,3.10379277834727e-08,0.5899060964584351,441.6644287109375,3.388416045368217,11.48136329650879,2611200
H005,Haze,AFLB2,raw_low,0.0,0.0,0.0,0.0,0.0,0.0,0.0,2611200
H005,Haze,AFLB2,raw_high,0.177672266960144,0.1680218130350113,1.054382625653716e-08,0.9947584867477417,463937.8125,395.1538070802305,156146.53125,2611200
H005,Haze,AFLB2,mined_low,0.01599468849599361,0.3047959208488464,-5.112610340118408,5.241153240203857,413070.0,493.2037326247643,243249.921875,2611200
H005,Haze,AFLB2,mined_high,-0.05863293632864952,0.1997652351856232,-4.959353446960449,4.222742080688477,381436.3125,336.4220284850563,113179.78125,2611200
H005,Haze,AFLB3,conv_feat,0.002681994810700417,0.1560486853122711,-0.4793537259101868,0.6295531988143921,620283.375,356.6640247663058,127209.2265625,5222400
H005,Haze,AFLB3,fft_magnitude,4.342145257396623e-05,0.0006677416968159378,2.974216872786428e-09,0.3922780454158783,226.7641906738281,1.529184310492539,2.338404655456543,5222400
H005,Haze,AFLB3,raw_low,0.0,0.0,0.0,0.0,0.0,0.0,0.0,5222400
H005,Haze,AFLB3,raw_high,0.1187736243009567,0.1012482717633247,2.545090360683844e-08,0.6295531988143921,620283.375,356.6640247663058,127209.2265625,5222400
H005,Haze,AFLB3,mined_low,3.448487041168846e-05,0.0006166427629068494,-0.004297100473195314,0.005663237534463406,2434.2158203125,1.411389136876306,1.992019295692444,5222400
H005,Haze,AFLB3,mined_high,-6.176145689096302e-05,0.0008858430664986372,-0.005801198072731495,0.004344051238149405,3624.5419921875,2.02929335034884,4.11803150177002,5222400
H006,Haze,AFLB1,conv_feat,0.01149333454668522,0.1444527506828308,-0.5721324682235718,0.5801049470901489,152196.375,171.3217345194415,29351.13671875,1397760
H006,Haze,AFLB1,fft_magnitude,0.0002719519252423197,0.002386402105912566,8.553843855452214e-09,0.372080534696579,380.1235046386719,2.839630160898351,8.063499450683594,1397760
H006,Haze,AFLB1,raw_low,0.0,0.0,0.0,0.0,0.0,0.0,0.0,1397760
H006,Haze,AFLB1,raw_high,0.1088859215378761,0.09561669826507568,1.401907070430752e-07,0.5801050066947937,152196.390625,171.3217459197752,29351.140625,1397760
H006,Haze,AFLB1,mined_low,0.3218781650066376,1.970560550689697,-13.3901834487915,20.71690940856934,1891353.0,2360.607866630966,5572469.5,1397760
H006,Haze,AFLB1,mined_high,-0.001445361063815653,0.5826985836029053,-12.43213367462158,16.16945648193359,412687.46875,688.908602428508,474595.0625,1397760
H006,Haze,AFLB2,conv_feat,-0.01850930973887444,0.2358970493078232,-0.9529064297676086,0.8983216285705566,496842.6875,395.6276066264841,156521.203125,2795520
H006,Haze,AFLB2,fft_magnitude,0.0001304069301113486,0.00195664563216269,4.289847055360951e-08,0.600629985332489,364.55517578125,3.278732205748765,10.75008487701416,2795520
H006,Haze,AFLB2,raw_low,0.0,0.0,0.0,0.0,0.0,0.0,0.0,2795520
H006,Haze,AFLB2,raw_high,0.1777281761169434,0.1562136709690094,3.449056862336874e-08,0.9529065489768982,496842.6875,395.6276263735888,156521.21875,2795520
H006,Haze,AFLB2,mined_low,0.01768172904849052,0.2814768850803375,-5.13108491897583,4.988364696502686,404950.625,471.551627608261,222360.9375,2795520
H006,Haze,AFLB2,mined_high,-0.03604568541049957,0.1714827716350555,-3.813028812408447,3.381195545196533,335777.875,292.9816013847969,85838.21875,2795520
H006,Haze,AFLB3,conv_feat,0.002565016504377127,0.146614745259285,-0.4823239743709564,0.6230307221412659,651543.1875,346.7292035941016,120221.140625,5591040
H006,Haze,AFLB3,fft_magnitude,3.107660086243413e-05,0.0006068267393857241,3.158456829410738e-09,0.3888729810714722,173.7505187988281,1.436745155178947,2.064236640930176,5591040
H006,Haze,AFLB3,raw_low,0.0,0.0,0.0,0.0,0.0,0.0,0.0,5591040
H006,Haze,AFLB3,raw_high,0.1165334656834602,0.08900797367095947,2.980238278382785e-08,0.6230306625366211,651543.25,346.729226126094,120221.15625,5591040
H006,Haze,AFLB3,mined_low,2.532350481487811e-05,0.0007746869814582169,-0.005508276168256998,0.005136273335665464,3310.933837890625,1.832755199944827,3.358991622924805,5591040
H006,Haze,AFLB3,mined_high,-6.404992745956406e-05,0.0009892353555187583,-0.006352802738547325,0.004517010878771544,4415.71337890625,2.343982532410097,5.494254112243652,5591040
H007,Haze,AFLB1,conv_feat,0.01221491489559412,0.1521936804056168,-0.651361882686615,0.7269970774650574,152043.0625,174.4600263133363,30436.30078125,1305600
H007,Haze,AFLB1,fft_magnitude,0.0003952140978071839,0.002588495844975114,1.566519358675578e-07,0.3994759917259216,515.9915161132812,2.99196486478973,8.95185375213623,1305600
H007,Haze,AFLB1,raw_low,0.0,0.0,0.0,0.0,0.0,0.0,0.0,1305600
H007,Haze,AFLB1,raw_high,0.116454541683197,0.09874439984560013,1.39699622536682e-07,0.7269971370697021,152043.046875,174.4600263133363,30436.30078125,1305600
H007,Haze,AFLB1,mined_low,0.2093069553375244,1.880500674247742,-17.5223388671875,22.21089935302734,1653993.5,2161.982423610331,4674168.0,1305600
H007,Haze,AFLB1,mined_high,0.002739601070061326,0.7094845175743103,-16.66210556030273,20.41579627990723,453229.8125,810.6833151730706,657207.4375,1305600
H007,Haze,AFLB2,conv_feat,-0.02009654976427555,0.2363732308149338,-0.9555030465126038,0.8708495497703552,478316.96875,383.3384193503177,146948.34375,2611200
H007,Haze,AFLB2,fft_magnitude,0.0001831510453484952,0.002025934169068933,2.924133646331484e-08,0.6037854552268982,478.2440185546875,3.287099655780715,10.80502414703369,2611200
H007,Haze,AFLB2,raw_low,0.0,0.0,0.0,0.0,0.0,0.0,0.0,2611200
H007,Haze,AFLB2,raw_high,0.1831789910793304,0.1507369577884674,3.528451841816604e-08,0.9555031061172485,478316.96875,383.3383989701528,146948.328125,2611200
H007,Haze,AFLB2,mined_low,0.0088701993227005,0.3272370398044586,-6.287042617797852,6.449761867523193,438434.9375,528.9833704853112,279823.40625,2611200
H007,Haze,AFLB2,mined_high,-0.02177364192903042,0.2327409684658051,-5.21196985244751,5.175811290740967,406818.78125,377.7332061124624,142682.375,2611200
H007,Haze,AFLB3,conv_feat,0.002623917069286108,0.1439394056797028,-0.4621397852897644,0.6112126111984253,608148.5625,328.9931847698368,108236.515625,5222400
H007,Haze,AFLB3,fft_magnitude,4.675552918342873e-05,0.0006154641741886735,1.245673075800369e-08,0.3872578144073486,244.1760711669922,1.410546626532297,1.989641785621643,5222400
H007,Haze,AFLB3,raw_low,0.0,0.0,0.0,0.0,0.0,0.0,0.0,5222400
H007,Haze,AFLB3,raw_high,0.1164500191807747,0.08464531600475311,7.695360793036343e-09,0.6112126111984253,608148.5625,328.9931847698368,108236.515625,5222400
H007,Haze,AFLB3,mined_low,2.768586637102999e-05,0.0007614791975356638,-0.006277626845985651,0.006334134377539158,3015.265625,1.741325678443927,3.032215118408203,5222400
H007,Haze,AFLB3,mined_high,-4.587557486956939e-05,0.0008581117144785821,-0.006051679141819477,0.0049816002137959,3448.936767578125,1.963806242450039,3.856534957885742,5222400
H008,Haze,AFLB1,conv_feat,0.01196869276463985,0.1501672714948654,-0.6042596697807312,0.6212626695632935,149007.65625,172.1295558129835,29628.583984375,1305600
H008,Haze,AFLB1,fft_magnitude,0.000360265199560672,0.002558272099122405,6.872064517438048e-08,0.3872823417186737,470.3622436523438,2.951997248961038,8.714287757873535,1305600
H008,Haze,AFLB1,raw_low,0.0,0.0,0.0,0.0,0.0,0.0,0.0,1305600
H008,Haze,AFLB1,raw_high,0.1141296401619911,0.09832540899515152,1.010929437939012e-07,0.6212626099586487,149007.65625,172.129544466152,29628.580078125,1305600
H008,Haze,AFLB1,mined_low,0.4859064817428589,2.10702657699585,-13.84123802185059,21.89510917663574,1926486.0,2470.738857103276,6104550.5,1305600
H008,Haze,AFLB1,mined_high,0.00334298238158226,0.6475316882133484,-15.11427021026611,19.7472095489502,417938.875,739.8980081740996,547449.0625,1305600
H008,Haze,AFLB2,conv_feat,-0.01919182203710079,0.2459670603275299,-1.002559304237366,0.9301919937133789,489196.53125,398.6713480424697,158938.84375,2611200
H008,Haze,AFLB2,fft_magnitude,0.0001750406809151173,0.002108306856825948,9.887358487503661e-09,0.6297858357429504,457.0662231445312,3.418578349656368,11.68667793273926,2611200
H008,Haze,AFLB2,raw_low,0.0,0.0,0.0,0.0,0.0,0.0,0.0,2611200
H008,Haze,AFLB2,raw_high,0.1873454749584198,0.1605297178030014,1.187230136423523e-08,1.002559304237366,489196.5,398.6713284461274,158938.828125,2611200
H008,Haze,AFLB2,mined_low,0.01615209691226482,0.3000711798667908,-5.809543609619141,5.836177349090576,407643.8125,485.5932100276939,235800.765625,2611200
H008,Haze,AFLB2,mined_high,-0.04258188232779503,0.2144485712051392,-5.478277206420898,4.477986335754395,392436.90625,353.2973694354375,124819.03125,2611200
H008,Haze,AFLB3,conv_feat,0.002725619822740555,0.1531373560428619,-0.5263728499412537,0.649273157119751,641286.0,350.0136492874242,122509.5546875,5222400
H008,Haze,AFLB3,fft_magnitude,4.271768921171315e-05,0.0006552840932272375,1.326610821195118e-08,0.409098744392395,223.0888519287109,1.500671157095275,2.252013921737671,5222400
H008,Haze,AFLB3,raw_low,0.0,0.0,0.0,0.0,0.0,0.0,0.0,5222400
H008,Haze,AFLB3,raw_high,0.1227952688932419,0.09154126048088074,2.743947788985679e-07,0.649273157119751,641286.0,350.0136492874242,122509.5546875,5222400
H008,Haze,AFLB3,mined_low,2.722873432503548e-05,0.0008831290761008859,-0.007769693620502949,0.00660602143034339,3518.244873046875,2.019136076582769,4.076910495758057,5222400
H008,Haze,AFLB3,mined_high,-7.550453301519156e-05,0.001009695581160486,-0.006554813124239445,0.005280367098748684,4108.28271484375,2.313856500269434,5.353931903839111,5222400
H009,Haze,AFLB1,conv_feat,0.01122394390404224,0.1488737761974335,-0.627524197101593,0.6532362103462219,139461.28125,170.5901864667191,29101.01171875,1305600
H009,Haze,AFLB1,fft_magnitude,0.0002873015473596752,0.002544239861890674,1.75307768301991e-08,0.3663918375968933,375.1008911132812,2.92559740535547,8.559120178222656,1305600
H009,Haze,AFLB1,raw_low,0.0,0.0,0.0,0.0,0.0,0.0,0.0,1305600
H009,Haze,AFLB1,raw_high,0.1068177670240402,0.1043040677905083,1.215173739410602e-08,0.6532361507415771,139461.28125,170.5901750174963,29101.0078125,1305600
H009,Haze,AFLB1,mined_low,0.5099892020225525,2.034818887710571,-17.12436103820801,26.74530601501465,1887090.25,2396.954943256131,5745393.0,1305600
H009,Haze,AFLB1,mined_high,-0.001354267471469939,0.4544231295585632,-11.73398303985596,12.62577056884766,305121.1875,519.2391669548822,269609.3125,1305600
H009,Haze,AFLB2,conv_feat,-0.018553851172328,0.2363953143358231,-1.027345657348633,0.9257450103759766,449792.0625,383.1708577775716,146819.90625,2611200
H009,Haze,AFLB2,fft_magnitude,0.0001333330728812143,0.002028930466622114,1.757329748386383e-08,0.5843227505683899,348.1593017578125,3.285662780974079,10.79557991027832,2611200
H009,Haze,AFLB2,raw_low,0.0,0.0,0.0,0.0,0.0,0.0,0.0,2611200
H009,Haze,AFLB2,raw_high,0.1722549051046371,0.1629577577114105,1.144084027515646e-08,1.027345418930054,449792.0,383.1708577775716,146819.90625,2611200
H009,Haze,AFLB2,mined_low,0.01968913339078426,0.2701019942760468,-4.88441276550293,5.024003505706787,365227.75,437.6215009857262,191512.578125,2611200
H009,Haze,AFLB2,mined_high,-0.06977088749408722,0.1642557829618454,-3.816245079040527,4.069056034088135,331600.1875,288.3770589436684,83161.328125,2611200
H009,Haze,AFLB3,conv_feat,0.002390994224697351,0.1450272649526596,-0.4929500222206116,0.6458135843276978,584073.25,331.46962059139,109872.109375,5222400
H009,Haze,AFLB3,fft_magnitude,3.140129774692468e-05,0.0006210904684849083,1.051043163613485e-08,0.3739384710788727,163.9901428222656,1.421164282610253,2.019707918167114,5222400
H009,Haze,AFLB3,raw_low,0.0,0.0,0.0,0.0,0.0,0.0,0.0,5222400
H009,Haze,AFLB3,raw_high,0.1118399947881699,0.09236037731170654,3.915481627814188e-08,0.6458135843276978,584073.1875,331.4696088067502,109872.1015625,5222400
H009,Haze,AFLB3,mined_low,3.724456473719329e-05,0.000807888456620276,-0.005608951672911644,0.006478237453848124,3188.725830078125,1.84819368123218,3.415819883346558,5222400
H009,Haze,AFLB3,mined_high,-8.926335431169719e-05,0.001033707638271153,-0.005511816591024399,0.004951872862875462,4287.6123046875,2.371078667129231,5.622014045715332,5222400
H010,Haze,AFLB1,conv_feat,0.01146677322685719,0.1442497223615646,-0.5216915011405945,0.5433351993560791,141944.828125,165.3437942969134,27338.5703125,1305600
H010,Haze,AFLB1,fft_magnitude,0.0003025254409294575,0.002463157521560788,6.197296897880733e-08,0.3696115612983704,394.9772338867188,2.835622554556869,8.040755271911621,1305600
H010,Haze,AFLB1,raw_low,0.0,0.0,0.0,0.0,0.0,0.0,0.0,1305600
H010,Haze,AFLB1,raw_high,0.1087199971079826,0.09549570828676224,2.319405645323513e-08,0.5433353185653687,141944.828125,165.3437824844043,27338.56640625,1305600
H010,Haze,AFLB1,mined_low,0.5934461355209351,2.359843730926514,-16.93047142028809,26.09289932250977,2184763.5,2780.379740251321,7730511.5,1305600
H010,Haze,AFLB1,mined_high,0.001952337799593806,0.6200097799301147,-15.18975067138672,17.28096199035645,412534.53125,708.4444006060038,501893.46875,1305600
H010,Haze,AFLB2,conv_feat,-0.01829059235751629,0.2377120405435562,-0.9069880843162537,0.8569247722625732,467000.75,385.2592471310714,148424.6875,2611200
H010,Haze,AFLB2,fft_magnitude,0.0001465932000428438,0.002039126353338361,6.311079991938584e-10,0.6021141409873962,382.7841796875,3.303570497726251,10.91357803344727,2611200
H010,Haze,AFLB2,raw_low,0.0,0.0,0.0,0.0,0.0,0.0,0.0,2611200
H010,Haze,AFLB2,raw_high,0.1788452565670013,0.1576576381921768,3.578861651476473e-08,0.9069880247116089,467000.71875,385.2592268525181,148424.671875,2611200
H010,Haze,AFLB2,mined_low,0.01243697386234999,0.3123995661735535,-6.542715549468994,6.652429103851318,397019.25,505.2128573680603,255240.03125,2611200
H010,Haze,AFLB2,mined_high,-0.02892004884779453,0.1877098977565765,-4.28709077835083,4.434388637542725,331728.0625,306.903193715054,94189.5703125,2611200
H010,Haze,AFLB3,conv_feat,0.002600061474367976,0.1483171880245209,-0.455435186624527,0.5964547395706177,614332.25,338.9949759952203,114917.59375,5222400
H010,Haze,AFLB3,fft_magnitude,3.677004133351147e-05,0.0006349385366775095,4.22019397205986e-09,0.3916682600975037,192.0278625488281,1.453428913452795,2.112455606460571,5222400
H010,Haze,AFLB3,raw_low,0.0,0.0,0.0,0.0,0.0,0.0,0.0,5222400
H010,Haze,AFLB3,raw_high,0.1176340878009796,0.09037128835916519,1.671737663855311e-07,0.5964546799659729,614332.25,338.9949759952203,114917.59375,5222400
H010,Haze,AFLB3,mined_low,3.472844036878087e-05,0.0006384883890859783,-0.004558640066534281,0.004803984891623259,2527.128173828125,1.461266791620033,2.135300636291504,5222400
H010,Haze,AFLB3,mined_high,-5.096388122183271e-05,0.0009293973562307656,-0.005286914762109518,0.004343381151556969,3810.77197265625,2.127102765160505,4.524566173553467,5222400
H011,Haze,AFLB1,conv_feat,0.0104051111266017,0.1331866383552551,-0.5629698038101196,0.575537919998169,131563.328125,152.6465548354269,23300.970703125,1305600
H011,Haze,AFLB1,fft_magnitude,0.0004252623184584081,0.002251278143376112,1.963447004982299e-08,0.3283359408378601,555.2224731445312,2.617866724041728,6.853226184844971,1305600
H011,Haze,AFLB1,raw_low,0.0,0.0,0.0,0.0,0.0,0.0,0.0,1305600
H011,Haze,AFLB1,raw_high,0.1007684841752052,0.08770778775215149,1.175628270289053e-07,0.5755378603935242,131563.328125,152.6465548354269,23300.970703125,1305600
H011,Haze,AFLB1,mined_low,0.3307044208049774,1.976147413253784,-15.69543933868408,22.38477325439453,1746689.25,2289.402105354147,5241362.0,1305600
H011,Haze,AFLB1,mined_high,0.005127066746354103,0.5547257661819458,-15.52155494689941,17.70405578613281,359003.71875,633.8725966233278,401794.46875,1305600
H011,Haze,AFLB2,conv_feat,-0.0157740656286478,0.2319780290126801,-0.9608220458030701,0.8860030174255371,452249.90625,375.7237391022824,141168.328125,2611200
H011,Haze,AFLB2,fft_magnitude,0.0002145467296941206,0.001982211600989103,8.025303088743385e-08,0.572293221950531,560.2244262695312,3.221804456558286,10.38002395629883,2611200
H011,Haze,AFLB2,raw_low,0.0,0.0,0.0,0.0,0.0,0.0,0.0,2611200
H011,Haze,AFLB2,raw_high,0.1731961816549301,0.1551312655210495,2.69086051218892e-08,0.9608218669891357,452249.875,375.7237391022824,141168.328125,2611200
H011,Haze,AFLB2,mined_low,0.006598671432584524,0.2819204032421112,-5.488921165466309,5.71854305267334,390555.53125,455.6857984126782,207649.546875,2611200
H011,Haze,AFLB2,mined_high,-0.04035657644271851,0.1801133900880814,-4.872134685516357,4.550004005432129,329074.09375,298.2653757562215,88962.234375,2611200
H011,Haze,AFLB3,conv_feat,0.002572734607383609,0.1484038531780243,-0.4773796796798706,0.6563735604286194,601017.125,339.1919050294391,115051.1484375,5222400
H011,Haze,AFLB3,fft_magnitude,5.81601016165223e-05,0.0006337085505947471,1.013712669362121e-08,0.3794459998607635,303.7353210449219,1.454273139458679,2.114910364151001,5222400
H011,Haze,AFLB3,raw_low,0.0,0.0,0.0,0.0,0.0,0.0,0.0,5222400
H011,Haze,AFLB3,raw_high,0.1150844544172287,0.0937330573797226,1.387849266620833e-07,0.6563735604286194,601017.0625,339.1918935130968,115051.140625,5222400
H011,Haze,AFLB3,mined_low,3.125473449472338e-05,0.0006889458163641393,-0.005594442598521709,0.004601362161338329,2759.64111328125,1.576037697830128,2.483894824981689,5222400
H011,Haze,AFLB3,mined_high,-6.258091161726043e-05,0.0008989510824903846,-0.005736042279750109,0.004915744066238403,3659.3642578125,2.059306243999053,4.240742206573486,5222400
H012,Haze,AFLB1,conv_feat,0.01111599151045084,0.1454820781946182,-0.5388957262039185,0.5575680136680603,166615.640625,182.6287965895576,33353.27734375,1566720
H012,Haze,AFLB1,fft_magnitude,0.0003278661461081356,0.002260596957057714,6.645939976124282e-08,0.3586090803146362,513.6744384765625,2.859164871249353,8.174823760986328,1566720
H012,Haze,AFLB1,raw_low,0.0,0.0,0.0,0.0,0.0,0.0,0.0,1566720
H012,Haze,AFLB1,raw_high,0.1063467860221863,0.09989476948976517,8.575235455055008e-08,0.5575681328773499,166615.640625,182.6288072840646,33353.28125,1566720
H012,Haze,AFLB1,mined_low,0.2363220602273941,1.718427777290344,-16.60025596618652,19.94806671142578,1833469.75,2171.177906114559,4714013.5,1566720
H012,Haze,AFLB1,mined_high,0.002331599360331893,0.6215349435806274,-14.82388401031494,16.90083122253418,495945.5625,777.9726457273417,605241.4375,1566720
H012,Haze,AFLB2,conv_feat,-0.01776006072759628,0.2415862679481506,-0.9175667762756348,0.8664531111717224,548303.625,428.7985759654526,183868.21875,3133440
H012,Haze,AFLB2,fft_magnitude,0.0001587652368471026,0.001889534876681864,9.836917058692052e-09,0.5884767174720764,497.4813232421875,3.356551150089768,11.26643562316895,3133440
H012,Haze,AFLB2,raw_low,0.0,0.0,0.0,0.0,0.0,0.0,0.0,3133440
H012,Haze,AFLB2,raw_high,0.1749845743179321,0.167510449886322,3.854528074498376e-08,0.9175668358802795,548303.6875,428.7985941849623,183868.234375,3133440
H012,Haze,AFLB2,mined_low,0.005762037355452776,0.301308810710907,-5.838953971862793,5.720363140106201,457001.71875,533.4600500506107,284579.625,3133440
H012,Haze,AFLB2,mined_high,-0.05423907563090324,0.1971258521080017,-5.35145092010498,4.146358489990234,461183.1875,361.9106092151762,130979.2890625,3133440
H012,Haze,AFLB3,conv_feat,0.002528263023123145,0.1512964963912964,-0.4585950076580048,0.6021390557289124,720534.5,378.8045340277753,143492.875,6266880
H012,Haze,AFLB3,fft_magnitude,4.021681161248125e-05,0.0005908752791583538,8.651198868392385e-09,0.3824657499790192,252.033935546875,1.482603923892555,2.198114395141602,6266880
H012,Haze,AFLB3,raw_low,0.0,0.0,0.0,0.0,0.0,0.0,0.0,6266880
H012,Haze,AFLB3,raw_high,0.1149749979376793,0.09837567061185837,1.206071544856968e-07,0.6021391153335571,720534.5,378.8045752759594,143492.90625,6266880
H012,Haze,AFLB3,mined_low,3.274457412771881e-05,0.0005795080796815455,-0.00461418554186821,0.004313211888074875,2698.4541015625,1.453039351369541,2.111323356628418,6266880
H012,Haze,AFLB3,mined_high,-2.836385829141364e-05,0.0008974557276815176,-0.005834368988871574,0.005443570204079151,4408.9658203125,2.247788932312933,5.052555084228516,6266880
H013,Haze,AFLB1,conv_feat,0.0124185448512435,0.1540997922420502,-0.5863558053970337,0.6036617159843445,228155.34375,214.9035666729382,46183.54296875,1932288
H013,Haze,AFLB1,fft_magnitude,0.0002382740349275991,0.002166337799280882,6.578483890962161e-08,0.3943802714347839,460.4140625,3.029516609333982,9.177970886230469,1932288
H013,Haze,AFLB1,raw_low,0.0,0.0,0.0,0.0,0.0,0.0,0.0,1932288
H013,Haze,AFLB1,raw_high,0.1180752292275429,0.09979582577943802,1.397826991933471e-07,0.6036615967750549,228155.34375,214.9035757613167,46183.546875,1932288
H013,Haze,AFLB1,mined_low,0.3251574039459229,1.792295813560486,-13.55969142913818,16.90536880493164,2352806.75,2532.080369972486,6411431.0,1932288
H013,Haze,AFLB1,mined_high,0.001238319324329495,0.5356530547142029,-10.95762729644775,12.81095027923584,541387.5625,744.5959474775565,554423.125,1932288
H013,Haze,AFLB2,conv_feat,-0.01887851022183895,0.2667670845985413,-0.9706452488899231,0.8576966524124146,784508.3125,525.736299155765,276398.65625,3864576
H013,Haze,AFLB2,fft_magnitude,0.0001203968859044835,0.001881174510344863,2.903201057335991e-08,0.6771281957626343,465.2829284667969,3.705677810423886,13.73204803466797,3864576
H013,Haze,AFLB2,raw_low,0.0,0.0,0.0,0.0,0.0,0.0,0.0,3864576
H013,Haze,AFLB2,raw_high,0.2029998451471329,0.1741038411855698,7.793410361500719e-11,0.9706452488899231,784508.3125,525.736328875987,276398.6875,3864576
H013,Haze,AFLB2,mined_low,0.01337907649576664,0.3146720826625824,-5.62929630279541,5.526471614837646,575670.5625,619.1577949117656,383356.375,3864576
H013,Haze,AFLB2,mined_high,-0.04566891118884087,0.1761257201433182,-4.541041851043701,4.606863498687744,484058.0,357.6874836187311,127940.3359375,3864576
H013,Haze,AFLB3,conv_feat,0.003122285706922412,0.1699553281068802,-0.4731370210647583,0.6263613104820251,1050433.0,472.5785318335991,223330.46875,7729152
H013,Haze,AFLB3,fft_magnitude,3.133146674372256e-05,0.0005982503644190729,5.59507773445489e-09,0.4499936699867249,242.1656646728516,1.665496351702453,2.77387809753418,7729152
H013,Haze,AFLB3,raw_low,0.0,0.0,0.0,0.0,0.0,0.0,0.0,7729152
H013,Haze,AFLB3,raw_high,0.1359053403139114,0.1020994707942009,3.170030993260298e-08,0.6263611316680908,1050433.0,472.5785153019549,223330.453125,7729152
H013,Haze,AFLB3,mined_low,1.530547524453141e-05,0.0006328075542114675,-0.005540438462048769,0.004443660844117403,3662.836181640625,1.759805185633295,3.096914291381836,7729152
H013,Haze,AFLB3,mined_high,-5.320527998264879e-05,0.0008317334577441216,-0.005379277747124434,0.004165400750935078,5056.32275390625,2.317057783286305,5.368756771087646,7729152
H014,Haze,AFLB1,conv_feat,0.01104724127799273,0.1402304023504257,-0.5600832104682922,0.5607187151908875,138131.328125,160.7277030609534,25833.39453125,1305600
H014,Haze,AFLB1,fft_magnitude,0.0003600394120439887,0.002385363914072514,1.732013430455481e-07,0.3560444712638855,470.0674743652344,2.756457290293628,7.598056793212891,1305600
H014,Haze,AFLB1,raw_low,0.0,0.0,0.0,0.0,0.0,0.0,0.0,1305600
H014,Haze,AFLB1,raw_high,0.1057991161942482,0.09269924461841583,1.031518781502427e-08,0.5607186555862427,138131.328125,160.7276969850716,25833.392578125,1305600
H014,Haze,AFLB1,mined_low,0.1745743751525879,1.777470231056213,-21.51789665222168,19.15976715087891,1557205.125,2040.760274995571,4164702.5,1305600
H014,Haze,AFLB1,mined_high,0.00487845903262496,0.6392868161201477,-15.07618999481201,18.51400756835938,408927.34375,730.48866349862,533613.6875,1305600
H014,Haze,AFLB2,conv_feat,-0.01768101751804352,0.233110174536705,-0.9234589338302612,0.8557156920433044,457096.8125,377.7695436704764,142709.828125,2611200
H014,Haze,AFLB2,fft_magnitude,0.0001734872930683196,0.001997123705223203,2.871463777864847e-08,0.5883451104164124,453.010009765625,3.239347165117124,10.49337005615234,2611200
H014,Haze,AFLB2,raw_low,0.0,0.0,0.0,0.0,0.0,0.0,0.0,2611200
H014,Haze,AFLB2,raw_high,0.1750523895025253,0.1549504101276398,6.521349682486743e-09,0.9234589338302612,457096.8125,377.7695436704764,142709.828125,2611200
H014,Haze,AFLB2,mined_low,0.002759144641458988,0.269574761390686,-5.024765014648438,5.325108051300049,375368.8125,435.6342897144347,189777.234375,2611200
H014,Haze,AFLB2,mined_high,-0.01628843508660793,0.1743240207433701,-3.799565553665161,4.010348796844482,308070.21875,282.9208287003627,80044.1953125,2611200
H014,Haze,AFLB3,conv_feat,0.002520395442843437,0.1457743644714355,-0.4572120904922485,0.6036884188652039,599954.9375,333.1816790431311,111010.03125,5222400
H014,Haze,AFLB3,fft_magnitude,4.435521623236127e-05,0.0006235201144590974,8.709062804257428e-09,0.3822073042392731,231.6406860351562,1.428504579546741,2.040625333786011,5222400
H014,Haze,AFLB3,raw_low,0.0,0.0,0.0,0.0,0.0,0.0,0.0,5222400
H014,Haze,AFLB3,raw_high,0.1148810759186745,0.08977111428976059,6.497932503179982e-08,0.6036883592605591,599954.9375,333.1816555949622,111010.015625,5222400
H014,Haze,AFLB3,mined_low,4.078052006661892e-05,0.0006946584326215088,-0.00495309429243207,0.005785773973912001,2761.719482421875,1.590206320469956,2.528756141662598,5222400
H014,Haze,AFLB3,mined_high,-6.066668356652372e-05,0.000863095570821315,-0.005028211046010256,0.004347131587564945,3535.78564453125,1.977261687240951,3.909563779830933,5222400
H015,Haze,AFLB1,conv_feat,0.01285402290523052,0.1645165532827377,-0.5902969837188721,0.6131749153137207,160435.859375,188.5542237991502,35552.6953125,1305600
H015,Haze,AFLB1,fft_magnitude,0.0003506134089548141,0.002808231627568603,1.854943576518053e-07,0.4195665717124939,457.7608642578125,3.233678180618112,10.45667457580566,1305600
H015,Haze,AFLB1,raw_low,0.0,0.0,0.0,0.0,0.0,0.0,0.0,1305600
H015,Haze,AFLB1,raw_high,0.1228828430175781,0.1101395785808563,3.385687818990846e-08,0.6131748557090759,160435.84375,188.5542237991502,35552.6953125,1305600
H015,Haze,AFLB1,mined_low,0.2634661793708801,1.712529420852661,-15.93403053283691,20.94156646728516,1450918.125,1979.80674561938,3919634.75,1305600
H015,Haze,AFLB1,mined_high,-0.001779962796717882,0.6028169989585876,-12.85975742340088,16.39304161071777,396250.1875,688.798886649797,474443.90625,1305600
H015,Haze,AFLB2,conv_feat,-0.02113354578614235,0.2654960155487061,-0.9772936701774597,0.8441330194473267,517920.3125,430.3775776861522,185224.859375,2611200
H015,Haze,AFLB2,fft_magnitude,0.0001680121058598161,0.002277622232213616,5.674695202628754e-08,0.6669264435768127,438.7132263183594,3.690457208939123,13.61947441101074,2611200
H015,Haze,AFLB2,raw_low,0.0,0.0,0.0,0.0,0.0,0.0,0.0,2611200
H015,Haze,AFLB2,raw_high,0.1983457058668137,0.1777462959289551,2.276179067450812e-08,0.9772936105728149,517920.3125,430.3775776861522,185224.859375,2611200
H015,Haze,AFLB2,mined_low,0.01291298773139715,0.3082413971424103,-4.878745079040527,5.160534858703613,399756.0,498.5305751656562,248532.734375,2611200
H015,Haze,AFLB2,mined_high,-0.03756773844361305,0.1892665475606918,-4.451106548309326,4.583043575286865,345271.0,311.8063927543821,97223.2265625,2611200
H015,Haze,AFLB3,conv_feat,0.002801347989588976,0.1642042249441147,-0.4691853225231171,0.6195343732833862,671120.25,375.3035021819008,140852.71875,5222400
H015,Haze,AFLB3,fft_magnitude,4.322103268350475e-05,0.0007027944666333497,3.014551941404875e-09,0.4283718168735504,225.7175140380859,1.609100318356097,2.589203834533691,5222400
H015,Haze,AFLB3,raw_low,0.0,0.0,0.0,0.0,0.0,0.0,0.0,5222400
H015,Haze,AFLB3,raw_high,0.1285080164670944,0.1022573560476303,6.43250928078487e-08,0.619534432888031,671120.25,375.303460548927,140852.6875,5222400
H015,Haze,AFLB3,mined_low,3.918803122360259e-05,0.0006109566893428564,-0.004952420014888048,0.00574774295091629,2403.828125,1.399062203617503,1.957375049591064,5222400
H015,Haze,AFLB3,mined_high,-5.361226794775575e-05,0.0008835399057716131,-0.005274659488350153,0.004350041039288044,3607.177978515625,2.022829649363544,4.091839790344238,5222400
H016,Haze,AFLB1,conv_feat,0.01222385559231043,0.1593012362718582,-0.5657021403312683,0.5869650840759277,152237.8125,182.5572470144639,33327.1484375,1305600
H016,Haze,AFLB1,fft_magnitude,0.0003142096975352615,0.002721949480473995,1.292985842837879e-07,0.3973541557788849,410.232177734375,3.130830742032201,9.802101135253906,1305600
H016,Haze,AFLB1,raw_low,0.0,0.0,0.0,0.0,0.0,0.0,0.0,1305600
H016,Haze,AFLB1,raw_high,0.1166037172079086,0.109223984181881,1.122913033668738e-07,0.5869649648666382,152237.8125,182.5572363157648,33327.14453125,1305600
H016,Haze,AFLB1,mined_low,0.3151977360248566,1.699267029762268,-12.91370677947998,17.23783111572266,1556998.375,1974.750996961389,3899641.5,1305600
H016,Haze,AFLB1,mined_high,-0.0005876577342860401,0.5123462080955505,-12.04989624023438,15.37754535675049,347183.5625,585.4218030616898,342718.6875,1305600
H016,Haze,AFLB2,conv_feat,-0.01988127455115318,0.2602799832820892,-0.9724598526954651,0.8879598379135132,497990.65625,421.8170330546172,177929.609375,2611200
H016,Haze,AFLB2,fft_magnitude,0.0001497199555160478,0.002233371138572693,3.739034326599722e-08,0.6433503031730652,390.94873046875,3.617051189976869,13.08305931091309,2611200
H016,Haze,AFLB2,raw_low,0.0,0.0,0.0,0.0,0.0,0.0,0.0,2611200
H016,Haze,AFLB2,raw_high,0.1907133162021637,0.1782395988702774,4.09852152216672e-09,0.9724598526954651,497990.625,421.8170145335534,177929.59375,2611200
H016,Haze,AFLB2,mined_low,0.01697003096342087,0.2875540554523468,-5.363348960876465,5.692675113677979,390212.125,465.4730456750423,216665.15625,2611200
H016,Haze,AFLB2,mined_high,-0.03260509297251701,0.1869965046644211,-5.332335472106934,3.951845169067383,338562.21875,306.7304649443873,94083.578125,2611200
H016,Haze,AFLB3,conv_feat,0.002726524835452437,0.1616926342248917,-0.4820991158485413,0.6315810084342957,651206.8125,369.5617548191371,136575.890625,5222400
H016,Haze,AFLB3,fft_magnitude,3.757860395126045e-05,0.000692330882884562,8.389725358881606e-09,0.4156517386436462,196.2505035400391,1.58448288830479,2.510586023330688,5222400
H016,Haze,AFLB3,raw_low,0.0,0.0,0.0,0.0,0.0,0.0,0.0,5222400
H016,Haze,AFLB3,raw_high,0.1246949210762978,0.1029714345932007,8.578575716455816e-08,0.6315809488296509,651206.75,369.5617548191371,136575.890625,5222400
H016,Haze,AFLB3,mined_low,4.829205863643438e-05,0.0006807646714150906,-0.004885264672338963,0.006030627992004156,2713.03076171875,1.559631843284666,2.432451486587524,5222400
H016,Haze,AFLB3,mined_high,-6.752325862180442e-05,0.000969710061326623,-0.005700438749045134,0.004471953026950359,3995.603515625,2.221402691351745,4.934629917144775,5222400
H017,Haze,AFLB1,conv_feat,0.01110114995390177,0.1523557901382446,-0.6785361766815186,0.6911396980285645,138790.5,174.5475792495416,30466.857421875,1305600
H017,Haze,AFLB1,fft_magnitude,0.0002378213393967599,0.002608990063890815,2.45080276073395e-08,0.3711743652820587,310.4995422363281,2.993466096608647,8.96083927154541,1305600
H017,Haze,AFLB1,raw_low,0.0,0.0,0.0,0.0,0.0,0.0,0.0,1305600
H017,Haze,AFLB1,raw_high,0.1063039973378181,0.1097040623426437,3.773011769681034e-08,0.6911397576332092,138790.5,174.5475736547203,30466.85546875,1305600
H017,Haze,AFLB1,mined_low,0.1217668130993843,1.650129914283752,-15.10759544372559,17.53790664672852,1439193.875,1890.612136319874,3574414.25,1305600
H017,Haze,AFLB1,mined_high,-0.004190980456769466,0.5726785659790039,-11.17453861236572,13.2446870803833,385221.3125,654.3763729689513,428208.4375,1305600
H017,Haze,AFLB2,conv_feat,-0.01936626993119717,0.2256706953048706,-1.051232218742371,0.8957909345626831,425217.84375,366.0062969062145,133960.609375,2611200
H017,Haze,AFLB2,fft_magnitude,0.0001012946449918672,0.001939579378813505,9.240181064740227e-09,0.5530670881271362,264.5005798339844,3.138478014976094,9.850044250488281,2611200
H017,Haze,AFLB2,raw_low,0.0,0.0,0.0,0.0,0.0,0.0,0.0,2611200
H017,Haze,AFLB2,raw_high,0.1628438383340836,0.1574299782514572,7.460452700058795e-09,1.051232218742371,425217.84375,366.0062755609526,133960.59375,2611200
H017,Haze,AFLB2,mined_low,0.02236182801425457,0.2454690635204315,-4.560266971588135,4.760935306549072,331429.21875,398.301079586787,158643.75,2611200
H017,Haze,AFLB2,mined_high,-0.1176294758915901,0.1602686792612076,-3.635177850723267,3.401827335357666,406571.71875,321.2503404667456,103201.78125,2611200
H017,Haze,AFLB3,conv_feat,0.002105660270899534,0.1339360326528549,-0.483295738697052,0.6342902779579163,533225.3125,306.1161059344967,93707.0703125,5222400
H017,Haze,AFLB3,fft_magnitude,2.084549487335607e-05,0.0005739385378547013,2.399260567997885e-09,0.3436596691608429,108.8635101318359,1.312461897887351,1.722556233406067,5222400
H017,Haze,AFLB3,raw_low,0.0,0.0,0.0,0.0,0.0,0.0,0.0,5222400
H017,Haze,AFLB3,raw_high,0.1021035015583038,0.08670738339424133,5.175925021916328e-09,0.6342902779579163,533225.3125,306.1160931738153,93707.0625,5222400
H017,Haze,AFLB3,mined_low,1.520340629213024e-05,0.0007034032023511827,-0.005217288620769978,0.004210189450532198,2775.119140625,1.607832604700551,2.585125684738159,5222400
H017,Haze,AFLB3,mined_high,-9.079124720301479e-05,0.001075657200999558,-0.00591754587367177,0.004648194182664156,4530.1474609375,2.46689391077456,6.085565567016602,5222400
H018,Haze,AFLB1,conv_feat,0.00851517729461193,0.12386504560709,-0.6574486494064331,0.6536728143692017,105583.359375,141.86576924817,20125.896484375,1305600
H018,Haze,AFLB1,fft_magnitude,0.0002970352943520993,0.002108461456373334,1.693076967512752e-07,0.2742717564105988,387.8092651367188,2.432977932185115,5.919381618499756,1305600
H018,Haze,AFLB1,raw_low,0.0,0.0,0.0,0.0,0.0,0.0,0.0,1305600
H018,Haze,AFLB1,raw_high,0.08086960762739182,0.09420807659626007,1.010657602051879e-08,0.6574485301971436,105583.359375,141.86576924817,20125.896484375,1305600
H018,Haze,AFLB1,mined_low,0.2629754841327667,1.511767148971558,-12.25822257995605,14.64212036132812,1347491.125,1753.328334910492,3074160.25,1305600
H018,Haze,AFLB1,mined_high,0.0001383112394250929,0.6470189690589905,-11.57247638702393,13.46117496490479,418021.8125,739.3023738633605,546568.0,1305600
H018,Haze,AFLB2,conv_feat,-0.01339796464890242,0.2057344913482666,-1.03502368927002,0.8760404586791992,350321.65625,333.1548532589612,110992.15625,2611200
H018,Haze,AFLB2,fft_magnitude,0.0001416219602106139,0.001762213883921504,6.854390832700119e-09,0.4471871256828308,369.8032531738281,2.856778993597811,8.161186218261719,2611200
H018,Haze,AFLB2,raw_low,0.0,0.0,0.0,0.0,0.0,0.0,0.0,2611200
H018,Haze,AFLB2,raw_high,0.1341611444950104,0.1565470099449158,1.590485787517082e-08,1.03502368927002,350321.59375,333.154841533933,110992.1484375,2611200
H018,Haze,AFLB2,mined_low,0.01393611263483763,0.3163270056247711,-5.081651210784912,4.807596206665039,384296.21875,511.6552183844117,261791.0625,2611200
H018,Haze,AFLB2,mined_high,-0.09207585453987122,0.1761464923620224,-5.913759231567383,3.980163097381592,384040.71875,321.1804642642513,103156.890625,2611200
H018,Haze,AFLB3,conv_feat,0.002006326336413622,0.1286266446113586,-0.486718475818634,0.6388658285140991,461874.21875,293.9807072751544,86424.65625,5222400
H018,Haze,AFLB3,fft_magnitude,3.201868457836099e-05,0.0005506190937012434,6.991720535864943e-10,0.2937692701816559,167.2143859863281,1.260431820276557,1.588688373565674,5222400
H018,Haze,AFLB3,raw_low,0.0,0.0,0.0,0.0,0.0,0.0,0.0,5222400
H018,Haze,AFLB3,raw_high,0.08844097703695297,0.09341858327388763,1.654198733547219e-08,0.6388658881187439,461874.15625,293.9807072751544,86424.65625,5222400
H018,Haze,AFLB3,mined_low,3.336722875246778e-05,0.0006952662370167673,-0.004922720137983561,0.003826150903478265,2733.062255859375,1.59069081827925,2.53029727935791,5222400
H018,Haze,AFLB3,mined_high,-7.526965055149049e-05,0.00101022026501596,-0.005625942721962929,0.004347554873675108,4204.8076171875,2.315012005636834,5.359280586242676,5222400
H019,Haze,AFLB1,conv_feat,0.01104442775249481,0.1384519785642624,-0.5585172772407532,0.5716173052787781,137390.09375,158.701721251299,25186.236328125,1305600
H019,Haze,AFLB1,fft_magnitude,0.0003285282291471958,0.002359209815040231,1.28397971366212e-07,0.3531422317028046,428.9264526367188,2.721711924033166,7.407715797424316,1305600
H019,Haze,AFLB1,raw_low,0.0,0.0,0.0,0.0,0.0,0.0,0.0,1305600
H019,Haze,AFLB1,raw_high,0.1052313596010208,0.09064924716949463,3.830525585613032e-08,0.5716172456741333,137390.0625,158.7017150978527,25186.234375,1305600
H019,Haze,AFLB1,mined_low,0.2373238652944565,1.715682983398438,-15.60831451416016,23.49104118347168,1455690.75,1979.054572264242,3916657.0,1305600
H019,Haze,AFLB1,mined_high,0.001971813617274165,0.6770044565200806,-14.54471015930176,15.94328784942627,453243.03125,773.5679107227755,598407.3125,1305600
H019,Haze,AFLB2,conv_feat,-0.01715398393571377,0.2338714301586151,-0.9257312417030334,0.8259245157241821,462630.875,378.9329178759745,143590.15625,2611200
H019,Haze,AFLB2,fft_magnitude,0.0001616199297131971,0.00200431258417666,2.445510993709377e-08,0.5922676920890808,422.02197265625,3.24932282068584,10.55809879302979,2611200
H019,Haze,AFLB2,raw_low,0.0,0.0,0.0,0.0,0.0,0.0,0.0,2611200
H019,Haze,AFLB2,raw_high,0.1771717518568039,0.1536238044500351,4.618944338119491e-09,0.9257310628890991,462630.875,378.9328972588683,143590.140625,2611200
H019,Haze,AFLB2,mined_low,0.005720554850995541,0.3408476412296295,-6.867242336273193,6.916205406188965,405535.03125,550.8603498165393,303447.125,2611200
H019,Haze,AFLB2,mined_high,-0.03388762101531029,0.1979601979255676,-4.434792995452881,4.391673564910889,365298.09375,324.5411424226519,105326.953125,2611200
H019,Haze,AFLB3,conv_feat,0.002651396207511425,0.1474887877702713,-0.4550618231296539,0.6023588180541992,613396.25,337.1042471365498,113639.2734375,5222400
H019,Haze,AFLB3,fft_magnitude,4.206744415569119e-05,0.0006310544558800757,8.253682182157718e-09,0.3896789848804474,219.6930236816406,1.445322397559016,2.088956832885742,5222400
H019,Haze,AFLB3,raw_low,0.0,0.0,0.0,0.0,0.0,0.0,0.0,5222400
H019,Haze,AFLB3,raw_high,0.11745485663414,0.0892430767416954,1.300398224657329e-07,0.6023587584495544,613396.25,337.1042239612254,113639.2578125,5222400
H019,Haze,AFLB3,mined_low,3.404770905035548e-05,0.0007245441083796322,-0.005501820705831051,0.004948251415044069,2905.03515625,1.657596760337749,2.747627019882202,5222400
H019,Haze,AFLB3,mined_high,-5.288282409310341e-05,0.0008448351873084903,-0.00550837442278862,0.004154280293732882,3475.124755859375,1.934444294367787,3.742074728012085,5222400
H020,Haze,AFLB1,conv_feat,0.01041790191084146,0.1377726495265961,-0.6345968842506409,0.6508722901344299,130520.0,157.8723772545406,24923.6875,1305600
H020,Haze,AFLB1,fft_magnitude,0.0003573796420823783,0.002342421095818281,8.815383267801735e-08,0.3313919603824615,466.5948486328125,2.707488842885707,7.330495834350586,1305600
H020,Haze,AFLB1,raw_low,0.0,0.0,0.0,0.0,0.0,0.0,0.0,1305600
H020,Haze,AFLB1,raw_high,0.09996936470270157,0.09537273645401001,1.248876344561722e-07,0.6508722901344299,130520.0,157.8723772545406,24923.6875,1305600
H020,Haze,AFLB1,mined_low,0.4240002334117889,2.06120228767395,-14.85430335998535,21.71341323852539,1833289.375,2404.501923476045,5781629.5,1305600
H020,Haze,AFLB1,mined_high,0.002120630349963903,0.546100378036499,-11.90591907501221,14.28508377075195,370650.4375,623.9945913227133,389369.25,1305600
H020,Haze,AFLB2,conv_feat,-0.01595423929393291,0.2363296002149582,-1.01978862285614,0.8973006010055542,446366.53125,382.7591442408659,146504.5625,2611200
H020,Haze,AFLB2,fft_magnitude,0.0001694001402938738,0.002024045679718256,2.00989394016915e-08,0.5691971182823181,442.337646484375,3.28213242064112,10.77239322662354,2611200
H020,Haze,AFLB2,raw_low,0.0,0.0,0.0,0.0,0.0,0.0,0.0,2611200
H020,Haze,AFLB2,raw_high,0.1709430664777756,0.1639654934406281,1.808757232879543e-08,1.01978874206543,446366.53125,382.7591238298572,146504.546875,2611200
H020,Haze,AFLB2,mined_low,0.007458291947841644,0.3185752332210541,-4.851378440856934,4.885054111480713,387397.8125,514.9333694760905,265156.375,2611200
H020,Haze,AFLB2,mined_high,-0.0698949471116066,0.1854225993156433,-4.737092971801758,3.538964986801147,374574.96875,320.2086599976647,102533.5859375,2611200
H020,Haze,AFLB3,conv_feat,0.002568356692790985,0.1501664370298386,-0.473841518163681,0.6346138119697571,595879.0625,343.2191013951584,117799.3515625,5222400
H020,Haze,AFLB3,fft_magnitude,4.22388402512297e-05,0.0006425405736081302,1.142706285151007e-08,0.3775668144226074,220.5881195068359,1.471539790054618,2.165429353713989,5222400
H020,Haze,AFLB3,raw_low,0.0,0.0,0.0,0.0,0.0,0.0,0.0,5222400
H020,Haze,AFLB3,raw_high,0.1141006052494049,0.09766065329313278,5.777689082719917e-08,0.6346138715744019,595879.0,343.2191013951584,117799.3515625,5222400
H020,Haze,AFLB3,mined_low,3.249713699915446e-05,0.0006958243320696056,-0.00547143304720521,0.004264660645276308,2771.6083984375,1.591870714592978,2.53405237197876,5222400
H020,Haze,AFLB3,mined_high,-5.831148155266419e-05,0.0008753174333833158,-0.005618820432573557,0.004210299346596003,3608.3427734375,2.004759132966696,4.019059181213379,5222400
H021,Haze,AFLB1,conv_feat,0.01064970437437296,0.1369206607341766,-0.6517614722251892,0.6874703764915466,132713.71875,156.921980017141,24624.5078125,1305600
H021,Haze,AFLB1,fft_magnitude,0.000378665397875011,0.002324622822925448,5.104962497171073e-08,0.3354747593402863,494.3855590820312,2.691189562043168,7.242501258850098,1305600
H021,Haze,AFLB1,raw_low,0.0,0.0,0.0,0.0,0.0,0.0,0.0,1305600
H021,Haze,AFLB1,raw_high,0.1016495898365974,0.0923473909497261,1.028002571956677e-07,0.6874701976776123,132713.703125,156.9219675706687,24624.50390625,1305600
H021,Haze,AFLB1,mined_low,0.4559188187122345,1.94236171245575,-17.4492244720459,25.23955726623535,1726598.25,2279.717416698833,5197111.5,1305600
H021,Haze,AFLB1,mined_high,0.001850705011747777,0.5695985555648804,-16.07459449768066,17.30617904663086,369312.96875,650.8430110249321,423596.625,1305600
H021,Haze,AFLB2,conv_feat,-0.01604223065078259,0.2381376177072525,-0.9875817894935608,0.8604556918144226,459387.75,385.6836867823165,148751.90625,2611200
H021,Haze,AFLB2,fft_magnitude,0.0001854141883086413,0.00203822529874742,3.261160586021106e-08,0.5808407068252563,484.1535339355469,3.307210189336353,10.9376392364502,2611200
H021,Haze,AFLB2,raw_low,0.0,0.0,0.0,0.0,0.0,0.0,0.0,2611200
H021,Haze,AFLB2,raw_high,0.1759297400712967,0.1612935215234756,7.012655789395694e-09,0.987581729888916,459387.71875,385.6836665260794,148751.890625,2611200
H021,Haze,AFLB2,mined_low,0.003294970840215683,0.2955588400363922,-5.9157395362854,5.823519229888916,395286.75,477.6293509354298,228129.796875,2611200
H021,Haze,AFLB2,mined_high,-0.04671631008386612,0.1818528920412064,-5.007733821868896,3.87739086151123,345857.1875,303.4012916089844,92052.34375,2611200
H021,Haze,AFLB3,conv_feat,0.002694441471248865,0.1517249494791031,-0.4902691841125488,0.6480362415313721,613792.4375,346.7852136049056,120259.984375,5222400
H021,Haze,AFLB3,fft_magnitude,4.590848766383715e-05,0.0006489962106570601,3.410199678199888e-09,0.3877775371074677,239.7524871826172,1.486829234601883,2.210661172866821,5222400
H021,Haze,AFLB3,raw_low,0.0,0.0,0.0,0.0,0.0,0.0,0.0,5222400
H021,Haze,AFLB3,raw_high,0.1175307184457779,0.09599088877439499,1.424969156005318e-07,0.6480361223220825,613792.4375,346.785191076551,120259.96875,5222400
H021,Haze,AFLB3,mined_low,2.934663825726602e-05,0.0006497094291262329,-0.005784755572676659,0.005234572570770979,2576.754150390625,1.486267008383332,2.20898962020874,5222400
H021,Haze,AFLB3,mined_high,-4.632038690033369e-05,0.0008407121058553457,-0.0057030925527215,0.005495796445757151,3413.561279296875,1.924157129029759,3.702380657196045,5222400
H022,Haze,AFLB1,conv_feat,0.01091202348470688,0.1403692066669464,-0.6287955641746521,0.6529512405395508,138265.109375,160.8737737909756,25880.37109375,1305600
H022,Haze,AFLB1,fft_magnitude,0.0004401078331284225,0.002374126808717847,3.439008366967755e-07,0.3536641001701355,574.6047973632812,2.758962418502467,7.611873626708984,1305600
H022,Haze,AFLB1,raw_low,0.0,0.0,0.0,0.0,0.0,0.0,0.0,1305600
H022,Haze,AFLB1,raw_high,0.1059015765786171,0.09277629852294922,1.524043469203207e-08,0.6529512405395508,138265.09375,160.8737677206107,25880.369140625,1305600
H022,Haze,AFLB1,mined_low,0.2779563665390015,1.762753009796143,-15.01517391204834,19.45156097412109,1563577.125,2039.058361106911,4157759.0,1305600
H022,Haze,AFLB1,mined_high,0.007070689462125301,0.7030652165412903,-18.95305824279785,19.68467140197754,455027.40625,803.3829644073865,645424.1875,1305600
H022,Haze,AFLB2,conv_feat,-0.01772680878639221,0.2288006991147995,-1.030920743942261,0.9025728702545166,448055.875,370.8318141354649,137516.234375,2611200
H022,Haze,AFLB2,fft_magnitude,0.0002193288237322122,0.001955568324774504,3.011552962561836e-08,0.5734104514122009,572.71142578125,3.179856654361192,10.11148834228516,2611200
H022,Haze,AFLB2,raw_low,0.0,0.0,0.0,0.0,0.0,0.0,0.0,2611200
H022,Haze,AFLB2,raw_high,0.1715900152921677,0.152383953332901,3.061758491185174e-08,1.030920743942261,448055.84375,370.8318141354649,137516.234375,2611200
H022,Haze,AFLB2,mined_low,0.003347425721585751,0.2929994165897369,-5.052658081054688,5.085250854492188,378012.15625,473.4947366391732,224197.265625,2611200
H022,Haze,AFLB2,mined_high,-0.06955267488956451,0.1980355232954025,-4.90126371383667,4.185196399688721,387210.875,339.1726606759454,115038.09375,2611200
H022,Haze,AFLB3,conv_feat,0.00237638596445322,0.1429563462734222,-0.498440146446228,0.6527757048606873,579978.875,326.7371482744195,106757.1640625,5222400
H022,Haze,AFLB3,fft_magnitude,5.778579725301825e-05,0.0006102752522565424,3.06463654453637e-09,0.3693382441997528,301.7805480957031,1.40087388557287,1.962447643280029,5222400
H022,Haze,AFLB3,raw_low,0.0,0.0,0.0,0.0,0.0,0.0,0.0,5222400
H022,Haze,AFLB3,raw_high,0.1110560074448586,0.09004847705364227,5.135187386429152e-09,0.652775764465332,579978.875,326.7371482744195,106757.1640625,5222400
H022,Haze,AFLB3,mined_low,4.318928768043406e-05,0.0007507051923312247,-0.005870535504072905,0.005099471658468246,3013.86669921875,1.718391172926091,2.952868223190308,5222400
H022,Haze,AFLB3,mined_high,-5.186807902646251e-05,0.000812757876701653,-0.006576579064130783,0.004989163018763065,3310.116943359375,1.861139117768762,3.463838815689087,5222400
H023,Haze,AFLB1,conv_feat,0.01033918466418982,0.1329116821289062,-0.6184350252151489,0.6918313503265381,132392.0625,152.3274895168302,23203.6640625,1305600
H023,Haze,AFLB1,fft_magnitude,0.0004429252003319561,0.00224298844113946,2.469491278134228e-07,0.3290805518627167,578.2831420898438,2.61239485825684,6.824606895446777,1305600
H023,Haze,AFLB1,raw_low,0.0,0.0,0.0,0.0,0.0,0.0,0.0,1305600
H023,Haze,AFLB1,raw_high,0.1014032363891602,0.08654361963272095,7.171392724103498e-08,0.6918313503265381,132392.0625,152.3274766949482,23203.66015625,1305600
H023,Haze,AFLB1,mined_low,0.2135618627071381,1.821368932723999,-16.3901538848877,21.0591926574707,1552492.625,2095.405450026319,4390724.0,1305600
H023,Haze,AFLB1,mined_high,0.001223540864884853,0.7106843590736389,-15.38499355316162,16.90796852111816,461114.8125,812.0494135211231,659424.25,1305600
H023,Haze,AFLB2,conv_feat,-0.01623613759875298,0.2255015224218369,-0.9892900586128235,0.8796610236167908,447626.40625,365.3358899697647,133470.3125,2611200
H023,Haze,AFLB2,fft_magnitude,0.0002199994778493419,0.001926141907460988,4.080018101149108e-08,0.5750192999839783,574.462646484375,3.132729089249637,9.81399154663086,2611200
H023,Haze,AFLB2,raw_low,0.0,0.0,0.0,0.0,0.0,0.0,0.0,2611200
H023,Haze,AFLB2,raw_high,0.17142553627491,0.1474035978317261,4.206798465133943e-09,0.9892899990081787,447626.375,365.3358685853334,133470.296875,2611200
H023,Haze,AFLB2,mined_low,0.004058214370161295,0.3437555134296417,-6.34910249710083,6.299472332000732,450631.40625,555.5204204167476,308602.9375,2611200
H023,Haze,AFLB2,mined_high,-0.01254794839769602,0.2198083102703094,-5.108080387115479,5.500699996948242,391860.9375,355.7711035553618,126573.078125,2611200
H023,Haze,AFLB3,conv_feat,0.002380756428465247,0.1433151364326477,-0.4938401281833649,0.6369017958641052,591038.75,327.5571276510404,107293.671875,5222400
H023,Haze,AFLB3,fft_magnitude,5.699506073142402e-05,0.000611894647590816,8.539068119262083e-09,0.3741414844989777,297.6510009765625,1.404389570675866,1.972310066223145,5222400
H023,Haze,AFLB3,raw_low,0.0,0.0,0.0,0.0,0.0,0.0,0.0,5222400
H023,Haze,AFLB3,raw_high,0.11317378282547,0.08795789629220963,2.054087344660616e-09,0.6369017362594604,591038.75,327.5571157256395,107293.6640625,5222400
H023,Haze,AFLB3,mined_low,3.458481296547689e-05,0.0006621567881666124,-0.005148118361830711,0.005719971843063831,2613.509033203125,1.515261104984245,2.296016216278076,5222400
H023,Haze,AFLB3,mined_high,-5.304342266754247e-05,0.0008164027240127325,-0.007040868978947401,0.005247729364782572,3307.102294921875,1.86962380536814,3.495493173599243,5222400
H024,Haze,AFLB1,conv_feat,0.0102614788338542,0.1322529762983322,-0.5188199877738953,0.5458589196205139,127931.671875,151.5702188756089,22973.53125,1305600
H024,Haze,AFLB1,fft_magnitude,0.0002835269551724195,0.002257199492305517,6.570535049377213e-08,0.3245794773101807,370.1727905273438,2.59940759805765,6.756919860839844,1305600
H024,Haze,AFLB1,raw_low,0.0,0.0,0.0,0.0,0.0,0.0,0.0,1305600
H024,Haze,AFLB1,raw_high,0.09798688441514969,0.08941318839788437,4.613553983290331e-08,0.5458589792251587,127931.671875,151.5701995466952,22973.525390625,1305600
H024,Haze,AFLB1,mined_low,0.3920852541923523,1.842002868652344,-15.72934246063232,20.2768726348877,1645612.5,2151.878016988881,4630579.0,1305600
H024,Haze,AFLB1,mined_high,-0.0001159847452072427,0.5640186667442322,-13.40268611907959,16.94412422180176,371676.0625,644.4638760240949,415333.6875,1305600
H024,Haze,AFLB2,conv_feat,-0.0159189235419035,0.2292311936616898,-0.9511698484420776,0.8693817853927612,438605.625,371.3115479284209,137872.265625,2611200
H024,Haze,AFLB2,fft_magnitude,0.0001355584390694275,0.001965706702321768,3.204625897978985e-08,0.5721779465675354,353.97021484375,3.183970273458989,10.13766670227051,2611200
H024,Haze,AFLB2,raw_low,0.0,0.0,0.0,0.0,0.0,0.0,0.0,2611200
H024,Haze,AFLB2,raw_high,0.1679709106683731,0.1567996442317963,3.670436399261234e-08,0.9511697888374329,438605.625,371.3115479284209,137872.265625,2611200
H024,Haze,AFLB2,mined_low,0.01091394387185574,0.3090850412845612,-5.756226539611816,5.717666149139404,391931.8125,499.7682275315229,249768.28125,2611200
H024,Haze,AFLB2,mined_high,-0.01844734698534012,0.1949683129787445,-4.362322807312012,4.417243957519531,354961.34375,316.4604536905046,100147.21875,2611200
H024,Haze,AFLB3,conv_feat,0.002423284109681845,0.1461120992898941,-0.4736805856227875,0.6210915446281433,589998.75,333.9496242886044,111522.3515625,5222400
H024,Haze,AFLB3,fft_magnitude,3.258296419517137e-05,0.0006256887572817504,3.326734665520803e-09,0.3751663267612457,170.1612701416016,1.431797159544292,2.050043106079102,5222400
H024,Haze,AFLB3,raw_low,0.0,0.0,0.0,0.0,0.0,0.0,0.0,5222400
H024,Haze,AFLB3,raw_high,0.1129746288061142,0.09268952161073685,2.813754740316199e-08,0.6210914850234985,589998.6875,333.9496125914806,111522.34375,5222400
H024,Haze,AFLB3,mined_low,4.817005537915975e-05,0.0007271561771631241,-0.005557304248213768,0.005432263482362032,2916.061767578125,1.665380824300409,2.77349328994751,5222400
H024,Haze,AFLB3,mined_high,-7.685481250518933e-05,0.0009152671555057168,-0.005449350923299789,0.004395932890474796,3732.328125,2.098981783020439,4.40572452545166,5222400
H025,Haze,AFLB1,conv_feat,0.0125341834500432,0.1611590683460236,-0.5721821188926697,0.5961403250694275,155521.921875,184.701046457512,34114.4765625,1305600
H025,Haze,AFLB1,fft_magnitude,0.0002935661759693176,0.002756614005193114,4.978740619776545e-08,0.4037712812423706,383.2799987792969,3.167596797532906,10.03366947174072,1305600
H025,Haze,AFLB1,raw_low,0.0,0.0,0.0,0.0,0.0,0.0,0.0,1305600
H025,Haze,AFLB1,raw_high,0.1191191077232361,0.1092702373862267,3.209002841231268e-08,0.5961401462554932,155521.90625,184.701046457512,34114.4765625,1305600
H025,Haze,AFLB1,mined_low,0.3197413682937622,1.716671824455261,-18.50567817687988,18.38041877746582,1619542.25,1995.252177044295,3981031.25,1305600
H025,Haze,AFLB1,mined_high,-0.002623208565637469,0.4923909902572632,-16.60443687438965,12.42104148864746,349262.5,562.6280132112158,316550.28125,1305600
H025,Haze,AFLB2,conv_feat,-0.01996740885078907,0.2681888341903687,-0.9838913679122925,0.9290295243263245,517756.5625,434.5714124283833,188852.3125,2611200
H025,Haze,AFLB2,fft_magnitude,0.0001399024185957387,0.002301817759871483,2.605828797186405e-08,0.6698927879333496,365.3132019042969,3.726418802301873,13.88619709014893,2611200
H025,Haze,AFLB2,raw_low,0.0,0.0,0.0,0.0,0.0,0.0,0.0,2611200
H025,Haze,AFLB2,raw_high,0.1982829719781876,0.1816804856061935,8.34179125774881e-09,0.9838912487030029,517756.5,434.5713944509003,188852.296875,2611200
H025,Haze,AFLB2,mined_low,0.009723049588501453,0.298863559961319,-4.407737731933594,4.567937850952148,387692.21875,483.1953862052079,233477.78125,2611200
H025,Haze,AFLB2,mined_high,-0.03133742138743401,0.1853934824466705,-5.458693504333496,4.12407922744751,342920.75,303.8308277232579,92313.171875,2611200
H025,Haze,AFLB3,conv_feat,0.002893142402172089,0.1678360402584076,-0.4898232221603394,0.6439456343650818,685170.3125,383.6054695256573,147153.15625,5222400
H025,Haze,AFLB3,fft_magnitude,3.51012495229952e-05,0.0007188414456322789,4.705590583853336e-09,0.4366596639156342,183.3127746582031,1.644694847976242,2.705021142959595,5222400
H025,Haze,AFLB3,raw_low,0.0,0.0,0.0,0.0,0.0,0.0,0.0,5222400
H025,Haze,AFLB3,raw_high,0.1311983615159988,0.1047105342149734,7.207333396763715e-08,0.6439456343650818,685170.3125,383.6054695256573,147153.15625,5222400
H025,Haze,AFLB3,mined_low,4.339687438914552e-05,0.0006364157306961715,-0.004491838160902262,0.005299361888319254,2543.1787109375,1.457750894403944,2.125037670135498,5222400
H025,Haze,AFLB3,mined_high,-5.783553206129e-05,0.000952039728872478,-0.005785634741187096,0.004282491747289896,3913.563232421875,2.179666389171682,4.750945568084717,5222400
H026,Haze,AFLB1,conv_feat,0.01160609535872936,0.1483807116746902,-0.5707509517669678,0.608854353427887,145927.25,170.0618913072532,28921.046875,1305600
H026,Haze,AFLB1,fft_magnitude,0.0004592223849613219,0.00251083099283278,2.062002977254451e-07,0.3717974126338959,599.5607299804688,2.916537218400183,8.506189346313477,1305600
H026,Haze,AFLB1,raw_low,0.0,0.0,0.0,0.0,0.0,0.0,0.0,1305600
H026,Haze,AFLB1,raw_high,0.1117702573537827,0.0982799381017685,7.845568639197609e-09,0.6088542342185974,145927.25,170.0618798224635,28921.04296875,1305600
H026,Haze,AFLB1,mined_low,0.1801333874464035,1.867297530174255,-38.49463272094727,23.51029586791992,1607028.875,2143.532248416151,4594730.5,1305600
H026,Haze,AFLB1,mined_high,-0.000285973452264443,0.6167717576026917,-17.82575416564941,18.40019416809082,406761.96875,704.7411093798913,496660.03125,1305600
H026,Haze,AFLB2,conv_feat,-0.0184774324297905,0.2469870895147324,-0.9752414226531982,0.8918229341506958,482490.90625,400.2268692566755,160181.546875,2611200
H026,Haze,AFLB2,fft_magnitude,0.0002380049991188571,0.002110437024384737,7.37640561965236e-08,0.6222315430641174,621.4786376953125,3.431916991619366,11.77805423736572,2611200
H026,Haze,AFLB2,raw_low,0.0,0.0,0.0,0.0,0.0,0.0,0.0,2611200
H026,Haze,AFLB2,raw_high,0.1847774386405945,0.1649282574653625,1.76354504333176e-08,0.9752411842346191,482490.84375,400.2268497364963,160181.53125,2611200
H026,Haze,AFLB2,mined_low,0.004478153772652149,0.2686046957969666,-5.579193115234375,5.575846672058105,369946.25,434.1042321551358,188446.484375,2611200
H026,Haze,AFLB2,mined_high,-0.07551881670951843,0.1792335510253906,-3.470962285995483,4.288913726806641,364621.84375,314.2862324975436,98775.8359375,2611200
H026,Haze,AFLB3,conv_feat,0.002609336748719215,0.1555111706256866,-0.4847407341003418,0.6447821855545044,634484.9375,355.4330215561013,126332.6328125,5222400
H026,Haze,AFLB3,fft_magnitude,6.495563866337761e-05,0.0006636713515035808,5.023834681594508e-09,0.4037106335163116,339.2243347167969,1.523906459520854,2.322290897369385,5222400
H026,Haze,AFLB3,raw_low,0.0,0.0,0.0,0.0,0.0,0.0,0.0,5222400
H026,Haze,AFLB3,raw_high,0.1214929670095444,0.0971081405878067,1.215465488257905e-07,0.6447821259498596,634484.875,355.4330215561013,126332.6328125,5222400
H026,Haze,AFLB3,mined_low,3.176450991304591e-05,0.0006862428854219615,-0.005004430655390024,0.004747774451971054,2701.872314453125,1.569920581096677,2.464650630950928,5222400
H026,Haze,AFLB3,mined_high,-5.155907638254575e-05,0.0008758011972531676,-0.005551565438508987,0.004683425184339285,3581.544189453125,2.004896131379287,4.019608497619629,5222400
H027,Haze,AFLB1,conv_feat,0.01189857069402933,0.1540670692920685,-0.6273313760757446,0.6275483965873718,150970.09375,176.5656526267213,31175.4296875,1305600
H027,Haze,AFLB1,fft_magnitude,0.0004458539187908173,0.002612321870401502,2.067141622319468e-07,0.3885258138179779,582.1068725585938,3.028075925825017,9.169243812561035,1305600
H027,Haze,AFLB1,raw_low,0.0,0.0,0.0,0.0,0.0,0.0,0.0,1305600
H027,Haze,AFLB1,raw_high,0.1156327277421951,0.102505162358284,5.31030295292112e-08,0.627548336982727,150970.09375,176.5656415649715,31175.42578125,1305600
H027,Haze,AFLB1,mined_low,0.3712671399116516,2.140382051467896,-21.17178726196289,25.13817024230957,1930167.5,2482.181298777347,6161224.0,1305600
H027,Haze,AFLB1,mined_high,0.003091268008574843,0.7457080483436584,-18.76601219177246,22.16588973999023,462413.375,852.074637282439,726031.1875,1305600
H027,Haze,AFLB2,conv_feat,-0.01976900920271873,0.2488671243190765,-1.030277729034424,0.9132565855979919,484003.5,403.4163675720161,162744.765625,2611200
H027,Haze,AFLB2,fft_magnitude,0.0002246396034024656,0.002128921216353774,8.390230021859679e-08,0.6247173547744751,586.5789184570312,3.459266552004893,11.96652507781982,2611200
H027,Haze,AFLB2,raw_low,0.0,0.0,0.0,0.0,0.0,0.0,0.0,2611200
H027,Haze,AFLB2,raw_high,0.1853566914796829,0.1672379970550537,3.85486416121239e-08,1.030277729034424,484003.40625,403.4163482061678,162744.75,2611200
H027,Haze,AFLB2,mined_low,0.007378179579973221,0.3053339421749115,-6.473803520202637,6.361554145812988,385681.0,493.5394804369758,243581.21875,2611200
H027,Haze,AFLB2,mined_high,-0.06177039071917534,0.1868235915899277,-4.912583351135254,4.940830230712891,359182.40625,317.9655789153914,101102.109375,2611200
H027,Haze,AFLB3,conv_feat,0.00249307812191546,0.1543594598770142,-0.496283233165741,0.6522029042243958,622998.1875,352.7970822583429,124465.78125,5222400
H027,Haze,AFLB3,fft_magnitude,5.83851506235078e-05,0.0006593169528059661,3.746286836303625e-09,0.3975525498390198,304.9106140136719,1.51260491945162,2.287973642349243,5222400
H027,Haze,AFLB3,raw_low,0.0,0.0,0.0,0.0,0.0,0.0,0.0,5222400
H027,Haze,AFLB3,raw_high,0.1192934662103653,0.09799044579267502,5.105558198437166e-09,0.6522027254104614,622998.1875,352.7970601138848,124465.765625,5222400
H027,Haze,AFLB3,mined_low,4.049655399285257e-05,0.0006494669942185283,-0.004884555004537106,0.005853297654539347,2558.07177734375,1.487081609917167,2.211411714553833,5222400
H027,Haze,AFLB3,mined_high,-4.98419176437892e-05,0.0008496718946844339,-0.005692909006029367,0.004722047131508589,3487.534423828125,1.945056638015588,3.783245325088501,5222400
H028,Haze,AFLB1,conv_feat,0.01229671109467745,0.1526178568601608,-0.5923634767532349,0.6233375668525696,275492.75,234.7209280454131,55093.9140625,2350080
H028,Haze,AFLB1,fft_magnitude,0.0002493875508662313,0.001941244467161596,1.492917505174773e-07,0.397049605846405,586.0806884765625,3.000379061592823,9.002274513244629,2350080
H028,Haze,AFLB1,raw_low,0.0,0.0,0.0,0.0,0.0,0.0,0.0,2350080
H028,Haze,AFLB1,raw_high,0.1172269806265831,0.09849495440721512,1.295330864792277e-08,0.6233375668525696,275492.78125,234.7209280454131,55093.9140625,2350080
H028,Haze,AFLB1,mined_low,0.2186491787433624,1.720617175102234,-17.0390739440918,25.12602424621582,2604032.5,2658.913029792438,7069818.5,2350080
H028,Haze,AFLB1,mined_high,-0.004167517647147179,0.5103868246078491,-11.92696762084961,13.07346248626709,637968.25,782.4475621407482,612224.1875,2350080
H028,Haze,AFLB2,conv_feat,-0.01978890411555767,0.2509869337081909,-0.9332342743873596,0.8459744453430176,904641.0625,545.8246341545973,297924.53125,4700160
H028,Haze,AFLB2,fft_magnitude,0.0001257456024177372,0.001604209304787219,2.535643517376229e-08,0.653701663017273,591.0244750976562,3.488570078546815,12.17012119293213,4700160
H028,Haze,AFLB2,raw_low,0.0,0.0,0.0,0.0,0.0,0.0,0.0,4700160
H028,Haze,AFLB2,raw_high,0.1924702674150467,0.1622998416423798,3.477980570210093e-09,0.9332343339920044,904641.0625,545.824662781007,297924.5625,4700160
H028,Haze,AFLB2,mined_low,0.01236160006374121,0.2815292477607727,-5.700265884399414,5.723918914794922,705188.3125,610.9393382325286,373246.875,4700160
H028,Haze,AFLB2,mined_high,-0.0386696420609951,0.1888869553804398,-4.371086597442627,5.115174770355225,602935.875,417.9975515777575,174721.953125,4700160
H028,Haze,AFLB3,conv_feat,0.002765293465927243,0.1566671878099442,-0.4625392854213715,0.6254846453666687,1189920.5,480.4154777377598,230799.03125,9400320
H028,Haze,AFLB3,fft_magnitude,3.52526330971159e-05,0.0004994948976673186,1.424879503275633e-08,0.4222503304481506,331.3860473632812,1.535257738947096,2.357016324996948,9400320
H028,Haze,AFLB3,raw_low,0.0,0.0,0.0,0.0,0.0,0.0,0.0,9400320
H028,Haze,AFLB3,raw_high,0.1265829801559448,0.09235259890556335,4.052062152481994e-08,0.6254847049713135,1189920.5,480.4154777377598,230799.03125,9400320
H028,Haze,AFLB3,mined_low,-5.137305379321333e-06,0.0007276269607245922,-0.006098986137658358,0.004958203062415123,5255.73193359375,2.230955588527521,4.977162837982178,9400320
H028,Haze,AFLB3,mined_high,-5.66112830711063e-05,0.000936774245928973,-0.005520240403711796,0.004673379007726908,6889.66552734375,2.877384192342802,8.279339790344238,9400320
H029,Haze,AFLB1,conv_feat,0.01396184228360653,0.172096386551857,-0.5407087206840515,0.5634776949882507,309197.0625,264.6900457374625,70060.8203125,2350080
H029,Haze,AFLB1,fft_magnitude,0.0001980375818675384,0.00219819019548595,3.350326593931641e-08,0.4481793642044067,465.4041748046875,3.383466767434403,11.44784736633301,2350080
H029,Haze,AFLB1,raw_low,0.0,0.0,0.0,0.0,0.0,0.0,0.0,2350080
H029,Haze,AFLB1,raw_high,0.1315687447786331,0.1118113100528717,5.541540204490047e-08,0.5634777545928955,309197.0625,264.6900604952895,70060.828125,2350080
H029,Haze,AFLB1,mined_low,0.2621929943561554,1.420751214027405,-13.32640171051025,18.59030151367188,2204966.0,2214.78520403221,4905273.5,2350080
H029,Haze,AFLB1,mined_high,-0.00568857416510582,0.5863756537437439,-13.38883590698242,13.01408004760742,747530.4375,898.9544969018176,808119.1875,2350080
H029,Haze,AFLB2,conv_feat,-0.02184883318841457,0.2881308794021606,-0.9276642799377441,0.8754087686538696,1030830.125,626.456852065647,392448.1875,4700160
H029,Haze,AFLB2,fft_magnitude,9.267670975532383e-05,0.001844512764364481,1.324849829842378e-08,0.7390312552452087,435.5953674316406,4.00392077931815,16.03138160705566,4700160
H029,Haze,AFLB2,raw_low,0.0,0.0,0.0,0.0,0.0,0.0,0.0,4700160
H029,Haze,AFLB2,raw_high,0.2193180918693542,0.1881392151117325,1.249168057881889e-08,0.9276642799377441,1030830.125,626.456901949368,392448.25,4700160
H029,Haze,AFLB2,mined_low,0.01341256313025951,0.3833630979061127,-8.781705856323242,9.17995834350586,769479.8125,831.6340090448442,691615.125,4700160
H029,Haze,AFLB2,mined_high,-0.02159141376614571,0.1860976219177246,-5.480561256408691,7.168940544128418,572978.75,406.1633176752918,164968.640625,4700160
H029,Haze,AFLB3,conv_feat,0.003340366296470165,0.1807041317224503,-0.4760487079620361,0.6082012057304382,1370951.5,554.1324864145757,307062.8125,9400320
H029,Haze,AFLB3,fft_magnitude,2.2005327991792e-05,0.0005771532305516303,1.48043566294831e-09,0.4851987063884735,206.8571319580078,1.770834200989754,3.13585376739502,9400320
H029,Haze,AFLB3,raw_low,0.0,0.0,0.0,0.0,0.0,0.0,0.0,9400320
H029,Haze,AFLB3,raw_high,0.1458409577608109,0.10674998909235,1.490120205005496e-08,0.6082010865211487,1370951.625,554.1324864145757,307062.8125,9400320
H029,Haze,AFLB3,mined_low,2.957333163067233e-05,0.0005459688254632056,-0.005865559913218021,0.004719522316008806,3805.677978515625,1.676391206009486,2.810287475585938,9400320
H029,Haze,AFLB3,mined_high,-3.280965029262006e-05,0.0008699914324097335,-0.006761146243661642,0.005144594702869654,6432.38427734375,2.669284836647085,7.125081539154053,9400320
H030,Haze,AFLB1,conv_feat,0.0109754791483283,0.1390817910432816,-0.4915803372859955,0.5134304165840149,135557.953125,159.412887653414,25412.46875,1305600
H030,Haze,AFLB1,fft_magnitude,0.0002236189611721784,0.002382175764068961,9.46362064269124e-08,0.3521981835365295,291.9569091796875,2.73390839001446,7.474255084991455,1305600
H030,Haze,AFLB1,raw_low,0.0,0.0,0.0,0.0,0.0,0.0,0.0,1305600
H030,Haze,AFLB1,raw_high,0.1038280799984932,0.09318763017654419,4.339445069945214e-08,0.5134303569793701,135557.9375,159.4128754014242,25412.46484375,1305600
H030,Haze,AFLB1,mined_low,0.4905162453651428,2.027990341186523,-16.38965606689453,23.0865306854248,1885322.875,2384.058514382564,5683735.0,1305600
H030,Haze,AFLB1,mined_high,-0.004777467809617519,0.615009605884552,-12.9215784072876,15.10019874572754,420863.09375,702.7487104221536,493855.75,1305600
H030,Haze,AFLB2,conv_feat,-0.01731346920132637,0.2335705161094666,-0.8533006310462952,0.8085517883300781,452786.21875,378.466932175058,143237.21875,2611200
H030,Haze,AFLB2,fft_magnitude,0.0001003112483886071,0.002005838556215167,1.360033152764117e-08,0.5859752297401428,261.9327392578125,3.245327157807985,10.53214836120605,2611200
H030,Haze,AFLB2,raw_low,0.0,0.0,0.0,0.0,0.0,0.0,0.0,2611200
H030,Haze,AFLB2,raw_high,0.1734015792608261,0.157438337802887,2.520098973946006e-08,0.8533006906509399,452786.21875,378.4669115325671,143237.203125,2611200
H030,Haze,AFLB2,mined_low,0.01692785136401653,0.3267747759819031,-6.654364109039307,6.525571346282959,423643.4375,528.7502068557515,279576.78125,2611200
H030,Haze,AFLB2,mined_high,-0.03293373435735703,0.1902269572019577,-5.609281539916992,5.076286315917969,335314.3125,311.9644786470088,97321.8359375,2611200
H030,Haze,AFLB3,conv_feat,0.002572143217548728,0.146699383854866,-0.4548505544662476,0.5609034895896912,602459.0,335.2973610282372,112424.3203125,5222400
H030,Haze,AFLB3,fft_magnitude,2.392191890976392e-05,0.0006286100833676755,3.96601018692877e-09,0.3837163746356964,124.9298248291016,1.437575545606408,2.066623449325562,5222400
H030,Haze,AFLB3,raw_low,0.0,0.0,0.0,0.0,0.0,0.0,0.0,5222400
H030,Haze,AFLB3,raw_high,0.1153605505824089,0.09066019207239151,3.214039523413703e-08,0.5609034895896912,602458.9375,335.2973493781303,112424.3125,5222400
H030,Haze,AFLB3,mined_low,3.044622826564591e-05,0.0006781915435567498,-0.004541319794952869,0.005478424485772848,2662.860107421875,1.551403084332074,2.406851530075073,5222400
H030,Haze,AFLB3,mined_high,-7.115667540347204e-05,0.001005072263069451,-0.00553428940474987,0.005376215558499098,4138.12744140625,2.302597494805268,5.301955223083496,5222400
H031,Haze,AFLB1,conv_feat,0.01074003335088491,0.1476499140262604,-0.5891532301902771,0.6031634211540222,103229.2578125,147.4656938388553,21746.130859375,992256
H031,Haze,AFLB1,fft_magnitude,0.0004462888173293322,0.002877879654988647,5.57004256052096e-08,0.3466770648956299,442.832763671875,2.900980119491777,8.415685653686523,992256
H031,Haze,AFLB1,raw_low,0.0,0.0,0.0,0.0,0.0,0.0,0.0,992256
H031,Haze,AFLB1,raw_high,0.1040349006652832,0.1053213402628899,1.26235635278249e-08,0.6031634211540222,103229.2578125,147.4656938388553,21746.130859375,992256
H031,Haze,AFLB1,mined_low,0.4533002376556396,2.048686027526855,-16.5451545715332,23.4630184173584,1439481.75,2090.096050424478,4368501.5,992256
H031,Haze,AFLB1,mined_high,0.00537715433165431,0.4835644364356995,-13.71190357208252,15.66740608215332,237952.515625,481.7182300110719,232052.453125,992256
H031,Haze,AFLB2,conv_feat,-0.01717820018529892,0.2482445538043976,-0.9690683484077454,0.9134570360183716,344686.78125,350.5451223630133,122881.8828125,1984512
H031,Haze,AFLB2,fft_magnitude,0.000219374182051979,0.002437751041725278,1.590998088829565e-08,0.5874972939491272,435.3507080078125,3.448003085955945,11.88872528076172,1984512
H031,Haze,AFLB2,raw_low,0.0,0.0,0.0,0.0,0.0,0.0,0.0,1984512
H031,Haze,AFLB2,raw_high,0.1736884117126465,0.1781930774450302,4.522762964143112e-08,0.9690684080123901,344686.75,350.5451112196546,122881.875,1984512
H031,Haze,AFLB2,mined_low,0.007590609136968851,0.2510435283184052,-4.629698753356934,4.602811336517334,256617.3125,353.8134549978279,125183.9609375,1984512
H031,Haze,AFLB2,mined_high,-0.03964971750974655,0.1501754969358444,-4.185774326324463,3.524407386779785,219645.203125,218.805653634681,47875.9140625,1984512
H031,Haze,AFLB3,conv_feat,0.00246746395714581,0.1562987118959427,-0.5121068954467773,0.6546761989593506,457228.1875,311.4234958220076,96984.59375,3969024
H031,Haze,AFLB3,fft_magnitude,5.476368460222147e-05,0.0007668290636502206,7.210729791040649e-09,0.3827243745326996,217.3583831787109,1.531599043943516,2.345795631408691,3969024
H031,Haze,AFLB3,raw_low,0.0,0.0,0.0,0.0,0.0,0.0,0.0,3969024
H031,Haze,AFLB3,raw_high,0.1151991486549377,0.1056623384356499,5.454152329775752e-08,0.6546761989593506,457228.1875,311.4234707355886,96984.578125,3969024
H031,Haze,AFLB3,mined_low,5.335106470738538e-05,0.0005675353459082544,-0.003709408221766353,0.004002885427325964,1767.668579101562,1.13565202192742,1.289705514907837,3969024
H031,Haze,AFLB3,mined_high,-4.013751458842307e-05,0.0008085398585535586,-0.005345746874809265,0.004804055206477642,2456.405029296875,1.61278971649498,2.601090669631958,3969024
H032,Haze,AFLB1,conv_feat,0.01249056961387396,0.1528018414974213,-0.5383096933364868,0.5656592845916748,154806.796875,175.1781124848364,30687.37109375,1305600
H032,Haze,AFLB1,fft_magnitude,0.0002932881761807948,0.002612861571833491,2.291514391572491e-07,0.3949566185474396,382.9170532226562,3.004279580994627,9.02569580078125,1305600
H032,Haze,AFLB1,raw_low,0.0,0.0,0.0,0.0,0.0,0.0,0.0,1305600
H032,Haze,AFLB1,raw_high,0.1185713708400726,0.09718666225671768,1.015434136775184e-07,0.5656593441963196,154806.78125,175.1781013354694,30687.3671875,1305600
H032,Haze,AFLB1,mined_low,-0.04613782465457916,1.672307968139648,-17.61279296875,27.24600601196289,1436600.0,1911.553883624524,3654038.25,1305600
H032,Haze,AFLB1,mined_high,-0.00545435817912221,0.7865894436836243,-13.04452037811279,16.78406715393066,533597.75,898.8011459716771,807843.5,1305600
H032,Haze,AFLB2,conv_feat,-0.01906528323888779,0.2629647254943848,-0.9133461713790894,0.7947778105735779,529171.75,426.0455154675378,181514.78125,2611200
H032,Haze,AFLB2,fft_magnitude,0.0001400645705871284,0.002256479579955339,2.964172907127249e-08,0.6807747483253479,365.7366027832031,3.653309740236307,13.34667205810547,2611200
H032,Haze,AFLB2,raw_low,0.0,0.0,0.0,0.0,0.0,0.0,0.0,2611200
H032,Haze,AFLB2,raw_high,0.2026546150445938,0.1686565279960632,8.243098648108571e-08,0.913345992565155,529171.75,426.0454971302947,181514.765625,2611200
H032,Haze,AFLB2,mined_low,0.0144108310341835,0.4143788516521454,-5.97230052947998,6.149651050567627,472132.0,670.0082322255452,448911.03125,2611200
H032,Haze,AFLB2,mined_high,-0.04242371022701263,0.2129502445459366,-4.610743522644043,4.720170974731445,372816.625,350.8728290812784,123111.7421875,2611200
H032,Haze,AFLB3,conv_feat,0.003058599308133125,0.166983962059021,-0.4473645687103271,0.5872324109077454,709308.75,381.6653065841851,145668.40625,5222400
H032,Haze,AFLB3,fft_magnitude,3.515882053761743e-05,0.000715194211807102,9.743955864394138e-09,0.4502302408218384,183.6134185791016,1.63637639291203,2.677727699279785,5222400
H032,Haze,AFLB3,raw_low,0.0,0.0,0.0,0.0,0.0,0.0,0.0,5222400
H032,Haze,AFLB3,raw_high,0.1358204483985901,0.0971895307302475,1.371378743897367e-07,0.5872322916984558,709308.6875,381.6652861146793,145668.390625,5222400
H032,Haze,AFLB3,mined_low,1.777703073457815e-05,0.0006462110904976726,-0.005573821254074574,0.006037249229848385,2535.633056640625,1.477317173162503,2.18246603012085,5222400
H032,Haze,AFLB3,mined_high,-5.568152118939906e-05,0.0008696275181137025,-0.005536817014217377,0.004731484688818455,3554.1953125,1.991392089027169,3.96564245223999,5222400
H033,Haze,AFLB1,conv_feat,0.01076231244951487,0.1397148370742798,-0.5906935334205627,0.5921685695648193,215983.859375,202.53134402482,41018.9453125,2088960
H033,Haze,AFLB1,fft_magnitude,0.0002495856897439808,0.001883421675302088,6.88083048316912e-08,0.3476532995700836,521.37451171875,2.74595109940766,7.540247440338135,2088960
H033,Haze,AFLB1,raw_low,0.0,0.0,0.0,0.0,0.0,0.0,0.0,2088960
H033,Haze,AFLB1,raw_high,0.1033930107951164,0.09458301961421967,5.223701293743943e-08,0.5921685695648193,215983.859375,202.53134402482,41018.9453125,2088960
H033,Haze,AFLB1,mined_low,0.0869106724858284,1.342640399932861,-21.03696823120117,24.19218063354492,1895948.0,1944.610950807385,3781511.75,2088960
H033,Haze,AFLB1,mined_high,-0.002638973062857985,0.5548833608627319,-15.51216316223145,18.64833641052246,600931.625,801.9949734879889,643195.9375,2088960
H033,Haze,AFLB2,conv_feat,-0.01727783307433128,0.2341430187225342,-0.9799047112464905,0.9224311113357544,720581.375,479.8886589616387,230293.125,4177920
H033,Haze,AFLB2,fft_magnitude,0.0001250526547664776,0.001586668891832232,2.256522968480112e-09,0.5852805972099304,522.4599609375,3.25320218129354,10.58332443237305,4177920
H033,Haze,AFLB2,raw_low,0.0,0.0,0.0,0.0,0.0,0.0,0.0,4177920
H033,Haze,AFLB2,raw_high,0.1724737137556076,0.1592931151390076,1.080293365873786e-08,0.9799047112464905,720581.375,479.8886752414564,230293.140625,4177920
H033,Haze,AFLB2,mined_low,0.006615861784666777,0.25559201836586,-5.201111316680908,5.354823112487793,610276.875,522.6041164208334,273115.0625,4177920
H033,Haze,AFLB2,mined_high,-0.02607047557830811,0.1979539543390274,-4.395091533660889,4.108180522918701,605260.125,408.1110066513767,166554.59375,4177920
H033,Haze,AFLB3,conv_feat,0.002474369015544653,0.1471212357282639,-0.5017464756965637,0.6394701600074768,952766.5,425.3356946283723,180910.453125,8355840
H033,Haze,AFLB3,fft_magnitude,3.251784073654562e-05,0.0004976823693141341,2.13974615803636e-09,0.3797080516815186,271.7138671875,1.44169163140234,2.078474760055542,8355840
H033,Haze,AFLB3,raw_low,0.0,0.0,0.0,0.0,0.0,0.0,0.0,8355840
H033,Haze,AFLB3,raw_high,0.1140240207314491,0.09300163388252258,9.778887033462524e-08,0.6394701600074768,952766.5,425.3356946283723,180910.453125,8355840
H033,Haze,AFLB3,mined_low,1.426469498255756e-05,0.0005317731993272901,-0.004825764801353216,0.005172420293092728,3398.400146484375,1.537721543516542,2.364587545394897,8355840
H033,Haze,AFLB3,mined_high,-5.31455734744668e-05,0.0009488306241109967,-0.005706751719117165,0.004751378204673529,6177.7841796875,2.747033513240013,7.54619312286377,8355840
H034,Haze,AFLB1,conv_feat,0.01050100196152925,0.1372976899147034,-0.5539630651473999,0.5573131442070007,132282.234375,157.3384464101194,24755.38671875,1305600
H034,Haze,AFLB1,fft_magnitude,0.0003022356249857694,0.002342092338949442,2.356138040227052e-08,0.3401938676834106,394.5988159179688,2.698331960481794,7.28099536895752,1305600
H034,Haze,AFLB1,raw_low,0.0,0.0,0.0,0.0,0.0,0.0,0.0,1305600
H034,Haze,AFLB1,raw_high,0.1013191118836403,0.09324893355369568,1.757907455157692e-07,0.5573132038116455,132282.234375,157.3384464101194,24755.38671875,1305600
H034,Haze,AFLB1,mined_low,0.002255643485113978,1.667887210845947,-21.67386627197266,18.79248046875,1464480.625,1905.777269252627,3631987.0,1305600
H034,Haze,AFLB1,mined_high,0.001206333166919649,0.6715568900108337,-13.19903087615967,13.12038326263428,444939.25,767.3413516812449,588812.75,1305600
H034,Haze,AFLB2,conv_feat,-0.01722819916903973,0.2286203354597092,-0.9223928451538086,0.8657519817352295,438873.25,370.479819794547,137255.296875,2611200
H034,Haze,AFLB2,fft_magnitude,0.0001462743239244446,0.00196051225066185,5.250675982892972e-08,0.5758056640625,381.9515075683594,3.176838115963585,10.09230041503906,2611200
H034,Haze,AFLB2,raw_low,0.0,0.0,0.0,0.0,0.0,0.0,0.0,2611200
H034,Haze,AFLB2,raw_high,0.1680734008550644,0.1559339612722397,1.654530734640502e-08,0.9223926663398743,438873.25,370.479798707028,137255.28125,2611200
H034,Haze,AFLB2,mined_low,-0.002050339244306087,0.2479853630065918,-4.848485469818115,4.767571926116943,350142.34375,400.7383809918885,160591.25,2611200
H034,Haze,AFLB2,mined_high,-0.0424051508307457,0.1577369272708893,-3.737921476364136,3.932827949523926,307303.71875,263.9404525645889,69664.5625,2611200
H034,Haze,AFLB3,conv_feat,0.002293826080858707,0.1434015929698944,-0.4885204434394836,0.6084160208702087,579048.1875,327.7514540394901,107421.015625,5222400
H034,Haze,AFLB3,fft_magnitude,3.681515954667702e-05,0.0006138048483990133,2.323609304966112e-09,0.3699689507484436,192.2634887695312,1.405222708268253,1.974650859832764,5222400
H034,Haze,AFLB3,raw_low,0.0,0.0,0.0,0.0,0.0,0.0,0.0,5222400
H034,Haze,AFLB3,raw_high,0.1108777821063995,0.09096919000148773,4.750733140213015e-08,0.608415961265564,579048.125,327.7514302028292,107421.0,5222400
H034,Haze,AFLB3,mined_low,4.22407356381882e-05,0.0006315269274637103,-0.004975948948413134,0.004014406818896532,2521.48388671875,1.446426127530948,2.092148542404175,5222400
H034,Haze,AFLB3,mined_high,-5.344457895262167e-05,0.000831813202239573,-0.004737813491374254,0.003829109249636531,3384.62158203125,1.904826649065022,3.628364562988281,5222400
H035,Haze,AFLB1,conv_feat,0.01217646431177855,0.154216855764389,-0.5913550853729248,0.6034704446792603,204981.734375,206.1369671328993,42492.44921875,1775616
H035,Haze,AFLB1,fft_magnitude,0.0002516829408705235,0.002260988112539053,1.590922238392523e-07,0.3910065889358521,446.8922729492188,3.031426178836353,9.189544677734375,1775616
H035,Haze,AFLB1,raw_low,0.0,0.0,0.0,0.0,0.0,0.0,0.0,1775616
H035,Haze,AFLB1,raw_high,0.1154426112771034,0.1029762551188469,3.870810161288318e-08,0.6034704446792603,204981.75,206.1369671328993,42492.44921875,1775616
H035,Haze,AFLB1,mined_low,0.3475996553897858,2.088213682174683,-19.87882232666016,30.84499931335449,2465728.75,2820.878409290269,7957355.0,1775616
H035,Haze,AFLB1,mined_high,0.0006952061085030437,0.5587984323501587,-16.79246139526367,19.15559005737305,503196.5,744.6119794899892,554447.0,1775616
H035,Haze,AFLB2,conv_feat,-0.01937100663781166,0.2570961713790894,-0.9859157204627991,0.9239726066589355,681616.6875,485.863583606551,236063.421875,3551232
H035,Haze,AFLB2,fft_magnitude,0.0001240300043718889,0.001891709631308913,3.113995816761417e-08,0.6515495777130127,440.4593200683594,3.572526708440335,12.76294708251953,3551232
H035,Haze,AFLB2,raw_low,0.0,0.0,0.0,0.0,0.0,0.0,0.0,3551232
H035,Haze,AFLB2,raw_high,0.1919380873441696,0.1721436679363251,5.181208795335124e-09,0.9859155416488647,681616.6875,485.8636157657826,236063.453125,3551232
H035,Haze,AFLB2,mined_low,0.01353558991104364,0.2742585837841034,-6.117466449737549,6.091501712799072,515512.78125,517.4615021912258,267766.40625,3551232
H035,Haze,AFLB2,mined_high,-0.03436915576457977,0.1655160486698151,-3.911130428314209,5.153832912445068,417690.46875,318.5637446022381,101482.859375,3551232
H035,Haze,AFLB3,conv_feat,0.00278864661231637,0.1611838638782501,-0.4861835539340973,0.6434915661811829,903749.9375,429.6265274921929,184578.953125,7102464
H035,Haze,AFLB3,fft_magnitude,3.117732194368728e-05,0.0005918558454141021,4.618885274254581e-09,0.4239306449890137,221.4358062744141,1.579509316798811,2.494849681854248,7102464
H035,Haze,AFLB3,raw_low,0.0,0.0,0.0,0.0,0.0,0.0,0.0,7102464
H035,Haze,AFLB3,raw_high,0.1272445619106293,0.09897897392511368,5.988908480247801e-09,0.6434916853904724,903749.9375,429.6265274921929,184578.953125,7102464
H035,Haze,AFLB3,mined_low,2.167632374039385e-05,0.0006603401270695031,-0.005570919718593359,0.00645814323797822,3486.900390625,1.760783892670254,3.100359916687012,7102464
H035,Haze,AFLB3,mined_high,-6.215498433448374e-05,0.0009342075791209936,-0.006235370878130198,0.004842397291213274,5167.1650390625,2.49520949101528,6.226070404052734,7102464
H036,Haze,AFLB1,conv_feat,0.01065558288246393,0.1384565085172653,-0.5875898599624634,0.6000266075134277,133015.203125,158.6721819605598,25176.861328125,1305600
H036,Haze,AFLB1,fft_magnitude,0.0003225288528483361,0.002359590027481318,1.81685209099669e-07,0.3420044481754303,421.0936889648438,2.721205293273263,7.404958248138428,1305600
H036,Haze,AFLB1,raw_low,0.0,0.0,0.0,0.0,0.0,0.0,0.0,1305600
H036,Haze,AFLB1,raw_high,0.1018805205821991,0.0943615660071373,7.939620871866282e-08,0.6000264286994934,133015.203125,158.6721634967835,25176.85546875,1305600
H036,Haze,AFLB1,mined_low,0.2971346378326416,1.652772784233093,-12.26123523712158,18.3143424987793,1490361.5,1918.781514399177,3681722.5,1305600
H036,Haze,AFLB1,mined_high,-0.0004605310095939785,0.5347628593444824,-10.74702453613281,12.73059844970703,352115.0625,611.0355707730934,373364.46875,1305600
H036,Haze,AFLB2,conv_feat,-0.01725003868341446,0.2291354537010193,-0.9865471124649048,0.9301460385322571,438143.875,371.3125157801713,137872.984375,2611200
H036,Haze,AFLB2,fft_magnitude,0.0001531741727376357,0.001964417286217213,2.363964846097133e-08,0.574917197227478,399.9683837890625,3.183978360586578,10.13771820068359,2611200
H036,Haze,AFLB2,raw_low,0.0,0.0,0.0,0.0,0.0,0.0,0.0,2611200
H036,Haze,AFLB2,raw_high,0.1677940636873245,0.1569897085428238,2.759503026084076e-08,0.9865471720695496,438143.875,371.3124947399427,137872.96875,2611200
H036,Haze,AFLB2,mined_low,0.01346971839666367,0.2844073176383972,-4.462394237518311,4.634917259216309,366807.4375,460.0948441625922,211687.265625,2611200
H036,Haze,AFLB2,mined_high,-0.07764779031276703,0.1809192895889282,-3.646849632263184,3.401617527008057,375726.6875,318.1393538019149,101212.6484375,2611200
H036,Haze,AFLB3,conv_feat,0.002301851287484169,0.1433509141206741,-0.4901162981987,0.6442667245864868,578080.625,327.6359212220174,107345.296875,5222400
H036,Haze,AFLB3,fft_magnitude,3.581462078727782e-05,0.0006136468728072941,1.332355115124528e-09,0.3694571256637573,187.0382843017578,1.404727280915904,1.97325873374939,5222400
H036,Haze,AFLB3,raw_low,0.0,0.0,0.0,0.0,0.0,0.0,0.0,5222400
H036,Haze,AFLB3,raw_high,0.110692523419857,0.09111501276493073,8.977203869164896e-09,0.6442667245864868,578080.625,327.635897376951,107345.28125,5222400
H036,Haze,AFLB3,mined_low,2.903625681938138e-05,0.0006444317405112088,-0.004502762574702501,0.004830175079405308,2511.14599609375,1.474186352817048,2.173225402832031,5222400
H036,Haze,AFLB3,mined_high,-5.526690074475482e-05,0.0008835876942612231,-0.005237726494669914,0.004226690158247948,3632.1806640625,2.023171072250578,4.093221187591553,5222400
H037,Haze,AFLB1,conv_feat,0.01140387263149023,0.1451475024223328,-0.5546035170555115,0.5778872966766357,142747.59375,166.3607831078286,27675.91015625,1305600
H037,Haze,AFLB1,fft_magnitude,0.0003216522454749793,0.002476125955581665,1.586719804436143e-07,0.3692400753498077,419.9491882324219,2.853063736891901,8.139972686767578,1305600
H037,Haze,AFLB1,raw_low,0.0,0.0,0.0,0.0,0.0,0.0,0.0,1305600
H037,Haze,AFLB1,raw_high,0.1093348637223244,0.09614433348178864,8.569840304062382e-08,0.5778874158859253,142747.59375,166.3607713675312,27675.90625,1305600
H037,Haze,AFLB1,mined_low,0.002286023227497935,1.492154002189636,-14.60850811004639,18.25244522094727,1281121.25,1704.979765275823,2906956.0,1305600
H037,Haze,AFLB1,mined_high,0.003206907073035836,0.6043577194213867,-12.58530616760254,17.17679405212402,408535.8125,690.5661173993407,476881.5625,1305600
H037,Haze,AFLB2,conv_feat,-0.01858793012797832,0.2381762713193893,-0.9525126814842224,0.8943989276885986,466465.1875,386.0442817864293,149030.1875,2611200
H037,Haze,AFLB2,fft_magnitude,0.0001597055961610749,0.002042319858446717,1.086078160739135e-08,0.6051002740859985,417.0232543945312,3.310302293232902,10.95810127258301,2611200
H037,Haze,AFLB2,raw_low,0.0,0.0,0.0,0.0,0.0,0.0,0.0,2611200
H037,Haze,AFLB2,raw_high,0.178640142083168,0.1586226373910904,2.980866042889829e-08,0.9525126218795776,466465.125,386.0442615491131,149030.171875,2611200
H037,Haze,AFLB2,mined_low,0.005614588502794504,0.3045462369918823,-5.116138935089111,5.307195663452148,401508.46875,492.2062258342534,242266.96875,2611200
H037,Haze,AFLB2,mined_high,-0.03929357975721359,0.1785988211631775,-4.624653816223145,3.663779258728027,332119.25,295.5038335199731,87322.515625,2611200
H037,Haze,AFLB3,conv_feat,0.002479111310094595,0.1485123336315155,-0.470490425825119,0.619068443775177,609390.1875,339.4361593142369,115216.90625,5222400
H037,Haze,AFLB3,fft_magnitude,4.106582127860747e-05,0.0006355046643875539,1.049261388885725e-08,0.3891207873821259,214.4621429443359,1.455320443067608,2.117957592010498,5222400
H037,Haze,AFLB3,raw_low,0.0,0.0,0.0,0.0,0.0,0.0,0.0,5222400
H037,Haze,AFLB3,raw_high,0.1166877523064613,0.09190226346254349,1.490978185358927e-08,0.6190685033798218,609390.125,339.4361478061817,115216.8984375,5222400
H037,Haze,AFLB3,mined_low,2.049694739980623e-05,0.000670060864649713,-0.005149740725755692,0.005226114299148321,2653.2626953125,1.531977655775704,2.346955537796021,5222400
H037,Haze,AFLB3,mined_high,-5.135777610121295e-05,0.0009154336876235902,-0.005254327785223722,0.004208345431834459,3756.546875,2.095291026074362,4.390244483947754,5222400
H038,Haze,AFLB1,conv_feat,0.01003385800868273,0.1293599605560303,-0.5060188174247742,0.5018045902252197,125315.046875,148.2543541202922,21979.353515625,1305600
H038,Haze,AFLB1,fft_magnitude,0.0003045720222871751,0.002204225631430745,8.9359261323807e-08,0.3202328681945801,397.6492309570312,2.542541092922197,6.464515209197998,1305600
H038,Haze,AFLB1,raw_low,0.0,0.0,0.0,0.0,0.0,0.0,0.0,1305600
H038,Haze,AFLB1,raw_high,0.09598272293806076,0.0873040184378624,3.452264607517463e-08,0.5060186982154846,125315.046875,148.2543475332174,21979.3515625,1305600
H038,Haze,AFLB1,mined_low,0.10483218729496,1.322327375411987,-11.91960048675537,17.94143295288086,1136592.75,1515.669736453163,2297254.75,1305600
H038,Haze,AFLB1,mined_high,-0.00361092621460557,0.5960202217102051,-14.77024745941162,13.51107501983643,399799.78125,681.0422160189485,463818.5,1305600
H038,Haze,AFLB2,conv_feat,-0.01571605540812016,0.2203935980796814,-0.8356549739837646,0.7416917681694031,423555.71875,357.0429114616337,127479.640625,2611200
H038,Haze,AFLB2,fft_magnitude,0.0001484431995777413,0.001888834172859788,3.50615536603982e-09,0.5472028255462646,387.6148986816406,3.061617510018018,9.373501777648926,2611200
H038,Haze,AFLB2,raw_low,0.0,0.0,0.0,0.0,0.0,0.0,0.0,2611200
H038,Haze,AFLB2,raw_high,0.162207305431366,0.1500304043292999,1.003911709318572e-08,0.8356549143791199,423555.71875,357.0429005210718,127479.6328125,2611200
H038,Haze,AFLB2,mined_low,0.000225425697863102,0.3016161620616913,-5.702023983001709,5.424736499786377,393140.84375,487.3879839255375,237547.046875,2611200
H038,Haze,AFLB2,mined_high,-0.04797350987792015,0.1896608918905258,-5.454155445098877,3.562060356140137,348067.625,316.1292383068988,99937.6953125,2611200
H038,Haze,AFLB3,conv_feat,0.00237934710457921,0.1392413824796677,-0.4143950045108795,0.5409027934074402,564167.375,318.248797130484,101282.296875,5222400
H038,Haze,AFLB3,fft_magnitude,3.715103594004177e-05,0.0005959226982668042,5.470951247588118e-09,0.3586201667785645,194.0175628662109,1.364480352034523,1.861806631088257,5222400
H038,Haze,AFLB3,raw_low,0.0,0.0,0.0,0.0,0.0,0.0,0.0,5222400
H038,Haze,AFLB3,raw_high,0.1080283746123314,0.08788454532623291,6.894345006003277e-08,0.5409027338027954,564167.375,318.2487725820793,101282.28125,5222400
H038,Haze,AFLB3,mined_low,2.909897557401564e-05,0.00058358209207654,-0.005432301666587591,0.00461082486435771,2245.935791015625,1.335292057922714,1.783004879951477,5222400
H038,Haze,AFLB3,mined_high,-4.520277070696466e-05,0.0009681599913164973,-0.006125722080469131,0.004878221545368433,3984.674072265625,2.214904676672476,4.905802726745605,5222400
H039,Haze,AFLB1,conv_feat,0.0109947556629777,0.1422418802976608,-0.5525012016296387,0.5763093829154968,211209.3125,203.6049713906809,41454.984375,2036736
H039,Haze,AFLB1,fft_magnitude,0.0001812900009099394,0.001950524630956352,5.077944109643795e-08,0.3534726500511169,369.2398681640625,2.79567466850344,7.815796852111816,2036736
H039,Haze,AFLB1,raw_low,0.0,0.0,0.0,0.0,0.0,0.0,0.0,2036736
H039,Haze,AFLB1,raw_high,0.1036999002099037,0.09797942638397217,6.921287543093513e-09,0.576309323310852,211209.3125,203.6049713906809,41454.984375,2036736
H039,Haze,AFLB1,mined_low,0.1308780461549759,1.75373113155365,-20.42153930664062,21.58548355102539,2375170.75,2509.784253676001,6299017.0,2036736
H039,Haze,AFLB1,mined_high,0.0007107363780960441,0.5361082553863525,-13.81112480163574,14.84123706817627,567040.25,765.1036286020345,585383.5625,2036736
H039,Haze,AFLB2,conv_feat,-0.01721624843776226,0.2386885136365891,-0.9424911737442017,0.8701366186141968,706992.0,482.9928182695888,233282.0625,4073472
H039,Haze,AFLB2,fft_magnitude,8.548020559828728e-05,0.001640733215026557,7.696062453987906e-09,0.5828562378883362,348.2012329101562,3.315957334439519,10.99557304382324,4073472
H039,Haze,AFLB2,raw_low,0.0,0.0,0.0,0.0,0.0,0.0,0.0,4073472
H039,Haze,AFLB2,raw_high,0.1735600531101227,0.1647589802742004,3.702208672962115e-08,0.9424912333488464,706992.0,482.9928182695888,233282.0625,4073472
H039,Haze,AFLB2,mined_low,0.007773095741868019,0.3269450068473816,-5.267587661743164,5.39079761505127,620539.4375,660.0545195285008,435671.96875,4073472
H039,Haze,AFLB2,mined_high,-0.04086923971772194,0.1669001281261444,-3.917216300964355,3.380528450012207,502009.625,346.8041256422709,120273.1015625,4073472
H039,Haze,AFLB3,conv_feat,0.002650057198479772,0.1497887372970581,-0.4782804846763611,0.6113993525505066,939828.125,427.6066752869978,182847.46875,8146944
H039,Haze,AFLB3,fft_magnitude,2.04557363758795e-05,0.0005138561245985329,3.701490447483025e-09,0.3835122287273407,166.6517333984375,1.467853516039513,2.154593944549561,8146944
H039,Haze,AFLB3,raw_low,0.0,0.0,0.0,0.0,0.0,0.0,0.0,8146944
H039,Haze,AFLB3,raw_high,0.1153595894575119,0.09558165818452835,5.133105052124165e-09,0.6113993525505066,939828.125,427.6066752869978,182847.46875,8146944
H039,Haze,AFLB3,mined_low,2.494077671144623e-05,0.0006146610248833895,-0.004159247968345881,0.005485739558935165,3823.43603515625,1.755861547551492,3.083049774169922,8146944
H039,Haze,AFLB3,mined_high,-4.991015885025263e-05,0.0009086437639780343,-0.005104094743728638,0.004984443541616201,5813.255859375,2.597437890992718,6.746683597564697,8146944
H040,Haze,AFLB1,conv_feat,0.01195735950022936,0.1493399143218994,-0.4876575171947479,0.5146148800849915,150574.078125,171.1861594051196,29304.701171875,1305600
H040,Haze,AFLB1,fft_magnitude,0.0003550386754795909,0.0025447066873312,7.194631734819268e-08,0.3814585208892822,463.5385131835938,2.935818129828662,8.619028091430664,1305600
H040,Haze,AFLB1,raw_low,0.0,0.0,0.0,0.0,0.0,0.0,0.0,1305600
H040,Haze,AFLB1,raw_high,0.1153294071555138,0.09562695026397705,2.442651059197942e-08,0.5146148204803467,150574.078125,171.1861479957564,29304.697265625,1305600
H040,Haze,AFLB1,mined_low,0.1175047159194946,1.630897045135498,-19.11853408813477,17.03985023498535,1452266.625,1868.34003864393,3490694.5,1305600
H040,Haze,AFLB1,mined_high,-0.001674194005317986,0.4631638526916504,-12.85853672027588,13.83229446411133,308337.5,529.2276802095673,280081.9375,1305600
H040,Haze,AFLB2,conv_feat,-0.01897931843996048,0.2550509572029114,-0.8973345756530762,0.8146456480026245,510386.125,413.2816836009068,170801.75,2611200
H040,Haze,AFLB2,fft_magnitude,0.0001803454069886357,0.00218566320836544,1.118037662450888e-08,0.6642540097236633,470.9179382324219,3.543861083319809,12.55895137786865,2611200
H040,Haze,AFLB2,raw_low,0.0,0.0,0.0,0.0,0.0,0.0,0.0,2611200
H040,Haze,AFLB2,raw_high,0.1954603791236877,0.1649437993764877,1.595712895152701e-08,0.8973345160484314,510386.125,413.2816646973345,170801.734375,2611200
H040,Haze,AFLB2,mined_low,0.01645136252045631,0.3254297077655792,-5.529869079589844,5.762142181396484,467401.46875,526.5401812777444,277244.5625,2611200
H040,Haze,AFLB2,mined_high,0.01650889962911606,0.2300286591053009,-4.825193881988525,5.22545337677002,388138.03125,372.6641836157588,138878.59375,2611200
H040,Haze,AFLB3,conv_feat,0.002745925216004252,0.1618078798055649,-0.4718135893344879,0.6051145195960999,678340.625,369.825845838281,136771.15625,5222400
H040,Haze,AFLB3,fft_magnitude,5.33345591975376e-05,0.0006917925202287734,1.661136117547812e-08,0.4316059947013855,278.5343933105469,1.585615153509534,2.514175415039062,5222400
H040,Haze,AFLB3,raw_low,0.0,0.0,0.0,0.0,0.0,0.0,0.0,5222400
H040,Haze,AFLB3,raw_high,0.1298905909061432,0.096528559923172,1.427338531811984e-07,0.6051144599914551,678340.625,369.8258247134724,136771.140625,5222400
H040,Haze,AFLB3,mined_low,1.04238042695215e-05,0.0005635290872305632,-0.00546535849571228,0.004246784839779139,2224.416259765625,1.288029158282908,1.659019112586975,5222400
H040,Haze,AFLB3,mined_high,-4.751200685859658e-05,0.0008148790220730007,-0.004833360202610493,0.004237008281052113,3322.089111328125,1.865370628613061,3.479607582092285,5222400
H041,Haze,AFLB1,conv_feat,0.00980834849178791,0.1267166435718536,-0.5970122814178467,0.5837358236312866,183824.421875,176.6716034589317,31212.85546875,1932288
H041,Haze,AFLB1,fft_magnitude,0.0003304617130197585,0.001760940998792648,1.212940325956424e-08,0.3164535164833069,638.5471801757812,2.490556619775217,6.202872276306152,1932288
H041,Haze,AFLB1,raw_low,0.0,0.0,0.0,0.0,0.0,0.0,0.0,1932288
H041,Haze,AFLB1,raw_high,0.09513303637504578,0.08427939563989639,7.116017552988296e-09,0.5970121622085571,183824.421875,176.6716034589317,31212.85546875,1932288
H041,Haze,AFLB1,mined_low,0.5126588344573975,2.216952323913574,-15.9393138885498,26.12981986999512,2952693.0,3163.036831906957,10004802.0,1932288
H041,Haze,AFLB1,mined_high,0.004076700657606125,0.6000733375549316,-17.40578842163086,19.25018882751465,570555.4375,834.1617424097079,695825.8125,1932288
H041,Haze,AFLB2,conv_feat,-0.01598891988396645,0.2082972079515457,-0.96067214012146,0.8762239217758179,603574.6875,410.6861636334976,168663.125,3864576
H041,Haze,AFLB2,fft_magnitude,0.0001735288533382118,0.00146225153002888,5.653823009765802e-08,0.5299605131149292,670.6154174804688,2.894741447116529,8.379528045654297,3864576
H041,Haze,AFLB2,raw_low,0.0,0.0,0.0,0.0,0.0,0.0,0.0,3864576
H041,Haze,AFLB2,raw_high,0.1561813652515411,0.1387471109628677,3.847552676461419e-08,0.9606720805168152,603574.75,410.6861826565388,168663.140625,3864576
H041,Haze,AFLB2,mined_low,0.006477218586951494,0.2679610848426819,-4.958722591400146,4.991343975067139,556635.4375,526.9258130894709,277650.8125,3864576
H041,Haze,AFLB2,mined_high,-0.07386381924152374,0.1953191459178925,-4.036205768585205,4.749169826507568,558485.75,410.5076316282074,168516.515625,3864576
H041,Haze,AFLB3,conv_feat,0.00212521106004715,0.1303242295980453,-0.4776741862297058,0.6387133002281189,788134.125,362.3671523813934,131309.953125,7729152
H041,Haze,AFLB3,fft_magnitude,5.060891999164596e-05,0.0004565629933495075,9.702509906617252e-09,0.3396657705307007,391.1640319824219,1.277081150511494,1.63093626499176,7729152
H041,Haze,AFLB3,raw_low,0.0,0.0,0.0,0.0,0.0,0.0,0.0,7729152
H041,Haze,AFLB3,raw_high,0.10196902602911,0.08118642866611481,7.331442120062093e-09,0.6387134194374084,788134.125,362.3671523813934,131309.953125,7729152
H041,Haze,AFLB3,mined_low,3.619025301304646e-05,0.0007897749310359359,-0.005801243707537651,0.004809316247701645,4661.66552734375,2.197985125254455,4.831138610839844,7729152
H041,Haze,AFLB3,mined_high,-6.306621799012646e-05,0.0008904786664061248,-0.006818621885031462,0.005561656318604946,5281.302734375,2.481852180185841,6.159590244293213,7729152
H042,Haze,AFLB1,conv_feat,0.01167024113237858,0.1490166336297989,-0.6186800599098206,0.6384965181350708,147566.6875,170.7920141850169,29169.912109375,1305600
H042,Haze,AFLB1,fft_magnitude,0.0003809480695053935,0.002534975064918399,1.395449800156712e-07,0.3726433515548706,497.3658142089844,2.929058689028264,8.579384803771973,1305600
H042,Haze,AFLB1,raw_low,0.0,0.0,0.0,0.0,0.0,0.0,0.0,1305600
H042,Haze,AFLB1,raw_high,0.1130259558558464,0.09781248867511749,1.192248362258397e-07,0.6384965181350708,147566.6875,170.7920084671704,29169.91015625,1305600
H042,Haze,AFLB1,mined_low,0.3545742332935333,1.912268757820129,-19.4618034362793,25.94574356079102,1719994.375,2222.256735843093,4938425.0,1305600
H042,Haze,AFLB1,mined_high,0.001765990862622857,0.5352941155433655,-14.69068717956543,16.51127624511719,348400.0625,611.6456286118621,374110.375,1305600
H042,Haze,AFLB2,conv_feat,-0.01840262673795223,0.2556972503662109,-0.9962353706359863,0.9026855230331421,501937.75,414.2552051574006,171607.375,2611200
H042,Haze,AFLB2,fft_magnitude,0.000187102792551741,0.002190279774367809,3.083376398649307e-08,0.6506313681602478,488.5628051757812,3.552209279502105,12.61819076538086,2611200
H042,Haze,AFLB2,raw_low,0.0,0.0,0.0,0.0,0.0,0.0,0.0,2611200
H042,Haze,AFLB2,raw_high,0.19222491979599,0.1696151793003082,2.449638270007881e-09,0.9962353706359863,501937.71875,414.2552051574006,171607.375,2611200
H042,Haze,AFLB2,mined_low,0.00531318224966526,0.3008206188678741,-5.790776252746582,5.772789478302002,405363.1875,486.1780795140809,236369.125,2611200
H042,Haze,AFLB2,mined_high,0.005362239666283131,0.1861918717622757,-4.61969518661499,4.441882133483887,326156.34375,300.9960807469094,90598.640625,2611200
H042,Haze,AFLB3,conv_feat,0.002710971515625715,0.1626746952533722,-0.4803659915924072,0.6322759389877319,667523.5,371.8050984723045,138239.03125,5222400
H042,Haze,AFLB3,fft_magnitude,4.665231608669274e-05,0.0006959969759918749,4.354791638405686e-09,0.4243596494197845,243.6370544433594,1.59410121264224,2.541158676147461,5222400
H042,Haze,AFLB3,raw_low,0.0,0.0,0.0,0.0,0.0,0.0,0.0,5222400
H042,Haze,AFLB3,raw_high,0.1278192847967148,0.1006609722971916,4.009084619838177e-08,0.6322759985923767,667523.4375,371.8050774599508,138239.015625,5222400
H042,Haze,AFLB3,mined_low,3.807666507782415e-05,0.0006928684888407588,-0.005329553969204426,0.005804343149065971,2745.43994140625,1.585771824493647,2.51467227935791,5222400
H042,Haze,AFLB3,mined_high,-5.526098539121449e-05,0.0007928258855827153,-0.004822389222681522,0.004445318132638931,3213.177734375,1.816206857545624,3.298607349395752,5222400
H043,Haze,AFLB1,conv_feat,0.01208866667002439,0.1501259654760361,-0.5440083146095276,0.5580288767814636,309115.71875,248.1967150769728,61601.609375,2715648
H043,Haze,AFLB1,fft_magnitude,0.0001399049506289884,0.001785496599040926,2.831894940769075e-09,0.3851870894432068,379.9325866699219,2.951378522867187,8.7106351852417,2715648
H043,Haze,AFLB1,raw_low,0.0,0.0,0.0,0.0,0.0,0.0,0.0,2715648
H043,Haze,AFLB1,raw_high,0.113827608525753,0.09862666577100754,3.353148514406712e-08,0.5580288767814636,309115.71875,248.1967308154964,61601.6171875,2715648
H043,Haze,AFLB1,mined_low,0.4373872876167297,1.783369779586792,-12.17161750793457,18.99670600891113,3413364.5,3025.953238237498,9156393.0,2715648
H043,Haze,AFLB1,mined_high,0.002637561177834868,0.4993980228900909,-11.54929351806641,13.76366329193115,696185.3125,822.9806346445827,677297.125,2715648
H043,Haze,AFLB2,conv_feat,-0.01860036700963974,0.2577883005142212,-0.9158288836479187,0.8376468420028687,1049188.25,602.3411097542654,362814.8125,5431296
H043,Haze,AFLB2,fft_magnitude,6.487408245448023e-05,0.001535332063212991,5.908136646581852e-09,0.6517570614814758,352.350341796875,3.581305676838009,12.82575035095215,5431296
H043,Haze,AFLB2,raw_low,0.0,0.0,0.0,0.0,0.0,0.0,0.0,5431296
H043,Haze,AFLB2,raw_high,0.1931745857000351,0.1717101484537125,6.736430524512116e-09,0.9158289432525635,1049188.375,602.341161635165,362814.875,5431296
H043,Haze,AFLB2,mined_low,0.01097415201365948,0.2953945398330688,-5.808167934417725,5.947681903839111,813717.5,688.896082511724,474577.8125,5431296
H043,Haze,AFLB2,mined_high,-0.02408499829471111,0.1696660816669464,-3.712404012680054,4.467177867889404,629922.375,399.3733176803378,159499.046875,5431296
H043,Haze,AFLB3,conv_feat,0.002971019130200148,0.1633236706256866,-0.4561004638671875,0.5985020399093628,1407977.75,538.3785262248115,289851.4375,10862592
H043,Haze,AFLB3,fft_magnitude,1.554776645207312e-05,0.000485363561892882,3.011922711237958e-09,0.430635005235672,168.8890380859375,1.600503487642463,2.561611413955688,10862592
H043,Haze,AFLB3,raw_low,0.0,0.0,0.0,0.0,0.0,0.0,0.0,10862592
H043,Haze,AFLB3,raw_high,0.1296171247959137,0.09941255301237106,3.054222985632293e-10,0.5985020399093628,1407977.875,538.3785552471421,289851.46875,10862592
H043,Haze,AFLB3,mined_low,3.123133501503617e-05,0.000622129940893501,-0.004958763718605042,0.00455938745290041,5108.2197265625,2.053025650570254,4.214914321899414,10862592
H043,Haze,AFLB3,mined_high,-4.707898187916726e-05,0.0008228786173276603,-0.00543502438813448,0.004356648307293653,6858.87353515625,2.716515247439096,7.379455089569092,10862592
H044,Haze,AFLB1,conv_feat,0.01128965895622969,0.1484112590551376,-0.6018848419189453,0.6205886602401733,107108.9921875,148.2626074951132,21981.80078125,992256
H044,Haze,AFLB1,fft_magnitude,0.0002857238578144461,0.002914042212069035,9.125501776452438e-08,0.3657109141349792,283.5111999511719,2.916657057246772,8.506888389587402,992256
H044,Haze,AFLB1,raw_low,0.0,0.0,0.0,0.0,0.0,0.0,0.0,992256
H044,Haze,AFLB1,raw_high,0.1079449206590652,0.1024756208062172,1.734588437329876e-07,0.6205887198448181,107108.9921875,148.2626074951132,21981.80078125,992256
H044,Haze,AFLB1,mined_low,0.2882473468780518,1.381722211837769,-11.56161880493164,14.38828182220459,944207.375,1405.992443080688,1976814.75,992256
H044,Haze,AFLB1,mined_high,-0.006549220066517591,0.5194100141525269,-8.812708854675293,10.49589061737061,268233.21875,517.4360769698998,267740.09375,992256
H044,Haze,AFLB2,conv_feat,-0.01846593618392944,0.2427096962928772,-0.9442245364189148,0.8157668709754944,351702.125,342.8998692220514,117580.3203125,1984512
H044,Haze,AFLB2,fft_magnitude,0.0001260830322280526,0.002390898764133453,6.443252154042511e-09,0.6062830686569214,250.2133026123047,3.372803715178671,11.37580490112305,1984512
H044,Haze,AFLB2,raw_low,0.0,0.0,0.0,0.0,0.0,0.0,0.0,1984512
H044,Haze,AFLB2,raw_high,0.1772234737873077,0.1668557077646255,1.445847330749928e-09,0.9442247152328491,351702.125,342.8998692220514,117580.3203125,1984512
H044,Haze,AFLB2,mined_low,0.02088978141546249,0.3064565360546112,-4.853909492492676,4.869856357574463,299862.59375,432.7154448942168,187242.65625,1984512
H044,Haze,AFLB2,mined_high,-0.06574360281229019,0.1801961362361908,-3.951137542724609,3.234853267669678,268400.75,270.2145270428665,73015.890625,1984512
H044,Haze,AFLB3,conv_feat,0.002442381577566266,0.1510793715715408,-0.4408595561981201,0.5839489698410034,463122.8125,301.0258242659589,90616.546875,3969024
H044,Haze,AFLB3,fft_magnitude,2.881309228541795e-05,0.0007425555377267301,5.295749394562677e-10,0.3895187079906464,114.3598556518555,1.48046279141075,2.191770076751709,3969024
H044,Haze,AFLB3,raw_low,0.0,0.0,0.0,0.0,0.0,0.0,0.0,3969024
H044,Haze,AFLB3,raw_high,0.1166843175888062,0.09599848836660385,2.378656205337393e-07,0.5839488506317139,463122.84375,301.0258112894973,90616.5390625,3969024
H044,Haze,AFLB3,mined_low,4.065412940690294e-05,0.0006949548842385411,-0.005051993764936924,0.006217022426426411,2114.716064453125,1.386884523610874,1.92344868183136,3969024
H044,Haze,AFLB3,mined_high,-7.533503958256915e-05,0.001009323634207249,-0.005360203329473734,0.00463745417073369,3171.234375,2.016409078283444,4.065905570983887,3969024
H045,Haze,AFLB1,conv_feat,0.01488586142659187,0.1816409081220627,-0.6270316243171692,0.6745415329933167,182926.640625,208.2438849642409,43365.515625,1305600
H045,Haze,AFLB1,fft_magnitude,0.0003471850068308413,0.003106216434389353,7.451567540783799e-08,0.4790675342082977,453.2847290039062,3.571352884308042,12.75456142425537,1305600
H045,Haze,AFLB1,raw_low,0.0,0.0,0.0,0.0,0.0,0.0,0.0,1305600
H045,Haze,AFLB1,raw_high,0.1401092410087585,0.1165521442890167,2.328967063647269e-08,0.6745414733886719,182926.625,208.2438755852138,43365.51171875,1305600
H045,Haze,AFLB1,mined_low,0.2441062480211258,1.700962066650391,-20.8947811126709,18.65801239013672,1466566.625,1963.480073746612,3855254.0,1305600
H045,Haze,AFLB1,mined_high,-0.002252613892778754,0.6700277924537659,-14.15502834320068,14.45208930969238,448280.96875,765.5972341904064,586139.125,1305600
H045,Haze,AFLB2,conv_feat,-0.02348900958895683,0.2973877489566803,-0.9975987076759338,0.9045922160148621,599349.5,482.0517023618939,232373.84375,2611200
H045,Haze,AFLB2,fft_magnitude,0.0001647704193601385,0.002552708610892296,2.372131646666276e-08,0.7619411945343018,430.2485046386719,4.133558930629077,17.0863094329834,2611200
H045,Haze,AFLB2,raw_low,0.0,0.0,0.0,0.0,0.0,0.0,0.0,2611200
H045,Haze,AFLB2,raw_high,0.2295302897691727,0.1905440837144852,4.843705525559017e-08,0.9975988268852234,599349.5,482.0516699483573,232373.8125,2611200
H045,Haze,AFLB2,mined_low,0.02141244895756245,0.3453658819198608,-5.79123067855835,5.669514179229736,432751.34375,559.1555016272307,312654.875,2611200
H045,Haze,AFLB2,mined_high,-0.04226676747202873,0.2211986184120178,-4.726836681365967,4.916134357452393,387571.375,363.9063452661962,132427.828125,2611200
H045,Haze,AFLB3,conv_feat,0.00347469188272953,0.1847598552703857,-0.4806022942066193,0.6271803975105286,784091.375,422.2984356471144,178335.96875,5222400
H045,Haze,AFLB3,fft_magnitude,4.08212945330888e-05,0.0007912390865385532,9.183973581627924e-10,0.4991430342197418,213.1851196289062,1.810589539849251,3.278234481811523,5222400
H045,Haze,AFLB3,raw_low,0.0,0.0,0.0,0.0,0.0,0.0,0.0,5222400
H045,Haze,AFLB3,raw_high,0.1501400470733643,0.1077322736382484,3.818793103960161e-08,0.6271803975105286,784091.375,422.2984356471144,178335.96875,5222400
H045,Haze,AFLB3,mined_low,1.734200850478373e-05,0.0006916436250321567,-0.00603008596226573,0.00526106683537364,2669.92041015625,1.581080322811785,2.499814987182617,5222400
H045,Haze,AFLB3,mined_high,-5.484799476107582e-05,0.0008818091591820121,-0.005825434811413288,0.004970612935721874,3577.69580078125,2.019055072420644,4.076583385467529,5222400
H046,Haze,AFLB1,conv_feat,0.01248137187212706,0.154375895857811,-0.5247787833213806,0.5502126812934875,153630.046875,176.9698895204351,31318.341796875,1305600
H046,Haze,AFLB1,fft_magnitude,0.0003672900202218443,0.002630647039040923,1.613803988220752e-07,0.3996002674102783,479.5338439941406,3.035008568036776,9.21127700805664,1305600
H046,Haze,AFLB1,raw_low,0.0,0.0,0.0,0.0,0.0,0.0,0.0,1305600
H046,Haze,AFLB1,raw_high,0.1176700592041016,0.1007047891616821,5.962032645356885e-08,0.5502127408981323,153630.03125,176.9698895204351,31318.341796875,1305600
H046,Haze,AFLB1,mined_low,0.3799208402633667,2.10474705696106,-15.48379993438721,23.1271915435791,1906176.875,2443.809833027112,5972206.5,1305600
H046,Haze,AFLB1,mined_high,0.003002031706273556,0.7343056797981262,-16.5877799987793,18.62388610839844,478076.0,839.0455887495029,703997.5,1305600
H046,Haze,AFLB2,conv_feat,-0.019296670332551,0.2583763003349304,-0.9150071144104004,0.8688627481460571,512059.34375,418.6784080592167,175291.609375,2611200
H046,Haze,AFLB2,fft_magnitude,0.000180802438990213,0.002214359818026423,1.393444648556397e-08,0.6440265774726868,472.111328125,3.590137689654294,12.88908863067627,2611200
H046,Haze,AFLB2,raw_low,0.0,0.0,0.0,0.0,0.0,0.0,0.0,2611200
H046,Haze,AFLB2,raw_high,0.1961011439561844,0.1693369597196579,3.157357042482545e-08,0.9150070548057556,512059.3125,418.6783893993097,175291.59375,2611200
H046,Haze,AFLB2,mined_low,-0.001053762040100992,0.2707140147686005,-5.277622699737549,5.160006999969482,372499.09375,437.4556941851369,191367.484375,2611200
H046,Haze,AFLB2,mined_high,-0.03707488253712654,0.1985008865594864,-4.5395827293396,4.436007976531982,372224.5,326.3085914820509,106477.296875,2611200
H046,Haze,AFLB3,conv_feat,0.003054553642868996,0.1619691550731659,-0.4669347703456879,0.6068302392959595,674065.875,370.2069733608485,137053.203125,5222400
H046,Haze,AFLB3,fft_magnitude,4.670808266382664e-05,0.0006929881637915969,9.450438653857418e-09,0.4275720119476318,243.9282836914062,1.587249213406705,2.519360065460205,5222400
H046,Haze,AFLB3,raw_low,0.0,0.0,0.0,0.0,0.0,0.0,0.0,5222400
H046,Haze,AFLB3,raw_high,0.1290720403194427,0.09789658337831497,1.309230324153532e-08,0.6068301200866699,674065.8125,370.206931154726,137053.171875,5222400
H046,Haze,AFLB3,mined_low,3.620203642640263e-05,0.0006836483371444046,-0.005191794130951166,0.006758179515600204,2683.450927734375,1.564501129442577,2.4476637840271,5222400
H046,Haze,AFLB3,mined_high,-5.290142871672288e-05,0.0008334447047673166,-0.007365589961409569,0.005001467186957598,3325.180908203125,1.908468237804725,3.642251014709473,5222400
H047,Haze,AFLB1,conv_feat,0.01192073617130518,0.1495915800333023,-0.599970817565918,0.6173679828643799,147773.578125,171.4694590608631,29401.775390625,1305600
H047,Haze,AFLB1,fft_magnitude,0.0003139007603749633,0.002554392209276557,1.951621442231044e-07,0.3826088905334473,409.8288269042969,2.940676817807348,8.64758014678955,1305600
H047,Haze,AFLB1,raw_low,0.0,0.0,0.0,0.0,0.0,0.0,0.0,1305600
H047,Haze,AFLB1,raw_high,0.1131844222545624,0.09853439778089523,1.590098008819041e-08,0.6173680424690247,147773.578125,171.4694590608631,29401.775390625,1305600
H047,Haze,AFLB1,mined_low,0.3361721038818359,1.870526671409607,-14.20055675506592,18.96897888183594,1706368.0,2171.56003831347,4715673.0,1305600
H047,Haze,AFLB1,mined_high,-0.001207165070809424,0.6121427416801453,-14.257248878479,15.97982215881348,410355.78125,699.4530899209753,489234.625,1305600
H047,Haze,AFLB2,conv_feat,-0.01895077340304852,0.2471616268157959,-0.9225574135780334,0.8701366186141968,487319.6875,400.5658497675507,160453.0,2611200
H047,Haze,AFLB2,fft_magnitude,0.0001470647985115647,0.002120520453900099,1.935194404723006e-08,0.6295745968818665,384.0155944824219,3.434823815104365,11.79801464080811,2611200
H047,Haze,AFLB2,raw_low,0.0,0.0,0.0,0.0,0.0,0.0,0.0,2611200
H047,Haze,AFLB2,raw_high,0.1866267025470734,0.1631516665220261,5.468130126473625e-08,0.9225573539733887,487319.65625,400.5658497675507,160453.0,2611200
H047,Haze,AFLB2,mined_low,0.005267028696835041,0.2689157128334045,-5.23970365524292,5.141697883605957,363377.53125,434.6298173445996,188903.078125,2611200
H047,Haze,AFLB2,mined_high,-0.05314938351511955,0.1835521012544632,-4.78710412979126,5.028974056243896,353573.9375,308.789850667084,95351.171875,2611200
H047,Haze,AFLB3,conv_feat,0.002706896513700485,0.1543967872858047,-0.4583827257156372,0.6058838367462158,642861.0,352.890596980849,124531.7734375,5222400
H047,Haze,AFLB3,fft_magnitude,3.501519677229226e-05,0.0006611458957195282,1.741916499931051e-09,0.4096601605415344,182.8633728027344,1.513005775818828,2.289186477661133,5222400
H047,Haze,AFLB3,raw_low,0.0,0.0,0.0,0.0,0.0,0.0,0.0,5222400
H047,Haze,AFLB3,raw_high,0.1230968534946442,0.09323550760746002,8.24220549588972e-08,0.6058838367462158,642861.0,352.890574842259,124531.7578125,5222400
H047,Haze,AFLB3,mined_low,4.263802838977426e-05,0.0007524407701566815,-0.006230383180081844,0.007420948706567287,3009.82958984375,1.722279202465476,2.966245651245117,5222400
H047,Haze,AFLB3,mined_high,-4.504715980147012e-05,0.0008735088631510735,-0.006423676386475563,0.005839659366756678,3608.93408203125,1.998844945679145,3.995381116867065,5222400
H048,Haze,AFLB1,conv_feat,0.01054068375378847,0.1343905180692673,-0.5958802700042725,0.609250009059906,132446.109375,154.030042219854,23725.25390625,1305600
H048,Haze,AFLB1,fft_magnitude,0.0004042065411340445,0.002276246435940266,5.50466445758957e-08,0.340425044298172,527.7320556640625,2.641593349253637,6.978015422821045,1305600
H048,Haze,AFLB1,raw_low,0.0,0.0,0.0,0.0,0.0,0.0,0.0,1305600
H048,Haze,AFLB1,raw_high,0.1014446169137955,0.08877444267272949,1.619923182261118e-07,0.6092499494552612,132446.09375,154.0300295396972,23725.25,1305600
H048,Haze,AFLB1,mined_low,0.3203983902931213,2.413113594055176,-20.54227066040039,24.1987133026123,2157502.0,2781.490248050494,7736688.0,1305600
H048,Haze,AFLB1,mined_high,0.0004907852271571755,0.611897349357605,-13.38702297210693,15.88052845001221,409645.5625,699.1716080476953,488840.9375,1305600
H048,Haze,AFLB2,conv_feat,-0.01689032837748528,0.2205317914485931,-0.972353458404541,0.8715658783912659,434409.4375,357.4055710079237,127738.7421875,2611200
H048,Haze,AFLB2,fft_magnitude,0.0002115725510520861,0.001884744735434651,1.409474492675145e-08,0.555855929851532,552.458251953125,3.064727284680934,9.392553329467773,2611200
H048,Haze,AFLB2,raw_low,0.0,0.0,0.0,0.0,0.0,0.0,0.0,2611200
H048,Haze,AFLB2,raw_high,0.1663639098405838,0.1457484066486359,7.083828990062102e-08,0.972353458404541,434409.4375,357.4055600784632,127738.734375,2611200
H048,Haze,AFLB2,mined_low,0.00909041240811348,0.2864738404750824,-5.194737911224365,5.26371431350708,373713.53125,463.1520572393045,214509.828125,2611200
H048,Haze,AFLB2,mined_high,-0.08545125275850296,0.200028270483017,-4.910344123840332,4.115523815155029,403968.34375,351.4886866956033,123544.296875,2611200
H048,Haze,AFLB3,conv_feat,0.0024023512378335,0.1376892030239105,-0.4795090556144714,0.6410576105117798,566179.125,314.7031090964943,99038.046875,5222400
H048,Haze,AFLB3,fft_magnitude,5.889735257369466e-05,0.0005874824128113687,9.408064549631945e-09,0.3605121374130249,307.5855407714844,1.349278410811233,1.820552229881287,5222400
H048,Haze,AFLB3,raw_low,0.0,0.0,0.0,0.0,0.0,0.0,0.0,5222400
H048,Haze,AFLB3,raw_high,0.1084135919809341,0.08491512387990952,6.447159961453508e-08,0.6410576105117798,566179.125,314.7030842715082,99038.03125,5222400
H048,Haze,AFLB3,mined_low,3.229706999263726e-05,0.0007274620002135634,-0.006051188334822655,0.005214725155383348,2889.6767578125,1.66407525142745,2.76914644241333,5222400
H048,Haze,AFLB3,mined_high,-4.581257235258818e-05,0.000902538129594177,-0.005269584711641073,0.005196140613406897,3705.300537109375,2.065187148695479,4.264997959136963,5222400
H049,Haze,AFLB1,conv_feat,0.01180588454008102,0.1511798352003098,-0.5553535223007202,0.577325165271759,147166.328125,173.2683127496918,30021.908203125,1305600
H049,Haze,AFLB1,fft_magnitude,0.0003039719304069877,0.002582780318334699,1.479597688813783e-08,0.3773103952407837,396.8657531738281,2.971527085662387,8.829973220825195,1305600
H049,Haze,AFLB1,raw_low,0.0,0.0,0.0,0.0,0.0,0.0,0.0,1305600
H049,Haze,AFLB1,raw_high,0.1127193048596382,0.101435087621212,1.67177461207757e-07,0.5773250460624695,147166.328125,173.2683127496918,30021.908203125,1305600
H049,Haze,AFLB1,mined_low,0.1654194742441177,1.165775656700134,-12.61873531341553,14.78016757965088,1004830.1875,1345.391857415526,1810079.25,1305600
H049,Haze,AFLB1,mined_high,-0.00725247710943222,0.5402113795280457,-13.40906143188477,10.47889041900635,384718.25,617.3165213243527,381079.6875,1305600
H049,Haze,AFLB2,conv_feat,-0.01826916262507439,0.2604239284992218,-0.9636332392692566,0.9088159203529358,501749.1875,421.8586848697085,177964.75,2611200
H049,Haze,AFLB2,fft_magnitude,0.0001464417000534013,0.002233809791505337,9.116004062725835e-10,0.6466601490974426,382.3885498046875,3.617408168974289,13.08564186096191,2611200
H049,Haze,AFLB2,raw_low,0.0,0.0,0.0,0.0,0.0,0.0,0.0,2611200
H049,Haze,AFLB2,raw_high,0.1921527236700058,0.1767249703407288,3.573510154453174e-09,0.963633120059967,501749.1875,421.8586663504734,177964.734375,2611200
H049,Haze,AFLB2,mined_low,-0.0005851657479070127,0.2895824015140533,-4.989166736602783,4.994517803192139,303489.6875,467.9431889930657,218970.828125,2611200
H049,Haze,AFLB2,mined_high,-0.04247995465993881,0.1549689918756485,-4.989326477050781,3.288827419281006,287805.875,259.6555711418494,67421.015625,2611200
H049,Haze,AFLB3,conv_feat,0.002918356331065297,0.1651709973812103,-0.497092992067337,0.6299227476119995,673729.3125,377.5170939838354,142519.15625,5222400
H049,Haze,AFLB3,fft_magnitude,3.569596083252691e-05,0.0007073751767165959,2.687754463437386e-09,0.4277907907962799,186.4185943603516,1.618591141730405,2.619837284088135,5222400
H049,Haze,AFLB3,raw_low,0.0,0.0,0.0,0.0,0.0,0.0,0.0,5222400
H049,Haze,AFLB3,raw_high,0.1290076076984406,0.103184349834919,3.069056830895533e-08,0.6299227476119995,673729.3125,377.5170732894077,142519.140625,5222400
H049,Haze,AFLB3,mined_low,1.771254574123304e-05,0.0004449819680303335,-0.004344733897596598,0.004501398652791977,1674.018798828125,1.017703467793126,1.035720348358154,5222400
H049,Haze,AFLB3,mined_high,-5.175266051082872e-05,0.0008149744826368988,-0.005659026559442282,0.004009614232927561,3402.716552734375,1.866177656913971,3.482619047164917,5222400
H050,Haze,AFLB1,conv_feat,0.01179559994488955,0.1520902961492538,-0.8130418062210083,0.8036128878593445,273447.40625,236.4382269351765,55903.03515625,2402304
H050,Haze,AFLB1,fft_magnitude,0.0002859901578631252,0.001907336758449674,1.984958686307436e-07,0.3775876760482788,687.0352783203125,2.989298808063791,8.935907363891602,2402304
H050,Haze,AFLB1,raw_low,0.0,0.0,0.0,0.0,0.0,0.0,0.0,2402304
H050,Haze,AFLB1,raw_high,0.1138271316885948,0.101557731628418,7.792510636761563e-09,0.8130416870117188,273447.375,236.4382269351765,55903.03515625,2402304
H050,Haze,AFLB1,mined_low,0.1992906779050827,1.721247911453247,-20.4981575012207,18.4423656463623,2774560.0,2685.647687244178,7212703.5,2402304
H050,Haze,AFLB1,mined_high,-0.004043582826852798,0.6233546137809753,-12.80833625793457,12.71720218658447,755889.5,966.1805602474105,933504.875,2402304
H050,Haze,AFLB2,conv_feat,-0.0183989480137825,0.2569790482521057,-1.200612902641296,1.0120929479599,925813.4375,564.7250160476336,318914.34375,4804608
H050,Haze,AFLB2,fft_magnitude,0.0001449640985811129,0.001622192794457078,4.388090601992189e-08,0.6439141035079956,696.4956665039062,3.569921426202237,12.74433898925781,4804608
H050,Haze,AFLB2,raw_low,0.0,0.0,0.0,0.0,0.0,0.0,0.0,4804608
H050,Haze,AFLB2,raw_high,0.1926928162574768,0.1710153222084045,2.695007417230499e-08,1.200612783432007,925813.4375,564.7250160476336,318914.34375,4804608
H050,Haze,AFLB2,mined_low,0.02171480841934681,0.2867497503757477,-6.678383350372314,6.641919136047363,721477.1875,630.3383268134661,397326.40625,4804608
H050,Haze,AFLB2,mined_high,-0.09781882911920547,0.2019729167222977,-5.403107643127441,5.078225612640381,784394.375,491.9020799407134,241967.65625,4804608
H050,Haze,AFLB3,conv_feat,0.00284473248757422,0.1627237051725388,-0.516821563243866,0.6670839190483093,1227218.5,504.4999690287404,254520.21875,9609216
H050,Haze,AFLB3,fft_magnitude,4.070675277034752e-05,0.0005127961048856378,8.10567524212047e-09,0.4223422706127167,391.1599731445312,1.594603665177972,2.542760848999023,9609216
H050,Haze,AFLB3,raw_low,0.0,0.0,0.0,0.0,0.0,0.0,0.0,9609216
H050,Haze,AFLB3,raw_high,0.1277126520872116,0.1008789911866188,6.776717498269136e-08,0.6670839786529541,1227218.5,504.4999690287404,254520.21875,9609216
H050,Haze,AFLB3,mined_low,5.671235157933552e-06,0.0007601662073284388,-0.006465886253863573,0.005376576445996761,5535.1513671875,2.356484670108796,5.553020000457764,9609216
H050,Haze,AFLB3,mined_high,-5.650051025440916e-05,0.0009350801701657474,-0.006590305827558041,0.0053776646964252,7056.65087890625,2.903916929901164,8.432733535766602,9609216
H051,Haze,AFLB1,conv_feat,0.01119409967213869,0.144585445523262,-0.5844548940658569,0.5952791571617126,107750.4375,144.4555308412419,20867.400390625,992256
H051,Haze,AFLB1,fft_magnitude,0.0005803582607768476,0.002793175401166081,2.341657534543629e-07,0.3559677004814148,575.8639526367188,2.841763315953052,8.075618743896484,992256
H051,Haze,AFLB1,raw_low,0.0,0.0,0.0,0.0,0.0,0.0,0.0,992256
H051,Haze,AFLB1,raw_high,0.1085913702845573,0.09611540287733078,7.370952204155401e-08,0.5952791571617126,107750.4375,144.4555240809433,20867.3984375,992256
H051,Haze,AFLB1,mined_low,0.3108240067958832,1.904101967811584,-18.54203605651855,26.04101371765137,1271691.75,1921.819840671857,3693391.5,992256
H051,Haze,AFLB1,mined_high,0.002128807594999671,0.6157079935073853,-14.75200748443604,17.09172058105469,306567.59375,613.3230184821045,376165.125,992256
H051,Haze,AFLB2,conv_feat,-0.01747993566095829,0.243874579668045,-0.979411780834198,0.922644853591919,362152.25,344.4340693441925,118634.828125,1984512
H051,Haze,AFLB2,fft_magnitude,0.0002876247453968972,0.002387671498581767,4.963978028627025e-08,0.6049253940582275,570.7947387695312,3.387894335102243,11.47782802581787,1984512
H051,Haze,AFLB2,raw_low,0.0,0.0,0.0,0.0,0.0,0.0,0.0,1984512
H051,Haze,AFLB2,raw_high,0.1824893206357956,0.1627206355333328,9.38390876115136e-09,0.9794116020202637,362152.25,344.4340693441925,118634.828125,1984512
H051,Haze,AFLB2,mined_low,0.0167735368013382,0.2964686453342438,-6.084485054016113,5.944475650787354,311901.875,418.3113187268544,174984.359375,1984512
H051,Haze,AFLB2,mined_high,-0.03515495732426643,0.2026727795600891,-4.278598308563232,4.34375524520874,286779.75,289.7739285848539,83968.9296875,1984512
H051,Haze,AFLB3,conv_feat,0.002633089199662209,0.153874471783638,-0.5214045643806458,0.6388086676597595,477568.25,306.5999021526263,94003.5,3969024
H051,Haze,AFLB3,fft_magnitude,7.623831334058195e-05,0.0007530250586569309,1.003438043767346e-08,0.3976589143276215,302.5917053222656,1.507876459059807,2.273691415786743,3969024
H051,Haze,AFLB3,raw_low,0.0,0.0,0.0,0.0,0.0,0.0,0.0,3969024
H051,Haze,AFLB3,raw_high,0.1203238591551781,0.09595027565956116,2.508755869712331e-07,0.6388086676597595,477568.28125,306.5999021526263,94003.5,3969024
H051,Haze,AFLB3,mined_low,2.955116360681131e-05,0.0007282298756763339,-0.005066019017249346,0.004790447186678648,2203.9404296875,1.45200337427446,2.108313798904419,3969024
H051,Haze,AFLB3,mined_high,-6.687465793220326e-05,0.000901833176612854,-0.005704304669052362,0.004396252334117889,2774.427001953125,1.801602058604946,3.24576997756958,3969024
H052,Haze,AFLB1,conv_feat,0.01108534447848797,0.1397146433591843,-0.5800992250442505,0.5774344801902771,195636.0625,189.4845186618157,35904.3828125,1827840
H052,Haze,AFLB1,fft_magnitude,0.0002960287965834141,0.002009741496294737,1.719232578523133e-08,0.340648740530014,541.09326171875,2.746440664764714,7.542936325073242,1827840
H052,Haze,AFLB1,raw_low,0.0,0.0,0.0,0.0,0.0,0.0,0.0,1827840
H052,Haze,AFLB1,raw_high,0.1070312857627869,0.09048409014940262,2.980512903150156e-08,0.5800992250442505,195636.0625,189.4845186618157,35904.3828125,1827840
H052,Haze,AFLB1,mined_low,0.1734249442815781,1.595438838005066,-14.74925136566162,18.25078964233398,1934689.875,2169.701361939011,4707604.0,1827840
H052,Haze,AFLB1,mined_high,-0.0005200295126996934,0.4964142143726349,-11.79837417602539,13.22594261169434,489378.96875,671.1406568298481,450429.78125,1827840
H052,Haze,AFLB2,conv_feat,-0.01592908427119255,0.2546052634716034,-1.007179856300354,0.8935557007789612,710279.0,487.7527870243285,237902.78125,3655680
H052,Haze,AFLB2,fft_magnitude,0.0001459481281926855,0.001842997269704938,8.854161848148578e-09,0.6438424587249756,533.5396728515625,3.534811738651715,12.49489402770996,3655680
H052,Haze,AFLB2,raw_low,0.0,0.0,0.0,0.0,0.0,0.0,0.0,3655680
H052,Haze,AFLB2,raw_high,0.1942946314811707,0.1653093099594116,1.900652613073817e-08,1.007179737091064,710279.0,487.7527870243285,237902.78125,3655680
H052,Haze,AFLB2,mined_low,0.02026995457708836,0.4063641726970673,-5.967771053314209,6.047211647033691,655673.625,777.9274950147989,605171.1875,3655680
H052,Haze,AFLB2,mined_high,-0.04591281339526176,0.2203441113233566,-4.607017040252686,4.873315811157227,552847.875,430.3428865451363,185195.0,3655680
H052,Haze,AFLB3,conv_feat,0.00296217086724937,0.1657040864229202,-0.4707247316837311,0.6217338442802429,965627.375,448.127597621481,200818.34375,7311360
H052,Haze,AFLB3,fft_magnitude,3.814068986685015e-05,0.0005993237136863172,4.187572510971904e-09,0.4337646663188934,278.8603210449219,1.623821197781299,2.636795282363892,7311360
H052,Haze,AFLB3,raw_low,0.0,0.0,0.0,0.0,0.0,0.0,0.0,7311360
H052,Haze,AFLB3,raw_high,0.1320721954107285,0.1001177057623863,2.073577398675752e-08,0.6217339038848877,965627.375,448.127597621481,200818.34375,7311360
H052,Haze,AFLB3,mined_low,8.678596714162268e-06,0.000581827131099999,-0.005343455821275711,0.005563486833125353,3169.06689453125,1.573408045867136,2.475612878799438,7311360
H052,Haze,AFLB3,mined_high,-4.554800398182124e-05,0.000855214602779597,-0.006162948906421661,0.004625327885150909,4839.5830078125,2.315737133940453,5.362638473510742,7311360
H053,Haze,AFLB1,conv_feat,0.01152925658971071,0.1494943648576736,-0.5895894169807434,0.6185047626495361,145941.15625,171.3237694669803,29351.833984375,1305600
H053,Haze,AFLB1,fft_magnitude,0.0004104051331523806,0.002538458211347461,1.591532878819635e-07,0.3754713237285614,535.824951171875,2.938178126202349,8.632890701293945,1305600
H053,Haze,AFLB1,raw_low,0.0,0.0,0.0,0.0,0.0,0.0,0.0,1305600
H053,Haze,AFLB1,raw_high,0.1117809116840363,0.09993255883455276,1.490555661121107e-07,0.6185047626495361,145941.15625,171.3237466665815,29351.826171875,1305600
H053,Haze,AFLB1,mined_low,0.08410660922527313,1.69728147983551,-18.4031925201416,17.04675483703613,1495657.875,1941.741937024588,3770361.75,1305600
H053,Haze,AFLB1,mined_high,0.002372865797951818,0.5260025858879089,-12.25360584259033,14.8703727722168,354702.46875,601.0316391422335,361239.03125,1305600
H053,Haze,AFLB2,conv_feat,-0.01911070384085178,0.2427138537168503,-0.9469318389892578,0.8279479146003723,473317.3125,393.4202388985599,154779.484375,2611200
H053,Haze,AFLB2,fft_magnitude,0.000198133900994435,0.002078272169455886,2.540395982464361e-08,0.6156716346740723,517.3672485351562,3.373550527639481,11.38084316253662,2611200
H053,Haze,AFLB2,raw_low,0.0,0.0,0.0,0.0,0.0,0.0,0.0,2611200
H053,Haze,AFLB2,raw_high,0.1812642961740494,0.1625376641750336,2.952701905201138e-08,0.9469317197799683,473317.3125,393.4202388985599,154779.484375,2611200
H053,Haze,AFLB2,mined_low,0.005242027342319489,0.3118120133876801,-6.053863048553467,6.007665157318115,417612.96875,503.934705591905,253950.1875,2611200
H053,Haze,AFLB2,mined_high,-0.03637522459030151,0.1890228241682053,-4.384583950042725,3.797069787979126,343899.9375,311.0502119835317,96752.234375,2611200
H053,Haze,AFLB3,conv_feat,0.002443885197862983,0.1507957875728607,-0.4624549150466919,0.6147118806838989,614873.75,344.6524177522914,118785.2890625,5222400
H053,Haze,AFLB3,fft_magnitude,5.211179814068601e-05,0.0006445131730288267,5.159815241739807e-09,0.3928009867668152,272.1486511230469,1.47768492649969,2.183552742004395,5222400
H053,Haze,AFLB3,raw_low,0.0,0.0,0.0,0.0,0.0,0.0,0.0,5222400
H053,Haze,AFLB3,raw_high,0.117737777531147,0.09425051510334015,3.166587703162804e-08,0.6147119402885437,614873.75,344.6523950845257,118785.2734375,5222400
H053,Haze,AFLB3,mined_low,2.842861977114808e-05,0.0007439160253852606,-0.005462517030537128,0.004902543500065804,2996.01708984375,1.701280277271469,2.894354581832886,5222400
H053,Haze,AFLB3,mined_high,-5.986294490867294e-05,0.0008327107643708587,-0.005596114322543144,0.00448710098862648,3382.6923828125,1.907869245355417,3.639965057373047,5222400
H054,Haze,AFLB1,conv_feat,0.0117980670183897,0.1499436497688293,-0.4749580025672913,0.4947273135185242,112656.8984375,149.8235876685477,22447.107421875,992256
H054,Haze,AFLB1,fft_magnitude,0.0002746625686995685,0.002946068067103624,5.831290650348819e-08,0.3822042346000671,272.5355834960938,2.947364962188584,8.686960220336914,992256
H054,Haze,AFLB1,raw_low,0.0,0.0,0.0,0.0,0.0,0.0,0.0,992256
H054,Haze,AFLB1,raw_high,0.1135361194610596,0.09865009784698486,1.314749482617117e-07,0.4947272837162018,112656.8984375,149.8235811504651,22447.10546875,992256
H054,Haze,AFLB1,mined_low,-0.1450189203023911,1.470612645149231,-14.89264106750488,13.18272018432617,920566.1875,1472.012567881131,2166821.0,992256
H054,Haze,AFLB1,mined_high,-0.00588409835472703,0.4118694663047791,-9.036623001098633,7.672252178192139,234679.34375,410.3134853377354,168357.15625,992256
H054,Haze,AFLB2,conv_feat,-0.01948283985257149,0.2476090043783188,-0.8100250363349915,0.7603926062583923,370072.8125,349.8916238458703,122424.1484375,1984512
H054,Haze,AFLB2,fft_magnitude,0.0001248884072992951,0.002439844887703657,3.095114209372696e-08,0.6445104479789734,247.842529296875,3.441575287597974,11.84444046020508,1984512
H054,Haze,AFLB2,raw_low,0.0,0.0,0.0,0.0,0.0,0.0,0.0,1984512
H054,Haze,AFLB2,raw_high,0.1864804923534393,0.1640573740005493,1.545428851557062e-08,0.8100250363349915,370072.78125,349.8916126816989,122424.140625,1984512
H054,Haze,AFLB2,mined_low,0.01361496560275555,0.2525889277458191,-4.383151531219482,4.44788932800293,250126.625,356.345414854043,126982.0546875,1984512
H054,Haze,AFLB2,mined_high,-0.05354520305991173,0.1461692154407501,-3.244409799575806,3.058465003967285,213420.59375,219.293726041695,48089.73828125,1984512
H054,Haze,AFLB3,conv_feat,0.002482803072780371,0.1548358052968979,-0.4201849699020386,0.5278204679489136,488190.25,308.509876260064,95178.34375,3969024
H054,Haze,AFLB3,fft_magnitude,2.950456109829247e-05,0.0007610177854076028,3.385091928986839e-10,0.4110060036182404,117.1043090820312,1.517269697231499,2.302107334136963,3969024
H054,Haze,AFLB3,raw_low,0.0,0.0,0.0,0.0,0.0,0.0,0.0,3969024
H054,Haze,AFLB3,raw_high,0.1230000779032707,0.09408117830753326,4.097827144278199e-08,0.527820348739624,488190.25,308.5098635983945,95178.3359375,3969024
H054,Haze,AFLB3,mined_low,1.156180314865196e-05,0.0006015101098455489,-0.004841374699026346,0.003777266712859273,1763.883544921875,1.198574477105313,1.436580777168274,3969024
H054,Haze,AFLB3,mined_high,-4.102708771824837e-05,0.0008262494811788201,-0.004602301400154829,0.004028804134577513,2612.78125,1.648116093981465,2.716286659240723,3969024
H055,Haze,AFLB1,conv_feat,0.01075710076838732,0.1423040926456451,-0.6128880381584167,0.6251873970031738,133357.390625,163.0646260401838,26590.072265625,1305600
H055,Haze,AFLB1,fft_magnitude,0.0003292205510661006,0.002425214042887092,1.148378032667097e-07,0.3456871807575226,429.8303527832031,2.796535109001002,7.820608615875244,1305600
H055,Haze,AFLB1,raw_low,0.0,0.0,0.0,0.0,0.0,0.0,0.0,1305600
H055,Haze,AFLB1,raw_high,0.1021425947546959,0.09966471791267395,2.434100849768583e-07,0.6251873970031738,133357.375,163.0646200513772,26590.0703125,1305600
H055,Haze,AFLB1,mined_low,0.3287286162376404,1.68647301197052,-14.26468658447266,23.07495307922363,1506380.5,1963.27844433743,3854462.25,1305600
H055,Haze,AFLB1,mined_high,-0.00203092722222209,0.4345273673534393,-9.399126052856445,11.49855422973633,313192.46875,496.5087801338462,246520.96875,1305600
H055,Haze,AFLB2,conv_feat,-0.01702169515192509,0.2367585748434067,-0.9103074669837952,0.8152537941932678,441748.09375,383.570581021277,147126.390625,2611200
H055,Haze,AFLB2,fft_magnitude,0.0001636318484088406,0.002028840128332376,1.809770644456421e-08,0.565804123878479,427.2754821777344,3.289090625343673,10.81811714172363,2611200
H055,Haze,AFLB2,raw_low,0.0,0.0,0.0,0.0,0.0,0.0,0.0,2611200
H055,Haze,AFLB2,raw_high,0.1691743433475494,0.166506439447403,1.723799769592915e-08,0.9103076457977295,441748.0625,383.570581021277,147126.390625,2611200
H055,Haze,AFLB2,mined_low,0.02231389470398426,0.2730919420719147,-5.687273025512695,5.680338382720947,374778.4375,442.765633546688,196041.40625,2611200
H055,Haze,AFLB2,mined_high,-0.1374749690294266,0.2285275012254715,-4.405021190643311,3.816018342971802,519824.9375,430.9518353308175,185719.484375,2611200
H055,Haze,AFLB3,conv_feat,0.002497448353096843,0.1483583897352219,-0.4414812326431274,0.5774305462837219,581644.0,339.0850971732612,114978.703125,5222400
H055,Haze,AFLB3,fft_magnitude,4.17693991039414e-05,0.0006347987218759954,7.440124960567118e-09,0.3698471486568451,218.1365051269531,1.453815337243798,2.113579034805298,5222400
H055,Haze,AFLB3,raw_low,0.0,0.0,0.0,0.0,0.0,0.0,0.0,5222400
H055,Haze,AFLB3,raw_high,0.1113748475909233,0.09804128855466843,7.455697925706772e-08,0.5774304866790771,581644.0,339.0850741333213,114978.6875,5222400
H055,Haze,AFLB3,mined_low,1.754378536134027e-05,0.0006386738386936486,-0.005364762619137764,0.00478186784312129,2509.65771484375,1.460084553974406,2.131846904754639,5222400
H055,Haze,AFLB3,mined_high,-4.485212775762193e-05,0.0009765246650204062,-0.005276298616081476,0.004994933493435383,3963.45263671875,2.23396254780794,4.990588665008545,5222400
H056,Haze,AFLB1,conv_feat,0.008367798291146755,0.1069374233484268,-0.5905193090438843,0.6309778094291687,190729.171875,164.4358786978225,27039.158203125,2350080
H056,Haze,AFLB1,fft_magnitude,0.0002243512135464698,0.001352653722278774,4.956271837386339e-08,0.2517090439796448,527.2432861328125,2.101942744120436,4.418163299560547,2350080
H056,Haze,AFLB1,raw_low,0.0,0.0,0.0,0.0,0.0,0.0,0.0,2350080
H056,Haze,AFLB1,raw_high,0.0811585783958435,0.07013499736785889,9.023943370323195e-09,0.6309777498245239,190729.15625,164.4358786978225,27039.158203125,2350080
H056,Haze,AFLB1,mined_low,0.2445145696401596,1.627106785774231,-17.62574577331543,26.91701507568359,2585042.75,2522.357528186677,6362287.5,2350080
H056,Haze,AFLB1,mined_high,-0.001965229166671634,0.6825066208839417,-13.15961837768555,15.01578521728516,793646.3125,1046.284975520532,1094712.25,2350080
H056,Haze,AFLB2,conv_feat,-0.0111103430390358,0.2045526206493378,-0.928957462310791,0.8259007930755615,728754.1875,444.1207254227166,197243.21875,4700160
H056,Haze,AFLB2,fft_magnitude,0.0001075002292054705,0.001304878969676793,1.970052743160977e-08,0.4988892674446106,505.2682800292969,2.838542151961446,8.057321548461914,4700160
H056,Haze,AFLB2,raw_low,0.0,0.0,0.0,0.0,0.0,0.0,0.0,4700160
H056,Haze,AFLB2,raw_high,0.1550488024950027,0.1338845938444138,4.394198782620151e-09,0.928957462310791,728754.1875,444.1207254227166,197243.21875,4700160
H056,Haze,AFLB2,mined_low,0.01441747788339853,0.3017711341381073,-6.294212341308594,6.142732620239258,695676.0625,654.9816075661972,429000.90625,4700160
H056,Haze,AFLB2,mined_high,-0.0740802139043808,0.2166103422641754,-5.259937763214111,4.30861234664917,786944.8125,496.3119923495703,246325.59375,4700160
H056,Haze,AFLB3,conv_feat,0.002543275710195303,0.1352822631597519,-0.470053642988205,0.6186251044273376,1000231.625,414.8479013445771,172098.78125,9400320
H056,Haze,AFLB3,fft_magnitude,2.648992813192308e-05,0.0004315840487834066,3.466696485432408e-09,0.3462663292884827,249.0137939453125,1.325724328189782,1.757544994354248,9400320
H056,Haze,AFLB3,raw_low,0.0,0.0,0.0,0.0,0.0,0.0,0.0,9400320
H056,Haze,AFLB3,raw_high,0.1064039990305901,0.08358198404312134,2.933685827599675e-08,0.6186251044273376,1000231.625,414.8479390089819,172098.8125,9400320
H056,Haze,AFLB3,mined_low,4.455326052266173e-05,0.000726462050806731,-0.005452360957860947,0.005347726866602898,5164.46923828125,2.231513371671341,4.979651927947998,9400320
H056,Haze,AFLB3,mined_high,-6.582743662875146e-05,0.0008977756951935589,-0.005704394076019526,0.005612654611468315,6500.09033203125,2.759964403254626,7.617403507232666,9400320
H057,Haze,AFLB1,conv_feat,0.01208019815385342,0.1500444114208221,-0.5580251812934875,0.5773084163665771,271381.03125,230.761925815872,53251.06640625,2350080
H057,Haze,AFLB1,fft_magnitude,0.0002601744490675628,0.00190651579760015,6.395242735379725e-08,0.3882294297218323,611.4307861328125,2.949772137392416,8.701155662536621,2350080
H057,Haze,AFLB1,raw_low,0.0,0.0,0.0,0.0,0.0,0.0,0.0,2350080
H057,Haze,AFLB1,raw_high,0.1154773607850075,0.09656209498643875,4.499079508946124e-08,0.5773084163665771,271381.03125,230.7619342796814,53251.0703125,2350080
H057,Haze,AFLB1,mined_low,0.2813884317874908,1.955832123756409,-23.13276290893555,28.02557754516602,3015082.5,3029.156648309889,9175790.0,2350080
H057,Haze,AFLB1,mined_high,0.0006903412286192179,0.6328394412994385,-15.81011581420898,17.57305145263672,732620.6875,970.1416133740476,941174.75,2350080
H057,Haze,AFLB2,conv_feat,-0.01924834586679935,0.2498572170734406,-0.9393424391746521,0.8427402973175049,901317.375,543.2917896950036,295165.96875,4700160
H057,Haze,AFLB2,fft_magnitude,0.0001305051555391401,0.001596337184309959,5.454019902373375e-09,0.6483055353164673,613.3951416015625,3.472381615265127,12.05743408203125,4700160
H057,Haze,AFLB2,raw_low,0.0,0.0,0.0,0.0,0.0,0.0,0.0,4700160
H057,Haze,AFLB2,raw_high,0.1917631328105927,0.1613258719444275,2.429438339390799e-08,0.9393425583839417,901317.375,543.2918184548705,295166.0,4700160
H057,Haze,AFLB2,mined_low,0.008021225221455097,0.290848970413208,-5.238142013549805,5.432004928588867,750739.8125,630.7959753359243,397903.5625,4700160
H057,Haze,AFLB2,mined_high,-0.004545545671135187,0.2104402929544449,-4.957755088806152,5.936061859130859,669285.875,456.3378682511457,208244.25,4700160
H057,Haze,AFLB3,conv_feat,0.002781606279313564,0.1566730886697769,-0.4669363796710968,0.6251023411750793,1188140.5,480.4344713381836,230817.28125,9400320
H057,Haze,AFLB3,fft_magnitude,3.496147837722674e-05,0.0004995351773686707,1.112434366845605e-09,0.4209197461605072,328.6490783691406,1.535318458276916,2.357202768325806,9400320
H057,Haze,AFLB3,raw_low,0.0,0.0,0.0,0.0,0.0,0.0,0.0,9400320
H057,Haze,AFLB3,raw_high,0.1263936311006546,0.0926220640540123,1.211465701089764e-07,0.6251024007797241,1188140.625,480.4344875995061,230817.296875,9400320
H057,Haze,AFLB3,mined_low,7.342684966715751e-07,0.0007357043214142323,-0.005640844348818064,0.006323865614831448,5279.40771484375,2.25566637939313,5.088030815124512,9400320
H057,Haze,AFLB3,mined_high,-4.21354197897017e-05,0.0008498336537741125,-0.006895762868225574,0.005535714793950319,6149.02880859375,2.608785688359959,6.805762767791748,9400320
H058,Haze,AFLB1,conv_feat,0.01003891974687576,0.1237883120775223,-0.5296717286109924,0.5497546195983887,104453.671875,130.061216055652,16915.919921875,1096704
H058,Haze,AFLB1,fft_magnitude,0.000392603746149689,0.002290531992912292,5.785156886872755e-08,0.3143098950386047,430.5700988769531,2.43370944952821,5.9229416847229,1096704
H058,Haze,AFLB1,raw_low,0.0,0.0,0.0,0.0,0.0,0.0,0.0,1096704
H058,Haze,AFLB1,raw_high,0.09524327516555786,0.07970598340034485,9.577519222148112e-08,0.5497546195983887,104453.6796875,130.061216055652,16915.919921875,1096704
H058,Haze,AFLB1,mined_low,0.1320804208517075,1.491320967674255,-15.66623401641846,15.6920747756958,1116137.5,1567.878821848168,2458244.0,1096704
H058,Haze,AFLB1,mined_high,0.005012259352952242,0.6015511155128479,-14.16703224182129,16.79662704467773,338311.21875,629.9880703235578,396884.96875,1096704
H058,Haze,AFLB2,conv_feat,-0.0150457201525569,0.2150898426771164,-0.9057273268699646,0.8550413846969604,360816.15625,319.3298891820182,101971.578125,2193408
H058,Haze,AFLB2,fft_magnitude,0.0002042017731582746,0.002006939379498363,5.440446315674308e-08,0.5412964820861816,447.8977966308594,2.987655195091679,8.9260835647583,2193408
H058,Haze,AFLB2,raw_low,0.0,0.0,0.0,0.0,0.0,0.0,0.0,2193408
H058,Haze,AFLB2,raw_high,0.1645002514123917,0.1393904089927673,9.826042202121243e-08,0.9057274460792542,360816.15625,319.3298891820182,101971.578125,2193408
H058,Haze,AFLB2,mined_low,0.01206300873309374,0.253927618265152,-5.232082843780518,5.078205585479736,311302.46875,376.4949368849467,141748.4375,2193408
H058,Haze,AFLB2,mined_high,-0.05047226324677467,0.1859277337789536,-4.421431541442871,3.543335437774658,296948.4375,285.3275119270835,81411.7890625,2193408
H058,Haze,AFLB3,conv_feat,0.002537038410082459,0.1368215531110764,-0.4582159519195557,0.6091195940971375,481124.90625,286.6182811031076,82150.0390625,4386816
H058,Haze,AFLB3,fft_magnitude,5.651523315464146e-05,0.0006376627716235816,2.003753962753763e-08,0.3619182109832764,247.9219360351562,1.340802441927295,1.797751188278198,4386816
H058,Haze,AFLB3,raw_low,0.0,0.0,0.0,0.0,0.0,0.0,0.0,4386816
H058,Haze,AFLB3,raw_high,0.1096751987934113,0.08184085786342621,9.243632526079182e-10,0.6091195940971375,481124.90625,286.6182811031076,82150.0390625,4386816
H058,Haze,AFLB3,mined_low,3.515824937494472e-05,0.0007701736758463085,-0.005501978099346161,0.005555808078497648,2593.080810546875,1.614787656919918,2.607539176940918,4386816
H058,Haze,AFLB3,mined_high,-6.798086542403325e-05,0.000926594075281173,-0.006708364933729172,0.00466354563832283,3193.254150390625,1.945942052980129,3.786690473556519,4386816
H059,Haze,AFLB1,conv_feat,0.008194244466722012,0.1050428599119186,-0.5194540023803711,0.5383457541465759,181693.921875,159.7148704527853,25508.83984375,2297856
H059,Haze,AFLB1,fft_magnitude,0.0001901115610962734,0.001348701538518071,9.296341119124918e-08,0.2452719658613205,436.8489990234375,2.064664687303024,4.262840270996094,2297856
H059,Haze,AFLB1,raw_low,0.0,0.0,0.0,0.0,0.0,0.0,0.0,2297856
H059,Haze,AFLB1,raw_high,0.07907106727361679,0.06963413953781128,3.120403846423869e-08,0.5383456945419312,181693.921875,159.7148704527853,25508.83984375,2297856
H059,Haze,AFLB1,mined_low,0.3475190103054047,1.966886758804321,-14.92856788635254,23.51055335998535,2988905.5,3027.721255333786,9167096.0,2297856
H059,Haze,AFLB1,mined_high,-0.003857610048726201,0.6794326305389404,-15.31802368164062,17.9758358001709,798696.0625,1029.946782605781,1060790.375,2297856
H059,Haze,AFLB2,conv_feat,-0.01056934613734484,0.2069747149944305,-0.8754631876945496,0.7653062343597412,705985.8125,444.2825149890551,197386.953125,4595712
H059,Haze,AFLB2,fft_magnitude,9.652764856582507e-05,0.001336061744950712,8.11787614907189e-09,0.4941544234752655,443.61328125,2.871662856808122,8.246447563171387,4595712
H059,Haze,AFLB2,raw_low,0.0,0.0,0.0,0.0,0.0,0.0,0.0,4595712
H059,Haze,AFLB2,raw_high,0.1536183804273605,0.1391101777553558,4.481963689073609e-09,0.8754632472991943,705985.8125,444.2825325735865,197386.96875,4595712
H059,Haze,AFLB2,mined_low,0.0103490324690938,0.3611571788787842,-6.853107929229736,6.775976181030273,712007.125,774.5525724571573,599931.6875,4595712
H059,Haze,AFLB2,mined_high,-0.08145424723625183,0.2170417904853821,-5.731371879577637,4.850339889526367,781134.6875,496.97330788484,246982.46875,4595712
H059,Haze,AFLB3,conv_feat,0.002588660223409534,0.1379085630178452,-0.4388997554779053,0.5925025343894958,980111.625,418.1760432222296,174871.203125,9191424
H059,Haze,AFLB3,fft_magnitude,2.524086630728561e-05,0.000445055979071185,2.430403434061645e-09,0.3467209041118622,231.99951171875,1.351460535690483,1.826445579528809,9191424
H059,Haze,AFLB3,raw_low,0.0,0.0,0.0,0.0,0.0,0.0,0.0,9191424
H059,Haze,AFLB3,raw_high,0.1066332831978798,0.08749181777238846,5.023878557608441e-08,0.5925023555755615,980111.6875,418.1760432222296,174871.203125,9191424
H059,Haze,AFLB3,mined_low,3.775027289520949e-05,0.0007862086058594286,-0.006358857732266188,0.005089838057756424,5402.8251953125,2.386323037565937,5.69453763961792,9191424
H059,Haze,AFLB3,mined_high,-6.646409019595012e-05,0.0008367394329980016,-0.006329886615276337,0.004556396044790745,6075.7978515625,2.544763262966651,6.475820064544678,9191424
H060,Haze,AFLB1,conv_feat,0.01102867070585489,0.1405578553676605,-0.5886721014976501,0.5786464810371399,137783.09375,161.0990330123058,25952.8984375,1305600
H060,Haze,AFLB1,fft_magnitude,0.0003728967276401818,0.002389028901234269,9.368446995949853e-08,0.3554370403289795,486.8539733886719,2.762825621319297,7.633205413818359,1305600
H060,Haze,AFLB1,raw_low,0.0,0.0,0.0,0.0,0.0,0.0,0.0,1305600
H060,Haze,AFLB1,raw_high,0.1055323854088783,0.09349360316991806,1.091362094030046e-07,0.5886722207069397,137783.078125,161.0990269504289,25952.896484375,1305600
H060,Haze,AFLB1,mined_low,0.4328902363777161,2.150262355804443,-16.19087409973145,24.38648414611816,1957708.875,2506.246396506137,6281271.0,1305600
H060,Haze,AFLB1,mined_high,0.006316880695521832,0.7057878375053406,-14.17916393280029,17.77056312561035,465227.40625,806.4856632327694,650419.125,1305600
H060,Haze,AFLB2,conv_feat,-0.01755631156265736,0.2331187427043915,-0.9504411816596985,0.896993100643158,455139.21875,377.7681580678816,142708.78125,2611200
H060,Haze,AFLB2,fft_magnitude,0.0001850492844823748,0.001996078062802553,2.191877435109291e-08,0.5811160802841187,483.20068359375,3.239335094561598,10.4932918548584,2611200
H060,Haze,AFLB2,raw_low,0.0,0.0,0.0,0.0,0.0,0.0,0.0,2611200
H060,Haze,AFLB2,raw_high,0.1743026971817017,0.1557919681072235,8.19052825562494e-09,0.9504411220550537,455139.21875,377.7681580678816,142708.78125,2611200
H060,Haze,AFLB2,mined_low,0.0007904587546363473,0.3311919271945953,-5.569770336151123,5.524397373199463,414735.59375,535.1814528736959,286419.1875,2611200
H060,Haze,AFLB2,mined_high,-0.06111392006278038,0.2051166146993637,-4.133428573608398,4.104329586029053,377111.9375,345.8513499323083,119613.15625,2611200
H060,Haze,AFLB3,conv_feat,0.002548471326008439,0.1457477807998657,-0.4731157422065735,0.6206647157669067,596092.0625,333.1220684674013,110970.3125,5222400
H060,Haze,AFLB3,fft_magnitude,4.835545405512676e-05,0.0006231105071492493,9.655469312974674e-09,0.3790913820266724,252.5315246582031,1.428249115005986,2.039895534515381,5222400
H060,Haze,AFLB3,raw_low,0.0,0.0,0.0,0.0,0.0,0.0,0.0,5222400
H060,Haze,AFLB3,raw_high,0.1141413897275925,0.09066779911518097,6.341818448163394e-08,0.6206644773483276,596092.0,333.1220567412191,110970.3046875,5222400
H060,Haze,AFLB3,mined_low,3.572474815882742e-05,0.0006942330510355532,-0.005823140498250723,0.004499788861721754,2722.06591796875,1.588600215979375,2.523650646209717,5222400
H060,Haze,AFLB3,mined_high,-3.733687481144443e-05,0.0009075632551684976,-0.006317292805761099,0.004750085528939962,3743.583251953125,2.075769681542966,4.308819770812988,5222400
H061,Haze,AFLB1,conv_feat,0.01335423812270164,0.1645343601703644,-0.5552572011947632,0.5980534553527832,238207.640625,226.3438513909755,51231.5390625,1880064
H061,Haze,AFLB1,fft_magnitude,0.000254982995102182,0.002345363609492779,1.324341525332784e-07,0.4253280758857727,479.3843383789062,3.234804281596396,10.46395874023438,1880064
H061,Haze,AFLB1,raw_low,0.0,0.0,0.0,0.0,0.0,0.0,0.0,1880064
H061,Haze,AFLB1,raw_high,0.1267018914222717,0.1058136448264122,8.39779712435984e-09,0.5980534553527832,238207.65625,226.3438513909755,51231.5390625,1880064
H061,Haze,AFLB1,mined_low,0.1702080070972443,1.484554529190063,-15.90967845916748,16.9142894744873,1944083.75,2048.888479151562,4197944.0,1880064
H061,Haze,AFLB1,mined_high,0.0001562191901030019,0.4138764441013336,-10.9683084487915,11.00836181640625,416531.875,567.4884910727266,322043.1875,1880064
H061,Haze,AFLB2,conv_feat,-0.0207434669137001,0.2811627984046936,-0.9494481086730957,0.8209866285324097,806194.3125,546.6859530388539,298865.53125,3760128
H061,Haze,AFLB2,fft_magnitude,0.000122159966849722,0.002010879339650273,3.575289753143807e-08,0.7245945334434509,459.3371276855469,3.906494499184117,15.26069927215576,3760128
H061,Haze,AFLB2,raw_low,0.0,0.0,0.0,0.0,0.0,0.0,0.0,3760128
H061,Haze,AFLB2,raw_high,0.2144060581922531,0.1830651462078094,1.890933276627038e-08,0.9494479894638062,806194.25,546.6859530388539,298865.53125,3760128
H061,Haze,AFLB2,mined_low,0.01262485608458519,0.2926062643527985,-6.149319171905518,6.12910795211792,573727.625,567.9221722648272,322535.59375,3760128
H061,Haze,AFLB2,mined_high,0.02796105109155178,0.2164655029773712,-4.290552616119385,4.35749626159668,526238.875,423.236635937864,179129.25,3760128
H061,Haze,AFLB3,conv_feat,0.003189031267538667,0.1780996471643448,-0.4777801334857941,0.5946176052093506,1076696.125,488.4824555447207,238615.109375,7520256
H061,Haze,AFLB3,fft_magnitude,3.14379321935121e-05,0.0006356550147756934,2.574109592146101e-09,0.4758345782756805,236.4212951660156,1.745292667559691,3.046046495437622,7520256
H061,Haze,AFLB3,raw_low,0.0,0.0,0.0,0.0,0.0,0.0,0.0,7520256
H061,Haze,AFLB3,raw_high,0.1431728005409241,0.1059773489832878,5.40160307593851e-08,0.5946176052093506,1076696.125,488.48247153813,238615.125,7520256
H061,Haze,AFLB3,mined_low,2.13596285902895e-06,0.000544888898730278,-0.00454486021772027,0.004762330092489719,3051.46142578125,1.494264924108717,2.232827663421631,7520256
H061,Haze,AFLB3,mined_high,-4.157048169872724e-05,0.0008501963457092643,-0.005667423363775015,0.005284408573061228,4912.19921875,2.334286007084889,5.448891162872314,7520256
H062,Haze,AFLB1,conv_feat,0.01143722794950008,0.1413404941558838,-0.5406980514526367,0.5572498440742493,142748.21875,162.0275644469946,26252.931640625,1305600
H062,Haze,AFLB1,fft_magnitude,0.0003276701900176704,0.002409716369584203,5.708021078021375e-08,0.3617086112499237,427.8062133789062,2.778749863817192,7.721450805664062,1305600
H062,Haze,AFLB1,raw_low,0.0,0.0,0.0,0.0,0.0,0.0,0.0,1305600
H062,Haze,AFLB1,raw_high,0.1093353405594826,0.09029798954725266,6.984936629095273e-09,0.557249903678894,142748.21875,162.0275644469946,26252.931640625,1305600
H062,Haze,AFLB1,mined_low,0.1182146370410919,1.409970641136169,-16.40672302246094,19.48151397705078,1191071.75,1616.725239488764,2613800.5,1305600
H062,Haze,AFLB1,mined_high,-0.007880399003624916,0.7338896989822388,-14.07150459289551,17.60710334777832,498139.28125,838.6116875527075,703269.5625,1305600
H062,Haze,AFLB2,conv_feat,-0.01762741059064865,0.2430760860443115,-0.9673054814338684,0.8611634969711304,487441.53125,393.8231678050442,155096.6875,2611200
H062,Haze,AFLB2,fft_magnitude,0.0001599211973370984,0.00208370597101748,1.505399893630965e-08,0.6277464032173157,417.5862121582031,3.377005793445917,11.40416812896729,2611200
H062,Haze,AFLB2,raw_low,0.0,0.0,0.0,0.0,0.0,0.0,0.0,2611200
H062,Haze,AFLB2,raw_high,0.1866733878850937,0.156683623790741,1.463450072236583e-08,0.9673054218292236,487441.53125,393.8231479674602,155096.671875,2611200
H062,Haze,AFLB2,mined_low,0.01312113553285599,0.3060298562049866,-5.527741432189941,5.506685733795166,395052.375,494.9743364559419,244999.59375,2611200
H062,Haze,AFLB2,mined_high,-0.07401997596025467,0.1999236047267914,-4.549759864807129,4.651854515075684,392173.4375,344.4921760722586,118674.859375,2611200
H062,Haze,AFLB3,conv_feat,0.002741425763815641,0.1544160544872284,-0.475231260061264,0.6258313655853271,650343.375,352.935989238842,124563.8125,5222400
H062,Haze,AFLB3,fft_magnitude,4.031709613627754e-05,0.0006609291303902864,6.750047631953748e-09,0.4127230942249298,210.552001953125,1.51320053145268,2.289775848388672,5222400
H062,Haze,AFLB3,raw_low,0.0,0.0,0.0,0.0,0.0,0.0,0.0,5222400
H062,Haze,AFLB3,raw_high,0.1245296001434326,0.09134665131568909,2.225893469542939e-09,0.6258314251899719,650343.375,352.9359781709708,124563.8046875,5222400
H062,Haze,AFLB3,mined_low,2.323288572370075e-05,0.0006535424618050456,-0.00576560664921999,0.005384732037782669,2588.41650390625,1.494455900152293,2.2333984375,5222400
H062,Haze,AFLB3,mined_high,-5.93085860600695e-05,0.0009691536542959511,-0.006563767790794373,0.004833232145756483,4008.75048828125,2.218908492324176,4.92355489730835,5222400
H063,Haze,AFLB1,conv_feat,0.01119643077254295,0.1403510123491287,-0.5428126454353333,0.5422553420066833,139614.5,160.8785693077235,25881.9140625,1305600
H063,Haze,AFLB1,fft_magnitude,0.0002617448917590082,0.002400418510660529,1.34732275114402e-07,0.3617119193077087,341.734130859375,2.759044426096129,7.612326145172119,1305600
H063,Haze,AFLB1,raw_low,0.0,0.0,0.0,0.0,0.0,0.0,0.0,1305600
H063,Haze,AFLB1,raw_high,0.106935128569603,0.0915895476937294,6.333009849868176e-08,0.5428126454353333,139614.5,160.8785571673553,25881.91015625,1305600
H063,Haze,AFLB1,mined_low,0.1077553406357765,1.709392786026001,-16.63448715209961,22.70867729187012,1458358.875,1957.077859973895,3830153.75,1305600
H063,Haze,AFLB1,mined_high,-0.006612725555896759,0.6554201245307922,-15.99501895904541,15.10477447509766,449980.3125,748.9398757577273,560910.9375,1305600
H063,Haze,AFLB2,conv_feat,-0.01810156367719173,0.2322837114334106,-0.8770816922187805,0.7629638314247131,459719.5,376.4900812106476,141744.78125,2611200
H063,Haze,AFLB2,fft_magnitude,0.0001238936092704535,0.001994009828194976,4.167723499648446e-09,0.5984244346618652,323.510986328125,3.228375606650686,10.42240905761719,2611200
H063,Haze,AFLB2,raw_low,0.0,0.0,0.0,0.0,0.0,0.0,0.0,2611200
H063,Haze,AFLB2,raw_high,0.1760567873716354,0.1526020765304565,8.279609176042868e-08,0.877081573009491,459719.5,376.4900604597683,141744.765625,2611200
H063,Haze,AFLB2,mined_low,0.01498038042336702,0.3354237377643585,-5.846584796905518,6.012784004211426,419825.9375,542.5584933903441,294369.71875,2611200
H063,Haze,AFLB2,mined_high,-0.02075966633856297,0.191621720790863,-5.440577983856201,4.338189125061035,329687.15625,311.4573481032355,97005.6796875,2611200
H063,Haze,AFLB3,conv_feat,0.002495021559298038,0.1452358961105347,-0.4368150532245636,0.5606154203414917,604537.5,331.9503327871506,110191.0234375,5222400
H063,Haze,AFLB3,fft_magnitude,3.054063199670054e-05,0.0006220363429747522,5.107478884269767e-09,0.3860633969306946,159.4953918457031,1.42322518097857,2.025569915771484,5222400
H063,Haze,AFLB3,raw_low,0.0,0.0,0.0,0.0,0.0,0.0,0.0,5222400
H063,Haze,AFLB3,raw_high,0.1157585456967354,0.08774764090776443,2.24718395003265e-08,0.5606153011322021,604537.4375,331.9503210195767,110191.015625,5222400
H063,Haze,AFLB3,mined_low,4.211478153592907e-05,0.0005865595885552466,-0.004300521221011877,0.006038917228579521,2297.47119140625,1.343890116283951,1.806040644645691,5222400
H063,Haze,AFLB3,mined_high,-5.208729999139905e-05,0.0009500436135567725,-0.004757565446197987,0.004327571950852871,3937.2421875,2.17435451005589,4.727817535400391,5222400
H064,Haze,AFLB1,conv_feat,0.0111811263486743,0.144618347287178,-0.6694669723510742,0.6923930048942566,142018.328125,165.7381983449349,27469.150390625,1305600
H064,Haze,AFLB1,fft_magnitude,0.0004448804538697004,0.002447481267154217,1.640458435758774e-07,0.3658508658409119,580.8359375,2.842386610576037,8.079161643981934,1305600
H064,Haze,AFLB1,raw_low,0.0,0.0,0.0,0.0,0.0,0.0,0.0,1305600
H064,Haze,AFLB1,raw_high,0.108776293694973,0.09595415741205215,5.213542664250781e-08,0.6923930644989014,142018.328125,165.7381924527355,27469.1484375,1305600
H064,Haze,AFLB1,mined_low,0.4423502087593079,2.201379299163818,-18.24533462524414,27.42782211303711,1906604.875,2565.638614458396,6582501.5,1305600
H064,Haze,AFLB1,mined_high,-0.002433657180517912,0.5273197293281555,-12.09836387634277,14.75179195404053,365572.25,602.537006124935,363050.84375,1305600
H064,Haze,AFLB2,conv_feat,-0.01870914176106453,0.2269560992717743,-1.020572900772095,0.9048271179199219,448878.03125,367.9870921649291,135414.5,2611200
H064,Haze,AFLB2,fft_magnitude,0.0002222431357949972,0.001940045622177422,2.549874800195084e-08,0.5760289430618286,580.3212890625,3.15546294115235,9.95694637298584,2611200
H064,Haze,AFLB2,raw_low,0.0,0.0,0.0,0.0,0.0,0.0,0.0,2611200
H064,Haze,AFLB2,raw_high,0.1719048768281937,0.1493580043315887,1.411885452995421e-08,1.020572900772095,448878.03125,367.9870709345642,135414.484375,2611200
H064,Haze,AFLB2,mined_low,0.01705555059015751,0.3037577569484711,-6.118840217590332,6.129090785980225,400038.125,491.6215992763133,241691.796875,2611200
H064,Haze,AFLB2,mined_high,-0.09688287228345871,0.216167077422142,-3.876018047332764,4.442111015319824,439070.9375,382.7873716242478,146526.171875,2611200
H064,Haze,AFLB3,conv_feat,0.002270699478685856,0.1395503878593445,-0.4926193654537201,0.6467182636260986,573702.0625,318.9507088681572,101729.5546875,5222400
H064,Haze,AFLB3,fft_magnitude,6.077605576138012e-05,0.0005953021463938057,9.84900871969785e-09,0.3648189008235931,317.3968811035156,1.367489852170236,1.870028495788574,5222400
H064,Haze,AFLB3,raw_low,0.0,0.0,0.0,0.0,0.0,0.0,0.0,5222400
H064,Haze,AFLB3,raw_high,0.1098540872335434,0.0860903188586235,5.640615441393493e-08,0.6467182040214539,573702.0,318.9507088681572,101729.5546875,5222400
H064,Haze,AFLB3,mined_low,1.488330508436775e-05,0.0007889263215474784,-0.005714551080018282,0.005463147070258856,3138.07470703125,1.803220210214459,3.251603126525879,5222400
H064,Haze,AFLB3,mined_high,-7.985703268786892e-05,0.0009669936262071133,-0.005821945611387491,0.005236649885773659,3956.244873046875,2.217351768381845,4.916648864746094,5222400
H065,Haze,AFLB1,conv_feat,0.009575449861586094,0.1328917443752289,-0.6311814188957214,0.6399634480476379,220183.78125,206.5077839785949,42645.46484375,2402304
H065,Haze,AFLB1,fft_magnitude,0.0003134609141852707,0.001655089901760221,7.832315418454527e-08,0.3024595975875854,753.0284423828125,2.610886918130998,6.816730499267578,2402304
H065,Haze,AFLB1,raw_low,0.0,0.0,0.0,0.0,0.0,0.0,0.0,2402304
H065,Haze,AFLB1,raw_high,0.09165525436401367,0.09670168161392212,4.284099830442756e-08,0.6399633288383484,220183.78125,206.5077745207187,42645.4609375,2402304
H065,Haze,AFLB1,mined_low,0.3339038193225861,2.063306570053101,-21.62518882751465,30.30158615112305,3372042.25,3239.599975305593,10495008.0,2402304
H065,Haze,AFLB1,mined_high,-0.0030761300586164,0.5841211080551147,-14.03411293029785,14.70477199554443,727095.375,905.3633593756708,819682.8125,2402304
H065,Haze,AFLB2,conv_feat,-0.01422247290611267,0.2268307209014893,-1.00678539276123,0.9219971299171448,758960.375,498.1760638820376,248179.390625,4804608
H065,Haze,AFLB2,fft_magnitude,0.0001590470637893304,0.001427900744602084,1.916676417579311e-08,0.5159401893615723,764.1588134765625,3.149230857074454,9.917654991149902,4804608
H065,Haze,AFLB2,raw_low,0.0,0.0,0.0,0.0,0.0,0.0,0.0,4804608
H065,Haze,AFLB2,raw_high,0.1579650938510895,0.1634058654308319,7.290553494243568e-09,1.00678551197052,758960.375,498.1760481998306,248179.375,4804608
H065,Haze,AFLB2,mined_low,0.01439526583999395,0.3379348516464233,-6.484279155731201,6.76014232635498,745922.5625,741.4052114060165,549681.6875,4804608
H065,Haze,AFLB2,mined_high,-0.1024733558297157,0.203339084982872,-5.171232223510742,4.685994148254395,816462.9375,499.1064672241785,249107.265625,4804608
H065,Haze,AFLB3,conv_feat,0.002523675095289946,0.1435406357049942,-0.5200576782226562,0.6669501662254333,1013432.75,445.0266143726687,198048.6875,9609216
H065,Haze,AFLB3,fft_magnitude,4.307519338908605e-05,0.0004517186025623232,5.549263271120708e-09,0.3471793532371521,413.9188537597656,1.406622604174172,1.97858715057373,9609216
H065,Haze,AFLB3,raw_low,0.0,0.0,0.0,0.0,0.0,0.0,0.0,9609216
H065,Haze,AFLB3,raw_high,0.1054646670818329,0.09740373492240906,6.891862369684532e-08,0.6669501066207886,1013432.75,445.0265792624077,198048.65625,9609216
H065,Haze,AFLB3,mined_low,3.535565701895393e-05,0.0006464059115387499,-0.006056662648916245,0.005896216258406639,4692.255859375,2.006771545119613,4.027132034301758,9609216
H065,Haze,AFLB3,mined_high,-5.771050928160548e-05,0.0009214102756232023,-0.005818887148052454,0.004990912508219481,6932.76171875,2.861852187769507,8.190197944641113,9609216
H066,Haze,AFLB1,conv_feat,0.01028793212026358,0.1311668455600739,-0.5258235335350037,0.5163043737411499,128813.5,150.3352828368145,22600.697265625,1305600
H066,Haze,AFLB1,fft_magnitude,0.0003552315174601972,0.002228263532742858,1.402462146415928e-08,0.3307161927223206,463.790283203125,2.57822875767774,6.647263526916504,1305600
H066,Haze,AFLB1,raw_low,0.0,0.0,0.0,0.0,0.0,0.0,0.0,1305600
H066,Haze,AFLB1,raw_high,0.09866229444742203,0.08704214543104172,3.594922759475594e-07,0.5258234739303589,128813.4921875,150.3352828368145,22600.697265625,1305600
H066,Haze,AFLB1,mined_low,0.4847019612789154,2.430521011352539,-18.68474960327148,26.94233131408691,2216268.25,2831.868023054747,8019476.5,1305600
H066,Haze,AFLB1,mined_high,0.001892228610813618,0.5729351043701172,-15.20948123931885,17.85217666625977,390437.6875,654.6555869310213,428573.9375,1305600
H066,Haze,AFLB2,conv_feat,-0.01640811190009117,0.2188745439052582,-0.9268592000007629,0.8497691750526428,428595.34375,354.6763709707767,125795.328125,2611200
H066,Haze,AFLB2,fft_magnitude,0.0001779496960807592,0.001873668748885393,2.683457012153667e-08,0.5526639223098755,464.6622314453125,3.04132466592631,9.249655723571777,2611200
H066,Haze,AFLB2,raw_low,0.0,0.0,0.0,0.0,0.0,0.0,0.0,2611200
H066,Haze,AFLB2,raw_high,0.1641373038291931,0.1457197219133377,1.010955141822478e-08,0.9268592596054077,428595.3125,354.6763709707767,125795.328125,2611200
H066,Haze,AFLB2,mined_low,0.01080499961972237,0.3503273129463196,-7.212766647338867,7.500082015991211,425345.375,566.3704066244987,320775.4375,2611200
H066,Haze,AFLB2,mined_high,-0.07252402603626251,0.2138086408376694,-4.578201293945312,5.146007061004639,403695.0,364.8327956064257,133102.96875,2611200
H066,Haze,AFLB3,conv_feat,0.002347929868847132,0.1373854577541351,-0.4729751348495483,0.6215146780014038,564117.625,314.0069416032072,98600.359375,5222400
H066,Haze,AFLB3,fft_magnitude,4.787476791534573e-05,0.00058717280626297,1.042691444297361e-08,0.3591661155223846,250.0211791992188,1.346293592535312,1.812506437301636,5222400
H066,Haze,AFLB3,raw_low,0.0,0.0,0.0,0.0,0.0,0.0,0.0,5222400
H066,Haze,AFLB3,raw_high,0.1080188453197479,0.08492469042539597,3.760321121148991e-08,0.6215147376060486,564117.625,314.0069291631954,98600.3515625,5222400
H066,Haze,AFLB3,mined_low,3.968526289099827e-05,0.0008003982366062701,-0.005140926688909531,0.005456664133816957,3226.166259765625,1.831362669411346,3.353889226913452,5222400
H066,Haze,AFLB3,mined_high,-6.701931124553084e-05,0.000883153174072504,-0.005225552711635828,0.004391484428197145,3621.478515625,2.024034802269551,4.09671688079834,5222400
H067,Haze,AFLB1,conv_feat,0.01302694901823997,0.1617446690797806,-0.5446838736534119,0.5751473903656006,218225.46875,216.2263173448135,46753.8203125,1775616
H067,Haze,AFLB1,fft_magnitude,0.0002926859597209841,0.002368282992392778,2.607829507894621e-08,0.4185042083263397,519.6978759765625,3.179798920949773,10.11112117767334,1775616
H067,Haze,AFLB1,raw_low,0.0,0.0,0.0,0.0,0.0,0.0,0.0,1775616
H067,Haze,AFLB1,raw_high,0.1229012757539749,0.1059543043375015,6.361087212525263e-09,0.5751473307609558,218225.46875,216.2263173448135,46753.8203125,1775616
H067,Haze,AFLB1,mined_low,0.2683569192886353,1.690439343452454,-16.27239418029785,19.7525520324707,1965244.375,2280.755576557909,5201846.0,1775616
H067,Haze,AFLB1,mined_high,-0.002984653459861875,0.5323783159255981,-12.04812526702881,14.72779941558838,497653.15625,709.4171683501887,503272.71875,1775616
H067,Haze,AFLB2,conv_feat,-0.02054013125598431,0.2658589482307434,-0.9712526202201843,0.8505396842956543,715238.375,502.4965640429793,252502.796875,3551232
H067,Haze,AFLB2,fft_magnitude,0.0001384000788675621,0.001955779967829585,2.0594445260258e-08,0.6718382239341736,491.4907836914062,3.694827929091982,13.65175342559814,3551232
H067,Haze,AFLB2,raw_low,0.0,0.0,0.0,0.0,0.0,0.0,0.0,3551232
H067,Haze,AFLB2,raw_high,0.2014057040214539,0.1747530102729797,8.518855842964967e-09,0.9712526798248291,715238.375,502.496579590349,252502.8125,3551232
H067,Haze,AFLB2,mined_low,0.02150150202214718,0.3321468532085419,-5.536288738250732,5.685258388519287,601812.5625,627.2313169796291,393419.125,3551232
H067,Haze,AFLB2,mined_high,-0.0286229494959116,0.2228400111198425,-4.445789813995361,4.698011875152588,526561.5,423.3855733843561,179255.34375,3551232
H067,Haze,AFLB3,conv_feat,0.003020517993718386,0.1656495183706284,-0.4641996324062347,0.6107852458953857,937851.0,441.5367517262861,194954.703125,7102464
H067,Haze,AFLB3,fft_magnitude,3.519930032780394e-05,0.0006080889143049717,4.979149537120975e-09,0.4390928447246552,250.0017547607422,1.623296945635365,2.635092973709106,7102464
H067,Haze,AFLB3,raw_low,0.0,0.0,0.0,0.0,0.0,0.0,0.0,7102464
H067,Haze,AFLB3,raw_high,0.1320458650588989,0.1000638455152512,3.191821917880588e-08,0.6107852458953857,937851.0,441.5367694201696,194954.71875,7102464
H067,Haze,AFLB3,mined_low,2.09919162443839e-05,0.0006254100007936358,-0.005821522790938616,0.005337620619684458,3298.620849609375,1.667684347666044,2.781171083450317,7102464
H067,Haze,AFLB3,mined_high,-5.950564445811324e-05,0.0009054545080289245,-0.006469851825386286,0.005251544993370771,5034.41650390625,2.418282286694349,5.848089218139648,7102464
H068,Haze,AFLB1,conv_feat,0.01065234653651714,0.144313246011734,-0.5814580917358398,0.6012113094329834,133158.875,165.3450405118793,27338.982421875,1305600
H068,Haze,AFLB1,fft_magnitude,0.000296655751299113,0.002463890239596367,7.390976008991856e-08,0.3424834012985229,387.3137512207031,2.835643910745812,8.040876388549805,1305600
H068,Haze,AFLB1,raw_low,0.0,0.0,0.0,0.0,0.0,0.0,0.0,1305600
H068,Haze,AFLB1,raw_high,0.1019905507564545,0.1026533544063568,6.612610548017983e-08,0.6012112498283386,133158.859375,165.3450405118793,27338.982421875,1305600
H068,Haze,AFLB1,mined_low,0.2279336899518967,1.6413414478302,-16.1337890625,21.3584156036377,1464225.25,1893.44111342286,3585119.25,1305600
H068,Haze,AFLB1,mined_high,0.002906803507357836,0.6661654114723206,-16.4761905670166,19.76451683044434,445379.90625,761.1868610925966,579405.4375,1305600
H068,Haze,AFLB2,conv_feat,-0.01685362495481968,0.2420491427183151,-0.9868943095207214,0.9247961044311523,447653.75,392.0792330639306,153726.125,2611200
H068,Haze,AFLB2,fft_magnitude,0.0001410492113791406,0.002075792755931616,2.293025680444316e-08,0.5781893134117126,368.3077087402344,3.362051673696287,11.303391456604,2611200
H068,Haze,AFLB2,raw_low,0.0,0.0,0.0,0.0,0.0,0.0,0.0,2611200
H068,Haze,AFLB2,raw_high,0.1714360117912292,0.1717018336057663,1.47563818941876e-08,0.9868941903114319,447653.71875,392.0792131381107,153726.109375,2611200
H068,Haze,AFLB2,mined_low,0.00830083154141903,0.2699485719203949,-4.611656665802002,4.684512138366699,355493.84375,436.4216889947153,190463.890625,2611200
H068,Haze,AFLB2,mined_high,-0.09460384398698807,0.1702155321836472,-4.796568870544434,3.807650327682495,389610.6875,314.6825409241828,99025.1015625,2611200
H068,Haze,AFLB3,conv_feat,0.00249821157194674,0.1521614342927933,-0.5206136107444763,0.6388975977897644,594973.0625,347.7748463445854,120947.34375,5222400
H068,Haze,AFLB3,fft_magnitude,3.541243131621741e-05,0.0006515129352919757,8.495739223235432e-09,0.3785380721092224,184.9378814697266,1.491072312902183,2.223296642303467,5222400
H068,Haze,AFLB3,raw_low,0.0,0.0,0.0,0.0,0.0,0.0,0.0,5222400
H068,Haze,AFLB3,raw_high,0.1139271184802055,0.1008957400918007,1.248004792842039e-07,0.6388975977897644,594973.0,347.7748238803379,120947.328125,5222400
H068,Haze,AFLB3,mined_low,4.807309596799314e-05,0.0006594806327484548,-0.005366559140384197,0.004561899229884148,2629.141845703125,1.511081531685501,2.283367395401001,5222400
H068,Haze,AFLB3,mined_high,-5.242582483333535e-05,0.000899268954526633,-0.005859284196048975,0.004311977420002222,3671.034912109375,2.058549970997367,4.237627983093262,5222400
H069,Haze,AFLB1,conv_feat,0.01241285167634487,0.1531930565834045,-0.6175278425216675,0.6429926156997681,294750.625,243.3412759120409,59214.9765625,2506752
H069,Haze,AFLB1,fft_magnitude,0.000233142010984011,0.001887919614091516,1.218489131815659e-07,0.3952561318874359,584.42919921875,3.011797120970831,9.070921897888184,2506752
H069,Haze,AFLB1,raw_low,0.0,0.0,0.0,0.0,0.0,0.0,0.0,2506752
H069,Haze,AFLB1,raw_high,0.1175826862454414,0.09897729754447937,4.049736546107852e-09,0.6429924964904785,294750.625,243.3412759120409,59214.9765625,2506752
H069,Haze,AFLB1,mined_low,0.1925937980413437,1.829375386238098,-16.38217735290527,24.04482269287109,2963119.25,2912.406908383511,8482114.0,2506752
H069,Haze,AFLB1,mined_high,-0.0008604859467595816,0.6638630628585815,-13.83341026306152,15.96677207946777,857589.5,1051.077066632129,1104763.0,2506752
H069,Haze,AFLB2,conv_feat,-0.01901986263692379,0.2599959373474121,-0.9775476455688477,0.8681769967079163,1001671.5,583.7087779877908,340715.9375,5013504
H069,Haze,AFLB2,fft_magnitude,0.0001135730344685726,0.001609261380508542,2.58556607235505e-08,0.6638458967208862,569.3988647460938,3.612236441003398,13.04825210571289,5013504
H069,Haze,AFLB2,raw_low,0.0,0.0,0.0,0.0,0.0,0.0,0.0,5013504
H069,Haze,AFLB2,raw_high,0.199794739484787,0.1674565821886063,1.462465082369135e-08,0.9775474071502686,1001671.75,583.7087779877908,340715.9375,5013504
H069,Haze,AFLB2,mined_low,0.004447783343493938,0.3304985463619232,-6.394960403442383,6.36634635925293,782014.125,740.0815411155719,547720.6875,5013504
H069,Haze,AFLB2,mined_high,-0.02987662144005299,0.2135786116123199,-5.154517650604248,4.024742603302002,769799.125,482.8770223876883,233170.21875,5013504
H069,Haze,AFLB3,conv_feat,0.003072803840041161,0.1642046123743057,-0.4800037443637848,0.6283495426177979,1330557.75,520.0523711608283,270454.46875,10027008
H069,Haze,AFLB3,fft_magnitude,3.034448309335858e-05,0.000507265911437571,8.591997335827273e-09,0.4395414888858795,304.2643737792969,1.609151806215364,2.589369535446167,10027008
H069,Haze,AFLB3,raw_low,0.0,0.0,0.0,0.0,0.0,0.0,0.0,10027008
H069,Haze,AFLB3,raw_high,0.1326973885297775,0.09676776826381683,1.328127741118124e-08,0.6283496022224426,1330557.75,520.0524012058785,270454.5,10027008
H069,Haze,AFLB3,mined_low,1.647496355872136e-05,0.0007769065559841692,-0.006257075350731611,0.006383804138749838,5891.40234375,2.460662826468255,6.054861545562744,10027008
H069,Haze,AFLB3,mined_high,-7.57654124754481e-05,0.0009074310073629022,-0.006598197389394045,0.00555048743262887,7129.73046875,2.883419644895931,8.314108848571777,10027008
H070,Haze,AFLB1,conv_feat,0.01145660225301981,0.1427673250436783,-0.6208532452583313,0.6487120985984802,199925.09375,193.6385163132583,37495.875,1827840
H070,Haze,AFLB1,fft_magnitude,0.0003277978394180536,0.00204991758801043,1.465964913904827e-07,0.3672612607479095,599.1619873046875,2.80665005421498,7.877284526824951,1827840
H070,Haze,AFLB1,raw_low,0.0,0.0,0.0,0.0,0.0,0.0,0.0,1827840
H070,Haze,AFLB1,raw_high,0.1093777865171432,0.09246763586997986,1.212019995477931e-08,0.6487120389938354,199925.09375,193.6385163132583,37495.875,1827840
H070,Haze,AFLB1,mined_low,-0.05268478021025658,1.540111184120178,-17.55361938476562,18.3904857635498,1885892.5,2083.411865186526,4340605.0,1827840
H070,Haze,AFLB1,mined_high,-0.005156090017408133,0.5791249871253967,-13.83400440216064,12.50256156921387,537886.625,782.9942927633637,613080.0625,1827840
H070,Haze,AFLB2,conv_feat,-0.01811065524816513,0.2359422892332077,-0.9660500288009644,0.9097505807876587,661979.3125,452.4447134733701,204706.21875,3655680
H070,Haze,AFLB2,fft_magnitude,0.0001691720972303301,0.001706571783870459,3.211668087033104e-08,0.6058223247528076,618.4390258789062,3.278929407502883,10.75137805938721,3655680
H070,Haze,AFLB2,raw_low,0.0,0.0,0.0,0.0,0.0,0.0,0.0,3655680
H070,Haze,AFLB2,raw_high,0.1810823976993561,0.152334913611412,2.8837121579528e-09,0.9660501480102539,661979.3125,452.444748007975,204706.25,3655680
H070,Haze,AFLB2,mined_low,0.008894245140254498,0.2988702952861786,-6.887782096862793,6.839660167694092,593956.0,571.6879885479491,326827.15625,3655680
H070,Haze,AFLB2,mined_high,-0.00833742506802082,0.2047206908464432,-4.301333427429199,4.951030254364014,499869.59375,391.7469886610489,153465.703125,3655680
H070,Haze,AFLB3,conv_feat,0.002649981062859297,0.1476651728153229,-0.4800750911235809,0.6322818994522095,869273.75,399.3439346290363,159475.578125,7311360
H070,Haze,AFLB3,fft_magnitude,4.826455915463157e-05,0.0005329802515916526,1.034056484883195e-08,0.394944429397583,352.8795776367188,1.447050297377693,2.093954563140869,7311360
H070,Haze,AFLB3,raw_low,0.0,0.0,0.0,0.0,0.0,0.0,0.0,7311360
H070,Haze,AFLB3,raw_high,0.1188935786485672,0.0876147449016571,8.90039242307239e-09,0.6322817802429199,869273.75,399.3439541923728,159475.59375,7311360
H070,Haze,AFLB3,mined_low,8.959907972894143e-06,0.0006508890073746443,-0.005444998387247324,0.004647593479603529,3628.546630859375,1.760139857392354,3.098092317581177,7311360
H070,Haze,AFLB3,mined_high,-5.05014686495997e-05,0.0009087134385481477,-0.005554774310439825,0.004412912297993898,5206.0751953125,2.46090959805611,6.056076049804688,7311360
H071,Haze,AFLB1,conv_feat,0.01261310372501612,0.1540414392948151,-0.5598836541175842,0.6004219651222229,222472.984375,211.9214458679206,44910.69921875,1880064
H071,Haze,AFLB1,fft_magnitude,0.0002620345912873745,0.002193260937929153,1.692737185976512e-07,0.4033518135547638,492.6418151855469,3.028685753456188,9.172937393188477,1880064
H071,Haze,AFLB1,raw_low,0.0,0.0,0.0,0.0,0.0,0.0,0.0,1880064
H071,Haze,AFLB1,raw_high,0.1183326840400696,0.09942451119422913,1.193347145544976e-07,0.6004219055175781,222473.015625,211.9214458679206,44910.69921875,1880064
H071,Haze,AFLB1,mined_low,0.4201662838459015,2.488759279251099,-24.90908432006836,29.15034866333008,3230714.0,3460.762199285007,11976875.0,1880064
H071,Haze,AFLB1,mined_high,-0.002651905175298452,0.5458554029464722,-14.28007125854492,13.64414405822754,506849.125,748.4607538141195,560193.5,1880064
H071,Haze,AFLB2,conv_feat,-0.01933365315198898,0.2566862404346466,-0.9461488127708435,0.8763769268989563,742622.25,499.1514674925838,249152.1875,3760128
H071,Haze,AFLB2,fft_magnitude,0.0001270999491680413,0.001835021190345287,8.984292421132523e-09,0.6494864225387573,477.9120788574219,3.566823778227514,12.7222318649292,3760128
H071,Haze,AFLB2,raw_low,0.0,0.0,0.0,0.0,0.0,0.0,0.0,3760128
H071,Haze,AFLB2,raw_high,0.1974992007017136,0.1650929749011993,1.184937303833067e-08,0.9461488127708435,742622.25,499.1514831441453,249152.203125,3760128
H071,Haze,AFLB2,mined_low,0.01929973810911179,0.3088434934616089,-6.251418113708496,6.17755126953125,618560.375,600.0481491097194,360057.78125,3760128
H071,Haze,AFLB2,mined_high,-0.03142208233475685,0.1969334930181503,-5.237183094024658,4.589601039886475,518196.4375,386.7051121332636,149540.84375,3760128
H071,Haze,AFLB3,conv_feat,0.003126232419162989,0.1607677936553955,-0.4709041714668274,0.6204161643981934,980400.75,440.9582250621934,194444.15625,7520256
H071,Haze,AFLB3,fft_magnitude,3.275555354775861e-05,0.0005735792801715434,5.061184360499738e-09,0.4318602979183197,246.3301391601562,1.575494216399865,2.482182025909424,7520256
H071,Haze,AFLB3,raw_low,0.0,0.0,0.0,0.0,0.0,0.0,0.0,7520256
H071,Haze,AFLB3,raw_high,0.1303680092096329,0.09412886947393417,1.034732832749796e-08,0.620415985584259,980400.75,440.9582250621934,194444.15625,7520256
H071,Haze,AFLB3,mined_low,1.31681472339551e-05,0.000701586133800447,-0.005869487300515175,0.006630676332861185,4007.455322265625,1.924304450074662,3.702947616577148,7520256
H071,Haze,AFLB3,mined_high,-5.323029472492635e-05,0.0008133332012221217,-0.005701933521777391,0.005740087945014238,4729.90771484375,2.23518228952386,4.996039867401123,7520256
H072,Haze,AFLB1,conv_feat,0.01257107127457857,0.1570091545581818,-0.6120906472206116,0.6240272521972656,230070.96875,218.9517730146299,47939.87890625,1932288
H072,Haze,AFLB1,fft_magnitude,0.0003068782389163971,0.002199148060753942,2.602263293738361e-07,0.4046291410923004,592.9771118164062,3.086584404850942,9.527003288269043,1932288
H072,Haze,AFLB1,raw_low,0.0,0.0,0.0,0.0,0.0,0.0,0.0,1932288
H072,Haze,AFLB1,raw_high,0.1190666034817696,0.1031166836619377,7.548251090838676e-08,0.6240272521972656,230070.96875,218.9517819349731,47939.8828125,1932288
H072,Haze,AFLB1,mined_low,0.4304267764091492,1.951886892318726,-17.61904525756836,22.34108924865723,2580611.5,2778.442189429177,7719741.0,1932288
H072,Haze,AFLB1,mined_high,-0.003013103967532516,0.4928511083126068,-12.15330600738525,12.45626258850098,503506.625,685.1091610101269,469374.5625,1932288
H072,Haze,AFLB2,conv_feat,-0.01974366791546345,0.2598009705543518,-0.9697275757789612,0.8892063498497009,761690.8125,512.2030542177584,262351.96875,3864576
H072,Haze,AFLB2,fft_magnitude,0.0001594349887454882,0.001829566317610443,5.830092675296328e-08,0.6584627628326416,616.1486206054688,3.610288165946635,13.03418064117432,3864576
H072,Haze,AFLB2,raw_low,0.0,0.0,0.0,0.0,0.0,0.0,0.0,3864576
H072,Haze,AFLB2,raw_high,0.1970955729484558,0.1704103648662567,8.773675119755353e-09,0.9697274565696716,761690.8125,512.2030542177584,262351.96875,3864576
H072,Haze,AFLB2,mined_low,0.0162616241723299,0.2839876115322113,-5.68499755859375,5.620111465454102,575629.0625,559.1923025668361,312696.03125,3864576
H072,Haze,AFLB2,mined_high,-0.06846392154693604,0.1843289285898209,-4.299683094024658,4.320435523986816,534601.5,386.5510962343788,149421.75,3864576
H072,Haze,AFLB3,conv_feat,0.002985927276313305,0.1623777151107788,-0.5030256509780884,0.6416605114936829,1002853.625,451.5083228745623,203859.765625,7729152
H072,Haze,AFLB3,fft_magnitude,4.738147617899813e-05,0.000570395786780864,6.551554854183905e-09,0.4314253628253937,366.2186279296875,1.591239148123177,2.532042026519775,7729152
H072,Haze,AFLB3,raw_low,0.0,0.0,0.0,0.0,0.0,0.0,0.0,7729152
H072,Haze,AFLB3,raw_high,0.1297495067119598,0.09767549484968185,3.16660013766068e-08,0.6416604518890381,1002853.625,451.5083228745623,203859.765625,7729152
H072,Haze,AFLB3,mined_low,1.284682093682932e-05,0.0007994283805601299,-0.00621814327314496,0.004406616557389498,4744.458984375,2.222805990260264,4.940866470336914,7729152
H072,Haze,AFLB3,mined_high,-5.849385706824251e-05,0.0008726920932531357,-0.005496453028172255,0.005088186357170343,5289.609375,2.4316459196102,5.912901878356934,7729152
H073,Haze,AFLB1,conv_feat,0.01113685127347708,0.1409061551094055,-0.5464605689048767,0.5702072978019714,139466.0625,161.5054904252484,26084.0234375,1305600
H073,Haze,AFLB1,fft_magnitude,0.0003116884909104556,0.002403934486210346,5.157559357371611e-08,0.3590775728225708,406.9404907226562,2.769796210824817,7.671771049499512,1305600
H073,Haze,AFLB1,raw_low,0.0,0.0,0.0,0.0,0.0,0.0,0.0,1305600
H073,Haze,AFLB1,raw_high,0.1068214327096939,0.09256216138601303,1.169989474192334e-07,0.5702072978019714,139466.0625,161.5054904252484,26084.0234375,1305600
H073,Haze,AFLB1,mined_low,0.3275385499000549,1.944884181022644,-16.10508155822754,19.21223640441895,1755087.625,2253.573939323936,5078595.5,1305600
H073,Haze,AFLB1,mined_high,-0.0004574517079163343,0.5090358257293701,-12.09438419342041,12.84915256500244,349583.40625,581.6391170648686,338304.0625,1305600
H073,Haze,AFLB2,conv_feat,-0.01806025207042694,0.2333388924598694,-0.9489463567733765,0.8985899686813354,460675.125,378.1848919510138,143023.8125,2611200
H073,Haze,AFLB2,fft_magnitude,0.0001515494077466428,0.002001118380576372,3.302457329823483e-08,0.6002517938613892,395.725830078125,3.242908517107689,10.51645565032959,2611200
H073,Haze,AFLB2,raw_low,0.0,0.0,0.0,0.0,0.0,0.0,0.0,2611200
H073,Haze,AFLB2,raw_high,0.1764227598905563,0.1537797451019287,9.663073541332778e-08,0.9489463567733765,460675.125,378.1848712931283,143023.796875,2611200
H073,Haze,AFLB2,mined_low,0.01169562339782715,0.2789942622184753,-6.013313293457031,5.713263988494873,403157.8125,451.2286006006268,203607.25,2611200
H073,Haze,AFLB2,mined_high,-0.02390013821423054,0.184038907289505,-3.716635227203369,3.636589050292969,329155.59375,299.8895369548594,89933.734375,2611200
H073,Haze,AFLB3,conv_feat,0.002442048862576485,0.1460119783878326,-0.4749914407730103,0.6236162781715393,605931.0,333.721569481956,111370.0859375,5222400
H073,Haze,AFLB3,fft_magnitude,3.949986421503127e-05,0.0006248614517971873,1.63717428502963e-09,0.3867602646350861,206.2840881347656,1.430819370836322,2.047244071960449,5222400
H073,Haze,AFLB3,raw_low,0.0,0.0,0.0,0.0,0.0,0.0,0.0,5222400
H073,Haze,AFLB3,raw_high,0.1160253882408142,0.08867675065994263,2.273948922493219e-07,0.6236161589622498,605931.0,333.7215460717213,111370.0703125,5222400
H073,Haze,AFLB3,mined_low,2.997543015226256e-05,0.0006796809611842036,-0.004949360154569149,0.005404472816735506,2712.65576171875,1.554755587979825,2.417264938354492,5222400
H073,Haze,AFLB3,mined_high,-5.146786133991554e-05,0.0008817154448479414,-0.005498167127370834,0.004257314372807741,3621.36474609375,2.01837632822012,4.073843002319336,5222400
H074,Haze,AFLB1,conv_feat,0.01071200333535671,0.1306491643190384,-0.5336387157440186,0.5514771342277527,132428.5,149.7844023505118,22435.3671875,1305600
H074,Haze,AFLB1,fft_magnitude,0.0003424063324928284,0.002221904927864671,3.309810736595864e-08,0.3308346569538116,447.0457153320312,2.568781248770402,6.598637104034424,1305600
H074,Haze,AFLB1,raw_low,0.0,0.0,0.0,0.0,0.0,0.0,0.0,1305600
H074,Haze,AFLB1,raw_high,0.1014311462640762,0.08304019272327423,2.896421165132779e-07,0.5514771342277527,132428.5,149.784395830724,22435.365234375,1305600
H074,Haze,AFLB1,mined_low,0.2193523645401001,1.822941541671753,-15.92196655273438,26.06060028076172,1558027.25,2097.970328674836,4401479.5,1305600
H074,Haze,AFLB1,mined_high,-0.001053514424711466,0.649109423160553,-13.34604454040527,15.30623531341553,424873.90625,741.6919424531993,550106.9375,1305600
H074,Haze,AFLB2,conv_feat,-0.01513637788593769,0.236241340637207,-0.9217032194137573,0.8258906006813049,474061.0,382.5300641779676,146329.25,2611200
H074,Haze,AFLB2,fft_magnitude,0.0001692822697805241,0.002022835658863187,1.065992982773878e-08,0.590374767780304,442.0298461914062,3.280168191505275,10.75950336456299,2611200
H074,Haze,AFLB2,raw_low,0.0,0.0,0.0,0.0,0.0,0.0,0.0,2611200
H074,Haze,AFLB2,raw_high,0.1815491020679474,0.1519177705049515,1.261108995009863e-08,0.9217032194137573,474061.0,382.5300641779676,146329.25,2611200
H074,Haze,AFLB2,mined_low,0.01186231058090925,0.3369852900505066,-4.95140266418457,5.010082721710205,413885.75,544.8788282728556,296892.9375,2611200
H074,Haze,AFLB2,mined_high,-0.04644523561000824,0.2053520828485489,-5.7353196144104,4.65687370300293,397560.0,340.2142247907927,115745.71875,2611200
H074,Haze,AFLB3,conv_feat,0.002964994870126247,0.152820497751236,-0.4618240892887115,0.6070626378059387,642245.6875,349.2998465681026,122010.3828125,5222400
H074,Haze,AFLB3,fft_magnitude,4.223908399580978e-05,0.0006539730820804834,6.203308977603683e-09,0.4037184715270996,220.5894012451172,1.497610652828435,2.24283766746521,5222400
H074,Haze,AFLB3,raw_low,0.0,0.0,0.0,0.0,0.0,0.0,0.0,5222400
H074,Haze,AFLB3,raw_high,0.1229790151119232,0.0907692164182663,1.265582660892051e-08,0.6070626974105835,642245.625,349.2998465681026,122010.3828125,5222400
H074,Haze,AFLB3,mined_low,2.817056702042464e-05,0.0007198148523457348,-0.005477642640471458,0.005884964484721422,2859.426025390625,1.64622138876879,2.710044860839844,5222400
H074,Haze,AFLB3,mined_high,-4.834139326703735e-05,0.0008123487350530922,-0.005179624073207378,0.004729175940155983,3311.658203125,1.859709893849637,3.458520889282227,5222400
H075,Haze,AFLB1,conv_feat,0.01023222506046295,0.1320950090885162,-0.5577016472816467,0.5879032611846924,129031.390625,151.3876697835725,22918.2265625,1305600
H075,Haze,AFLB1,fft_magnitude,0.0004396626027300954,0.002229254459962249,2.185113316954812e-07,0.3296534419059753,574.0234985351562,2.596277131851208,6.740654945373535,1305600
H075,Haze,AFLB1,raw_low,0.0,0.0,0.0,0.0,0.0,0.0,0.0,1305600
H075,Haze,AFLB1,raw_high,0.09882918745279312,0.08824159950017929,2.719510803217418e-07,0.5879032611846924,129031.3828125,151.3876633328324,22918.224609375,1305600
H075,Haze,AFLB1,mined_low,0.3623571991920471,2.05800986289978,-16.21092414855957,21.28261756896973,1820662.875,2387.713027145432,5701173.5,1305600
H075,Haze,AFLB1,mined_high,0.00363997439853847,0.642288088798523,-14.84804344177246,16.70509147644043,414821.1875,733.9085007683178,538621.6875,1305600
H075,Haze,AFLB2,conv_feat,-0.01651777513325214,0.2163642942905426,-0.9587681889533997,0.9028181433677673,422971.53125,350.6449415006582,122951.875,2611200
H075,Haze,AFLB2,fft_magnitude,0.0002221683243988082,0.00184739613905549,2.31756871471589e-08,0.5402132272720337,580.1259155273438,3.006755375564958,9.04057788848877,2611200
H075,Haze,AFLB2,raw_low,0.0,0.0,0.0,0.0,0.0,0.0,0.0,2611200
H075,Haze,AFLB2,raw_high,0.1619835644960403,0.1443872153759003,1.406861205310861e-08,0.9587682485580444,422971.5,350.6449303604716,122951.8671875,2611200
H075,Haze,AFLB2,mined_low,0.008869468234479427,0.3049134910106659,-6.099338531494141,6.230658531188965,409425.71875,492.9244363997387,242974.5,2611200
H075,Haze,AFLB2,mined_high,-0.04002796858549118,0.2034115791320801,-4.57085657119751,4.15696382522583,371287.0,335.0007229469811,112225.484375,2611200
H075,Haze,AFLB3,conv_feat,0.002294521080330014,0.1347324550151825,-0.4770857393741608,0.6395915746688843,549083.25,307.9429228769513,94828.84375,5222400
H075,Haze,AFLB3,fft_magnitude,5.907648301217705e-05,0.0005747160175815225,2.056876002853869e-09,0.349350780248642,308.5210266113281,1.320294396993012,1.74317729473114,5222400
H075,Haze,AFLB3,raw_low,0.0,0.0,0.0,0.0,0.0,0.0,0.0,5222400
H075,Haze,AFLB3,raw_high,0.1051400229334831,0.08428327739238739,2.32937242827802e-08,0.6395915150642395,549083.25,307.9429228769513,94828.84375,5222400
H075,Haze,AFLB3,mined_low,3.435916369198821e-05,0.0007020054617896676,-0.005886423401534557,0.004611854907125235,2820.23046875,1.606183340863986,2.579824924468994,5222400
H075,Haze,AFLB3,mined_high,-3.71857822756283e-05,0.0008357889018952847,-0.00606975331902504,0.004679686389863491,3388.814208984375,1.91188205384733,3.655292987823486,5222400
H076,Haze,AFLB1,conv_feat,0.01262537948787212,0.1613311320543289,-0.5772421360015869,0.6145738363265991,160513.375,184.9051699520595,34189.921875,1305600
H076,Haze,AFLB1,fft_magnitude,0.0004103694227524102,0.002744757803156972,7.629394360719743e-08,0.4208210408687592,535.7783203125,3.171097382935527,10.05585861206055,1305600
H076,Haze,AFLB1,raw_low,0.0,0.0,0.0,0.0,0.0,0.0,0.0,1305600
H076,Haze,AFLB1,raw_high,0.1229422315955162,0.1052251979708672,1.25630910119412e-08,0.6145737171173096,160513.375,184.9051699520595,34189.921875,1305600
H076,Haze,AFLB1,mined_low,-0.07806258648633957,2.106609106063843,-17.99402809143066,23.04512786865234,1912419.375,2408.723832239803,5801950.5,1305600
H076,Haze,AFLB1,mined_high,-0.003031946485862136,0.4435788094997406,-8.819716453552246,10.11814594268799,314487.09375,506.8576599993335,256904.6875,1305600
H076,Haze,AFLB2,conv_feat,-0.02195990085601807,0.2456449717283249,-0.9800158143043518,0.8697373270988464,490076.6875,398.5257990394097,158822.8125,2611200
H076,Haze,AFLB2,fft_magnitude,0.0002086517197312787,0.002104470040649176,1.942410143840334e-08,0.6304399967193604,544.8313598632812,3.417330297513644,11.67814636230469,2611200
H076,Haze,AFLB2,raw_low,0.0,0.0,0.0,0.0,0.0,0.0,0.0,2611200
H076,Haze,AFLB2,raw_high,0.1876825541257858,0.1599967032670975,8.94558827013725e-09,0.9800156354904175,490076.6875,398.5257794359105,158822.796875,2611200
H076,Haze,AFLB2,mined_low,0.01433700136840343,0.2423795312643051,-6.48014497756958,6.527876853942871,334881.09375,392.3507279845419,153939.09375,2611200
H076,Haze,AFLB2,mined_high,-0.1249705627560616,0.1998559385538101,-3.691694259643555,4.620952129364014,461231.28125,380.8915528073575,145078.375,2611200
H076,Haze,AFLB3,conv_feat,0.002394189592450857,0.148809403181076,-0.4575397968292236,0.6013164520263672,613657.9375,340.1117348570908,115675.9921875,5222400
H076,Haze,AFLB3,fft_magnitude,6.090604074415751e-05,0.0006351842312142253,1.331905163937108e-08,0.3921616077423096,318.0757141113281,1.458217025841818,2.126396894454956,5222400
H076,Haze,AFLB3,raw_low,0.0,0.0,0.0,0.0,0.0,0.0,0.0,5222400
H076,Haze,AFLB3,raw_high,0.1175049692392349,0.09133756905794144,6.710848765578703e-08,0.601316511631012,613657.9375,340.1117233718944,115675.984375,5222400
H076,Haze,AFLB3,mined_low,1.551006363342822e-07,0.0006911253440193832,-0.005912660621106625,0.006324396934360266,2725.84619140625,1.579399274270416,2.494502067565918,5222400
H076,Haze,AFLB3,mined_high,-4.592496770783328e-05,0.0008850620361045003,-0.005592601373791695,0.005116776097565889,3643.88720703125,2.025315403805985,4.101902484893799,5222400
H077,Haze,AFLB1,conv_feat,0.01113509107381105,0.138915166258812,-0.4755785465240479,0.491987556219101,139249.203125,159.2375571571449,25356.599609375,1305600
H077,Haze,AFLB1,fft_magnitude,0.0003073795232921839,0.002370168454945087,9.443003534670424e-08,0.3505189418792725,401.314697265625,2.730901375525205,7.457822322845459,1305600
H077,Haze,AFLB1,raw_low,0.0,0.0,0.0,0.0,0.0,0.0,0.0,1305600
H077,Haze,AFLB1,raw_high,0.1066553369164467,0.08969979733228683,1.349254716842552e-07,0.4919875264167786,139249.203125,159.237551024405,25356.59765625,1305600
H077,Haze,AFLB1,mined_low,0.585002064704895,2.333891868591309,-16.49264335632324,27.37081909179688,2190316.5,2749.269448417161,7558482.5,1305600
H077,Haze,AFLB1,mined_high,-0.0001853092981036752,0.6109373569488525,-14.08078861236572,16.13083457946777,391575.8125,698.0745169750862,487308.03125,1305600
H077,Haze,AFLB2,conv_feat,-0.01703349128365517,0.2459343522787094,-0.8637382388114929,0.7751211524009705,483850.96875,398.3624880369637,158692.671875,2611200
H077,Haze,AFLB2,fft_magnitude,0.0001561055396450683,0.002108149928972125,3.980894547339631e-08,0.62740159034729,407.622802734375,3.415929916466945,11.66857719421387,2611200
H077,Haze,AFLB2,raw_low,0.0,0.0,0.0,0.0,0.0,0.0,0.0,2611200
H077,Haze,AFLB2,raw_high,0.1852983236312866,0.1625988185405731,6.801710838999497e-08,0.8637382388114929,483850.96875,398.3624880369637,158692.671875,2611200
H077,Haze,AFLB2,mined_low,0.006645476445555687,0.271095335483551,-4.728231906890869,4.643037796020508,356920.90625,438.2001896964446,192019.40625,2611200
H077,Haze,AFLB2,mined_high,-0.02049190737307072,0.1808197200298309,-5.144678115844727,4.376039505004883,320002.15625,294.0606867638039,86471.6875,2611200
H077,Haze,AFLB3,conv_feat,0.002706352388486266,0.1579652279615402,-0.4374788403511047,0.5705126523971558,652506.375,361.0441346809279,130352.8671875,5222400
H077,Haze,AFLB3,fft_magnitude,4.074283788213506e-05,0.0006761432741768658,3.540487902853329e-09,0.4139474928379059,212.7754058837891,1.547963924721956,2.396192312240601,5222400
H077,Haze,AFLB3,raw_low,0.0,0.0,0.0,0.0,0.0,0.0,0.0,5222400
H077,Haze,AFLB3,raw_high,0.1249437779188156,0.09669222682714462,2.799028742117571e-08,0.5705126523971558,652506.375,361.0441022229833,130352.84375,5222400
H077,Haze,AFLB3,mined_low,3.611393549363129e-05,0.0005660576280206442,-0.005769429728388786,0.005186471622437239,2244.93115234375,1.296217142569688,1.680178880691528,5222400
H077,Haze,AFLB3,mined_high,-4.409975736052729e-05,0.000771797786001116,-0.005359178874641657,0.00436485605314374,3128.735595703125,1.766633345031786,3.120993375778198,5222400
H078,Haze,AFLB1,conv_feat,0.01269602961838245,0.1601880639791489,-0.5697084665298462,0.5924782752990723,251392.890625,232.2496131589889,53939.8828125,2088960
H078,Haze,AFLB1,fft_magnitude,0.0003059649025090039,0.002157073700800538,1.466627885804428e-08,0.4033688306808472,639.1484375,3.148876074447288,9.915420532226562,2088960
H078,Haze,AFLB1,raw_low,0.0,0.0,0.0,0.0,0.0,0.0,0.0,2088960
H078,Haze,AFLB1,raw_high,0.1203435659408569,0.1064839512109756,5.434656102920599e-08,0.5924783945083618,251392.890625,232.2496131589889,53939.8828125,2088960
H078,Haze,AFLB1,mined_low,0.01983729004859924,1.469141840934753,-17.82135963439941,19.25248908996582,2049198.75,2123.578818880995,4509587.0,2088960
H078,Haze,AFLB1,mined_high,-0.002808737568557262,0.5148524641990662,-12.26399040222168,13.94514179229736,567248.0625,744.1394778534465,553743.5625,2088960
H078,Haze,AFLB2,conv_feat,-0.01951242797076702,0.2723070681095123,-0.9745107889175415,0.915143609046936,852401.25,558.021672966203,311388.1875,4177920
H078,Haze,AFLB2,fft_magnitude,0.0001489520072937012,0.001844719867222011,1.018349671255692e-08,0.681614875793457,622.3095703125,3.782871875824801,14.31011962890625,4177920
H078,Haze,AFLB2,raw_low,0.0,0.0,0.0,0.0,0.0,0.0,0.0,4177920
H078,Haze,AFLB2,raw_high,0.2040252685546875,0.1813988983631134,5.774651512524542e-08,0.9745107293128967,852401.25,558.0217009669068,311388.21875,4177920
H078,Haze,AFLB2,mined_low,0.01838736608624458,0.2995521426200867,-5.357587337493896,5.391996383666992,613826.625,613.435790242141,376303.46875,4177920
H078,Haze,AFLB2,mined_high,-0.0512058362364769,0.1904580593109131,-4.719011306762695,3.819602727890015,592150.625,403.1199224486431,162505.671875,4177920
H078,Haze,AFLB3,conv_feat,0.003117545275017619,0.1719183474779129,-0.5030256509780884,0.6362161040306091,1136839.125,497.036954737774,247045.734375,8355840
H078,Haze,AFLB3,fft_magnitude,3.714933336596005e-05,0.0005816344637423754,1.998426313321033e-09,0.4510951340198517,310.4138793945312,1.684725847665789,2.838301181793213,8355840
H078,Haze,AFLB3,raw_low,0.0,0.0,0.0,0.0,0.0,0.0,0.0,8355840
H078,Haze,AFLB3,raw_high,0.1360532492399216,0.1051434949040413,2.766089721717435e-07,0.63621586561203,1136839.125,497.036954737774,247045.734375,8355840
H078,Haze,AFLB3,mined_low,3.061801180592738e-05,0.0007248210022225976,-0.007009310182183981,0.004963901359587908,4446.52734375,2.097070139689268,4.397703170776367,8355840
H078,Haze,AFLB3,mined_high,-5.922612035647035e-05,0.0009041409939527512,-0.006629428826272488,0.005356966517865658,5887.22705078125,2.619153733188675,6.859966278076172,8355840
H079,Haze,AFLB1,conv_feat,0.009835993871092796,0.1215047240257263,-0.5908158421516418,0.6028710603713989,213791.0625,184.1070298426978,33895.3984375,2280960
H079,Haze,AFLB1,fft_magnitude,0.0002501675335224718,0.0015617695171386,1.784125558401684e-08,0.3075919449329376,570.6221313476562,2.388785258960657,5.706295013427734,2280960
H079,Haze,AFLB1,raw_low,0.0,0.0,0.0,0.0,0.0,0.0,0.0,2280960
H079,Haze,AFLB1,raw_high,0.09372854232788086,0.07794295251369476,1.862652787565366e-08,0.6028709411621094,213791.0625,184.1070192340585,33895.39453125,2280960
H079,Haze,AFLB1,mined_low,0.1237522959709167,1.671052932739258,-16.84566879272461,19.95029067993164,2552092.0,2530.676786948503,6404325.0,2280960
H079,Haze,AFLB1,mined_high,0.005188707262277603,0.6324844360351562,-16.34195327758789,20.12624931335449,724888.625,955.2637724733415,912528.875,2280960
H079,Haze,AFLB2,conv_feat,-0.01419399306178093,0.2183408141136169,-0.9552065134048462,0.8528506755828857,759883.0625,467.3309186219118,218398.1875,4561920
H079,Haze,AFLB2,fft_magnitude,0.0001321211457252502,0.001413311925716698,6.037453914586877e-08,0.5429840087890625,602.72607421875,3.031805243223402,9.191843032836914,4561920
H079,Haze,AFLB2,raw_low,0.0,0.0,0.0,0.0,0.0,0.0,0.0,4561920
H079,Haze,AFLB2,raw_high,0.1665708869695663,0.1418743133544922,8.086455949296578e-09,0.9552066326141357,759883.0625,467.3309186219118,218398.1875,4561920
H079,Haze,AFLB2,mined_low,0.005459397099912167,0.2513595223426819,-5.473546028137207,5.46776294708252,626684.0,536.9966829506492,288365.4375,4561920
H079,Haze,AFLB2,mined_high,-0.05176361277699471,0.1921797543764114,-4.736093521118164,3.99760913848877,629443.625,425.0990325794685,180709.1875,4561920
H079,Haze,AFLB3,conv_feat,0.002718222793191671,0.1408691853284836,-0.4765425026416779,0.6305471062660217,1024691.375,425.5843960074194,181122.078125,9123840
H079,Haze,AFLB3,fft_magnitude,3.871226363116875e-05,0.0004553863545879722,5.927337731748139e-09,0.3694168925285339,353.2044982910156,1.380487416200025,1.905745506286621,9123840
H079,Haze,AFLB3,raw_low,0.0,0.0,0.0,0.0,0.0,0.0,0.0,9123840
H079,Haze,AFLB3,raw_high,0.1123092249035835,0.08507734537124634,3.740801890472767e-09,0.630547046661377,1024691.375,425.584377650308,181122.0625,9123840
H079,Haze,AFLB3,mined_low,2.135925751645118e-05,0.0006686985143460333,-0.005206034053117037,0.005208950955420732,4644.814453125,2.020880420044477,4.083957672119141,9123840
H079,Haze,AFLB3,mined_high,-6.658110942225903e-05,0.0009108281810767949,-0.007257723249495029,0.006087562534958124,6461.28466796875,2.758560468267133,7.609655857086182,9123840
H080,Haze,AFLB1,conv_feat,0.01128420885652304,0.1459640264511108,-0.5715952515602112,0.5943799614906311,140924.96875,167.2803188606627,27982.705078125,1305600
H080,Haze,AFLB1,fft_magnitude,0.0003114753635600209,0.002491336315870285,1.601721919541887e-07,0.3636994659900665,406.6622314453125,2.86883364619892,8.230206489562988,1305600
H080,Haze,AFLB1,raw_low,0.0,0.0,0.0,0.0,0.0,0.0,0.0,1305600
H080,Haze,AFLB1,raw_high,0.1079388558864594,0.09890416264533997,4.473292403162077e-09,0.5943799614906311,140924.96875,167.2803130227822,27982.703125,1305600
H080,Haze,AFLB1,mined_low,0.3206622302532196,1.863322734832764,-14.95357418060303,21.5316047668457,1702350.25,2160.382605003104,4667253.0,1305600
H080,Haze,AFLB1,mined_high,0.003126206109300256,0.5829070806503296,-16.01195907592773,20.20867729187012,375736.53125,666.0558816645943,443630.4375,1305600
H080,Haze,AFLB2,conv_feat,-0.01805028505623341,0.2437005341053009,-0.9782378673553467,0.9192612171173096,469315.5625,394.8794911108957,155929.8125,2611200
H080,Haze,AFLB2,fft_magnitude,0.0001478624762967229,0.002090215682983398,3.221912336925925e-08,0.6074661016464233,386.0984802246094,3.386063561867574,11.46542644500732,2611200
H080,Haze,AFLB2,raw_low,0.0,0.0,0.0,0.0,0.0,0.0,0.0,2611200
H080,Haze,AFLB2,raw_high,0.1797317266464233,0.1655664891004562,2.096201434653722e-08,0.978238046169281,469315.5,394.8794515418598,155929.78125,2611200
H080,Haze,AFLB2,mined_low,0.01311043370515108,0.2915474474430084,-5.495494365692139,5.626590728759766,401032.9375,471.5936744168649,222400.59375,2611200
H080,Haze,AFLB2,mined_high,-0.02353169210255146,0.1915155053138733,-4.219555854797363,4.654417037963867,341454.84375,311.8012437836001,97220.015625,2611200
H080,Haze,AFLB3,conv_feat,0.002585799433290958,0.1528058648109436,-0.5139676332473755,0.6361545324325562,620154.3125,349.2506710802429,121976.03125,5222400
H080,Haze,AFLB3,fft_magnitude,3.680474037537351e-05,0.0006542090559378266,8.966404507759762e-09,0.3951632082462311,192.2090759277344,1.497399858109967,2.242206335067749,5222400
H080,Haze,AFLB3,raw_low,0.0,0.0,0.0,0.0,0.0,0.0,0.0,5222400
H080,Haze,AFLB3,raw_high,0.1187488958239555,0.09620299190282822,2.823650291361446e-08,0.6361543536186218,620154.25,349.2506598955827,121976.0234375,5222400
H080,Haze,AFLB3,mined_low,3.571266643120907e-05,0.0007305034669116139,-0.004939956124871969,0.00447435537353158,2925.64990234375,1.671382011386885,2.793517827987671,5222400
H080,Haze,AFLB3,mined_high,-6.021696026436985e-05,0.0009205387905240059,-0.005173650570213795,0.004285967443138361,3770.024169921875,2.10816400875821,4.444355487823486,5222400
H081,Haze,AFLB1,conv_feat,0.01023181155323982,0.1403875797986984,-0.5749160647392273,0.623577892780304,191223.65625,195.6658503674057,38285.125,1932288
H081,Haze,AFLB1,fft_magnitude,0.0002896669320762157,0.001963050104677677,4.359007377274793e-08,0.328355997800827,559.7199096679688,2.758320531978655,7.60833215713501,1932288
H081,Haze,AFLB1,raw_low,0.0,0.0,0.0,0.0,0.0,0.0,0.0,1932288
H081,Haze,AFLB1,raw_high,0.09896229207515717,0.100099079310894,1.415513573022054e-08,0.623577892780304,191223.65625,195.6658503674057,38285.125,1932288
H081,Haze,AFLB1,mined_low,0.2767685353755951,1.63249683380127,-13.52919769287109,22.58245086669922,2127472.25,2301.662768521922,5297651.5,1932288
H081,Haze,AFLB1,mined_high,-0.004366195760667324,0.570913553237915,-13.25480270385742,14.82278442382812,566287.8125,793.6316447193874,629851.1875,1932288
H081,Haze,AFLB2,conv_feat,-0.01614481583237648,0.2370081543922424,-0.9369478225708008,0.843661367893219,648677.3125,467.00284394209,218091.65625,3864576
H081,Haze,AFLB2,fft_magnitude,0.0001395113649778068,0.001668612938374281,1.28787034370248e-08,0.5680509805679321,539.1522827148438,3.291692049596596,10.83523654937744,3864576
H081,Haze,AFLB2,raw_low,0.0,0.0,0.0,0.0,0.0,0.0,0.0,3864576
H081,Haze,AFLB2,raw_high,0.1678521335124969,0.1681046932935715,2.04920844737444e-08,0.9369479417800903,648677.3125,467.00284394209,218091.65625,3864576
H081,Haze,AFLB2,mined_low,0.01224017888307571,0.2887449860572815,-5.822705268859863,5.836574554443359,525381.9375,568.139810037987,322782.84375,3864576
H081,Haze,AFLB2,mined_high,-0.05508525669574738,0.1723027229309082,-4.664248943328857,4.71529483795166,486126.5,355.610786183434,126459.03125,3864576
H081,Haze,AFLB3,conv_feat,0.00243236985988915,0.1494323909282684,-0.4583863615989685,0.6035239696502686,863979.8125,415.4973300154888,172638.03125,7729152
H081,Haze,AFLB3,fft_magnitude,3.401737194508314e-05,0.0005256108706817031,1.895035461885186e-09,0.3710744380950928,262.9254455566406,1.464326487448708,2.144252061843872,7729152
H081,Haze,AFLB3,raw_low,0.0,0.0,0.0,0.0,0.0,0.0,0.0,7729152
H081,Haze,AFLB3,raw_high,0.111781969666481,0.09920055419206619,6.389773599124737e-09,0.6035240292549133,863979.8125,415.4972924099506,172638.0,7729152
H081,Haze,AFLB3,mined_low,3.814478986896574e-05,0.0006072716205380857,-0.004782018717378378,0.005387842189520597,3505.09228515625,1.691624581074985,2.861593723297119,7729152
H081,Haze,AFLB3,mined_high,-4.826161602977663e-05,0.0008713945862837136,-0.005239261314272881,0.004535291343927383,5247.4619140625,2.426307412303021,5.886967658996582,7729152
H082,Haze,AFLB1,conv_feat,0.01124033518135548,0.1467427313327789,-0.5890548825263977,0.6118995547294617,201088.265625,201.7963469069745,40721.765625,1880064
H082,Haze,AFLB1,fft_magnitude,0.0001843756908783689,0.002095227828249335,2.035518065213182e-08,0.3630718290805817,346.6380920410156,2.883982351241163,8.317354202270508,1880064
H082,Haze,AFLB1,raw_low,0.0,0.0,0.0,0.0,0.0,0.0,0.0,1880064
H082,Haze,AFLB1,raw_high,0.1069582030177116,0.101092629134655,4.848300871884703e-09,0.6118994951248169,201088.265625,201.7963469069745,40721.765625,1880064
H082,Haze,AFLB1,mined_low,0.2903230488300323,1.718708872795105,-17.7740650177002,28.63939666748047,1948929.875,2390.0,5712100.0,1880064
H082,Haze,AFLB1,mined_high,-0.007449793163686991,0.6113098859786987,-11.18616008758545,11.35217189788818,614773.375,838.2623396049712,702683.75,1880064
H082,Haze,AFLB2,conv_feat,-0.01821305975317955,0.2415368854999542,-0.9645405411720276,0.8384098410606384,663032.4375,469.6950140782847,220613.40625,3760128
H082,Haze,AFLB2,fft_magnitude,8.333907317137346e-05,0.001728860544972122,1.073378097515842e-08,0.6049183011054993,313.3655700683594,3.356334641168956,11.26498222351074,3760128
H082,Haze,AFLB2,raw_low,0.0,0.0,0.0,0.0,0.0,0.0,0.0,3760128
H082,Haze,AFLB2,raw_high,0.176332414150238,0.1660682559013367,2.586130776194295e-08,0.9645405411720276,663032.4375,469.6950140782847,220613.40625,3760128
H082,Haze,AFLB2,mined_low,0.01296768523752689,0.3348738849163055,-6.776093006134033,7.13753604888916,596236.75,649.8423126036039,422295.03125,3760128
H082,Haze,AFLB2,mined_high,-0.0004431598936207592,0.1949093639850616,-4.327558517456055,4.60016393661499,463646.5,377.950682960092,142846.71875,3760128
H082,Haze,AFLB3,conv_feat,0.002484300406649709,0.1507693976163864,-0.4619046449661255,0.609990656375885,876938.125,413.5123562240915,170992.46875,7520256
H082,Haze,AFLB3,fft_magnitude,1.862759199866559e-05,0.0005384330870583653,1.261106330474604e-09,0.3894457519054413,140.0842590332031,1.477432963210805,2.18280816078186,7520256
H082,Haze,AFLB3,raw_low,0.0,0.0,0.0,0.0,0.0,0.0,0.0,7520256
H082,Haze,AFLB3,raw_high,0.1166101396083832,0.09560155868530273,2.882951211091722e-09,0.609990656375885,876938.125,413.5123184380364,170992.4375,7520256
H082,Haze,AFLB3,mined_low,4.069878559675999e-05,0.0006483434117399156,-0.004614290781319141,0.005818442907184362,3656.391845703125,1.781457253160871,3.173589944839478,7520256
H082,Haze,AFLB3,mined_high,-5.49947471881751e-05,0.0008667568326927722,-0.005179914645850658,0.004594712518155575,5155.88720703125,2.381694193583737,5.672467231750488,7520256
H083,Haze,AFLB1,conv_feat,0.01189849525690079,0.1562057286500931,-0.6024208664894104,0.6211104393005371,263385.40625,240.1566220719304,57675.203125,2350080
H083,Haze,AFLB1,fft_magnitude,0.0002265941293444484,0.001989661948755383,6.646112638009072e-08,0.3806567788124084,532.5143432617188,3.069862390969228,9.424055099487305,2350080
H083,Haze,AFLB1,raw_low,0.0,0.0,0.0,0.0,0.0,0.0,0.0,2350080
H083,Haze,AFLB1,raw_high,0.1120750829577446,0.1094576790928841,6.405481034477134e-09,0.6211104393005371,263385.40625,240.1566302046437,57675.20703125,2350080
H083,Haze,AFLB1,mined_low,0.4132643640041351,1.908259153366089,-14.11524295806885,22.31643676757812,3035234.0,2993.170559791072,8959070.0,2350080
H083,Haze,AFLB1,mined_high,-0.004096958320587873,0.5648065805435181,-11.53850650787354,12.60017108917236,706918.5,865.8696134522795,749730.1875,2350080
H083,Haze,AFLB2,conv_feat,-0.01839095540344715,0.2635120451450348,-1.00234055519104,0.9451482892036438,887324.0625,572.6798298351357,327962.1875,4700160
H083,Haze,AFLB2,fft_magnitude,0.000108341257146094,0.001684821210801601,1.330393217813253e-08,0.6294233202934265,509.2212524414062,3.660211878204207,13.39715099334717,4700160
H083,Haze,AFLB2,raw_low,0.0,0.0,0.0,0.0,0.0,0.0,0.0,4700160
H083,Haze,AFLB2,raw_high,0.1887859255075455,0.1847611963748932,5.459934726559368e-08,1.00234067440033,887324.0625,572.6799116871483,327962.28125,4700160
H083,Haze,AFLB2,mined_low,0.01504292711615562,0.3295554518699646,-6.204962730407715,6.376455783843994,690370.625,715.2153084910865,511532.9375,4700160
H083,Haze,AFLB2,mined_high,-0.09108268469572067,0.199122816324234,-4.429381370544434,4.51563549041748,778294.25,474.7142890729118,225353.65625,4700160
H083,Haze,AFLB3,conv_feat,0.002933585550636053,0.165527269244194,-0.5348626971244812,0.6703116297721863,1180191.75,507.5853222611938,257642.859375,9400320
H083,Haze,AFLB3,fft_magnitude,2.714117181312758e-05,0.0005283598438836634,2.3937383186734e-09,0.4166989028453827,255.1356964111328,1.622084202439965,2.631157159805298,9400320
H083,Haze,AFLB3,raw_low,0.0,0.0,0.0,0.0,0.0,0.0,0.0,9400320
H083,Haze,AFLB3,raw_high,0.1255480349063873,0.1079146638512611,6.414900166618054e-09,0.6703118085861206,1180191.75,507.5853376526946,257642.875,9400320
H083,Haze,AFLB3,mined_low,1.76120283867931e-05,0.0006505405181087554,-0.006047374103218317,0.005644787102937698,4528.67626953125,1.995284183214636,3.981158971786499,9400320
H083,Haze,AFLB3,mined_high,-5.374266038415954e-05,0.000972659676335752,-0.005590246059000492,0.004674327559769154,7289.470703125,2.986717543026747,8.92048168182373,9400320
H084,Haze,AFLB1,conv_feat,0.01349839195609093,0.1670979857444763,-0.6111660599708557,0.6237531304359436,265611.90625,242.2973621786874,58708.01171875,2088960
H084,Haze,AFLB1,fft_magnitude,0.0002362848026677966,0.002260605106130242,4.984301327226603e-08,0.4353216886520386,493.5895080566406,3.285104866850685,10.79191398620605,2088960
H084,Haze,AFLB1,raw_low,0.0,0.0,0.0,0.0,0.0,0.0,0.0,2088960
H084,Haze,AFLB1,raw_high,0.1271503120660782,0.1092554032802582,1.158333944317747e-07,0.6237530708312988,265611.90625,242.2973621786874,58708.01171875,2088960
H084,Haze,AFLB1,mined_low,0.4691166877746582,2.069896221160889,-16.43884086608887,26.70083427429199,3015342.5,3067.540382782271,9409804.0,2088960
H084,Haze,AFLB1,mined_high,-0.001324250712059438,0.5367544293403625,-13.51197910308838,13.41589069366455,573155.75,775.7861738262677,601844.1875,2088960
H084,Haze,AFLB2,conv_feat,-0.02133417874574661,0.2758012413978577,-0.9907594919204712,0.9337727427482605,875252.375,565.4206675122515,319700.53125,4177920
H084,Haze,AFLB2,fft_magnitude,0.0001129896627389826,0.001871856045909226,2.402566146031404e-08,0.705536425113678,472.061767578125,3.833030453754786,14.69212245941162,4177920
H084,Haze,AFLB2,raw_low,0.0,0.0,0.0,0.0,0.0,0.0,0.0,4177920
H084,Haze,AFLB2,raw_high,0.2094947695732117,0.1806471943855286,4.435426603777159e-08,0.990759551525116,875252.375,565.420695146543,319700.5625,4177920
H084,Haze,AFLB2,mined_low,0.01302690897136927,0.3090362846851349,-6.975260734558105,6.906764030456543,649627.9375,632.2299324612842,399714.6875,4177920
H084,Haze,AFLB2,mined_high,-0.03536435961723328,0.2020601779222488,-4.797065734863281,4.491510391235352,585485.5,419.2880871191072,175802.5,4177920
H084,Haze,AFLB3,conv_feat,0.003156367223709822,0.1720610558986664,-0.492879718542099,0.6470397114753723,1155710.125,497.4514737640246,247457.96875,8355840
H084,Haze,AFLB3,fft_magnitude,2.823514114425052e-05,0.0005826219567097723,4.931056452051052e-09,0.4609444141387939,235.9283142089844,1.686130815935847,2.843037128448486,8355840
H084,Haze,AFLB3,raw_low,0.0,0.0,0.0,0.0,0.0,0.0,0.0,8355840
H084,Haze,AFLB3,raw_high,0.1383116692304611,0.1023955643177032,1.318411868567182e-08,0.6470396518707275,1155710.125,497.4514737640246,247457.96875,8355840
H084,Haze,AFLB3,mined_low,6.725551429553889e-06,0.000813139253295958,-0.00580236641690135,0.004924054257571697,5169.96826171875,2.350578837429555,5.52522087097168,8355840
H084,Haze,AFLB3,mined_high,-5.077879541204311e-05,0.000879124563653022,-0.006202530115842819,0.005049307830631733,5765.2587890625,2.545474457198452,6.479440212249756,8355840
H085,Haze,AFLB1,conv_feat,0.01164367236196995,0.148558035492897,-0.5831810832023621,0.6010879874229431,145353.859375,170.2672302220836,28990.9296875,1305600
H085,Haze,AFLB1,fft_magnitude,0.0003566831583157182,0.002530548954382539,5.385454926454258e-08,0.3749938905239105,465.685546875,2.920058884484178,8.52674388885498,1305600
H085,Haze,AFLB1,raw_low,0.0,0.0,0.0,0.0,0.0,0.0,0.0,1305600
H085,Haze,AFLB1,raw_high,0.111331082880497,0.0990477204322815,1.914573921624196e-08,0.6010878086090088,145353.859375,170.267224486614,28990.927734375,1305600
H085,Haze,AFLB1,mined_low,0.2303203046321869,1.858762502670288,-15.00259590148926,19.3430118560791,1667111.375,2140.117753769638,4580104.0,1305600
H085,Haze,AFLB1,mined_high,0.002695524599403143,0.5073297619819641,-11.73702812194824,14.2305326461792,329079.4375,579.69765826679,336049.375,1305600
H085,Haze,AFLB2,conv_feat,-0.01855477690696716,0.2462459802627563,-0.9640078544616699,0.8518805503845215,481076.0,399.0420168979703,159234.53125,2611200
H085,Haze,AFLB2,fft_magnitude,0.0001705087925074622,0.002110651694238186,2.156285638932331e-08,0.6210623979568481,445.2325439453125,3.421756829437868,11.70841979980469,2611200
H085,Haze,AFLB2,raw_low,0.0,0.0,0.0,0.0,0.0,0.0,0.0,2611200
H085,Haze,AFLB2,raw_high,0.1842355728149414,0.1644341945648193,4.564583022670377e-08,0.9640079140663147,481075.9375,399.041997319831,159234.515625,2611200
H085,Haze,AFLB2,mined_low,0.01166652515530586,0.2914389967918396,-6.079497814178467,6.175475597381592,399615.4375,471.3195240492378,222142.09375,2611200
H085,Haze,AFLB2,mined_high,-0.03543981909751892,0.1973496377468109,-5.234365463256836,5.102326393127441,343172.3125,324.0026523811187,104977.71875,2611200
H085,Haze,AFLB3,conv_feat,0.002656314056366682,0.1543242484331131,-0.4756462872028351,0.6363435387611389,634507.875,352.7228240772066,124413.390625,5222400
H085,Haze,AFLB3,fft_magnitude,4.44850702479016e-05,0.0006602608482353389,8.3237523540447e-09,0.4042086899280548,232.3188323974609,1.512286569968884,2.287010669708252,5222400
H085,Haze,AFLB3,raw_low,0.0,0.0,0.0,0.0,0.0,0.0,0.0,5222400
H085,Haze,AFLB3,raw_high,0.1214973628520966,0.09519148617982864,2.784654498100281e-07,0.6363434791564941,634507.8125,352.7228130026466,124413.3828125,5222400
H085,Haze,AFLB3,mined_low,2.250997385999653e-05,0.0007023931248113513,-0.006824073847383261,0.004779438022524118,2804.470703125,1.605972990500096,2.57914924621582,5222400
H085,Haze,AFLB3,mined_high,-6.480602314695716e-05,0.0009062964818440378,-0.005619836505502462,0.00450618751347065,3701.19580078125,2.076408652640715,4.31147289276123,5222400
H086,Haze,AFLB1,conv_feat,0.01248189155012369,0.1567104607820511,-0.5513991117477417,0.5732157826423645,155162.75,179.6289361085791,32266.5546875,1305600
H086,Haze,AFLB1,fft_magnitude,0.0002920608094427735,0.002680207835510373,1.07215193168031e-07,0.402490109205246,381.3145751953125,3.080610636830295,9.490161895751953,1305600
H086,Haze,AFLB1,raw_low,0.0,0.0,0.0,0.0,0.0,0.0,0.0,1305600
H086,Haze,AFLB1,raw_high,0.1188440173864365,0.1029080450534821,1.322478340171074e-07,0.5732157230377197,155162.75,179.6289306720246,32266.552734375,1305600
H086,Haze,AFLB1,mined_low,0.2736096084117889,1.983283281326294,-15.79069423675537,19.38057518005371,1818333.75,2287.619614358995,5233203.5,1305600
H086,Haze,AFLB1,mined_high,-0.004079593811184168,0.5844742059707642,-13.86845302581787,17.30024909973145,386947.71875,667.8531837163015,446027.875,1305600
H086,Haze,AFLB2,conv_feat,-0.02002841234207153,0.2591271996498108,-0.9467750787734985,0.8877422213554382,511685.375,419.977919806506,176381.453125,2611200
H086,Haze,AFLB2,fft_magnitude,0.0001404853246640414,0.002224192256107926,1.30428983169395e-08,0.6644371747970581,366.8352966308594,3.601280482705048,12.9692211151123,2611200
H086,Haze,AFLB2,raw_low,0.0,0.0,0.0,0.0,0.0,0.0,0.0,2611200
H086,Haze,AFLB2,raw_high,0.1959579139947891,0.170729398727417,7.475376762045016e-09,0.9467750787734985,511685.3125,419.9779012043372,176381.4375,2611200
H086,Haze,AFLB2,mined_low,0.01093786209821701,0.3077509105205536,-4.738812446594238,4.821793556213379,397856.84375,497.6151091707325,247620.796875,2611200
H086,Haze,AFLB2,mined_high,-0.01575354859232903,0.1843776404857635,-4.60429048538208,3.963579654693604,328108.25,299.0252131928008,89416.078125,2611200
H086,Haze,AFLB3,conv_feat,0.002809738740324974,0.1619536280632019,-0.4660150706768036,0.6139005422592163,674986.25,370.1613668388424,137019.4375,5222400
H086,Haze,AFLB3,fft_magnitude,3.492162431939505e-05,0.0006935963756404817,6.354379689099687e-09,0.4306471049785614,182.3746948242188,1.587053855020667,2.518739938735962,5222400
H086,Haze,AFLB3,raw_low,0.0,0.0,0.0,0.0,0.0,0.0,0.0,5222400
H086,Haze,AFLB3,raw_high,0.1292482614517212,0.09763070195913315,3.259879832739898e-08,0.6139006018638611,674986.125,370.1613668388424,137019.4375,5222400
H086,Haze,AFLB3,mined_low,3.491263487376273e-05,0.0005966278840787709,-0.004385349806398153,0.00573444552719593,2384.05029296875,1.365780438757973,1.865356206893921,5222400
H086,Haze,AFLB3,mined_high,-3.510538954287767e-05,0.0009329833555966616,-0.006326392292976379,0.004537499509751797,3794.861328125,2.133615642981439,4.552315711975098,5222400
H087,Haze,AFLB1,conv_feat,0.0108195124194026,0.1424957066774368,-0.5729891657829285,0.5773142576217651,229980.046875,211.64585691669,44793.96875,2193408
H087,Haze,AFLB1,fft_magnitude,0.0002571209915913641,0.001873281667940319,5.424106319651401e-08,0.3531711399555206,563.9712524414062,2.800371594975618,7.842081069946289,2193408
H087,Haze,AFLB1,raw_low,0.0,0.0,0.0,0.0,0.0,0.0,0.0,2193408
H087,Haze,AFLB1,raw_high,0.1048505529761314,0.09710019826889038,3.789435254475393e-08,0.5773141384124756,229980.046875,211.64585691669,44793.96875,2193408
H087,Haze,AFLB1,mined_low,-0.008422411978244781,1.697301745414734,-19.92708587646484,18.71346664428711,2525496.0,2513.761623543489,6318997.5,2193408
H087,Haze,AFLB1,mined_high,-0.008279139176011086,0.6342528462409973,-14.62917900085449,16.0593204498291,723674.375,939.4186034457696,882507.3125,2193408
H087,Haze,AFLB2,conv_feat,-0.01831817254424095,0.2304771393537521,-0.956261157989502,0.8787150382995605,740071.9375,484.2503871965411,234498.4375,4386816
H087,Haze,AFLB2,fft_magnitude,0.0001314606342930347,0.001523916726000607,2.0243874132575e-08,0.588676929473877,576.693603515625,3.203656259535385,10.26341342926025,4386816
H087,Haze,AFLB2,raw_low,0.0,0.0,0.0,0.0,0.0,0.0,0.0,4386816
H087,Haze,AFLB2,raw_high,0.1687036603689194,0.1580960005521774,1.851846320732875e-08,0.956261157989502,740071.9375,484.2503871965411,234498.4375,4386816
H087,Haze,AFLB2,mined_low,0.03059215843677521,0.2538860738277435,-4.309971332550049,4.449674606323242,594479.125,535.6039231559082,286871.5625,4386816
H087,Haze,AFLB2,mined_high,-0.1019458919763565,0.1837240159511566,-3.87878155708313,3.966918706893921,672695.3125,440.07598775666,193666.875,4386816
H087,Haze,AFLB3,conv_feat,0.002129633445292711,0.1431637853384018,-0.4667650461196899,0.6124410629272461,964527.125,424.1026187728626,179863.03125,8773632
H087,Haze,AFLB3,fft_magnitude,3.500177263049409e-05,0.0004723216989077628,3.919131685847788e-09,0.3688197731971741,307.0926818847656,1.402868146262192,1.968039035797119,8773632
H087,Haze,AFLB3,raw_low,0.0,0.0,0.0,0.0,0.0,0.0,0.0,8773632
H087,Haze,AFLB3,raw_high,0.1099347621202469,0.0917319729924202,1.015290074235509e-09,0.6124410629272461,964527.125,424.1026187728626,179863.03125,8773632
H087,Haze,AFLB3,mined_low,3.347311576362699e-05,0.0007364687044173479,-0.006310620345175266,0.004700314253568649,4780.32177734375,2.183695727647244,4.768527030944824,8773632
H087,Haze,AFLB3,mined_high,-5.992367732687853e-05,0.0009256293415091932,-0.0067437794059515,0.004560024943202734,6277.1083984375,2.747482795001961,7.548661708831787,8773632
H088,Haze,AFLB1,conv_feat,0.01139794010668993,0.1450945138931274,-0.5536973476409912,0.561862587928772,193986.640625,193.9373287946392,37611.6875,1775616
H088,Haze,AFLB1,fft_magnitude,0.0003142014029435813,0.002117128111422062,7.360848996995628e-08,0.3724372088909149,557.9010620117188,2.852019474567624,8.134015083312988,1775616
H088,Haze,AFLB1,raw_low,0.0,0.0,0.0,0.0,0.0,0.0,0.0,1775616
H088,Haze,AFLB1,raw_high,0.1092503368854523,0.09615974873304367,1.98686098684675e-08,0.5618626475334167,193986.640625,193.9373287946392,37611.6875,1775616
H088,Haze,AFLB1,mined_low,-0.09786292910575867,1.76117730140686,-18.49006462097168,16.81743812561035,2089383.125,2350.428471577044,5524514.0,1775616
H088,Haze,AFLB1,mined_high,-0.009301175363361835,0.7141647934913635,-14.84057331085205,14.68569278717041,652304.4375,951.7213024304962,905773.4375,1775616
H088,Haze,AFLB2,conv_feat,-0.01877493597567081,0.2311245799064636,-0.9288979768753052,0.8711347579956055,616808.3125,436.9823187212498,190953.546875,3551232
H088,Haze,AFLB2,fft_magnitude,0.0001561801036586985,0.001697875442914665,1.157592777190075e-08,0.5824324488639832,554.6317749023438,3.213105224121117,10.32404518127441,3551232
H088,Haze,AFLB2,raw_low,0.0,0.0,0.0,0.0,0.0,0.0,0.0,3551232
H088,Haze,AFLB2,raw_high,0.1736885458230972,0.1536338627338409,4.461426783564093e-08,0.92889803647995,616808.3125,436.9823187212498,190953.546875,3551232
H088,Haze,AFLB2,mined_low,0.02060102857649326,0.2903052270412445,-4.790347576141357,4.977655410766602,545422.5,548.44761030567,300794.78125,3551232
H088,Haze,AFLB2,mined_high,-0.0567176565527916,0.1942197382450104,-3.976362705230713,3.93762993812561,479393.40625,381.2886660720457,145381.046875,3551232
H088,Haze,AFLB3,conv_feat,0.002421536948531866,0.1424188762903214,-0.4675418734550476,0.605088472366333,792642.375,379.6075481665242,144101.890625,7102464
H088,Haze,AFLB3,fft_magnitude,3.997008388978429e-05,0.0005221468745730817,3.386370295288543e-09,0.3723169565200806,283.8860778808594,1.395616039993901,1.947744131088257,7102464
H088,Haze,AFLB3,raw_low,0.0,0.0,0.0,0.0,0.0,0.0,0.0,7102464
H088,Haze,AFLB3,raw_high,0.1116010621190071,0.08851103484630585,1.397575832839948e-08,0.6050883531570435,792642.5,379.607568746989,144101.90625,7102464
H088,Haze,AFLB3,mined_low,2.323126318515278e-05,0.0005648964433930814,-0.005426918156445026,0.004458420909941196,2973.1826171875,1.506746854392414,2.270286083221436,7102464
H088,Haze,AFLB3,mined_high,-3.990968252765015e-05,0.0009971866384148598,-0.00586405536159873,0.004743567667901516,5597.0126953125,2.659674647088067,7.073869228363037,7102464
H089,Haze,AFLB1,conv_feat,0.009929831139743328,0.1268917769193649,-0.4431030750274658,0.4659235775470734,154932.75,161.9478118098544,26227.09375,1618944
H089,Haze,AFLB1,fft_magnitude,0.0002641219180077314,0.001942362869158387,8.31648421240061e-08,0.3181853890419006,427.5986022949219,2.494162610942153,6.220847129821777,1618944
H089,Haze,AFLB1,raw_low,0.0,0.0,0.0,0.0,0.0,0.0,0.0,1618944
H089,Haze,AFLB1,raw_high,0.09569988399744034,0.08391457051038742,1.043573618630944e-07,0.4659235179424286,154932.75,161.9478118098544,26227.09375,1618944
H089,Haze,AFLB1,mined_low,0.2116936892271042,1.481308221817017,-15.24431705474854,18.33184051513672,1603603.875,1903.932246693669,3624958.0,1618944
H089,Haze,AFLB1,mined_high,-0.003635643515735865,0.5644940137863159,-14.02459144592285,15.68972206115723,470803.875,718.2642924091382,515903.59375,1618944
H089,Haze,AFLB2,conv_feat,-0.01583769917488098,0.2156018614768982,-0.7848135232925415,0.7363023161888123,521058.25,389.0021690170892,151322.6875,3237888
H089,Haze,AFLB2,fft_magnitude,0.0001294398680329323,0.001659678644500673,1.986737174775044e-08,0.5489380359649658,419.11181640625,2.995516605815727,8.973119735717773,3237888
H089,Haze,AFLB2,raw_low,0.0,0.0,0.0,0.0,0.0,0.0,0.0,3237888
H089,Haze,AFLB2,raw_high,0.1609253436326981,0.144353836774826,6.745001446262222e-09,0.784813642501831,521058.25,389.0021690170892,151322.6875,3237888
H089,Haze,AFLB2,mined_low,0.009852259419858456,0.2746801674365997,-5.075589656829834,5.282100200653076,483842.46875,494.5809779500219,244610.34375,3237888
H089,Haze,AFLB2,mined_high,-0.01997590996325016,0.1928355842828751,-4.421071529388428,6.064192771911621,409535.15625,348.8477013683765,121694.71875,3237888
H089,Haze,AFLB3,conv_feat,0.002262998139485717,0.1363772749900818,-0.4112738072872162,0.5155357718467712,692621.5,347.0944576048428,120474.5625,6475776
H089,Haze,AFLB3,fft_magnitude,3.374717198312283e-05,0.0005240743630565703,8.723308297930998e-09,0.3559924066066742,218.5391235351562,1.336402767430637,1.785972356796265,6475776
H089,Haze,AFLB3,raw_low,0.0,0.0,0.0,0.0,0.0,0.0,0.0,6475776
H089,Haze,AFLB3,raw_high,0.1069557517766953,0.0846424549818039,6.242970584935392e-08,0.5155357122421265,692621.5,347.0944688589837,120474.5703125,6475776
H089,Haze,AFLB3,mined_low,3.456976628513075e-05,0.0005971816135570407,-0.005840403027832508,0.004827028606086969,2905.29443359375,1.522224765196917,2.317168235778809,6475776
H089,Haze,AFLB3,mined_high,-5.875585702597164e-05,0.0008761315839365125,-0.00550916139036417,0.00432262010872364,4445.716796875,2.234547855119977,4.993204116821289,6475776
H090,Haze,AFLB1,conv_feat,0.01106016431003809,0.1425092816352844,-0.5559507608413696,0.5715076923370361,246069.9375,219.1232797279878,48015.01171875,2350080
H090,Haze,AFLB1,fft_magnitude,0.0002300689229741693,0.001812595874071121,9.347057527975267e-08,0.3614492416381836,540.6803588867188,2.800998141989863,7.845590591430664,2350080
H090,Haze,AFLB1,raw_low,0.0,0.0,0.0,0.0,0.0,0.0,0.0,2350080
H090,Haze,AFLB1,raw_high,0.1047070547938347,0.0973018929362297,5.955541393376507e-09,0.5715076327323914,246069.953125,219.1232797279878,48015.01171875,2350080
H090,Haze,AFLB1,mined_low,0.3434854745864868,1.799675345420837,-16.70968627929688,20.97499084472656,2925696.5,2808.697384909951,7888781.0,2350080
H090,Haze,AFLB1,mined_high,0.001790042500942945,0.6591066718101501,-17.2014045715332,21.10438919067383,786239.0625,1010.412261158781,1020932.9375,2350080
H090,Haze,AFLB2,conv_feat,-0.01802553981542587,0.228231281042099,-0.8988932967185974,0.8420408368110657,789863.125,496.3428596998248,246356.234375,4700160
H090,Haze,AFLB2,fft_magnitude,0.0001107010684791021,0.001459060702472925,2.227820061762031e-08,0.5614951848983765,520.312744140625,3.172313340439692,10.06357192993164,4700160
H090,Haze,AFLB2,raw_low,0.0,0.0,0.0,0.0,0.0,0.0,0.0,4700160
H090,Haze,AFLB2,raw_high,0.1680502593517303,0.1554784327745438,3.514545987570727e-09,0.8988933563232422,789863.125,496.3429069202057,246356.28125,4700160
H090,Haze,AFLB2,mined_low,0.01362043339759111,0.2956429421901703,-5.222025394439697,5.142623901367188,682132.75,641.6293955625787,411688.28125,4700160
H090,Haze,AFLB2,mined_high,-0.05440892651677132,0.1823747903108597,-4.697018623352051,4.975440502166748,620708.4375,412.6063499269007,170244.0,4700160
H090,Haze,AFLB3,conv_feat,0.002472164575010538,0.1405482590198517,-0.4474072456359863,0.5975380539894104,1022233.375,430.9868037422956,185749.625,9400320
H090,Haze,AFLB3,fft_magnitude,2.810412479448132e-05,0.0004483378434088081,3.188257213793122e-09,0.362628310918808,264.1877746582031,1.377299120564569,1.896952867507935,9400320
H090,Haze,AFLB3,raw_low,0.0,0.0,0.0,0.0,0.0,0.0,0.0,9400320
H090,Haze,AFLB3,raw_high,0.1087445318698883,0.08907612413167953,4.356597216315095e-08,0.5975381731987,1022233.375,430.9868581233075,185749.671875,9400320
H090,Haze,AFLB3,mined_low,3.001272671099287e-05,0.0006683473475277424,-0.005440914072096348,0.006737928371876478,4718.923828125,2.05121414701847,4.207479476928711,9400320
H090,Haze,AFLB3,mined_high,-6.003901944495738e-05,0.000982541125267744,-0.006184762809425592,0.004868912510573864,7211.58935546875,3.018084220049859,9.108832359313965,9400320
H091,Haze,AFLB1,conv_feat,0.01259379647672176,0.1563938111066818,-0.5099141597747803,0.5317208170890808,242271.765625,223.9187474704831,50139.60546875,2036736
H091,Haze,AFLB1,fft_magnitude,0.0001780194143066183,0.002147007500752807,1.051846698629788e-08,0.4053131341934204,362.5785522460938,3.07460060317085,9.453168869018555,2036736
H091,Haze,AFLB1,raw_low,0.0,0.0,0.0,0.0,0.0,0.0,0.0,2036736
H091,Haze,AFLB1,raw_high,0.1189509928226471,0.1023146584630013,5.77447600846881e-08,0.5317209362983704,242271.765625,223.9187474704831,50139.60546875,2036736
H091,Haze,AFLB1,mined_low,0.3003736734390259,1.730482220649719,-17.05948066711426,24.16408538818359,2457685.75,2506.573158716897,6282909.0,2036736
H091,Haze,AFLB1,mined_high,-0.001832677749916911,0.5075844526290894,-13.40433692932129,15.82568168640137,526528.4375,724.4001397708314,524755.5625,2036736
H091,Haze,AFLB2,conv_feat,-0.01992447301745415,0.2623550593852997,-0.8849139213562012,0.836385190486908,808582.0,531.0318964054795,281994.875,4073472
H091,Haze,AFLB2,fft_magnitude,8.453532063867897e-05,0.001804389990866184,6.586396317231902e-09,0.6738227605819702,344.3522644042969,3.645766789873568,13.29161548614502,4073472
H091,Haze,AFLB2,raw_low,0.0,0.0,0.0,0.0,0.0,0.0,0.0,4073472
H091,Haze,AFLB2,raw_high,0.198499470949173,0.172699511051178,1.280580708140633e-08,0.8849139213562012,808582.0625,531.0319552531655,281994.9375,4073472
H091,Haze,AFLB2,mined_low,0.009035922586917877,0.3206563293933868,-5.457813739776611,5.475379467010498,621285.875,647.4325737094173,419168.9375,4073472
H091,Haze,AFLB2,mined_high,0.001999772153794765,0.1847188770771027,-4.86430549621582,4.16534423828125,495054.1875,372.8370748396677,139007.484375,4073472
H091,Haze,AFLB3,conv_feat,0.002953209448605776,0.1645850390195847,-0.4741443693637848,0.5820904970169067,1075503.75,469.8482800330336,220757.40625,8146944
H091,Haze,AFLB3,fft_magnitude,2.141298136848491e-05,0.00056465930538252,2.014024946817017e-09,0.4398697018623352,174.4503631591797,1.612857199442864,2.601308345794678,8146944
H091,Haze,AFLB3,raw_low,0.0,0.0,0.0,0.0,0.0,0.0,0.0,8146944
H091,Haze,AFLB3,raw_high,0.1320131570100784,0.09833354502916336,9.68919309229932e-08,0.582090437412262,1075503.75,469.8483132884484,220757.4375,8146944
H091,Haze,AFLB3,mined_low,3.522591578075662e-05,0.0006117619923315942,-0.006778676528483629,0.005396426655352116,3799.51806640625,1.749035569515782,3.059125423431396,8146944
H091,Haze,AFLB3,mined_high,-4.531292870524339e-05,0.0008697418961673975,-0.006623707246035337,0.005389922298491001,5480.9345703125,2.48585830648651,6.179491519927979,8146944
H092,Haze,AFLB1,conv_feat,0.005924336146563292,0.07677704840898514,-0.4811454713344574,0.4937628209590912,73357.71875,87.98843030300915,7741.9638671875,1305600
H092,Haze,AFLB1,fft_magnitude,0.0002355884062126279,0.001299446215853095,8.471320001035565e-08,0.1915501356124878,307.584228515625,1.508989023334277,2.277047872543335,1305600
H092,Haze,AFLB1,raw_low,0.0,0.0,0.0,0.0,0.0,0.0,0.0,1305600
H092,Haze,AFLB1,raw_high,0.0561869777739048,0.05265771970152855,8.738858525703108e-08,0.4937627911567688,73357.71875,87.98842475362882,7741.962890625,1305600
H092,Haze,AFLB1,mined_low,0.5254241228103638,2.320587158203125,-14.48751544952393,23.69573783874512,2033202.25,2718.686539489244,7391256.5,1305600
H092,Haze,AFLB1,mined_high,-0.00126257271040231,0.435450553894043,-11.36374092102051,13.66808891296387,294707.34375,497.5603135550504,247566.265625,1305600
H092,Haze,AFLB2,conv_feat,-0.009298674762248993,0.1248837038874626,-0.9617242813110352,0.8934879899024963,239976.09375,202.3608125045459,40949.8984375,2611200
H092,Haze,AFLB2,fft_magnitude,0.0001145484202424996,0.0010677061509341,1.13178728611274e-08,0.2990782856941223,299.1088256835938,1.735229487893785,3.011021375656128,2611200
H092,Haze,AFLB2,raw_low,0.0,0.0,0.0,0.0,0.0,0.0,0.0,2611200
H092,Haze,AFLB2,raw_high,0.09190260618925095,0.08506651222705841,2.439324831016165e-08,0.9617242813110352,239976.09375,202.3608028528499,40949.89453125,2611200
H092,Haze,AFLB2,mined_low,0.01566233299672604,0.2254660874605179,-4.430275917053223,4.540474891662598,334920.59375,365.21333662669,133380.78125,2611200
H092,Haze,AFLB2,mined_high,-0.1497713774442673,0.1999109983444214,-3.469440937042236,4.161474227905273,506503.4375,403.6435424666174,162928.109375,2611200
H092,Haze,AFLB3,conv_feat,0.001418327097781003,0.0775618702173233,-0.4964315593242645,0.6246873140335083,312054.0,177.2784543892038,31427.650390625,5222400
H092,Haze,AFLB3,fft_magnitude,3.07988520944491e-05,0.0003311702748760581,9.908028175686923e-09,0.1976321190595627,160.8439331054688,0.760075013386359,0.5777140259742737,5222400
H092,Haze,AFLB3,raw_low,0.0,0.0,0.0,0.0,0.0,0.0,0.0,5222400
H092,Haze,AFLB3,raw_high,0.05975298583507538,0.04947156086564064,2.608275817550521e-09,0.6246871948242188,312054.0,177.2784323546579,31427.642578125,5222400
H092,Haze,AFLB3,mined_low,5.294820948620327e-05,0.000770320650190115,-0.005369808524847031,0.006097681820392609,3096.571044921875,1.764534267327362,3.11358118057251,5222400
H092,Haze,AFLB3,mined_high,-7.188641029642895e-05,0.0009867633925750852,-0.006309114396572113,0.004836112726479769,4138.53857421875,2.260984100515349,5.112049102783203,5222400
H093,Haze,AFLB1,conv_feat,0.009929068386554718,0.1295687407255173,-0.5793823003768921,0.5933932662010193,124785.21875,148.4830061825258,22047.203125,1305600
H093,Haze,AFLB1,fft_magnitude,0.0004081093065906316,0.00219091447070241,1.051846609811946e-07,0.3202448189258575,532.8275146484375,2.546462511231209,6.484471321105957,1305600
H093,Haze,AFLB1,raw_low,0.0,0.0,0.0,0.0,0.0,0.0,0.0,1305600
H093,Haze,AFLB1,raw_high,0.09557691216468811,0.08804372698068619,4.167698079982074e-07,0.5933932662010193,124785.21875,148.4829996055946,22047.201171875,1305600
H093,Haze,AFLB1,mined_low,0.4513748586177826,1.936712503433228,-13.6653003692627,22.87870597839355,1742786.25,2272.249656177771,5163118.5,1305600
H093,Haze,AFLB1,mined_high,-7.962172821862623e-05,0.6492548584938049,-15.27123260498047,19.55425453186035,418892.84375,741.8571291023629,550352.0,1305600
H093,Haze,AFLB2,conv_feat,-0.01584330014884472,0.2114050388336182,-0.9528595209121704,0.8963907957077026,406964.65625,342.5717762382068,117355.421875,2611200
H093,Haze,AFLB2,fft_magnitude,0.0002016135695157573,0.001806651940569282,5.069462005735659e-08,0.5201330184936523,526.453369140625,2.937528569508676,8.629074096679688,2611200
H093,Haze,AFLB2,raw_low,0.0,0.0,0.0,0.0,0.0,0.0,0.0,2611200
H093,Haze,AFLB2,raw_high,0.1558534950017929,0.1437107622623444,3.352789335053785e-08,0.9528593420982361,406964.65625,342.5717534327662,117355.40625,2611200
H093,Haze,AFLB2,mined_low,0.009409241378307343,0.2925975620746613,-5.503894805908203,5.71586275100708,390855.65625,473.0589121610542,223784.734375,2611200
H093,Haze,AFLB2,mined_high,-0.0518178679049015,0.1979468315839767,-5.246894359588623,4.68412446975708,367305.875,330.6445528244795,109325.8203125,2611200
H093,Haze,AFLB3,conv_feat,0.002229575766250491,0.1319482326507568,-0.4728131890296936,0.6214868426322937,531037.375,301.5786588934967,90949.6875,5222400
H093,Haze,AFLB3,fft_magnitude,5.205474008107558e-05,0.0005634044646285474,7.091829345995393e-09,0.3378032445907593,271.8506774902344,1.293007795314789,1.671869158744812,5222400
H093,Haze,AFLB3,raw_low,0.0,0.0,0.0,0.0,0.0,0.0,0.0,5222400
H093,Haze,AFLB3,raw_high,0.101684533059597,0.08411634713411331,1.156096516297112e-07,0.6214868426322937,531037.3125,301.5786588934967,90949.6875,5222400
H093,Haze,AFLB3,mined_low,3.537773955031298e-05,0.0007691553328186274,-0.005863681435585022,0.005385283846408129,3081.795654296875,1.759576006124412,3.096107721328735,5222400
H093,Haze,AFLB3,mined_high,-5.443621921585873e-05,0.0008961186977103353,-0.006087250076234341,0.004614245146512985,3681.412353515625,2.051636493914461,4.209212303161621,5222400
H094,Haze,AFLB1,conv_feat,0.01356717757880688,0.1685602515935898,-0.5676181316375732,0.5810484290122986,300597.28125,259.2380361270313,67204.359375,2350080
H094,Haze,AFLB1,fft_magnitude,0.0001860762276919559,0.00215360801666975,1.013388573056773e-08,0.4376829266548157,437.2940368652344,3.313774871214809,10.98110389709473,2350080
H094,Haze,AFLB1,raw_low,0.0,0.0,0.0,0.0,0.0,0.0,0.0,2350080
H094,Haze,AFLB1,raw_high,0.1279093772172928,0.1106156259775162,5.499081012771967e-08,0.5810484886169434,300597.28125,259.2380361270313,67204.359375,2350080
H094,Haze,AFLB1,mined_low,0.4182750880718231,2.521326541900635,-16.27905082702637,27.32095527648926,4196627.0,3918.012378745121,15350821.0,2350080
H094,Haze,AFLB1,mined_high,-0.007296822965145111,0.7123040556907654,-13.35426425933838,15.95516490936279,871575.875,1092.01728466174,1192501.75,2350080
H094,Haze,AFLB2,conv_feat,-0.02154219895601273,0.2800265848636627,-0.9552639126777649,0.8978985548019409,994984.3125,608.8872535207155,370743.6875,4700160
H094,Haze,AFLB2,fft_magnitude,9.034769027493894e-05,0.001792767900042236,4.674874265475637e-09,0.7151777744293213,424.6485900878906,3.891626681027781,15.1447582244873,4700160
H094,Haze,AFLB2,raw_low,0.0,0.0,0.0,0.0,0.0,0.0,0.0,4700160
H094,Haze,AFLB2,raw_high,0.211691603064537,0.1845687478780746,1.682773742572863e-08,0.9552640318870544,994984.375,608.8872791822802,370743.71875,4700160
H094,Haze,AFLB2,mined_low,0.009862336330115795,0.3581590950489044,-6.396802425384521,6.655430793762207,764226.9375,776.7779605524348,603384.0,4700160
H094,Haze,AFLB2,mined_high,-0.04206343367695808,0.1878034025430679,-4.918042659759521,4.030238628387451,611733.75,417.2425478663459,174091.34375,4700160
H094,Haze,AFLB3,conv_feat,0.003173314966261387,0.1750046014785767,-0.4966398179531097,0.6291298270225525,1316673.0,536.651306716009,287994.625,9400320
H094,Haze,AFLB3,fft_magnitude,2.461223448335659e-05,0.0005588102503679693,8.345159008271708e-10,0.4666338860988617,231.3628845214844,1.714969847611483,2.941121578216553,9400320
H094,Haze,AFLB3,raw_low,0.0,0.0,0.0,0.0,0.0,0.0,0.0,9400320
H094,Haze,AFLB3,raw_high,0.1400668323040009,0.104966513812542,1.0158175456354e-07,0.6291297078132629,1316673.0,536.6513358317484,287994.65625,9400320
H094,Haze,AFLB3,mined_low,2.758698792604264e-05,0.0006932170363143086,-0.006585657130926847,0.005403882823884487,4821.0302734375,2.127081580788703,4.524476051330566,9400320
H094,Haze,AFLB3,mined_high,-3.198644844815135e-05,0.0008752563735470176,-0.006183094810694456,0.005274701863527298,6465.13525390625,2.685322345017292,7.21095609664917,9400320
H095,Haze,AFLB1,conv_feat,0.01399120781570673,0.1727331131696701,-0.5683996677398682,0.5923067927360535,309596.8125,265.6665849801213,70578.734375,2350080
H095,Haze,AFLB1,fft_magnitude,0.000203343020984903,0.002205883152782917,2.185503689133839e-08,0.450268417596817,477.8723754882812,3.395949862924449,11.53247547149658,2350080
H095,Haze,AFLB1,raw_low,0.0,0.0,0.0,0.0,0.0,0.0,0.0,2350080
H095,Haze,AFLB1,raw_high,0.1317388415336609,0.1125937923789024,4.70920475947878e-08,0.5923067927360535,309596.8125,265.6665996837013,70578.7421875,2350080
H095,Haze,AFLB1,mined_low,0.4067540168762207,2.081906080245972,-18.98715400695801,27.35967826843262,3379736.75,3251.898983670926,10574847.0,2350080
H095,Haze,AFLB1,mined_high,-0.004793569445610046,0.5627244710922241,-16.32625961303711,18.72388458251953,661058.6875,862.6862117827084,744227.5,2350080
H095,Haze,AFLB2,conv_feat,-0.02204142138361931,0.2879019677639008,-0.9741601943969727,0.9171130061149597,1028968.125,625.9937349926116,391868.15625,4700160
H095,Haze,AFLB2,fft_magnitude,9.725333075039089e-05,0.001842909841798246,2.311523950027095e-08,0.7366064190864563,457.106201171875,4.000960711502955,16.00768661499023,4700160
H095,Haze,AFLB2,raw_low,0.0,0.0,0.0,0.0,0.0,0.0,0.0,4700160
H095,Haze,AFLB2,raw_high,0.2189219295978546,0.1882725805044174,2.320179381953835e-09,0.9741601347923279,1028968.125,625.9937599529247,391868.1875,4700160
H095,Haze,AFLB2,mined_low,0.009189129807054996,0.311617523431778,-5.898644924163818,6.108377456665039,690918.125,675.8759131674985,456808.25,4700160
H095,Haze,AFLB2,mined_high,-0.03860631212592125,0.190718337893486,-6.009520053863525,4.843571186065674,647211.0,421.8607960571828,177966.53125,4700160
H095,Haze,AFLB3,conv_feat,0.003320030402392149,0.1801349520683289,-0.5117431879043579,0.6367970705032349,1363074.125,552.3864985225472,305130.84375,9400320
H095,Haze,AFLB3,fft_magnitude,2.45542705670232e-05,0.0005752289434894919,1.506006430673779e-09,0.482602447271347,230.8179931640625,1.765254564163494,3.116123676300049,9400320
H095,Haze,AFLB3,raw_low,0.0,0.0,0.0,0.0,0.0,0.0,0.0,9400320
H095,Haze,AFLB3,raw_high,0.1450029462575912,0.1069287955760956,3.017471073007982e-08,0.6367971301078796,1363074.125,552.3864985225472,305130.84375,9400320
H095,Haze,AFLB3,mined_low,7.983676368894521e-06,0.0005514906952157617,-0.005536753684282303,0.004568113479763269,3914.088134765625,1.691044299578038,2.859630823135376,9400320
H095,Haze,AFLB3,mined_high,-2.82321561826393e-05,0.0008051727199926972,-0.007243903819471598,0.005405828822404146,5971.794921875,2.470171844898419,6.101748943328857,9400320
H096,Haze,AFLB1,conv_feat,0.01220414787530899,0.1542846113443375,-0.5829053521156311,0.5983560681343079,261411.796875,231.924363007102,53788.91015625,2245632
H096,Haze,AFLB1,fft_magnitude,0.0002381936210440472,0.002009761286899447,7.130363854912503e-08,0.3946352303028107,534.8952026367188,3.03279279007715,9.197832107543945,2245632
H096,Haze,AFLB1,raw_low,0.0,0.0,0.0,0.0,0.0,0.0,0.0,2245632
H096,Haze,AFLB1,raw_high,0.1164090186357498,0.101988360285759,6.900338433979414e-08,0.5983559489250183,261411.8125,231.9243714284896,53788.9140625,2245632
H096,Haze,AFLB1,mined_low,0.2126026302576065,2.125068664550781,-28.45011711120605,25.88430595397949,3232385.75,3200.404661913865,10242590.0,2245632
H096,Haze,AFLB1,mined_high,0.000319287704769522,0.5591656565666199,-14.40479850769043,17.38483047485352,639547.9375,837.9340666186093,702133.5,2245632
H096,Haze,AFLB2,conv_feat,-0.01988539658486843,0.2536357641220093,-0.9617363810539246,0.9092572927474976,856321.125,539.169674128655,290703.9375,4491264
H096,Haze,AFLB2,fft_magnitude,0.0001178843303932808,0.001659259083680809,3.781529400725958e-08,0.6538915634155273,529.4496459960938,3.525265373900368,12.4274959564209,4491264
H096,Haze,AFLB2,raw_low,0.0,0.0,0.0,0.0,0.0,0.0,0.0,4491264
H096,Haze,AFLB2,raw_high,0.1906637251377106,0.1684454679489136,8.878983770443938e-09,0.9617364406585693,856321.125,539.1697031083999,290703.96875,4491264
H096,Haze,AFLB2,mined_low,0.01155927218496799,0.2633427083492279,-4.712835788726807,4.824075222015381,612669.4375,558.629153598342,312066.53125,4491264
H096,Haze,AFLB2,mined_high,-0.08233454078435898,0.1794077605009079,-3.848038196563721,4.212646007537842,640562.5625,418.3385478592667,175007.140625,4491264
H096,Haze,AFLB3,conv_feat,0.002645263448357582,0.1582211703062057,-0.4839547276496887,0.6431078910827637,1126660.375,474.2687792802727,224930.875,8982528
H096,Haze,AFLB3,fft_magnitude,3.159121115459129e-05,0.0005163573077879846,6.310196809522495e-09,0.4192865788936615,283.7689514160156,1.55046120519243,2.403929948806763,8982528
H096,Haze,AFLB3,raw_low,0.0,0.0,0.0,0.0,0.0,0.0,0.0,8982528
H096,Haze,AFLB3,raw_high,0.1254279762506485,0.09648189693689346,3.353466837552332e-08,0.6431079506874084,1126660.375,474.268812225725,224930.90625,8982528
H096,Haze,AFLB3,mined_low,2.381970443821047e-05,0.0007036648457869887,-0.005373462568968534,0.004327150527387857,4766.24609375,2.110152489815235,4.452743530273438,8982528
H096,Haze,AFLB3,mined_high,-6.160379416542128e-05,0.000898730824701488,-0.006306009367108345,0.004810759797692299,6316.49755859375,2.699894468576314,7.289430141448975,8982528
H097,Haze,AFLB1,conv_feat,0.01054279413074255,0.1352134644985199,-0.5730668902397156,0.6107838153839111,236138.71875,207.9109635156357,43226.96875,2350080
H097,Haze,AFLB1,fft_magnitude,0.0002291271084686741,0.001718437881208956,1.402604365985383e-09,0.3406103253364563,538.467041015625,2.657674071100646,7.063231468200684,2350080
H097,Haze,AFLB1,raw_low,0.0,0.0,0.0,0.0,0.0,0.0,0.0,2350080
H097,Haze,AFLB1,raw_high,0.1004811376333237,0.09108990430831909,4.954887611319236e-09,0.6107838153839111,236138.71875,207.9109823037253,43226.9765625,2350080
H097,Haze,AFLB1,mined_low,0.327084869146347,1.721860527992249,-17.43570518493652,26.31317710876465,2744814.75,2686.809911400507,7218947.5,2350080
H097,Haze,AFLB1,mined_high,-0.002793804043903947,0.5718327164649963,-12.51321792602539,12.64678001403809,683285.0625,876.6283776492751,768477.3125,2350080
H097,Haze,AFLB2,conv_feat,-0.01695654354989529,0.2234236150979996,-0.9592800140380859,0.9024582505226135,779773.5,485.7720980562799,235974.53125,4700160
H097,Haze,AFLB2,fft_magnitude,0.0001140077511081472,0.00142754556145519,1.207675848213796e-09,0.5639638304710388,535.8546752929688,3.104751753658134,9.639483451843262,4700160
H097,Haze,AFLB2,raw_low,0.0,0.0,0.0,0.0,0.0,0.0,0.0,4700160
H097,Haze,AFLB2,raw_high,0.1659036129713058,0.150604248046875,1.941049099229986e-08,0.959280252456665,779773.5,485.772130221568,235974.5625,4700160
H097,Haze,AFLB2,mined_low,0.01661915890872478,0.2724624574184418,-4.904365539550781,4.85274076461792,702594.625,591.7924044798142,350218.25,4700160
H097,Haze,AFLB2,mined_high,-0.03603420034050941,0.1826441586017609,-4.849887371063232,5.340590953826904,600775.5625,403.6026627451806,162895.109375,4700160
H097,Haze,AFLB3,conv_feat,0.002382084727287292,0.1396610140800476,-0.5065855383872986,0.6377473473548889,1028880.5,428.2621495649598,183408.46875,9400320
H097,Haze,AFLB3,fft_magnitude,2.980320459755603e-05,0.000445381854660809,5.387366552866979e-09,0.364979475736618,280.15966796875,1.368592025837627,1.87304413318634,9400320
H097,Haze,AFLB3,raw_low,0.0,0.0,0.0,0.0,0.0,0.0,0.0,9400320
H097,Haze,AFLB3,raw_high,0.1094516515731812,0.0867825597524643,1.537147298336095e-08,0.6377473473548889,1028880.5625,428.2621495649598,183408.46875,9400320
H097,Haze,AFLB3,mined_low,2.620668601593934e-05,0.0006459525320678949,-0.005871232133358717,0.004146056715399027,4624.6669921875,1.982115954016471,3.928783655166626,9400320
H097,Haze,AFLB3,mined_high,-5.912709457334131e-05,0.0009930679807439446,-0.005734588019549847,0.0047680689021945,7324.38427734375,3.050132535962737,9.303308486938477,9400320
H098,Haze,AFLB1,conv_feat,0.01132778637111187,0.1412083953619003,-0.5036530494689941,0.534688413143158,281635.75,228.914609488997,52401.8984375,2611200
H098,Haze,AFLB1,fft_magnitude,0.0001955964253284037,0.001706732902675867,8.439580057029161e-08,0.3643425405025482,510.7413940429688,2.77599730226567,7.706161022186279,2611200
H098,Haze,AFLB1,raw_low,0.0,0.0,0.0,0.0,0.0,0.0,0.0,2611200
H098,Haze,AFLB1,raw_high,0.1078568026423454,0.09184244275093079,1.494961310299914e-08,0.5346883535385132,281635.6875,228.9146009568852,52401.89453125,2611200
H098,Haze,AFLB1,mined_low,0.167053684592247,1.287598967552185,-15.95698928833008,18.84939002990723,2166718.75,2098.096279964292,4402008.0,2611200
H098,Haze,AFLB1,mined_high,-0.005867619533091784,0.7146262526512146,-19.70578002929688,20.27446746826172,1000282.375,1154.818329868382,1333605.375,2611200
H098,Haze,AFLB2,conv_feat,-0.01787728443741798,0.2386905997991562,-0.858102023601532,0.757307767868042,940204.5625,546.9972006326906,299205.9375,5222400
H098,Haze,AFLB2,fft_magnitude,9.50013636611402e-05,0.001448215334676206,1.054827958313354e-08,0.6058395504951477,496.1351318359375,3.316657570166709,11.00021743774414,5222400
H098,Haze,AFLB2,raw_low,0.0,0.0,0.0,0.0,0.0,0.0,0.0,5222400
H098,Haze,AFLB2,raw_high,0.1800330281257629,0.1577368229627609,6.349374803704677e-09,0.858102023601532,940204.5,546.9971720676442,299205.90625,5222400
H098,Haze,AFLB2,mined_low,0.01365296635776758,0.3672637045383453,-6.064931392669678,6.021673202514648,833117.6875,839.8717163948313,705384.5,5222400
H098,Haze,AFLB2,mined_high,-0.02698057889938354,0.1965526342391968,-5.607497692108154,4.391103744506836,651700.0,453.3854079312655,205558.328125,5222400
H098,Haze,AFLB3,conv_feat,0.002693984191864729,0.1504039913415909,-0.4212717115879059,0.5548882484436035,1245925.875,486.1598245433286,236351.375,10444800
H098,Haze,AFLB3,fft_magnitude,2.460868381604087e-05,0.0004553877515718341,2.482107852586068e-09,0.3962927162647247,257.0327758789062,1.473888418024452,2.172347068786621,10444800
H098,Haze,AFLB3,raw_low,0.0,0.0,0.0,0.0,0.0,0.0,0.0,10444800
H098,Haze,AFLB3,raw_high,0.1192867159843445,0.0916476771235466,1.490991330399538e-08,0.5548883676528931,1245925.875,486.1598245433286,236351.375,10444800
H098,Haze,AFLB3,mined_low,3.246551932534203e-05,0.0005633190739899874,-0.005875930655747652,0.0067749316804111,4245.39697265625,1.823578944926909,3.325440168380737,10444800
H098,Haze,AFLB3,mined_high,-3.853285670629703e-05,0.0008135918760672212,-0.00729267206043005,0.005894958507269621,6557.2109375,2.632347541299597,6.929253578186035,10444800
H099,Haze,AFLB1,conv_feat,0.01167957670986652,0.1435329467058182,-0.4772149920463562,0.511162519454956,110580.609375,143.4486787582932,20577.5234375,992256
H099,Haze,AFLB1,fft_magnitude,0.0003548146632965654,0.002810639562085271,3.451948771271418e-08,0.367050975561142,352.0669860839844,2.821956419588654,7.963438034057617,992256
H099,Haze,AFLB1,raw_low,0.0,0.0,0.0,0.0,0.0,0.0,0.0,992256
H099,Haze,AFLB1,raw_high,0.1114436164498329,0.09120547771453857,1.965285747473899e-07,0.511162519454956,110580.59375,143.4486787582932,20577.5234375,992256
H099,Haze,AFLB1,mined_low,0.5443058609962463,2.154189825057983,-14.61858081817627,21.40809631347656,1521306.0,2213.271786292863,4898572.0,992256
H099,Haze,AFLB1,mined_high,0.001763919135555625,0.4823304116725922,-13.88822460174561,18.80102920532227,237624.4375,480.4624074784624,230844.125,992256
H099,Haze,AFLB2,conv_feat,-0.0175804253667593,0.2527092397212982,-0.8584926724433899,0.805486798286438,383514.9375,356.8587780901571,127348.1875,1984512
H099,Haze,AFLB2,fft_magnitude,0.0001744123437674716,0.002485573990270495,7.188344142150527e-08,0.6465978026390076,346.1233825683594,3.510105123005341,12.32083797454834,1984512
H099,Haze,AFLB2,raw_low,0.0,0.0,0.0,0.0,0.0,0.0,0.0,1984512
H099,Haze,AFLB2,raw_high,0.1932540088891983,0.1637800931930542,3.344025145679552e-08,0.8584928512573242,383514.90625,356.8587780901571,127348.1875,1984512
H099,Haze,AFLB2,mined_low,-0.00198578299023211,0.2854992747306824,-5.352895259857178,5.310457706451416,276283.4375,402.2002766035847,161765.0625,1984512
H099,Haze,AFLB2,mined_high,-0.02604721672832966,0.1713598370552063,-3.899971961975098,4.212436199188232,235381.859375,244.1720704749009,59620.0,1984512
H099,Haze,AFLB3,conv_feat,0.002908763475716114,0.1621478050947189,-0.4496251940727234,0.5682950019836426,517014.875,323.0894564590432,104386.796875,3969024
H099,Haze,AFLB3,fft_magnitude,4.522371091297828e-05,0.0007962976233102381,9.191532868157992e-09,0.4307450652122498,179.4939880371094,1.588973048270257,2.524835348129272,3969024
H099,Haze,AFLB3,raw_low,0.0,0.0,0.0,0.0,0.0,0.0,0.0,3969024
H099,Haze,AFLB3,raw_high,0.1302624642848969,0.09660257399082184,3.91291052892484e-08,0.5682948231697083,517014.875,323.0894564590432,104386.796875,3969024
H099,Haze,AFLB3,mined_low,2.154835237888619e-05,0.0006050763186067343,-0.006875798106193542,0.005260187666863203,1813.852294921875,1.20622201600499,1.454971551895142,3969024
H099,Haze,AFLB3,mined_high,-4.852144411415793e-05,0.0007907554390840232,-0.00574319576844573,0.004026816692203283,2451.71826171875,1.578338382005254,2.491152048110962,3969024
H100,Haze,AFLB1,conv_feat,0.008955220691859722,0.1251154243946075,-0.6191340088844299,0.6330941319465637,201441.640625,192.2922478774171,36976.30859375,2350080
H100,Haze,AFLB1,fft_magnitude,0.0002166612830478698,0.001588704995810986,8.344650836988876e-08,0.2875936031341553,509.1713562011719,2.458023719902837,6.04188060760498,2350080
H100,Haze,AFLB1,raw_low,0.0,0.0,0.0,0.0,0.0,0.0,0.0,2350080
H100,Haze,AFLB1,raw_high,0.08571692556142807,0.09157877415418625,2.497897177988762e-08,0.6330941915512085,201441.640625,192.2922580344825,36976.3125,2350080
H100,Haze,AFLB1,mined_low,0.3073552548885345,1.769037485122681,-14.55537414550781,21.11253356933594,2802213.75,2752.556175630209,7576565.5,2350080
H100,Haze,AFLB1,mined_high,0.002165201818570495,0.5167694687843323,-12.31395530700684,14.61659145355225,644780.75,792.2130000826797,627601.4375,2350080
H100,Haze,AFLB2,conv_feat,-0.01410515140742064,0.209569439291954,-0.9778254628181458,0.8854134678840637,678705.0625,455.3714143421829,207363.125,4700160
H100,Haze,AFLB2,fft_magnitude,0.0001069283316610381,0.001338202157057822,4.969623379480481e-09,0.4863455295562744,502.5802612304688,2.910449204004735,8.470714569091797,4700160
H100,Haze,AFLB2,raw_low,0.0,0.0,0.0,0.0,0.0,0.0,0.0,4700160
H100,Haze,AFLB2,raw_high,0.1444004327058792,0.1525346785783768,9.220629593187368e-09,0.9778255820274353,678705.125,455.3714143421829,207363.125,4700160
H100,Haze,AFLB2,mined_low,0.0138036860153079,0.2660983502864838,-4.913390636444092,5.082469940185547,635348.125,577.6729719313515,333706.0625,4700160
H100,Haze,AFLB2,mined_high,-0.1229550167918205,0.197439432144165,-4.466376304626465,3.998131275177002,820867.8125,504.2617282969232,254279.890625,4700160
H100,Haze,AFLB3,conv_feat,0.002126060426235199,0.1315538287162781,-0.4971303343772888,0.6317721605300903,900896.4375,403.3959554519604,162728.296875,9400320
H100,Haze,AFLB3,fft_magnitude,2.899912033171859e-05,0.000419458607211709,3.147314853180205e-09,0.3183237612247467,272.6010131835938,1.289127463813439,1.661849617958069,9400320
H100,Haze,AFLB3,raw_low,0.0,0.0,0.0,0.0,0.0,0.0,0.0,9400320
H100,Haze,AFLB3,raw_high,0.09583678841590881,0.09014567732810974,2.434975776566262e-08,0.6317722797393799,900896.5,403.3959748187877,162728.3125,9400320
H100,Haze,AFLB3,mined_low,5.566577601712197e-05,0.0007402487681247294,-0.005069809500128031,0.005106640513986349,5291.20849609375,2.276006551394562,5.180205821990967,9400320
H100,Haze,AFLB3,mined_high,-6.698171637253836e-05,0.0009598269825801253,-0.005743533838540316,0.004598207306116819,7123.72607421875,2.949980823001923,8.702386856079102,9400320
N001,Noise,AFLB1,conv_feat,0.006438762415200472,0.1048324182629585,-0.6254059076309204,0.6201398372650146,67572.5,100.8287727102239,10166.44140625,921600
N001,Noise,AFLB1,fft_magnitude,0.0007309395587071776,0.00201546517200768,1.522410109089378e-08,0.2144257128238678,673.6339111328125,2.058158582407025,4.236016750335693,921600
N001,Noise,AFLB1,raw_low,0.0,0.0,0.0,0.0,0.0,0.0,0.0,921600
N001,Noise,AFLB1,raw_high,0.07332085818052292,0.07520204037427902,5.038151229541654e-08,0.6254059076309204,67572.5,100.8287727102239,10166.44140625,921600
N001,Noise,AFLB1,mined_low,-0.7617636322975159,2.25186824798584,-12.55683422088623,8.142291069030762,1728040.5,2282.135184427075,5208141.0,921600
N001,Noise,AFLB1,mined_high,-0.01257499773055315,0.4646925032138824,-6.732651233673096,6.985122680664062,238584.40625,446.2681018737503,199155.21875,921600
N001,Noise,AFLB2,conv_feat,-0.01204550731927156,0.1628571301698685,-1.009311079978943,0.9386392831802368,208552.5625,221.7061329214869,49153.609375,1843200
N001,Noise,AFLB2,fft_magnitude,0.000376464711735025,0.001623620395548642,2.451357659083442e-07,0.3995423018932343,693.8997802734375,2.262778763431982,5.12016773223877,1843200
N001,Noise,AFLB2,raw_low,0.0,0.0,0.0,0.0,0.0,0.0,0.0,1843200
N001,Noise,AFLB2,raw_high,0.1131470054388046,0.1177509948611259,1.324121878809592e-08,1.009311199188232,208552.5625,221.7061329214869,49153.609375,1843200
N001,Noise,AFLB2,mined_low,-0.001657656393945217,0.2415514588356018,-4.824063777923584,4.724079132080078,250547.765625,327.9488574839071,107550.453125,1843200
N001,Noise,AFLB2,mined_high,-0.08851516991853714,0.1942295134067535,-3.606337308883667,3.870934009552002,282001.5625,289.7865863441577,83976.265625,1843200
N001,Noise,AFLB3,conv_feat,0.0008870090241543949,0.1022019386291504,-0.5153601169586182,0.6558008193969727,267399.96875,196.2351109001649,38508.21875,3686400
N001,Noise,AFLB3,fft_magnitude,0.0001199441903736442,0.0005075876833871007,6.259899976157612e-08,0.2356794327497482,442.1622619628906,1.001408122003347,1.00281822681427,3686400
N001,Noise,AFLB3,raw_low,0.0,0.0,0.0,0.0,0.0,0.0,0.0,3686400
N001,Noise,AFLB3,raw_high,0.0725368857383728,0.07200293987989426,1.680569461370851e-08,0.6558008193969727,267399.96875,196.235120853149,38508.22265625,3686400
N001,Noise,AFLB3,mined_low,1.277820047107525e-06,0.001084939343854785,-0.00901145488023758,0.007099906448274851,3041.779052734375,2.083084841849584,4.339242458343506,3686400
N001,Noise,AFLB3,mined_high,-3.926453064195812e-05,0.0009572123526595533,-0.008109617978334427,0.007357568480074406,2655.38330078125,1.839393252801627,3.383367538452148,3686400
N002,Noise,AFLB1,conv_feat,0.01118384301662445,0.1594158262014389,-0.8043379187583923,0.8094068169593811,106038.3359375,153.4153433595382,23536.267578125,921600
N002,Noise,AFLB1,fft_magnitude,0.0007232852512970567,0.003180863801389933,9.207030871039024e-07,0.3729278147220612,666.5797119140625,3.131577854923967,9.806779861450195,921600
N002,Noise,AFLB1,raw_low,0.0,0.0,0.0,0.0,0.0,0.0,0.0,921600
N002,Noise,AFLB1,raw_high,0.115058958530426,0.1109050214290619,1.491600620795452e-08,0.8094068169593811,106038.3359375,153.4153497250194,23536.26953125,921600
N002,Noise,AFLB1,mined_low,-0.7634174227714539,2.32961106300354,-14.04980564117432,9.477991104125977,1740934.5,2353.448214854111,5538718.5,921600
N002,Noise,AFLB1,mined_high,-0.01358781568706036,0.5626447200775146,-7.345318794250488,7.953472137451172,284426.5625,540.2963885683487,291920.1875,921600
N002,Noise,AFLB2,conv_feat,-0.0200991053134203,0.2508459687232971,-1.071626663208008,0.9476373195648193,330991.75,341.6512293260482,116725.5625,1843200
N002,Noise,AFLB2,fft_magnitude,0.0003518428420647979,0.002544177696108818,5.856478679788779e-08,0.619720458984375,648.5167236328125,3.486963516591483,12.15891456604004,1843200
N002,Noise,AFLB2,raw_low,0.0,0.0,0.0,0.0,0.0,0.0,0.0,1843200
N002,Noise,AFLB2,raw_high,0.1795745193958282,0.1762971132993698,1.131563820422343e-07,1.071626663208008,330991.75,341.6512293260482,116725.5625,1843200
N002,Noise,AFLB2,mined_low,-0.003606328973546624,0.2874058187007904,-4.907511711120605,4.789845943450928,251813.3125,390.2258160347672,152276.1875,1843200
N002,Noise,AFLB2,mined_high,-0.07755912095308304,0.1798539757728577,-3.340590953826904,4.160001754760742,261208.6875,265.9143571011163,70710.4453125,1843200
N002,Noise,AFLB3,conv_feat,0.00200027646496892,0.1544957607984543,-0.5127377510070801,0.6827331781387329,423284.9375,296.6567223871726,88005.2109375,3686400
N002,Noise,AFLB3,fft_magnitude,0.0001037428519339301,0.0007816192228347063,6.784694761563514e-08,0.3787447810173035,382.4376525878906,1.513870088458589,2.291802644729614,3686400
N002,Noise,AFLB3,raw_low,0.0,0.0,0.0,0.0,0.0,0.0,0.0,3686400
N002,Noise,AFLB3,raw_high,0.1148233860731125,0.1033853590488434,2.927982656331096e-08,0.6827331781387329,423284.9375,296.6567487223239,88005.2265625,3686400
N002,Noise,AFLB3,mined_low,5.501938630914083e-06,0.0009291689493693411,-0.008026755414903164,0.007520997431129217,2489.038330078125,1.784035629361436,3.182783126831055,3686400
N002,Noise,AFLB3,mined_high,-3.385867239558138e-05,0.001025998499244452,-0.008611259050667286,0.0083323884755373,2872.1826171875,1.970989467358523,3.884799480438232,3686400
N003,Noise,AFLB1,conv_feat,0.006403086241334677,0.1014602482318878,-0.6215328574180603,0.676988422870636,66514.40625,97.59561117341548,9524.9033203125,921600
N003,Noise,AFLB1,fft_magnitude,0.0006191557040438056,0.00198064954020083,1.737972183946113e-07,0.1938729286193848,570.6138916015625,1.992162128361723,3.968709945678711,921600
N003,Noise,AFLB1,raw_low,0.0,0.0,0.0,0.0,0.0,0.0,0.0,921600
N003,Noise,AFLB1,raw_high,0.07217275351285934,0.07159801572561264,8.418409436217189e-08,0.6769884824752808,66514.40625,97.59561117341548,9524.9033203125,921600
N003,Noise,AFLB1,mined_low,-0.5915902256965637,2.411273002624512,-13.67143630981445,10.9422721862793,1751111.125,2383.472676579281,5680942.0,921600
N003,Noise,AFLB1,mined_high,-0.01472746953368187,0.5922154188156128,-8.467188835144043,9.040786743164062,297551.375,568.7025529659595,323422.59375,921600
N003,Noise,AFLB2,conv_feat,-0.008993573486804962,0.183894008398056,-0.9936456084251404,0.91253662109375,243909.59375,249.9611844867119,62480.59375,1843200
N003,Noise,AFLB2,fft_magnitude,0.0003274861956015229,0.001850346801802516,2.304280428688799e-07,0.4285778403282166,603.62255859375,2.551155658717696,6.508395195007324,1843200
N003,Noise,AFLB2,raw_low,0.0,0.0,0.0,0.0,0.0,0.0,0.0,1843200
N003,Noise,AFLB2,raw_high,0.1323294192552567,0.1280109882354736,2.747488565546519e-07,0.9936456680297852,243909.59375,249.9611923004249,62480.59765625,1843200
N003,Noise,AFLB2,mined_low,-0.0005588808562606573,0.2740633189678192,-4.649516105651855,4.531005382537842,253177.984375,372.0814762924916,138444.625,1843200
N003,Noise,AFLB2,mined_high,-0.09244977682828903,0.1971465349197388,-3.379986763000488,3.764297485351562,295336.125,295.6230179637574,87392.96875,1843200
N003,Noise,AFLB3,conv_feat,0.001689014723524451,0.1227449551224709,-0.504203200340271,0.6529905796051025,330916.0,235.6926295517108,55551.015625,3686400
N003,Noise,AFLB3,fft_magnitude,0.0001050530554493889,0.0006175680900923908,6.37694839156211e-08,0.2856363952159882,387.267578125,1.202763986300443,1.446641206741333,3686400
N003,Noise,AFLB3,raw_low,0.0,0.0,0.0,0.0,0.0,0.0,0.0,3686400
N003,Noise,AFLB3,raw_high,0.08976671099662781,0.08373240381479263,1.313740316533085e-08,0.6529905796051025,330916.0,235.6926378384569,55551.01953125,3686400
N003,Noise,AFLB3,mined_low,4.055721001350321e-05,0.0009940291056409478,-0.009518099948763847,0.01103914063423872,2739.1689453125,1.910123797494008,3.64857292175293,3686400
N003,Noise,AFLB3,mined_high,-7.270040805451572e-05,0.001189537113532424,-0.00994832906872034,0.008956189267337322,3308.04248046875,2.288172734462597,5.235734462738037,3686400
N004,Noise,AFLB1,conv_feat,0.005487237591296434,0.07794474065303802,-0.4701090157032013,0.5498224496841431,54586.60546875,75.01214094439979,5626.8212890625,921600
N004,Noise,AFLB1,fft_magnitude,0.0005360486684367061,0.001502200728282332,1.563628586609411e-07,0.1702348738908768,494.0224609375,1.531178920419583,2.34450888633728,921600
N004,Noise,AFLB1,raw_low,0.0,0.0,0.0,0.0,0.0,0.0,0.0,921600
N004,Noise,AFLB1,raw_high,0.0592302605509758,0.05096340551972389,2.253801767437835e-07,0.5498225688934326,54586.609375,75.01214419908119,5626.82177734375,921600
N004,Noise,AFLB1,mined_low,-0.7301229238510132,2.190862894058228,-12.20547294616699,7.840660095214844,1660939.125,2216.94745088827,4914856.0,921600
N004,Noise,AFLB1,mined_high,-0.01457570772618055,0.5564059615135193,-7.18068265914917,7.30324125289917,282248.65625,534.332966183072,285511.71875,921600
N004,Noise,AFLB2,conv_feat,-0.00865293201059103,0.1395767629146576,-0.9336780905723572,0.8276174068450928,191908.171875,189.8594875164262,36046.625,1843200
N004,Noise,AFLB2,fft_magnitude,0.0002845962590072304,0.001398622640408576,1.75734371055114e-07,0.3521204590797424,524.5678100585938,1.937745355637179,3.754857063293457,1843200
N004,Noise,AFLB2,raw_low,0.0,0.0,0.0,0.0,0.0,0.0,0.0,1843200
N004,Noise,AFLB2,raw_high,0.1041168496012688,0.09336074441671371,4.663169050900251e-08,0.933678150177002,191908.171875,189.859497803639,36046.62890625,1843200
N004,Noise,AFLB2,mined_low,-0.0009220032952725887,0.2450313419103622,-4.576712131500244,4.49594783782959,247204.125,332.6679557005754,110667.96875,1843200
N004,Noise,AFLB2,mined_high,-0.0707123726606369,0.2128843665122986,-3.852019786834717,3.965815305709839,289325.0,304.5485388242735,92749.8125,1843200
N004,Noise,AFLB3,conv_feat,0.001224730163812637,0.09181127697229385,-0.4891643226146698,0.6382808685302734,257443.0,176.2933346549154,31079.33984375,3686400
N004,Noise,AFLB3,fft_magnitude,9.261630475521088e-05,0.0004593197081703693,5.764886790160517e-09,0.2265360504388809,341.4207458496094,0.8996431636717837,0.8093578219413757,3686400
N004,Noise,AFLB3,raw_low,0.0,0.0,0.0,0.0,0.0,0.0,0.0,3686400
N004,Noise,AFLB3,raw_high,0.06983588635921478,0.0596134215593338,3.411129823049919e-09,0.638280987739563,257443.0,176.2933346549154,31079.33984375,3686400
N004,Noise,AFLB3,mined_low,2.216628490714356e-05,0.0009233710006810725,-0.008598416112363338,0.007842490449547768,2553.158203125,1.773382984281342,3.144887208938599,3686400
N004,Noise,AFLB3,mined_high,1.135008005803684e-05,0.0008389803115278482,-0.01068383641541004,0.01018537860363722,2297.3212890625,1.610989621759441,2.595287561416626,3686400
N005,Noise,AFLB1,conv_feat,0.01414809748530388,0.1808265894651413,-0.6571083664894104,0.6699343919754028,126901.375,174.1240521779659,30319.185546875,921600
N005,Noise,AFLB1,fft_magnitude,0.0007287221378646791,0.003629964310675859,2.305450692574595e-07,0.4610686898231506,671.59033203125,3.55429242631982,12.63299465179443,921600
N005,Noise,AFLB1,raw_low,0.0,0.0,0.0,0.0,0.0,0.0,0.0,921600
N005,Noise,AFLB1,raw_high,0.1376968026161194,0.118059366941452,1.006805305792113e-07,0.6699346303939819,126901.375,174.1240633948249,30319.189453125,921600
N005,Noise,AFLB1,mined_low,-0.7039905190467834,2.132571458816528,-13.98933696746826,8.917320251464844,1597932.75,2155.935063957168,4648056.0,921600
N005,Noise,AFLB1,mined_high,-0.01150925643742085,0.494484156370163,-7.396669387817383,7.59740161895752,255229.59375,474.8333424739674,225466.703125,921600
N005,Noise,AFLB2,conv_feat,-0.0235881619155407,0.2849824726581573,-1.033120155334473,0.9313871264457703,400345.375,388.2281263960663,150721.078125,1843200
N005,Noise,AFLB2,fft_magnitude,0.0003673254686873406,0.002895328681915998,2.625716604143236e-07,0.7251803874969482,677.0543212890625,3.962336968278077,15.70011425018311,1843200
N005,Noise,AFLB2,raw_low,0.0,0.0,0.0,0.0,0.0,0.0,0.0,1843200
N005,Noise,AFLB2,raw_high,0.2172012627124786,0.1859973669052124,1.387740837799356e-07,1.033120393753052,400345.375,388.2281465195433,150721.09375,1843200
N005,Noise,AFLB2,mined_low,0.001973276026546955,0.2528221905231476,-4.419267654418945,4.340408325195312,242064.078125,343.253254718728,117822.796875,1843200
N005,Noise,AFLB2,mined_high,-0.07751453667879105,0.2026892006397247,-3.696488618850708,4.425099849700928,276461.28125,294.6165410325768,86798.90625,1843200
N005,Noise,AFLB3,conv_feat,0.002883776556700468,0.1752787381410599,-0.5300386548042297,0.6639384627342224,510521.9375,336.5807156166259,113286.578125,3686400
N005,Noise,AFLB3,fft_magnitude,0.0001105531337088905,0.0008877292857505381,5.453859586168619e-08,0.4601627290248871,407.5430603027344,1.717606389444528,2.950171709060669,3686400
N005,Noise,AFLB3,raw_low,0.0,0.0,0.0,0.0,0.0,0.0,0.0,3686400
N005,Noise,AFLB3,raw_high,0.1384879499673843,0.10748041421175,1.677057959170725e-08,0.6639386415481567,510522.0,336.5807156166259,113286.578125,3686400
N005,Noise,AFLB3,mined_low,-2.547279837017413e-05,0.001019218121655285,-0.008962152525782585,0.005910560023039579,2808.162109375,1.957509909320952,3.831845045089722,3686400
N005,Noise,AFLB3,mined_high,9.76881437964039e-06,0.000903311010915786,-0.00805616658180952,0.007440345827490091,2535.09326171875,1.734458508929691,3.008346319198608,3686400
N006,Noise,AFLB1,conv_feat,0.01096360292285681,0.1441901326179504,-0.5968823432922363,0.5950942635536194,99213.4609375,138.8220885364609,19271.572265625,921600
N006,Noise,AFLB1,fft_magnitude,0.0005789921269752085,0.002894422737881541,2.037485558048502e-07,0.3415424227714539,533.59912109375,2.833694285420122,8.029823303222656,921600
N006,Noise,AFLB1,raw_low,0.0,0.0,0.0,0.0,0.0,0.0,0.0,921600
N006,Noise,AFLB1,raw_high,0.1076535061001778,0.09654906392097473,3.967445252328616e-07,0.5968823432922363,99213.46875,138.822102605727,19271.576171875,921600
N006,Noise,AFLB1,mined_low,-0.6149046421051025,1.91799533367157,-14.8106746673584,9.420515060424805,1409897.5,1933.587210342476,3738759.5,921600
N006,Noise,AFLB1,mined_high,-0.01482457388192415,0.6235695481300354,-7.645949363708496,7.764904499053955,319136.125,598.7959272573587,358556.5625,921600
N006,Noise,AFLB2,conv_feat,-0.01610270887613297,0.2595456540584564,-0.9961637258529663,0.8896159529685974,353193.625,353.048354513939,124643.140625,1843200
N006,Noise,AFLB2,fft_magnitude,0.0002915681106969714,0.002638005884364247,3.173947504819807e-08,0.6387841105461121,537.4183349609375,3.603284841864618,12.98366165161133,1843200
N006,Noise,AFLB2,raw_low,0.0,0.0,0.0,0.0,0.0,0.0,0.0,1843200
N006,Noise,AFLB2,raw_high,0.191619798541069,0.1757984310388565,5.238581124444863e-08,0.9961637258529663,353193.625,353.0483766426352,124643.15625,1843200
N006,Noise,AFLB2,mined_low,-0.004066886380314827,0.3047642409801483,-4.908919811248779,4.973700523376465,273545.0625,413.7985243448797,171229.21875,1843200
N006,Noise,AFLB2,mined_high,-0.08942420780658722,0.2113374918699265,-3.700014114379883,4.058510780334473,306313.65625,311.5498680989931,97063.3203125,1843200
N006,Noise,AFLB3,conv_feat,0.002837260020896792,0.1686551123857498,-0.5074950456619263,0.6521384119987488,480517.28125,323.8636383572568,104887.65625,3686400
N006,Noise,AFLB3,fft_magnitude,8.910283941077068e-05,0.0008561622234992683,3.812136384340192e-08,0.4282173812389374,328.4687194824219,1.652709631846219,2.731449127197266,3686400
N006,Noise,AFLB3,raw_low,0.0,0.0,0.0,0.0,0.0,0.0,0.0,3686400
N006,Noise,AFLB3,raw_high,0.1303486675024033,0.1070599183440208,3.273325788200054e-08,0.652138352394104,480517.34375,323.8636624800627,104887.671875,3686400
N006,Noise,AFLB3,mined_low,2.225678872491699e-05,0.0009590403060428798,-0.008667990565299988,0.008193936198949814,2647.332763671875,1.841853119688159,3.392422914505005,3686400
N006,Noise,AFLB3,mined_high,-4.010506745544262e-05,0.001053551095537841,-0.008210664615035057,0.009314344264566898,2974.02734375,2.024283331750313,4.097723007202148,3686400
N007,Noise,AFLB1,conv_feat,0.006081336177885532,0.0925363078713417,-0.6410643458366394,0.6634382009506226,61105.7109375,89.02648394578998,7925.71484375,921600
N007,Noise,AFLB1,fft_magnitude,0.0006574035505764186,0.001775143318809569,4.168351495081879e-07,0.2027244120836258,605.8630981445312,1.81724551920877,3.302381277084351,921600
N007,Noise,AFLB1,raw_low,0.0,0.0,0.0,0.0,0.0,0.0,0.0,921600
N007,Noise,AFLB1,raw_high,0.06630393862724304,0.06483624875545502,1.117598671385167e-07,0.6634382009506226,61105.7109375,89.02648394578998,7925.71484375,921600
N007,Noise,AFLB1,mined_low,-0.8202592134475708,2.423252105712891,-13.68182945251465,8.886873245239258,1857495.0,2455.982491794272,6031850.0,921600
N007,Noise,AFLB1,mined_high,-0.01215415634214878,0.4710123538970947,-6.542710781097412,6.800330638885498,241470.9375,452.3223753585489,204595.53125,921600
N007,Noise,AFLB2,conv_feat,-0.01133635267615318,0.1349854916334152,-1.046780586242676,0.8885813355445862,182161.375,183.9075217670555,33821.9765625,1843200
N007,Noise,AFLB2,fft_magnitude,0.0003449602227192372,0.00133881252259016,6.884071979129658e-08,0.3401452004909515,635.8306884765625,1.876998345091329,3.523122787475586,1843200
N007,Noise,AFLB2,raw_low,0.0,0.0,0.0,0.0,0.0,0.0,0.0,1843200
N007,Noise,AFLB2,raw_high,0.09882888197898865,0.09264151751995087,2.449842781970801e-07,1.046780586242676,182161.390625,183.9075217670555,33821.9765625,1843200
N007,Noise,AFLB2,mined_low,0.0001668955810600892,0.2358789443969727,-4.116963863372803,4.051620960235596,250783.6875,320.239961298555,102553.6328125,1843200
N007,Noise,AFLB2,mined_high,-0.0676865354180336,0.2028594613075256,-4.116143226623535,3.891140222549438,272424.40625,290.3374787424111,84295.8515625,1843200
N007,Noise,AFLB3,conv_feat,0.0008497969247400761,0.08229892700910568,-0.5053410530090332,0.6520254611968994,227324.671875,158.0223604628472,24971.06640625,3686400
N007,Noise,AFLB3,fft_magnitude,0.0001105527553590946,0.0004051913856528699,5.343151698866677e-08,0.2003144770860672,407.5416870117188,0.8064045040922551,0.6502882242202759,3686400
N007,Noise,AFLB3,raw_low,0.0,0.0,0.0,0.0,0.0,0.0,0.0,3686400
N007,Noise,AFLB3,raw_high,0.06166576221585274,0.05450842902064323,2.609013804999449e-08,0.6520255208015442,227324.671875,158.0223604628472,24971.06640625,3686400
N007,Noise,AFLB3,mined_low,2.625308479764499e-05,0.0009905798360705376,-0.00782163254916668,0.006920641753822565,2762.4482421875,1.90258104540204,3.61981463432312,3686400
N007,Noise,AFLB3,mined_high,-5.777231990578002e-07,0.0009989497484639287,-0.008813747204840183,0.008231677114963531,2726.99365234375,1.91798379119134,3.678661823272705,3686400
N008,Noise,AFLB1,conv_feat,0.005026571452617645,0.08401520550251007,-0.6104710698127747,0.6604530811309814,54224.2265625,80.7988224359195,6528.44970703125,921600
N008,Noise,AFLB1,fft_magnitude,0.0006390340276993811,0.001594750094227493,2.088149386736404e-07,0.1728102266788483,588.9337768554688,1.649299143282377,2.720187664031982,921600
N008,Noise,AFLB1,raw_low,0.0,0.0,0.0,0.0,0.0,0.0,0.0,921600
N008,Noise,AFLB1,raw_high,0.05883705615997314,0.06018324568867683,1.77604935203135e-08,0.660453200340271,54224.23046875,80.79882545750588,6528.4501953125,921600
N008,Noise,AFLB1,mined_low,-0.7725622653961182,2.268389701843262,-12.48353958129883,7.685656547546387,1747688.75,2300.486252947407,5292237.0,921600
N008,Noise,AFLB1,mined_high,-0.01147061679512262,0.443037360906601,-5.700703620910645,5.96590518951416,233855.8125,425.4583925015465,181014.84375,921600
N008,Noise,AFLB2,conv_feat,-0.01011399365961552,0.1237995028495789,-1.017871022224426,0.9389252662658691,162483.4375,168.6357483601861,28438.015625,1843200
N008,Noise,AFLB2,fft_magnitude,0.0003413677914068103,0.001220907433889806,9.218852170533864e-08,0.3210228085517883,629.2091064453125,1.721131356997708,2.962293148040771,1843200
N008,Noise,AFLB2,raw_low,0.0,0.0,0.0,0.0,0.0,0.0,0.0,1843200
N008,Noise,AFLB2,raw_high,0.08815290778875351,0.08750814944505692,6.333162616556365e-08,1.017871022224426,162483.4375,168.6357483601861,28438.015625,1843200
N008,Noise,AFLB2,mined_low,0.005340292118489742,0.2332542091608047,-4.075425624847412,4.150322437286377,245869.296875,316.7594093906288,100336.5234375,1843200
N008,Noise,AFLB2,mined_high,-0.0769047737121582,0.2051852196455002,-4.051673889160156,3.988012075424194,283490.25,297.4925813150641,88501.8359375,1843200
N008,Noise,AFLB3,conv_feat,0.0004475919413380325,0.07702893763780594,-0.505725622177124,0.6690929532051086,208129.40625,147.8980592756376,21873.8359375,3686400
N008,Noise,AFLB3,fft_magnitude,0.0001155440186266787,0.000375728530343622,5.759742194300088e-08,0.1809145212173462,425.9414672851562,0.7547390937939599,0.5696310997009277,3686400
N008,Noise,AFLB3,raw_low,0.0,0.0,0.0,0.0,0.0,0.0,0.0,3686400
N008,Noise,AFLB3,raw_high,0.05645871534943581,0.05240296944975853,3.772685275293952e-09,0.6690930128097534,208129.40625,147.8980592756376,21873.8359375,3686400
N008,Noise,AFLB3,mined_low,-1.891342253657058e-05,0.001028234255500138,-0.007721548434346914,0.005932352039963007,2931.23974609375,1.974543810924687,3.898823261260986,3686400
N008,Noise,AFLB3,mined_high,-2.014000710914843e-05,0.0008486725273542106,-0.007297510281205177,0.007262272294610739,2331.29931640625,1.629910020275456,2.656606674194336,3686400
N009,Noise,AFLB1,conv_feat,0.005180268082767725,0.08319590240716934,-0.5965195894241333,0.645510733127594,51100.3203125,80.02273846773178,6403.638671875,921600
N009,Noise,AFLB1,fft_magnitude,0.0006340257241390646,0.001578979194164276,2.481943681686971e-07,0.171010434627533,584.318115234375,1.633457476251277,2.668183326721191,921600
N009,Noise,AFLB1,raw_low,0.0,0.0,0.0,0.0,0.0,0.0,0.0,921600
N009,Noise,AFLB1,raw_high,0.05544739589095116,0.06224130466580391,6.380727057830882e-08,0.645510733127594,51100.3203125,80.02274151862238,6403.63916015625,921600
N009,Noise,AFLB1,mined_low,-0.7134546637535095,2.128434419631958,-12.77719783782959,8.580509185791016,1616972.5,2155.03433847352,4644173.0,921600
N009,Noise,AFLB1,mined_high,-0.01278481166809797,0.4741173684597015,-7.27509069442749,7.520449638366699,244159.171875,455.3181236783794,207314.59375,921600
N009,Noise,AFLB2,conv_feat,-0.009011920541524887,0.1236631497740746,-0.9866747260093689,0.8753210306167603,153385.84375,168.3358807563022,28336.96875,1843200
N009,Noise,AFLB2,fft_magnitude,0.0003325815196149051,0.001220993814058602,2.553065669985699e-08,0.2683921456336975,613.0142822265625,1.71807084970632,2.951767444610596,1843200
N009,Noise,AFLB2,raw_low,0.0,0.0,0.0,0.0,0.0,0.0,0.0,1843200
N009,Noise,AFLB2,raw_high,0.08321714401245117,0.09191679209470749,1.103465674390236e-08,0.9866747856140137,153385.84375,168.3358749550285,28336.966796875,1843200
N009,Noise,AFLB2,mined_low,0.002699396340176463,0.2550941407680511,-4.572378635406494,4.458425045013428,255602.25,346.346658439922,119956.0078125,1843200
N009,Noise,AFLB2,mined_high,-0.07188072055578232,0.1990150511264801,-4.085139274597168,4.017030239105225,271075.9375,287.2753470104944,82527.125,1843200
N009,Noise,AFLB3,conv_feat,0.0009693816537037492,0.07548601925373077,-0.5076444149017334,0.6604809165000916,190614.484375,144.9451135343996,21009.0859375,3686400
N009,Noise,AFLB3,fft_magnitude,0.0001040794086293317,0.0003709191223606467,3.016864269511643e-08,0.1664195358753204,383.6783447265625,0.7396699469626695,0.5471116304397583,3686400
N009,Noise,AFLB3,raw_low,0.0,0.0,0.0,0.0,0.0,0.0,0.0,3686400
N009,Noise,AFLB3,raw_high,0.05170748382806778,0.05500377342104912,8.484377644890628e-09,0.6604808568954468,190614.46875,144.9451135343996,21009.0859375,3686400
N009,Noise,AFLB3,mined_low,3.96394643757958e-05,0.001024796394631267,-0.007811024785041809,0.006749975495040417,2889.2294921875,1.969080458260844,3.877277851104736,3686400
N009,Noise,AFLB3,mined_high,-4.880797860096209e-06,0.000940136204008013,-0.007448125630617142,0.007756587583571672,2625.1337890625,1.805085901979568,3.258335113525391,3686400
N010,Noise,AFLB1,conv_feat,0.007526129018515348,0.1031702756881714,-0.5811768770217896,0.6060806512832642,69732.625,99.30664905672228,9861.810546875,921600
N010,Noise,AFLB1,fft_magnitude,0.0005621063173748553,0.002035357989370823,1.652042129762776e-07,0.2449095696210861,518.0371704101562,2.027088538774457,4.109087944030762,921600
N010,Noise,AFLB1,raw_low,0.0,0.0,0.0,0.0,0.0,0.0,0.0,921600
N010,Noise,AFLB1,raw_high,0.07566475123167038,0.07053790241479874,9.888177743277993e-08,0.6060807704925537,69732.6328125,99.30665397362606,9861.8115234375,921600
N010,Noise,AFLB1,mined_low,-0.6985639333724976,2.069899797439575,-13.51339149475098,8.258071899414062,1585487.0,2097.215773352852,4398314.0,921600
N010,Noise,AFLB1,mined_high,-0.01312984153628349,0.4944399893283844,-6.431259155273438,6.570052146911621,253454.53125,474.8297063158539,225463.25,921600
N010,Noise,AFLB2,conv_feat,-0.01263994257897139,0.1587957739830017,-0.9525365829467773,0.8844819664955139,219101.71875,216.2701941438071,46772.796875,1843200
N010,Noise,AFLB2,fft_magnitude,0.0002825840783771127,0.001601082738488913,2.005884169875571e-07,0.4011019170284271,520.8589477539062,2.207298492185857,4.872166633605957,1843200
N010,Noise,AFLB2,raw_low,0.0,0.0,0.0,0.0,0.0,0.0,0.0,1843200
N010,Noise,AFLB2,raw_high,0.1188702881336212,0.1060458496212959,4.377433882041259e-08,0.9525365829467773,219101.71875,216.2702031747554,46772.80078125,1843200
N010,Noise,AFLB2,mined_low,-0.0023173822555691,0.269027978181839,-4.189589023590088,4.111822128295898,255132.75,365.258020959157,133413.421875,1843200
N010,Noise,AFLB2,mined_high,-0.07751395553350449,0.2004838436841965,-3.731443881988525,4.1120285987854,280213.625,291.821622528215,85159.859375,1843200
N010,Noise,AFLB3,conv_feat,0.001457093516364694,0.09781759977340698,-0.485655277967453,0.6200535297393799,280044.03125,187.8306355636641,35280.34765625,3686400
N010,Noise,AFLB3,fft_magnitude,9.289441368309781e-05,0.0004905099049210548,5.477433973055668e-08,0.2509879767894745,342.4459533691406,0.958519257602249,0.9187591671943665,3686400
N010,Noise,AFLB3,raw_low,0.0,0.0,0.0,0.0,0.0,0.0,0.0,3686400
N010,Noise,AFLB3,raw_high,0.07596680521965027,0.0616396926343441,4.416851595578919e-08,0.6200534701347351,280044.03125,187.8306355636641,35280.34765625,3686400
N010,Noise,AFLB3,mined_low,3.694294355227612e-05,0.000859661668073386,-0.007305722218006849,0.008057516068220139,2413.5458984375,1.652073759201164,2.729347705841064,3686400
N010,Noise,AFLB3,mined_high,-1.049043203238398e-05,0.00088814168702811,-0.008036683313548565,0.006655727978795767,2489.41357421875,1.705351048460794,2.908222198486328,3686400
N011,Noise,AFLB1,conv_feat,0.007314672693610191,0.1130807399749756,-0.5783627033233643,0.5841338634490967,73921.2578125,108.7843830344572,11834.0419921875,921600
N011,Noise,AFLB1,fft_magnitude,0.000857108854688704,0.002148413565009832,2.13707011198494e-07,0.2281564921140671,789.9114990234375,2.220551954507261,4.930850982666016,921600
N011,Noise,AFLB1,raw_low,0.0,0.0,0.0,0.0,0.0,0.0,0.0,921600
N011,Noise,AFLB1,raw_high,0.08020969480276108,0.08004475384950638,2.151353228896369e-08,0.5841339230537415,73921.2578125,108.7843920115037,11834.0439453125,921600
N011,Noise,AFLB1,mined_low,-0.781703531742096,2.346290111541748,-14.17260646820068,9.221492767333984,1770147.375,2374.159324897973,5636632.5,921600
N011,Noise,AFLB1,mined_high,-0.01229919865727425,0.5102478265762329,-7.817862033843994,8.817208290100098,254905.46875,489.9802132484535,240080.609375,921600
N011,Noise,AFLB2,conv_feat,-0.01102500036358833,0.1881305426359177,-0.9543886780738831,0.8492298722267151,243305.484375,255.8527179477482,65460.61328125,1843200
N011,Noise,AFLB2,fft_magnitude,0.0004428817774169147,0.001871710177510977,1.428892346666544e-07,0.4044603109359741,816.3197021484375,2.611285760688518,6.818813323974609,1843200
N011,Noise,AFLB2,raw_low,0.0,0.0,0.0,0.0,0.0,0.0,0.0,1843200
N011,Noise,AFLB2,raw_high,0.1320016831159592,0.1344998478889465,2.006984978208948e-08,0.9543887972831726,243305.5,255.8527179477482,65460.61328125,1843200
N011,Noise,AFLB2,mined_low,0.002176711102947593,0.2582217752933502,-4.325955867767334,4.196086406707764,272420.09375,350.5859492513925,122910.5078125,1843200
N011,Noise,AFLB2,mined_high,-0.0820641741156578,0.1978895962238312,-3.991947174072266,3.702439069747925,285896.9375,290.8493488904522,84593.34375,1843200
N011,Noise,AFLB3,conv_feat,0.001842117751948535,0.1194670125842094,-0.5275734066963196,0.6441971659660339,312591.875,229.4039320990379,52626.1640625,3686400
N011,Noise,AFLB3,fft_magnitude,0.0001291327498620376,0.0005958937108516693,4.539663223113166e-08,0.2688926160335541,476.0349426269531,1.1706720408506,1.370473027229309,3686400
N011,Noise,AFLB3,raw_low,0.0,0.0,0.0,0.0,0.0,0.0,0.0,3686400
N011,Noise,AFLB3,raw_high,0.08479597419500351,0.08417483419179916,6.354618165005377e-09,0.6441971659660339,312591.875,229.4039320990379,52626.1640625,3686400
N011,Noise,AFLB3,mined_low,2.665467764018103e-05,0.001205896725878119,-0.0089944526553154,0.01268079318106174,3322.033203125,2.315887238638229,5.363333702087402,3686400
N011,Noise,AFLB3,mined_high,-8.59668871271424e-05,0.001603841665200889,-0.01190057769417763,0.009327169507741928,4395.68359375,3.083796509328997,9.509800910949707,3686400
N012,Noise,AFLB1,conv_feat,0.009542514570057392,0.1291854530572891,-0.5543923377990723,0.6127660870552063,87182.734375,124.3559109094739,15464.392578125,921600
N012,Noise,AFLB1,fft_magnitude,0.0006845194147899747,0.00255403108894825,1.094738735218925e-07,0.3235862851142883,630.8530883789062,2.538404549668134,6.443497657775879,921600
N012,Noise,AFLB1,raw_low,0.0,0.0,0.0,0.0,0.0,0.0,0.0,921600
N012,Noise,AFLB1,raw_high,0.09459932148456573,0.08849242329597473,9.539477652253936e-09,0.6127662062644958,87182.734375,124.3559148359558,15464.3935546875,921600
N012,Noise,AFLB1,mined_low,-0.9039856195449829,2.646679639816284,-15.6961145401001,10.346360206604,2040721.375,2684.930259801919,7208850.5,921600
N012,Noise,AFLB1,mined_high,-0.0124905863776803,0.489899069070816,-6.946876049041748,7.00087833404541,253981.046875,470.4559291262041,221328.78125,921600
N012,Noise,AFLB2,conv_feat,-0.01680217124521732,0.1725214272737503,-0.828982412815094,0.8283449411392212,244839.59375,235.3310666646034,55380.7109375,1843200
N012,Noise,AFLB2,fft_magnitude,0.0003435341641306877,0.001735445694066584,1.675823995128667e-07,0.4083820283412933,633.2021484375,2.401837650736283,5.768824100494385,1843200
N012,Noise,AFLB2,raw_low,0.0,0.0,0.0,0.0,0.0,0.0,0.0,1843200
N012,Noise,AFLB2,raw_high,0.1328339874744415,0.1113601922988892,9.321372118620275e-08,0.8289823532104492,244839.59375,235.3310749640812,55380.71484375,1843200
N012,Noise,AFLB2,mined_low,0.003749591764062643,0.3033383190631866,-4.596544742584229,4.603908061981201,270411.0,411.8571885374832,169626.34375,1843200
N012,Noise,AFLB2,mined_high,-0.06528958678245544,0.1931862086057663,-3.800287485122681,3.556993722915649,260293.203125,276.8518895546859,76646.96875,1843200
N012,Noise,AFLB3,conv_feat,0.001827709376811981,0.09786498546600342,-0.4411896169185638,0.5547960996627808,285021.96875,187.9335404471485,35319.015625,3686400
N012,Noise,AFLB3,fft_magnitude,0.0001103404647437856,0.0004871627024840564,3.523172864561275e-08,0.2479604929685593,406.7590942382812,0.9590442895139242,0.9197659492492676,3686400
N012,Noise,AFLB3,raw_low,0.0,0.0,0.0,0.0,0.0,0.0,0.0,3686400
N012,Noise,AFLB3,raw_high,0.07731715589761734,0.06002460792660713,2.422644307387145e-08,0.5547960996627808,285021.96875,187.9335404471485,35319.015625,3686400
N012,Noise,AFLB3,mined_low,1.009313564281911e-05,0.0008332050638273358,-0.007490411400794983,0.006600635126233101,2294.91552734375,1.599871081880567,2.559587478637695,3686400
N012,Noise,AFLB3,mined_high,2.534131090214942e-05,0.0009537793230265379,-0.008196169510483742,0.008234611712396145,2659.42919921875,1.831902538080861,3.3558669090271,3686400
N013,Noise,AFLB1,conv_feat,0.009069664403796196,0.1184591874480247,-0.5711266398429871,0.5993571281433105,81498.5625,114.0536554790113,13008.236328125,921600
N013,Noise,AFLB1,fft_magnitude,0.0005827193381264806,0.002354064956307411,4.431377647051704e-07,0.2913050651550293,537.0341186523438,2.328110458021383,5.420098304748535,921600
N013,Noise,AFLB1,raw_low,0.0,0.0,0.0,0.0,0.0,0.0,0.0,921600
N013,Noise,AFLB1,raw_high,0.08843159675598145,0.07933908700942993,1.69599161381484e-07,0.5993571877479553,81498.5625,114.0536554790113,13008.236328125,921600
N013,Noise,AFLB1,mined_low,-0.6728283762931824,2.032692193984985,-13.33106708526611,8.426725387573242,1526960.375,2055.506750171354,4225108.0,921600
N013,Noise,AFLB1,mined_high,-0.01263435743749142,0.5062501430511475,-6.913478851318359,6.448079109191895,259054.21875,486.151436025854,236343.21875,921600
N013,Noise,AFLB2,conv_feat,-0.01422831602394581,0.192374125123024,-0.940631628036499,0.8236082196235657,266445.8125,261.8891404296864,68585.921875,1843200
N013,Noise,AFLB2,fft_magnitude,0.0003063380427192897,0.001944794203154743,6.039937261448358e-08,0.4676211178302765,564.6422729492188,2.672895002587033,7.144367694854736,1843200
N013,Noise,AFLB2,raw_low,0.0,0.0,0.0,0.0,0.0,0.0,0.0,1843200
N013,Noise,AFLB2,raw_high,0.1445561200380325,0.1277254074811935,3.973537943124938e-08,0.9406317472457886,266445.84375,261.8891553453483,68585.9296875,1843200
N013,Noise,AFLB2,mined_low,0.0002688627864699811,0.2396923303604126,-3.958722829818726,3.922898292541504,254879.390625,325.4173042033875,105896.421875,1843200
N013,Noise,AFLB2,mined_high,-0.089328333735466,0.2211206704378128,-4.61405086517334,4.598073482513428,309051.6875,323.7745647051356,104829.96875,1843200
N013,Noise,AFLB3,conv_feat,0.002114955335855484,0.1199083849787712,-0.4811932444572449,0.6221408247947693,344032.71875,230.2599159781181,53019.62890625,3686400
N013,Noise,AFLB3,fft_magnitude,9.596435847925022e-05,0.0006044294568710029,6.249034356642369e-08,0.3071772456169128,353.7630004882812,1.175040230163783,1.380719542503357,3686400
N013,Noise,AFLB3,raw_low,0.0,0.0,0.0,0.0,0.0,0.0,0.0,3686400
N013,Noise,AFLB3,raw_high,0.09332484751939774,0.07531911134719849,1.794538384558564e-08,0.6221407651901245,344032.71875,230.2599159781181,53019.62890625,3686400
N013,Noise,AFLB3,mined_low,1.72052295965841e-05,0.001022316049784422,-0.008206401020288467,0.006217796355485916,2897.17626953125,1.963124852415782,3.853859186172485,3686400
N013,Noise,AFLB3,mined_high,2.847287578333635e-05,0.0008680811733938754,-0.008948612958192825,0.008426531217992306,2415.928955078125,1.667612220842725,2.780930519104004,3686400
N014,Noise,AFLB1,conv_feat,0.004956359509378672,0.08041980117559433,-0.6457647681236267,0.6743590831756592,51691.58203125,77.34949157981745,5982.94384765625,921600
N014,Noise,AFLB1,fft_magnitude,0.0005857346695847809,0.001536840107291937,5.829046472172195e-07,0.1464740335941315,539.8130493164062,1.57888994468035,2.49289345741272,921600
N014,Noise,AFLB1,raw_low,0.0,0.0,0.0,0.0,0.0,0.0,0.0,921600
N014,Noise,AFLB1,raw_high,0.05608896166086197,0.05784409120678902,1.477314270914576e-07,0.674359142780304,51691.5859375,77.34949473614873,5982.9443359375,921600
N014,Noise,AFLB1,mined_low,-0.673701286315918,2.133206844329834,-14.77427196502686,9.357621192932129,1536935.25,2147.579102152002,4612096.0,921600
N014,Noise,AFLB1,mined_high,-0.01423273328691721,0.5536237359046936,-7.549335479736328,7.749981880187988,282732.875,531.6544049004015,282656.40625,921600
N014,Noise,AFLB2,conv_feat,-0.006557560991495848,0.1464316099882126,-1.063127398490906,0.9554629921913147,198295.84375,199.0013740530452,39601.546875,1843200
N014,Noise,AFLB2,fft_magnitude,0.000299410370644182,0.001465741079300642,1.030241989496972e-07,0.3422484993934631,551.8731689453125,2.031049513092625,4.125162124633789,1843200
N014,Noise,AFLB2,raw_low,0.0,0.0,0.0,0.0,0.0,0.0,0.0,1843200
N014,Noise,AFLB2,raw_high,0.1075823828577995,0.09955525398254395,2.589130190244759e-07,1.063127279281616,198295.84375,199.0013838676757,39601.55078125,1843200
N014,Noise,AFLB2,mined_low,0.003331242827698588,0.3402759730815887,-5.604079246520996,5.647588729858398,288339.96875,461.996127554117,213440.421875,1843200
N014,Noise,AFLB2,mined_high,-0.04941331222653389,0.196893185377121,-4.117435932159424,4.704573631286621,258800.125,275.6006083311501,75955.6953125,1843200
N014,Noise,AFLB3,conv_feat,0.001420698943547904,0.09776826202869415,-0.5228959918022156,0.6671288013458252,271248.875,187.734873724889,35244.3828125,3686400
N014,Noise,AFLB3,fft_magnitude,9.67401938396506e-05,0.0004895065212622285,5.112128675932581e-08,0.2323170006275177,356.623046875,0.9580305215397478,0.9178224802017212,3686400
N014,Noise,AFLB3,raw_low,0.0,0.0,0.0,0.0,0.0,0.0,0.0,3686400
N014,Noise,AFLB3,raw_high,0.07358096539974213,0.06439326703548431,2.980275581876413e-08,0.6671286821365356,271248.875,187.7348841285231,35244.38671875,3686400
N014,Noise,AFLB3,mined_low,3.474452023510821e-05,0.001029151608236134,-0.009718877263367176,0.009037048555910587,2822.98681640625,1.977096786962411,3.90891170501709,3686400
N014,Noise,AFLB3,mined_high,-5.61406122869812e-05,0.001151202246546745,-0.009891917929053307,0.00936835166066885,3205.59912109375,2.212935013759345,4.89708137512207,3686400
N015,Noise,AFLB1,conv_feat,0.007547508925199509,0.1146599352359772,-0.6179901957511902,0.6552097201347351,71888.03125,110.31174751868,12168.681640625,921600
N015,Noise,AFLB1,fft_magnitude,0.0006864098832011223,0.002242866903543472,2.256946061152121e-07,0.251321405172348,632.5953369140625,2.251729194776243,5.070284366607666,921600
N015,Noise,AFLB1,raw_low,0.0,0.0,0.0,0.0,0.0,0.0,0.0,921600
N015,Noise,AFLB1,raw_high,0.07800350338220596,0.08437605947256088,2.612376626132118e-08,0.6552097797393799,71888.03125,110.3117563714312,12168.68359375,921600
N015,Noise,AFLB1,mined_low,-0.6893035173416138,2.045366287231445,-13.43414211273193,8.362948417663574,1560858.75,2072.057672942527,4293423.0,921600
N015,Noise,AFLB1,mined_high,-0.01237823441624641,0.4557583332061768,-5.519563674926758,5.682315349578857,240470.5,437.6893518809887,191571.96875,921600
N015,Noise,AFLB2,conv_feat,-0.0135628767311573,0.166563093662262,-1.004935026168823,0.9136698842048645,212172.59375,226.8820074675381,51475.4453125,1843200
N015,Noise,AFLB2,fft_magnitude,0.0003490170056466013,0.001669512595981359,4.452963864309822e-08,0.3861959874629974,643.3081665039062,2.315604831952648,5.362025737762451,1843200
N015,Noise,AFLB2,raw_low,0.0,0.0,0.0,0.0,0.0,0.0,0.0,1843200
N015,Noise,AFLB2,raw_high,0.1151110008358955,0.1211473271250725,7.451422590065704e-09,1.004935026168823,212172.59375,226.8820074675381,51475.4453125,1843200
N015,Noise,AFLB2,mined_low,0.005897815804928541,0.2358074933290482,-3.843465805053711,3.749884366989136,246970.28125,320.2429741618074,102555.5625,1843200
N015,Noise,AFLB2,mined_high,-0.08720816671848297,0.2098805457353592,-3.552261114120483,4.25856351852417,294557.90625,308.5623037775354,95210.6953125,1843200
N015,Noise,AFLB3,conv_feat,0.001245707273483276,0.09972752630710602,-0.5070899128913879,0.6661096215248108,261450.1875,191.4917997591542,36669.109375,3686400
N015,Noise,AFLB3,fft_magnitude,0.000111811219539959,0.0004965260741300881,3.159866324153882e-08,0.2331574261188507,412.1808776855469,0.97720248804654,0.9549247026443481,3686400
N015,Noise,AFLB3,raw_low,0.0,0.0,0.0,0.0,0.0,0.0,0.0,3686400
N015,Noise,AFLB3,raw_high,0.07092290371656418,0.07012184709310532,3.19353610223061e-08,0.6661096811294556,261450.203125,191.4917997591542,36669.109375,3686400
N015,Noise,AFLB3,mined_low,1.635246189835016e-05,0.001047228230163455,-0.007747599389404058,0.006494220811873674,2953.969482421875,2.010923358004979,4.04381275177002,3686400
N015,Noise,AFLB3,mined_high,-2.189665974583477e-05,0.0007766962517052889,-0.006464780773967505,0.006572681479156017,2164.444091796875,1.491849291755341,2.225614309310913,3686400
N016,Noise,AFLB1,conv_feat,0.007316982839256525,0.1083171665668488,-0.5447111129760742,0.6030610799789429,75625.3515625,104.2214626708434,10862.11328125,921600
N016,Noise,AFLB1,fft_magnitude,0.0008232179679907858,0.002057475969195366,1.223882009071531e-07,0.2411053478717804,758.6776733398438,2.127411763998365,4.525880813598633,921600
N016,Noise,AFLB1,raw_low,0.0,0.0,0.0,0.0,0.0,0.0,0.0,921600
N016,Noise,AFLB1,raw_high,0.08205875754356384,0.0710809975862503,4.479377935240336e-08,0.6030611395835876,75625.3515625,104.2214673558787,10862.1142578125,921600
N016,Noise,AFLB1,mined_low,-0.9344946146011353,2.759367942810059,-15.85305881500244,10.23052024841309,2111040.5,2796.780381081075,7821980.5,921600
N016,Noise,AFLB1,mined_high,-0.01246447861194611,0.4996619820594788,-6.902570724487305,7.069873809814453,260202.09375,479.8247401395639,230231.78125,921600
N016,Noise,AFLB2,conv_feat,-0.01318232994526625,0.1693249642848969,-0.959913969039917,0.8355402946472168,232540.859375,230.5788063493694,53166.5859375,1843200
N016,Noise,AFLB2,fft_magnitude,0.0004586860886774957,0.001671605627052486,3.08243841118383e-07,0.4294531941413879,845.4501953125,2.353335197149012,5.538186550140381,1843200
N016,Noise,AFLB2,raw_low,0.0,0.0,0.0,0.0,0.0,0.0,0.0,1843200
N016,Noise,AFLB2,raw_high,0.1261615008115768,0.113701343536377,1.937656008976774e-07,0.9599140882492065,232540.875,230.5788063493694,53166.5859375,1843200
N016,Noise,AFLB2,mined_low,0.001078158966265619,0.2581112682819366,-5.365628242492676,5.314265251159668,251717.359375,350.4265704109778,122798.78125,1843200
N016,Noise,AFLB2,mined_high,-0.06279224902391434,0.1767985820770264,-3.173049211502075,3.356791257858276,242700.65625,254.7189781160799,64881.7578125,1843200
N016,Noise,AFLB3,conv_feat,0.001156415673904121,0.1075951084494591,-0.479258120059967,0.6186293363571167,294397.84375,206.5945417659915,42681.3046875,3686400
N016,Noise,AFLB3,fft_magnitude,0.0001438586041331291,0.0005299210315570235,1.202649428933e-07,0.2586790025234222,530.3203735351562,1.054273340358994,1.111492276191711,3686400
N016,Noise,AFLB3,raw_low,0.0,0.0,0.0,0.0,0.0,0.0,0.0,3686400
N016,Noise,AFLB3,raw_high,0.07986052334308624,0.07211339473724365,1.171418695378179e-08,0.6186292171478271,294397.84375,206.5945417659915,42681.3046875,3686400
N016,Noise,AFLB3,mined_low,1.954002073034644e-05,0.001001170836389065,-0.008307591080665588,0.00889886636286974,2763.299560546875,1.922614102790972,3.696444988250732,3686400
N016,Noise,AFLB3,mined_high,-6.531598046422005e-06,0.0009804597357288003,-0.009791416116058826,0.00918177142739296,2684.41796875,1.882524397085291,3.543898105621338,3686400
N017,Noise,AFLB1,conv_feat,0.003251508576795459,0.06177493184804916,-0.577376663684845,0.5775591135025024,37321.11328125,59.38602488104314,3526.699951171875,921600
N017,Noise,AFLB1,fft_magnitude,0.0004519257054198533,0.001179079175926745,7.947286384535346e-09,0.0953599214553833,416.4947204589844,1.21221226689763,1.46945858001709,921600
N017,Noise,AFLB1,raw_low,0.0,0.0,0.0,0.0,0.0,0.0,0.0,921600
N017,Noise,AFLB1,raw_high,0.04049599915742874,0.04676311463117599,3.242349322363225e-08,0.5775591135025024,37321.11328125,59.38602899212175,3526.700439453125,921600
N017,Noise,AFLB1,mined_low,-0.5986928343772888,1.835677981376648,-11.54153156280518,7.1774582862854,1369360.875,1853.607361336268,3435860.25,921600
N017,Noise,AFLB1,mined_high,-0.01395472232252359,0.5605039596557617,-7.597701072692871,7.654798984527588,275036.59375,538.2505805849167,289713.6875,921600
N017,Noise,AFLB2,conv_feat,-0.003295954782515764,0.1263762563467026,-0.9686406850814819,0.8560308814048767,154383.375,171.6324311027785,29457.69140625,1843200
N017,Noise,AFLB2,fft_magnitude,0.000234403443755582,0.001268789987079799,6.993612089445378e-08,0.2598093748092651,432.0524291992188,1.751716180979337,3.068509578704834,1843200
N017,Noise,AFLB2,raw_low,0.0,0.0,0.0,0.0,0.0,0.0,0.0,1843200
N017,Noise,AFLB2,raw_high,0.08375833928585052,0.09469087421894073,1.440021213383602e-09,0.9686408042907715,154383.375,171.6324311027785,29457.69140625,1843200
N017,Noise,AFLB2,mined_low,-0.0008104387670755386,0.300192654132843,-4.810788154602051,4.839693546295166,263620.71875,407.5565528242676,166102.34375,1843200
N017,Noise,AFLB2,mined_high,-0.0855984315276146,0.2051312029361725,-4.004412174224854,4.247381210327148,292026.84375,301.7697150767452,91064.9609375,1843200
N017,Noise,AFLB3,conv_feat,0.001160196494311094,0.08744169771671295,-0.4939793050289154,0.6296849250793457,219957.53125,167.9028329961261,28191.361328125,3686400
N017,Noise,AFLB3,fft_magnitude,7.725915929768234e-05,0.0004395247087813914,8.424621888991624e-09,0.1839934587478638,284.8081665039062,0.8568255668866434,0.7341500520706177,3686400
N017,Noise,AFLB3,raw_low,0.0,0.0,0.0,0.0,0.0,0.0,0.0,3686400
N017,Noise,AFLB3,raw_high,0.05966730788350105,0.06393128633499146,2.058076553623778e-08,0.6296849250793457,219957.5625,167.9028329961261,28191.361328125,3686400
N017,Noise,AFLB3,mined_low,4.745052865473554e-05,0.001062947674654424,-0.007335545495152473,0.008071227930486202,2975.11328125,2.042892075334285,4.173408031463623,3686400
N017,Noise,AFLB3,mined_high,-3.611991269281134e-05,0.001081440481357276,-0.008062576875090599,0.008098744787275791,3011.2734375,2.077523395392827,4.316103458404541,3686400
N018,Noise,AFLB1,conv_feat,0.004527554847300053,0.06691742688417435,-0.4587816298007965,0.4931303560733795,44787.14453125,64.38759737179592,4145.7626953125,921600
N018,Noise,AFLB1,fft_magnitude,0.0005043888813816011,0.001272769528441131,1.506010676166625e-07,0.149703323841095,464.8448181152344,1.314306423848932,1.727401375770569,921600
N018,Noise,AFLB1,raw_low,0.0,0.0,0.0,0.0,0.0,0.0,0.0,921600
N018,Noise,AFLB1,raw_high,0.04859716445207596,0.04622506722807884,1.080397495911711e-07,0.4931304454803467,44787.1484375,64.38760495526293,4145.763671875,921600
N018,Noise,AFLB1,mined_low,-0.4411997199058533,1.555433630943298,-12.94230556488037,7.793364524841309,1013361.75,1552.124592292771,2409090.75,921600
N018,Noise,AFLB1,mined_high,-0.01695661619305611,0.6518526673316956,-7.92863655090332,7.556926250457764,331007.96875,625.99024053894,391863.78125,921600
N018,Noise,AFLB2,conv_feat,-0.0006942701293155551,0.1556935757398605,-0.8408370614051819,0.7461302876472473,213155.703125,211.3787144853994,44680.9609375,1843200
N018,Noise,AFLB2,fft_magnitude,0.0002640402235556394,0.00156696664635092,6.298115806657734e-08,0.321693629026413,486.678955078125,2.157375097449721,4.654267311096191,1843200
N018,Noise,AFLB2,raw_low,0.0,0.0,0.0,0.0,0.0,0.0,0.0,1843200
N018,Noise,AFLB2,raw_high,0.1156443729996681,0.1042466014623642,5.535180491733627e-08,0.8408370018005371,213155.703125,211.3787329652631,44680.96875,1843200
N018,Noise,AFLB2,mined_low,0.005844807252287865,0.2690027058124542,-4.211893558502197,4.145241260528564,272986.96875,365.2964121778368,133441.46875,1843200
N018,Noise,AFLB2,mined_high,-0.1210244446992874,0.2207991033792496,-4.091862201690674,4.015602111816406,345420.40625,341.8440113926234,116857.328125,1843200
N018,Noise,AFLB3,conv_feat,0.002994535723701119,0.1082011982798576,-0.4615737199783325,0.5930547118186951,302103.9375,207.8258360382558,43191.578125,3686400
N018,Noise,AFLB3,fft_magnitude,8.566415635868907e-05,0.0005456903600133955,1.527255655275894e-08,0.2416554540395737,315.7923583984375,1.060556822672183,1.124780774116516,3686400
N018,Noise,AFLB3,raw_low,0.0,0.0,0.0,0.0,0.0,0.0,0.0,3686400
N018,Noise,AFLB3,raw_high,0.08195095509290695,0.07071427255868912,5.048743645374998e-09,0.5930546522140503,302104.0,207.8258454361488,43191.58203125,3686400
N018,Noise,AFLB3,mined_low,4.677999095292762e-05,0.001202760846354067,-0.007305818144232035,0.007652195636183023,3391.716796875,2.311046968643882,5.340938091278076,3686400
N018,Noise,AFLB3,mined_high,-6.386312452377751e-05,0.001282136887311935,-0.01106150168925524,0.007476245053112507,3617.302490234375,2.464754662211101,6.075015544891357,3686400
N019,Noise,AFLB1,conv_feat,0.009991382248699665,0.1409492641687393,-0.7046576738357544,0.7207828164100647,93733.453125,135.6508255941519,18401.146484375,921600
N019,Noise,AFLB1,fft_magnitude,0.0007860452751629055,0.002775160828605294,2.40951777641385e-07,0.3331689536571503,724.4193115234375,2.76896095591661,7.667144775390625,921600
N019,Noise,AFLB1,raw_low,0.0,0.0,0.0,0.0,0.0,0.0,0.0,921600
N019,Noise,AFLB1,raw_high,0.1017073094844818,0.09809254109859467,7.124633327748597e-08,0.7207829356193542,93733.453125,135.6508327932416,18401.1484375,921600
N019,Noise,AFLB1,mined_low,-0.6369083523750305,1.947247862815857,-13.80258274078369,9.170132637023926,1445527.25,1966.811633075216,3868348.0,921600
N019,Noise,AFLB1,mined_high,-0.01194543857127428,0.5005295872688293,-6.459033966064453,6.632273197174072,253936.53125,480.6452368951553,231019.84375,921600
N019,Noise,AFLB2,conv_feat,-0.01715582050383091,0.2014450430870056,-1.02885913848877,0.9623028039932251,275711.03125,274.4808451877835,75339.734375,1843200
N019,Noise,AFLB2,fft_magnitude,0.0003895441477652639,0.002026328817009926,8.032301224147886e-08,0.4615634679794312,718.0077514648438,2.801408641566717,7.847890377044678,1843200
N019,Noise,AFLB2,raw_low,0.0,0.0,0.0,0.0,0.0,0.0,0.0,1843200
N019,Noise,AFLB2,raw_high,0.1495828032493591,0.1360125243663788,1.653383634447891e-07,1.02885901927948,275711.03125,274.4808594191952,75339.7421875,1843200
N019,Noise,AFLB2,mined_low,-0.001820705947466195,0.3165742456912994,-5.156020641326904,5.153366088867188,285803.0625,429.8025709555493,184730.25,1843200
N019,Noise,AFLB2,mined_high,-0.08652103692293167,0.2103016823530197,-3.771840810775757,4.63230037689209,295646.4375,308.7342607324299,95316.84375,1843200
N019,Noise,AFLB3,conv_feat,0.001956943422555923,0.1204865500330925,-0.4997133314609528,0.6505448222160339,335353.34375,231.3646843999749,53529.6171875,3686400
N019,Noise,AFLB3,fft_magnitude,0.0001178443926619366,0.0006035391706973314,5.952445292223274e-08,0.2894593477249146,434.4215698242188,1.180678046485243,1.394000649452209,3686400
N019,Noise,AFLB3,raw_low,0.0,0.0,0.0,0.0,0.0,0.0,0.0,3686400
N019,Noise,AFLB3,raw_high,0.09097041934728622,0.0790267139673233,5.288068649633715e-08,0.6505448818206787,335353.34375,231.3646843999749,53529.6171875,3686400
N019,Noise,AFLB3,mined_low,4.774546141561586e-06,0.001198963611386716,-0.009786332957446575,0.009971467778086662,3342.018310546875,2.302028453972533,5.29933500289917,3686400
N019,Noise,AFLB3,mined_high,-3.307990482426248e-05,0.00102182780392468,-0.009007101878523827,0.008395674638450146,2828.663330078125,1.962937266236912,3.853122711181641,3686400
N020,Noise,AFLB1,conv_feat,0.002845058916136622,0.0756821408867836,-0.4826982617378235,0.5961096286773682,50110.31640625,72.70617236521257,5286.1875,921600
N020,Noise,AFLB1,fft_magnitude,0.0006576917367056012,0.001399068278260529,4.937252739978248e-08,0.1790055632591248,606.1287231445312,1.484108589759563,2.20257830619812,921600
N020,Noise,AFLB1,raw_low,0.0,0.0,0.0,0.0,0.0,0.0,0.0,921600
N020,Noise,AFLB1,raw_high,0.05437317490577698,0.05272038653492928,1.688850304049083e-08,0.5961097478866577,50110.31640625,72.70617908102791,5286.1884765625,921600
N020,Noise,AFLB1,mined_low,-0.6103076338768005,1.934907674789429,-13.84864139556885,8.808096885681152,1390332.5,1947.722195283506,3793621.75,921600
N020,Noise,AFLB1,mined_high,-0.01642056182026863,0.709465503692627,-8.684399604797363,9.220749855041504,351152.625,681.2693116528881,464127.875,921600
N020,Noise,AFLB2,conv_feat,-0.001533755217678845,0.1723304688930511,-0.9576319456100464,0.851976752281189,223118.53125,233.9728800390122,54743.30859375,1843200
N020,Noise,AFLB2,fft_magnitude,0.0003585785161703825,0.001721971784718335,1.920559924428744e-07,0.3782295286655426,660.9319458007812,2.387975583467626,5.702427387237549,1843200
N020,Noise,AFLB2,raw_low,0.0,0.0,0.0,0.0,0.0,0.0,0.0,1843200
N020,Noise,AFLB2,raw_high,0.121049553155899,0.1226668357849121,2.426823719758886e-08,0.9576319456100464,223118.53125,233.9728800390122,54743.30859375,1843200
N020,Noise,AFLB2,mined_low,-0.001594953006133437,0.3058066666126251,-4.535686492919922,4.442975521087646,268561.71875,415.1825276309204,172376.53125,1843200
N020,Noise,AFLB2,mined_high,-0.09833596646785736,0.2205998301506042,-4.21934700012207,4.145155906677246,319643.625,327.9049976746314,107521.6875,1843200
N020,Noise,AFLB3,conv_feat,0.001248714281246066,0.1260826587677002,-0.5049654841423035,0.633084237575531,330247.25,242.0905854478856,58607.8515625,3686400
N020,Noise,AFLB3,fft_magnitude,0.0001146407230407931,0.0006331494660116732,2.88644521617698e-08,0.2907123267650604,422.611572265625,1.235413319849602,1.526246070861816,3686400
N020,Noise,AFLB3,raw_low,0.0,0.0,0.0,0.0,0.0,0.0,0.0,3686400
N020,Noise,AFLB3,raw_high,0.08958529680967331,0.08872920274734497,2.717026603704653e-09,0.6330842971801758,330247.25,242.0905854478856,58607.8515625,3686400
N020,Noise,AFLB3,mined_low,9.166417839878704e-06,0.001025417470373213,-0.009277441538870335,0.007562558632344007,2842.852294921875,1.968880240355834,3.876489400863647,3686400
N020,Noise,AFLB3,mined_high,-4.662438732339069e-05,0.00111855217255652,-0.009927143342792988,0.00830838829278946,3158.44580078125,2.149485051786591,4.620285987854004,3686400
N021,Noise,AFLB1,conv_feat,0.008328411728143692,0.1387557089328766,-0.6778485178947449,0.7340165376663208,88201.1328125,133.4452134772919,17807.625,921600
N021,Noise,AFLB1,fft_magnitude,0.0009307176806032658,0.002680449746549129,2.047014362460686e-07,0.2851034998893738,857.7493896484375,2.723939174684407,7.419844627380371,921600
N021,Noise,AFLB1,raw_low,0.0,0.0,0.0,0.0,0.0,0.0,0.0,921600
N021,Noise,AFLB1,raw_high,0.09570436179637909,0.1008126437664032,1.841754055931233e-07,0.7340166568756104,88201.140625,133.4452207953698,17807.626953125,921600
N021,Noise,AFLB1,mined_low,-0.8303142189979553,2.488559007644653,-15.5779914855957,10.02411651611328,1878788.25,2518.48615243364,6342772.5,921600
N021,Noise,AFLB1,mined_high,-0.01152875833213329,0.478084921836853,-7.274501800537109,7.610710620880127,249635.390625,459.0949656661463,210768.1875,921600
N021,Noise,AFLB2,conv_feat,-0.01671007089316845,0.201142281293869,-1.051610827445984,0.9645211100578308,254362.71875,274.0205284280723,75087.25,1843200
N021,Noise,AFLB2,fft_magnitude,0.0004760468727909029,0.00200421130284667,1.912788434310642e-07,0.4931603670120239,877.4495849609375,2.796710473021773,7.821589469909668,1843200
N021,Noise,AFLB2,raw_low,0.0,0.0,0.0,0.0,0.0,0.0,0.0,1843200
N021,Noise,AFLB2,raw_high,0.1380006074905396,0.1472863703966141,1.285520596638889e-07,1.051610708236694,254362.71875,274.0205284280723,75087.25,1843200
N021,Noise,AFLB2,mined_low,-0.0006031161174178123,0.2722931802272797,-4.481866836547852,4.417251586914062,265348.5625,369.6784075382278,136662.125,1843200
N021,Noise,AFLB2,mined_high,-0.08222895860671997,0.1889294981956482,-3.584117650985718,3.402302503585815,272651.625,279.7406443922656,78254.828125,1843200
N021,Noise,AFLB3,conv_feat,0.0008315747254528105,0.1214837208390236,-0.495730847120285,0.6212908625602722,314428.125,233.2542034723062,54407.5234375,3686400
N021,Noise,AFLB3,fft_magnitude,0.0001457356265746057,0.0006025858456268907,6.310994393743385e-08,0.2766559422016144,537.2398071289062,1.190320379982742,1.416862607002258,3686400
N021,Noise,AFLB3,raw_low,0.0,0.0,0.0,0.0,0.0,0.0,0.0,3686400
N021,Noise,AFLB3,raw_high,0.08529409766197205,0.08650955557823181,4.223533878189301e-08,0.621290922164917,314428.15625,233.2542202190563,54407.53125,3686400
N021,Noise,AFLB3,mined_low,1.710597280180082e-05,0.001106283743865788,-0.01016773469746113,0.01168236136436462,3075.830810546875,2.124318855174455,4.512730598449707,3686400
N021,Noise,AFLB3,mined_high,-4.230050399200991e-05,0.001132815959863365,-0.008659492246806622,0.009289381094276905,3109.698974609375,2.176522531026032,4.737250328063965,3686400
N022,Noise,AFLB1,conv_feat,0.009594631381332874,0.1443807482719421,-0.719011664390564,0.7208061218261719,93520.0234375,138.9112238985749,19296.328125,921600
N022,Noise,AFLB1,fft_magnitude,0.0007489887648262084,0.002857117913663387,1.781274932000088e-07,0.3393851816654205,690.26806640625,2.835513753207504,8.040138244628906,921600
N022,Noise,AFLB1,raw_low,0.0,0.0,0.0,0.0,0.0,0.0,0.0,921600
N022,Noise,AFLB1,raw_high,0.1014757454395294,0.1031529605388641,1.229459769547248e-07,0.7208063006401062,93520.046875,138.9112379588131,19296.33203125,921600
N022,Noise,AFLB1,mined_low,-0.9838182926177979,2.870314121246338,-16.49516296386719,10.48185443878174,2218696.0,2912.868689110444,8484804.0,921600
N022,Noise,AFLB1,mined_high,-0.01162783335894346,0.4473301768302917,-6.557758808135986,7.281242370605469,229047.75,429.5820643369553,184540.75,921600
N022,Noise,AFLB2,conv_feat,-0.01925881765782833,0.186572790145874,-1.017230153083801,0.9474651217460632,243264.5625,254.6455256822707,64844.34375,1843200
N022,Noise,AFLB2,fft_magnitude,0.000393853842979297,0.001873364555649459,4.45681337168935e-07,0.4289056360721588,725.951416015625,2.598965101418,6.754619598388672,1843200
N022,Noise,AFLB2,raw_low,0.0,0.0,0.0,0.0,0.0,0.0,0.0,1843200
N022,Noise,AFLB2,raw_high,0.1319794654846191,0.1332731395959854,5.969869931732319e-08,1.017230033874512,243264.5625,254.6455410222217,64844.3515625,1843200
N022,Noise,AFLB2,mined_low,0.004936118610203266,0.2429795563220978,-3.767307996749878,3.829297065734863,258888.65625,329.9480427847694,108865.7109375,1843200
N022,Noise,AFLB2,mined_high,-0.08331891894340515,0.1918257027864456,-3.312842845916748,3.482982158660889,276128.96875,283.9365851294968,80619.984375,1843200
N022,Noise,AFLB3,conv_feat,0.001113934209570289,0.1034301072359085,-0.4778550267219543,0.6160180568695068,272443.875,198.5973273674648,39440.8984375,3686400
N022,Noise,AFLB3,fft_magnitude,0.0001208317989949137,0.0005138289416208863,1.492610479658651e-08,0.2383590489625931,445.4343566894531,1.013462758039176,1.027106761932373,3686400
N022,Noise,AFLB3,raw_low,0.0,0.0,0.0,0.0,0.0,0.0,0.0,3686400
N022,Noise,AFLB3,raw_high,0.07390513271093369,0.07236753404140472,8.273862484031724e-09,0.6160179376602173,272443.875,198.5973273674648,39440.8984375,3686400
N022,Noise,AFLB3,mined_low,2.16421813092893e-05,0.001086037955246866,-0.01125157997012138,0.009969075210392475,2957.00634765625,2.085606923858071,4.349756240844727,3686400
N022,Noise,AFLB3,mined_high,-5.609835716313682e-05,0.001190751558169723,-0.01057362277060747,0.009284348227083683,3189.86279296875,2.288778762678321,5.238508224487305,3686400
N023,Noise,AFLB1,conv_feat,0.0116099463775754,0.1560512334108353,-0.640857458114624,0.6533575057983398,108416.078125,150.2232258278493,22567.017578125,921600
N023,Noise,AFLB1,fft_magnitude,0.0007765155751258135,0.003098362358286977,4.565120548249979e-07,0.3812959790229797,715.6367797851562,3.066418690261389,9.402923583984375,921600
N023,Noise,AFLB1,raw_low,0.0,0.0,0.0,0.0,0.0,0.0,0.0,921600
N023,Noise,AFLB1,raw_high,0.1176389753818512,0.1031884327530861,4.485498550366174e-08,0.6533574461936951,108416.078125,150.2232258278493,22567.017578125,921600
N023,Noise,AFLB1,mined_low,-0.8110631108283997,2.407788038253784,-15.46216583251953,9.368714332580566,1837671.0,2439.092761663648,5949173.5,921600
N023,Noise,AFLB1,mined_high,-0.01153455767780542,0.5139327645301819,-7.668320178985596,7.683689594268799,259607.046875,493.4996992147006,243541.953125,921600
N023,Noise,AFLB2,conv_feat,-0.02023948542773724,0.2442118525505066,-1.050077319145203,0.9109734296798706,337179.8125,332.6897015238073,110682.4375,1843200
N023,Noise,AFLB2,fft_magnitude,0.0003964565112255514,0.002469399478286505,2.225240081088486e-08,0.6234561204910278,730.7486572265625,3.395500088744091,11.52942085266113,1843200
N023,Noise,AFLB2,raw_low,0.0,0.0,0.0,0.0,0.0,0.0,0.0,1843200
N023,Noise,AFLB2,raw_high,0.1829317510128021,0.163049191236496,4.167748457462039e-08,1.050077438354492,337179.8125,332.6897015238073,110682.4375,1843200
N023,Noise,AFLB2,mined_low,0.002688604639843106,0.2859514653682709,-4.708348274230957,4.662594795227051,284445.40625,388.2377654221701,150728.5625,1843200
N023,Noise,AFLB2,mined_high,-0.06774865090847015,0.2126584500074387,-4.614593029022217,3.686810970306396,287982.3125,303.0119376773793,91816.234375,1843200
N023,Noise,AFLB3,conv_feat,0.002127280691638589,0.1509366035461426,-0.5165457129478455,0.6508339047431946,428804.25,289.8270631989014,83999.7265625,3686400
N023,Noise,AFLB3,fft_magnitude,0.0001204073269036599,0.0007608531159348786,3.70199337851318e-08,0.3849340975284576,443.8695678710938,1.479017608367529,2.187493085861206,3686400
N023,Noise,AFLB3,raw_low,0.0,0.0,0.0,0.0,0.0,0.0,0.0,3686400
N023,Noise,AFLB3,raw_high,0.1163205951452255,0.09620758891105652,4.110412277213982e-08,0.6508338451385498,428804.25,289.8270631989014,83999.7265625,3686400
N023,Noise,AFLB3,mined_low,1.592140870343428e-05,0.001091722515411675,-0.00900337751954794,0.008798875845968723,2980.3603515625,2.096330220024493,4.394600391387939,3686400
N023,Noise,AFLB3,mined_high,-4.93210754939355e-05,0.001152091077528894,-0.008840443566441536,0.008646867237985134,3203.607177734375,2.214040997602009,4.9019775390625,3686400
N024,Noise,AFLB1,conv_feat,0.007743892259895802,0.1290071904659271,-0.6825690865516663,0.7108439803123474,78698.46875,124.0698281840714,15393.322265625,921600
N024,Noise,AFLB1,fft_magnitude,0.0008458955562673509,0.002498794114217162,1.333157229055359e-07,0.2644966840744019,779.5773315429688,2.532564928403051,6.413885116577148,921600
N024,Noise,AFLB1,raw_low,0.0,0.0,0.0,0.0,0.0,0.0,0.0,921600
N024,Noise,AFLB1,raw_high,0.08539330214262009,0.0970093235373497,2.93843349652434e-08,0.7108440399169922,78698.46875,124.0698399906782,15393.3251953125,921600
N024,Noise,AFLB1,mined_low,-0.8736135959625244,2.581958293914795,-16.81442832946777,10.34058380126953,1978771.75,2616.719511143676,6847221.0,921600
N024,Noise,AFLB1,mined_high,-0.01312666479498148,0.4943555593490601,-7.028757572174072,6.864114284515381,251942.625,474.7486176915105,225386.25,921600
N024,Noise,AFLB2,conv_feat,-0.01561499945819378,0.1771867871284485,-1.049877762794495,0.925568699836731,213703.0,241.4890978388052,58316.984375,1843200
N024,Noise,AFLB2,fft_magnitude,0.0004234892257954925,0.001765328575856984,9.011427692939833e-08,0.4009696841239929,780.5753173828125,2.464687723338979,6.074685573577881,1843200
N024,Noise,AFLB2,raw_low,0.0,0.0,0.0,0.0,0.0,0.0,0.0,1843200
N024,Noise,AFLB2,raw_high,0.1159413009881973,0.1348947882652283,1.025657958564352e-08,1.049877762794495,213703.0,241.4890978388052,58316.984375,1843200
N024,Noise,AFLB2,mined_low,-0.004080952610820532,0.2374703735113144,-4.137801170349121,4.050763130187988,242571.828125,322.4480820612832,103972.765625,1843200
N024,Noise,AFLB2,mined_high,-0.0902431309223175,0.2052066624164581,-4.34803581237793,4.227312088012695,293593.9375,304.3475475299579,92627.4296875,1843200
N024,Noise,AFLB3,conv_feat,0.0007329822983592749,0.1022011488676071,-0.4976472556591034,0.6220645308494568,250427.40625,196.2312590573938,38506.70703125,3686400
N024,Noise,AFLB3,fft_magnitude,0.0001192400886793621,0.0005077429814264178,1.030702545534723e-08,0.2213252037763596,439.566650390625,1.001388420414091,1.002778768539429,3686400
N024,Noise,AFLB3,raw_low,0.0,0.0,0.0,0.0,0.0,0.0,0.0,3686400
N024,Noise,AFLB3,raw_high,0.06793278455734253,0.0763593390583992,9.864987049468255e-09,0.622064471244812,250427.40625,196.2312590573938,38506.70703125,3686400
N024,Noise,AFLB3,mined_low,3.809012923738919e-05,0.0008907239534892142,-0.007214667275547981,0.005938387010246515,2486.270263671875,1.711752988959503,2.930098295211792,3686400
N024,Noise,AFLB3,mined_high,1.860838665379561e-06,0.0008611190132796764,-0.008490435779094696,0.007611377630382776,2387.799560546875,1.653352398006184,2.733574151992798,3686400
N025,Noise,AFLB1,conv_feat,0.008040249347686768,0.1229114830493927,-0.6584780216217041,0.6961936950683594,80247.359375,118.2472209966792,13982.4052734375,921600
N025,Noise,AFLB1,fft_magnitude,0.0006487350910902023,0.002429147949442267,1.574556023342666e-07,0.2833971381187439,597.874267578125,2.413711275395564,5.82600212097168,921600
N025,Noise,AFLB1,raw_low,0.0,0.0,0.0,0.0,0.0,0.0,0.0,921600
N025,Noise,AFLB1,raw_high,0.08707395941019058,0.08712064474821091,3.059565187868429e-07,0.6961936950683594,80247.359375,118.2472251260045,13982.40625,921600
N025,Noise,AFLB1,mined_low,-0.80831378698349,2.369711399078369,-13.29300117492676,8.959137916564941,1832031.125,2403.626634899855,5777421.0,921600
N025,Noise,AFLB1,mined_high,-0.01311987172812223,0.4882016777992249,-5.392702579498291,5.758414268493652,256466.9375,468.8427908158554,219813.5625,921600
N025,Noise,AFLB2,conv_feat,-0.0172522310167551,0.1624382138252258,-1.021525979042053,0.9148892760276794,213073.125,221.773762114683,49183.6015625,1843200
N025,Noise,AFLB2,fft_magnitude,0.0003294990456197411,0.001634317683055997,4.538277664778434e-08,0.4179173409938812,607.3326416015625,2.263469222890745,5.123292922973633,1843200
N025,Noise,AFLB2,raw_low,0.0,0.0,0.0,0.0,0.0,0.0,0.0,1843200
N025,Noise,AFLB2,raw_high,0.1155995801091194,0.1154146939516068,1.076190692117507e-08,1.021526098251343,213073.140625,221.7737797283529,49183.609375,1843200
N025,Noise,AFLB2,mined_low,0.00119491817895323,0.2777073979377747,-5.170559883117676,5.110885143280029,253362.015625,377.0315595212157,142152.796875,1843200
N025,Noise,AFLB2,mined_high,-0.08272162824869156,0.1831908971071243,-3.258115530014038,3.519384622573853,269162.9375,272.8892432150816,74468.5390625,1843200
N025,Noise,AFLB3,conv_feat,0.0005380352959036827,0.0917794406414032,-0.4882368445396423,0.6281272768974304,246244.9375,176.2195507828941,31053.330078125,3686400
N025,Noise,AFLB3,fft_magnitude,0.0001043673692038283,0.0004565918061416596,2.709314905757765e-08,0.2202538549900055,384.7398681640625,0.89926663162721,0.8086804747581482,3686400
N025,Noise,AFLB3,raw_low,0.0,0.0,0.0,0.0,0.0,0.0,0.0,3686400
N025,Noise,AFLB3,raw_high,0.06679821759462357,0.06294246017932892,2.885545802300271e-09,0.6281272768974304,246244.9375,176.2195563246316,31053.33203125,3686400
N025,Noise,AFLB3,mined_low,4.546999844023958e-05,0.0009332352201454341,-0.007844480685889721,0.006325550843030214,2580.143798828125,1.793937205471271,3.218210697174072,3686400
N025,Noise,AFLB3,mined_high,-4.159833770245314e-05,0.0008986357715912163,-0.007432077080011368,0.007703837472945452,2523.978759765625,1.727228234826859,2.983317375183105,3686400
N026,Noise,AFLB1,conv_feat,0.008271693252027035,0.1253759860992432,-0.6658576130867004,0.7341289520263672,81827.390625,120.6226116991545,14549.814453125,921600
N026,Noise,AFLB1,fft_magnitude,0.0007374205742962658,0.002456493675708771,2.660229938555858e-07,0.2807762026786804,679.6068115234375,2.462198957447324,6.062423706054688,921600
N026,Noise,AFLB1,raw_low,0.0,0.0,0.0,0.0,0.0,0.0,0.0,921600
N026,Noise,AFLB1,raw_high,0.08878839761018753,0.0889054462313652,4.721944151242496e-07,0.7341289520263672,81827.390625,120.6226197951694,14549.81640625,921600
N026,Noise,AFLB1,mined_low,-0.767471969127655,2.257345676422119,-13.64657497406006,8.839611053466797,1739476.0,2288.874832750799,5238948.0,921600
N026,Noise,AFLB1,mined_high,-0.0131193520501256,0.5085940361022949,-6.174137115478516,6.574585437774658,262576.5,488.4126713139208,238546.9375,921600
N026,Noise,AFLB2,conv_feat,-0.01586982421576977,0.1840135753154755,-1.068652629852295,0.9311846494674683,241139.921875,250.7524769319338,62876.8046875,1843200
N026,Noise,AFLB2,fft_magnitude,0.0003663748793769628,0.001849105465225875,1.001247369458724e-07,0.4597288072109222,675.3021850585938,2.559231697514174,6.549666881561279,1843200
N026,Noise,AFLB2,raw_low,0.0,0.0,0.0,0.0,0.0,0.0,0.0,1843200
N026,Noise,AFLB2,raw_high,0.1308267861604691,0.1303733289241791,1.822603756806984e-08,1.068652868270874,241139.921875,250.7524769319338,62876.8046875,1843200
N026,Noise,AFLB2,mined_low,-0.0004385336360428482,0.2834813892841339,-4.854280471801758,4.789007186889648,263252.5625,384.8675502689204,148123.03125,1843200
N026,Noise,AFLB2,mined_high,-0.07865971326828003,0.2065493017435074,-3.442570686340332,4.039598941802979,286698.1875,300.0670758347206,90040.25,1843200
N026,Noise,AFLB3,conv_feat,0.001105765462853014,0.1109431311488152,-0.5054283142089844,0.6507986783981323,297349.78125,213.0214007734904,45378.1171875,3686400
N026,Noise,AFLB3,fft_magnitude,0.0001093401078833267,0.0005555243114940822,4.929827213118188e-08,0.2675840854644775,403.0713806152344,1.087070231087621,1.181721687316895,3686400
N026,Noise,AFLB3,raw_low,0.0,0.0,0.0,0.0,0.0,0.0,0.0,3686400
N026,Noise,AFLB3,raw_high,0.08066128939390182,0.07617977261543274,6.180854494886034e-09,0.6507986187934875,297349.78125,213.0214007734904,45378.1171875,3686400
N026,Noise,AFLB3,mined_low,2.137172123184428e-05,0.001021107542328537,-0.008912703022360802,0.007185935508459806,2854.78369140625,1.960955737511681,3.84534740447998,3686400
N026,Noise,AFLB3,mined_high,1.38519533265935e-06,0.001021252246573567,-0.01006510108709335,0.00837556179612875,2758.646728515625,1.960806063316368,3.844760417938232,3686400
N027,Noise,AFLB1,conv_feat,0.00746160326525569,0.108306311070919,-0.4640109241008759,0.4738994538784027,74898.5546875,104.2205116043022,10861.9150390625,921600
N027,Noise,AFLB1,fft_magnitude,0.0005247483495622873,0.002153008244931698,5.072355406809947e-07,0.2634123563766479,483.6080932617188,2.127392375837204,4.525798320770264,921600
N027,Noise,AFLB1,raw_low,0.0,0.0,0.0,0.0,0.0,0.0,0.0,921600
N027,Noise,AFLB1,raw_high,0.08127014338970184,0.07197984308004379,1.378387963768546e-07,0.4738995134830475,74898.5625,104.2205116043022,10861.9150390625,921600
N027,Noise,AFLB1,mined_low,-0.9207927584648132,2.680329084396362,-15.00581359863281,9.860095024108887,2089035.375,2720.719206386429,7402313.0,921600
N027,Noise,AFLB1,mined_high,-0.01505174487829208,0.547125518321991,-7.102517604827881,6.212367534637451,281097.3125,525.4391912961955,276086.34375,921600
N027,Noise,AFLB2,conv_feat,-0.0159783624112606,0.143267959356308,-0.720331609249115,0.6565483212471008,198937.09375,195.7129893971016,38303.57421875,1843200
N027,Noise,AFLB2,fft_magnitude,0.0002716412127483636,0.001445994712412357,1.44214794772779e-07,0.3913274705410004,500.6890869140625,1.997487397231735,3.989955902099609,1843200
N027,Noise,AFLB2,raw_low,0.0,0.0,0.0,0.0,0.0,0.0,0.0,1843200
N027,Noise,AFLB2,raw_high,0.1079302951693535,0.09556186944246292,6.53981180320784e-09,0.7203316688537598,198937.125,195.7129893971016,38303.57421875,1843200
N027,Noise,AFLB2,mined_low,-0.001697566825896502,0.2651541829109192,-4.975409030914307,4.900670051574707,250642.890625,359.9926431539956,129594.703125,1843200
N027,Noise,AFLB2,mined_high,-0.07580527663230896,0.2018666714429855,-3.68963623046875,3.479815244674683,283936.6875,292.7499199402111,85702.515625,1843200
N027,Noise,AFLB3,conv_feat,0.0004787004727404565,0.08181017637252808,-0.3831357061862946,0.487520158290863,232324.15625,157.0782299126776,24673.5703125,3686400
N027,Noise,AFLB3,fft_magnitude,8.842043462209404e-05,0.0004080223152413964,3.340542065188856e-08,0.2062286734580994,325.9530944824219,0.8015865091814234,0.6425409317016602,3686400
N027,Noise,AFLB3,raw_low,0.0,0.0,0.0,0.0,0.0,0.0,0.0,3686400
N027,Noise,AFLB3,raw_high,0.0630219578742981,0.05216673016548157,1.950739481060282e-08,0.4875201284885406,232324.15625,157.0782423467681,24673.57421875,3686400
N027,Noise,AFLB3,mined_low,3.679474684759043e-05,0.0009591224952600896,-0.007692481856793165,0.006647577974945307,2672.02001953125,1.842869823302348,3.396169185638428,3686400
N027,Noise,AFLB3,mined_high,1.192915897263447e-05,0.0009227900300174952,-0.008598078973591328,0.009062180295586586,2548.529296875,1.771904841849569,3.139646768569946,3686400
N028,Noise,AFLB1,conv_feat,0.007398998830467463,0.1326869279146194,-0.652354896068573,0.697931170463562,67629.53125,127.5773356145205,16275.9765625,921600
N028,Noise,AFLB1,fft_magnitude,0.0006222007214091718,0.002640347694978118,4.203487549148122e-07,0.227809727191925,573.420166015625,2.604161519363402,6.781657218933105,921600
N028,Noise,AFLB1,raw_low,0.0,0.0,0.0,0.0,0.0,0.0,0.0,921600
N028,Noise,AFLB1,raw_high,0.07338273525238037,0.1107950434088707,1.072305710891897e-08,0.697931170463562,67629.53125,127.577343269191,16275.978515625,921600
N028,Noise,AFLB1,mined_low,-0.5143171548843384,1.541831731796265,-13.15467166900635,8.281539916992188,1169922.625,1560.337383388606,2434652.75,921600
N028,Noise,AFLB1,mined_high,-0.01354386564344168,0.5182292461395264,-7.451186656951904,7.831624984741211,256722.375,497.669961545802,247675.390625,921600
N028,Noise,AFLB2,conv_feat,-0.01095414627343416,0.2229949831962585,-1.008441209793091,0.9286113977432251,226393.40625,303.1130925496291,91877.546875,1843200
N028,Noise,AFLB2,fft_magnitude,0.0003075608692597598,0.002257825806736946,1.183461861842261e-07,0.3999018967151642,566.8961791992188,3.093635171628077,9.570578575134277,1843200
N028,Noise,AFLB2,raw_low,0.0,0.0,0.0,0.0,0.0,0.0,0.0,1843200
N028,Noise,AFLB2,raw_high,0.1228262931108475,0.186441570520401,4.284442312041392e-08,1.00844132900238,226393.421875,303.1130796625246,91877.5390625,1843200
N028,Noise,AFLB2,mined_low,0.0005911768530495465,0.2105070650577545,-3.46058988571167,3.43056058883667,209857.09375,285.794998644133,81678.78125,1843200
N028,Noise,AFLB2,mined_high,-0.08274038881063461,0.1672617197036743,-3.202556848526001,3.337292671203613,251358.75,253.3470862152355,64184.74609375,1843200
N028,Noise,AFLB3,conv_feat,0.001809502253308892,0.1402017176151276,-0.5261120200157166,0.6652011871337891,301624.25,269.2097085684318,72473.8671875,3686400
N028,Noise,AFLB3,fft_magnitude,8.773709851084277e-05,0.0007101239752955735,4.886875260012857e-08,0.2654187679290771,323.4340515136719,1.373805047026585,1.887340307235718,3686400
N028,Noise,AFLB3,raw_low,0.0,0.0,0.0,0.0,0.0,0.0,0.0,3686400
N028,Noise,AFLB3,raw_high,0.08182082325220108,0.1138646006584167,1.998379062229105e-08,0.6652010679244995,301624.28125,269.2096940583678,72473.859375,3686400
N028,Noise,AFLB3,mined_low,1.155706286226632e-05,0.0007917066686786711,-0.006874207872897387,0.007163722068071365,2175.59619140625,1.5202387165541,2.311125755310059,3686400
N028,Noise,AFLB3,mined_high,-3.011348781001288e-05,0.000826918170787394,-0.007338494062423706,0.006590011995285749,2343.521240234375,1.588735358097968,2.524080038070679,3686400
N029,Noise,AFLB1,conv_feat,0.005848580040037632,0.09894669055938721,-0.5426779985427856,0.577307939529419,67131.71875,95.1546130811586,9054.400390625,921600
N029,Noise,AFLB1,fft_magnitude,0.0008667699876241386,0.001828200067393482,3.691017695928167e-07,0.1653537601232529,798.8152465820312,1.942335493567196,3.772667169570923,921600
N029,Noise,AFLB1,raw_low,0.0,0.0,0.0,0.0,0.0,0.0,0.0,921600
N029,Noise,AFLB1,raw_high,0.07284257560968399,0.06722062826156616,2.274990507089569e-08,0.5773079991340637,67131.71875,95.15461821260963,9054.4013671875,921600
N029,Noise,AFLB1,mined_low,-0.6588369011878967,2.081302642822266,-14.8027811050415,9.3428955078125,1496758.0,2095.76740121608,4392241.0,921600
N029,Noise,AFLB1,mined_high,-0.0101418774574995,0.4789684116840363,-6.344643592834473,7.610974311828613,251415.015625,459.9127464802427,211519.734375,921600
N029,Noise,AFLB2,conv_feat,-0.006347035523504019,0.1790303438901901,-0.9637985825538635,0.8493063449859619,241384.859375,243.2123397105912,59152.2421875,1843200
N029,Noise,AFLB2,fft_magnitude,0.000462874275399372,0.001768807298503816,3.053767727578816e-07,0.3721263110637665,853.1698608398438,2.482275693657683,6.16169261932373,1843200
N029,Noise,AFLB2,raw_low,0.0,0.0,0.0,0.0,0.0,0.0,0.0,1843200
N029,Noise,AFLB2,raw_high,0.130959689617157,0.1222362890839577,1.14059353961693e-07,0.9637985229492188,241384.890625,243.2123557716589,59152.25,1843200
N029,Noise,AFLB2,mined_low,-0.00344358361326158,0.2300387769937515,-4.177669048309326,4.195811748504639,231756.171875,312.345987048017,97560.015625,1843200
N029,Noise,AFLB2,mined_high,-0.1134566515684128,0.1943660974502563,-3.292346715927124,3.888138055801392,307703.0625,305.5473316443788,93359.171875,1843200
N029,Noise,AFLB3,conv_feat,0.00216588331386447,0.1194373965263367,-0.4954913556575775,0.6770041584968567,329490.65625,229.3575010355013,52604.86328125,3686400
N029,Noise,AFLB3,fft_magnitude,0.0001506625267211348,0.0005906902370043099,2.81104295396517e-08,0.2720137536525726,555.40234375,1.170435211715543,1.369918584823608,3686400
N029,Noise,AFLB3,raw_low,0.0,0.0,0.0,0.0,0.0,0.0,0.0,3686400
N029,Noise,AFLB3,raw_high,0.08938006311655045,0.07925394922494888,1.377865643803489e-08,0.6770041584968567,329490.65625,229.3575095511372,52604.8671875,3686400
N029,Noise,AFLB3,mined_low,-2.590898839116562e-05,0.0011616573901847,-0.008816607296466827,0.006457030773162842,3275.463623046875,2.230936886485024,4.977079391479492,3686400
N029,Noise,AFLB3,mined_high,-6.593953730771318e-05,0.0009739462402649224,-0.007720588240772486,0.007343045901507139,2718.486328125,1.874257703712632,3.512841939926147,3686400
N030,Noise,AFLB1,conv_feat,0.01043134462088346,0.1471988260746002,-0.6311695575714111,0.6346815824508667,101680.5234375,141.6652565799921,20069.044921875,921600
N030,Noise,AFLB1,fft_magnitude,0.0005776368197984993,0.002956314943730831,5.056460850028088e-07,0.3656084835529327,532.35009765625,2.891730019995802,8.362102508544922,921600
N030,Noise,AFLB1,raw_low,0.0,0.0,0.0,0.0,0.0,0.0,0.0,921600
N030,Noise,AFLB1,raw_high,0.1103304326534271,0.09799747169017792,3.125564873585063e-08,0.6346815824508667,101680.5234375,141.6652634734429,20069.046875,921600
N030,Noise,AFLB1,mined_low,-0.8033490180969238,2.338818073272705,-12.9493465423584,8.358796119689941,1816740.0,2374.023799375229,5635989.0,921600
N030,Noise,AFLB1,mined_high,-0.01353600714355707,0.5065662264823914,-6.492043495178223,6.738975048065186,260358.078125,486.4771481015321,236660.015625,921600
N030,Noise,AFLB2,conv_feat,-0.02199834212660789,0.1949667930603027,-0.9516895413398743,0.8593384623527527,272876.6875,266.3752639604511,70955.78125,1843200
N030,Noise,AFLB2,fft_magnitude,0.0002873397315852344,0.001981775276362896,2.20196298528208e-07,0.5417603850364685,529.6245727539062,2.718681246885697,7.391227722167969,1843200
N030,Noise,AFLB2,raw_low,0.0,0.0,0.0,0.0,0.0,0.0,0.0,1843200
N030,Noise,AFLB2,raw_high,0.14804507791996,0.1287580579519272,3.352565158820653e-07,0.9516897201538086,272876.6875,266.3752786249129,70955.7890625,1843200
N030,Noise,AFLB2,mined_low,0.004216101486235857,0.2273095995187759,-3.889317512512207,3.836750030517578,248656.40625,308.6588301628515,95270.2734375,1843200
N030,Noise,AFLB2,mined_high,-0.07819195836782455,0.2341364026069641,-4.839248180389404,4.268324851989746,314512.0625,335.1317021896019,112313.2578125,1843200
N030,Noise,AFLB3,conv_feat,0.0007551888702437282,0.1105109602212906,-0.4737865924835205,0.5868551731109619,318399.78125,212.1859904217288,45022.89453125,3686400
N030,Noise,AFLB3,fft_magnitude,9.287797729484737e-05,0.0005562615115195513,2.195806914073728e-08,0.2896911799907684,342.3853759765625,1.082807186933862,1.172471404075623,3686400
N030,Noise,AFLB3,raw_low,0.0,0.0,0.0,0.0,0.0,0.0,0.0,3686400
N030,Noise,AFLB3,raw_high,0.08637146651744843,0.06894353777170181,5.308539741122331e-08,0.5868550539016724,318399.78125,212.1859996265069,45022.8984375,3686400
N030,Noise,AFLB3,mined_low,3.001266486535314e-05,0.000801956164650619,-0.007879652082920074,0.006999500561505556,2247.558837890625,1.540833746519939,2.374168634414673,3686400
N030,Noise,AFLB3,mined_high,8.586415788158774e-06,0.0007672618958167732,-0.007892953231930733,0.007376160938292742,2114.22119140625,1.473235160712768,2.170421838760376,3686400
N031,Noise,AFLB1,conv_feat,0.009154676459729671,0.1265046298503876,-0.5136827230453491,0.5373876094818115,88582.40625,121.7620309764091,14825.9921875,921600
N031,Noise,AFLB1,fft_magnitude,0.0006759848329238594,0.00249921134673059,5.287447493174113e-07,0.3184730410575867,622.9876098632812,2.485457082730501,6.177496910095215,921600
N031,Noise,AFLB1,raw_low,0.0,0.0,0.0,0.0,0.0,0.0,0.0,921600
N031,Noise,AFLB1,raw_high,0.09611806273460388,0.08275596797466278,3.981437259881204e-07,0.5373877286911011,88582.40625,121.7620349865363,14825.9931640625,921600
N031,Noise,AFLB1,mined_low,-0.7485936284065247,2.206229686737061,-12.96967506408691,8.364232063293457,1690556.875,2236.581990448819,5002299.0,921600
N031,Noise,AFLB1,mined_high,-0.009226005524396896,0.4149841070175171,-6.61297607421875,5.733392715454102,216255.484375,398.4831983597301,158788.859375,921600
N031,Noise,AFLB2,conv_feat,-0.01808207109570503,0.1694083660840988,-0.7495570778846741,0.6959749460220337,241910.03125,231.3028655788769,53501.015625,1843200
N031,Noise,AFLB2,fft_magnitude,0.0003581218188628554,0.001701560104265809,1.675883964935565e-07,0.4415818750858307,660.0901489257812,2.360724865106671,5.57302188873291,1843200
N031,Noise,AFLB2,raw_low,0.0,0.0,0.0,0.0,0.0,0.0,0.0,1843200
N031,Noise,AFLB2,raw_high,0.1312445849180222,0.1086324751377106,3.738276888043401e-08,0.7495571374893188,241910.03125,231.3028655788769,53501.015625,1843200
N031,Noise,AFLB2,mined_low,-0.00407727574929595,0.2484500110149384,-4.681801795959473,4.614158630371094,245231.03125,337.3523403839078,113806.6015625,1843200
N031,Noise,AFLB2,mined_high,-0.08031773567199707,0.1812137812376022,-3.49902868270874,3.518896579742432,260892.8125,269.1062464436677,72418.171875,1843200
N031,Noise,AFLB3,conv_feat,0.001165892696008086,0.09745883196592331,-0.4195704460144043,0.5014773011207581,284051.8125,187.1343518037242,35019.265625,3686400
N031,Noise,AFLB3,fft_magnitude,0.0001274978567380458,0.0004807590739801526,4.91241642919249e-08,0.2506431639194489,470.0081176757812,0.9549659709959266,0.9119600057601929,3686400
N031,Noise,AFLB3,raw_low,0.0,0.0,0.0,0.0,0.0,0.0,0.0,3686400
N031,Noise,AFLB3,raw_high,0.0770539864897728,0.05968472361564636,1.13621545949627e-07,0.5014773011207581,284051.8125,187.1343518037242,35019.265625,3686400
N031,Noise,AFLB3,mined_low,2.957805554615334e-05,0.001041506882756948,-0.008182352408766747,0.007467583753168583,2897.76416015625,2.000499424566993,4.001997947692871,3686400
N031,Noise,AFLB3,mined_high,-3.229285721317865e-05,0.001007930724881589,-0.009800439700484276,0.00906934030354023,2784.6669921875,1.936219869222828,3.748947381973267,3686400
N032,Noise,AFLB1,conv_feat,0.008806423284113407,0.1220002993941307,-0.5776437520980835,0.6180026531219482,85809.0390625,117.4250093144557,13788.6328125,921600
N032,Noise,AFLB1,fft_magnitude,0.0006971079274080694,0.002397509524598718,9.03167745036626e-07,0.2990672290325165,642.4546508789062,2.396928144559591,5.745264530181885,921600
N032,Noise,AFLB1,raw_low,0.0,0.0,0.0,0.0,0.0,0.0,0.0,921600
N032,Noise,AFLB1,raw_high,0.09310876578092575,0.07932455092668533,1.04524040978049e-07,0.618002712726593,85809.0390625,117.4250217891719,13788.6357421875,921600
N032,Noise,AFLB1,mined_low,-0.8913624286651611,2.594212055206299,-14.99542236328125,9.702606201171875,2010143.25,2633.352615963156,6934546.0,921600
N032,Noise,AFLB1,mined_high,-0.01076345890760422,0.4224277138710022,-6.013425350189209,6.348871231079102,220208.609375,405.6622286459512,164561.84375,921600
N032,Noise,AFLB2,conv_feat,-0.0169705618172884,0.1743811666965485,-0.9561225771903992,0.8845303058624268,248646.046875,237.8661979453995,56580.328125,1843200
N032,Noise,AFLB2,fft_magnitude,0.0003724475391209126,0.001748961280100048,2.375783623165262e-07,0.469323068857193,686.4953002929688,2.427711591053587,5.893783569335938,1843200
N032,Noise,AFLB2,raw_low,0.0,0.0,0.0,0.0,0.0,0.0,0.0,1843200
N032,Noise,AFLB2,raw_high,0.1348991245031357,0.1117990165948868,2.752436216724163e-07,0.9561225771903992,248646.0625,237.8661979453995,56580.328125,1843200
N032,Noise,AFLB2,mined_low,0.001379138324409723,0.2403816431760788,-5.05319881439209,4.922376155853271,239359.03125,326.3583273221323,106509.7578125,1843200
N032,Noise,AFLB2,mined_high,-0.06372510641813278,0.1838439404964447,-3.465774059295654,4.140796184539795,249168.484375,264.1639671917803,69782.6015625,1843200
N032,Noise,AFLB3,conv_feat,0.001127181807532907,0.1040745005011559,-0.4742255508899689,0.5878902673721313,302086.5625,199.8347559547638,39933.9296875,3686400
N032,Noise,AFLB3,fft_magnitude,0.0001192351774079725,0.0005175774567760527,6.864016910412829e-08,0.2704104483127594,439.5485534667969,1.019777465555182,1.03994607925415,3686400
N032,Noise,AFLB3,raw_low,0.0,0.0,0.0,0.0,0.0,0.0,0.0,3686400
N032,Noise,AFLB3,raw_high,0.0819462239742279,0.06416843831539154,6.802365959401868e-08,0.5878902673721313,302086.5625,199.8347657284638,39933.93359375,3686400
N032,Noise,AFLB3,mined_low,5.060256080469117e-05,0.0009438927518203855,-0.007127163466066122,0.006771016400307417,2643.6591796875,1.814876576790597,3.293776988983154,3686400
N032,Noise,AFLB3,mined_high,1.09358734334819e-05,0.0008863346884027123,-0.007950328290462494,0.007426767610013485,2475.018310546875,1.701892091551101,2.89643669128418,3686400
N033,Noise,AFLB1,conv_feat,0.008588314987719059,0.1204845160245895,-0.6262267827987671,0.6467096209526062,82384.2890625,115.9586107801508,13446.3994140625,921600
N033,Noise,AFLB1,fft_magnitude,0.0006555692525580525,0.002376870019361377,2.608004034954092e-09,0.2721508741378784,604.172607421875,2.366995221376934,5.60266637802124,921600
N033,Noise,AFLB1,raw_low,0.0,0.0,0.0,0.0,0.0,0.0,0.0,921600
N033,Noise,AFLB1,raw_high,0.08939267694950104,0.08123563230037689,4.570210165866229e-08,0.646709680557251,82384.2890625,115.9586149909743,13446.400390625,921600
N033,Noise,AFLB1,mined_low,-0.6472669839859009,2.083336114883423,-15.25669479370117,9.437955856323242,1471702.75,2094.30632907414,4386119.0,921600
N033,Noise,AFLB1,mined_high,-0.01104683149605989,0.4724074602127075,-5.969325065612793,7.417384147644043,241428.90625,453.6351438656401,205784.84375,921600
N033,Noise,AFLB2,conv_feat,-0.01405114307999611,0.2012579888105392,-1.033829927444458,0.9036737680435181,277264.71875,273.9020125884438,75022.3125,1843200
N033,Noise,AFLB2,fft_magnitude,0.0003462071181274951,0.002029767259955406,1.612554001440003e-07,0.5097434520721436,638.1289672851562,2.795500945236928,7.814825534820557,1843200
N033,Noise,AFLB2,raw_low,0.0,0.0,0.0,0.0,0.0,0.0,0.0,1843200
N033,Noise,AFLB2,raw_high,0.1504257470369339,0.1344407498836517,7.850194094771723e-08,1.033830046653748,277264.75,273.9020411114163,75022.328125,1843200
N033,Noise,AFLB2,mined_low,0.007161847781389952,0.2840026021003723,-4.530710220336914,4.415304660797119,259403.296875,385.6972987330868,148762.40625,1843200
N033,Noise,AFLB2,mined_high,-0.0714104175567627,0.1845948994159698,-3.401726245880127,3.78811502456665,260123.46875,268.7133405229446,72206.859375,1843200
N033,Noise,AFLB3,conv_feat,0.001767494133673608,0.1286590099334717,-0.4852363765239716,0.6282875537872314,364709.84375,247.0486098422737,61033.015625,3686400
N033,Noise,AFLB3,fft_magnitude,0.0001117395586334169,0.0006470448570325971,7.794315415310393e-09,0.3224479258060455,411.9167175292969,1.260714671738124,1.589401483535767,3686400
N033,Noise,AFLB3,raw_low,0.0,0.0,0.0,0.0,0.0,0.0,0.0,3686400
N033,Noise,AFLB3,raw_high,0.0989338755607605,0.08227001130580902,1.09232312084373e-08,0.6282875537872314,364709.84375,247.0486177481064,61033.01953125,3686400
N033,Noise,AFLB3,mined_low,3.282555553596467e-05,0.001110649784095585,-0.00944786611944437,0.00771021144464612,3095.197265625,2.133378732714777,4.551304817199707,3686400
N033,Noise,AFLB3,mined_high,-7.336624548770487e-05,0.001173902186565101,-0.009740016423165798,0.007491962984204292,3318.33642578125,2.258289748706159,5.099872589111328,3686400
N034,Noise,AFLB1,conv_feat,0.01164963096380234,0.1673572212457657,-0.6719281077384949,0.6860851049423218,111727.1640625,161.0517070500962,25937.65234375,921600
N034,Noise,AFLB1,fft_magnitude,0.0006768121966160834,0.003356882138177752,1.450380011647212e-07,0.4069366753101349,623.7501220703125,3.287454316144531,10.8073558807373,921600
N034,Noise,AFLB1,raw_low,0.0,0.0,0.0,0.0,0.0,0.0,0.0,921600
N034,Noise,AFLB1,raw_high,0.121231734752655,0.1159613057971001,1.016032058487326e-07,0.6860851645469666,111727.1640625,161.0517131137542,25937.654296875,921600
N034,Noise,AFLB1,mined_low,-0.7896090745925903,2.339120388031006,-14.57115745544434,9.131072998046875,1791208.625,2370.046518530807,5617120.5,921600
N034,Noise,AFLB1,mined_high,-0.0130169028416276,0.5224117636680603,-6.467048168182373,7.565325736999512,267647.9375,501.6709578996974,251673.75,921600
N034,Noise,AFLB2,conv_feat,-0.02286272682249546,0.2365860939025879,-1.060280084609985,0.9407756924629211,313207.5625,322.6962096926458,104132.84375,1843200
N034,Noise,AFLB2,fft_magnitude,0.000331677176291123,0.00240311399102211,6.892331327890133e-08,0.5812214016914368,611.3473510742188,3.293504483593011,10.84717178344727,1843200
N034,Noise,AFLB2,raw_low,0.0,0.0,0.0,0.0,0.0,0.0,0.0,1843200
N034,Noise,AFLB2,raw_high,0.1699259728193283,0.1661951988935471,8.774634352448629e-08,1.060279965400696,313207.5625,322.6962096926458,104132.84375,1843200
N034,Noise,AFLB2,mined_low,-0.0005141643923707306,0.3150110244750977,-5.606430053710938,5.53521203994751,282019.40625,427.6737220124706,182904.8125,1843200
N034,Noise,AFLB2,mined_high,-0.08750023692846298,0.2085650116205215,-4.278582096099854,3.98201847076416,301191.125,307.0669460801667,94290.109375,1843200
N034,Noise,AFLB3,conv_feat,0.001637171255424619,0.1382961273193359,-0.5019493103027344,0.6329898834228516,371114.9375,265.547165066773,70515.296875,3686400
N034,Noise,AFLB3,fft_magnitude,9.597041207598522e-05,0.0006992336711846292,4.283982235619987e-08,0.3360361158847809,353.7853393554688,1.355114805418441,1.836336135864258,3686400
N034,Noise,AFLB3,raw_low,0.0,0.0,0.0,0.0,0.0,0.0,0.0,3686400
N034,Noise,AFLB3,raw_high,0.1006713733077049,0.09483551234006882,1.688151307632779e-08,0.6329899430274963,371114.9375,265.5471797769654,70515.3046875,3686400
N034,Noise,AFLB3,mined_low,4.856160012423061e-05,0.0009726014686748385,-0.009535442106425762,0.008082721382379532,2687.425537109375,1.869721038532854,3.495856761932373,3686400
N034,Noise,AFLB3,mined_high,-3.460608786554076e-05,0.001023401622660458,-0.009246399626135826,0.009077484719455242,2851.666259765625,1.966054190885183,3.865369081497192,3686400
N035,Noise,AFLB1,conv_feat,0.00559949828311801,0.08914431929588318,-0.6453307867050171,0.6808834075927734,57803.76953125,85.74720408160549,7352.5830078125,921600
N035,Noise,AFLB1,fft_magnitude,0.0006888235220685601,0.001688110060058534,1.154694899696551e-07,0.1794043332338333,634.8197631835938,1.750307601052804,3.063576698303223,921600
N035,Noise,AFLB1,raw_low,0.0,0.0,0.0,0.0,0.0,0.0,0.0,921600
N035,Noise,AFLB1,raw_high,0.06272111088037491,0.06359345465898514,2.442142132963454e-08,0.6808834671974182,57803.7734375,85.74720977603295,7352.583984375,921600
N035,Noise,AFLB1,mined_low,-0.7752863168716431,2.353730440139771,-15.08063507080078,9.56908893585205,1760931.25,2379.002416980697,5659652.5,921600
N035,Noise,AFLB1,mined_high,-0.01333759352564812,0.4978362023830414,-7.234464645385742,7.303254127502441,256136.296875,478.0942473770208,228574.109375,921600
N035,Noise,AFLB2,conv_feat,-0.0096939317882061,0.1413511633872986,-1.001969575881958,0.9337018728256226,186319.328125,192.3554652199932,37000.625,1843200
N035,Noise,AFLB2,fft_magnitude,0.0003568714309949428,0.001401319866999984,8.959433728250588e-08,0.3437066078186035,657.785400390625,1.963219640685795,3.854231357574463,1843200
N035,Noise,AFLB2,raw_low,0.0,0.0,0.0,0.0,0.0,0.0,0.0,1843200
N035,Noise,AFLB2,raw_high,0.1010847166180611,0.09927741438150406,4.882562620878161e-08,1.001969814300537,186319.34375,192.3554652199932,37000.625,1843200
N035,Noise,AFLB2,mined_low,0.001980595057830215,0.2583037912845612,-4.88952112197876,4.846234798431396,250089.6875,350.6951690036519,122987.1015625,1843200
N035,Noise,AFLB2,mined_high,-0.07739441096782684,0.1946301311254501,-3.628782510757446,3.662208080291748,272548.09375,284.3635299884639,80862.6171875,1843200
N035,Noise,AFLB3,conv_feat,0.0009718288201838732,0.0893084928393364,-0.5017240643501282,0.6521740555763245,240645.875,171.4824608378361,29406.234375,3686400
N035,Noise,AFLB3,fft_magnitude,0.0001113938269554637,0.0004419553733896464,6.217722869905629e-08,0.2105666697025299,410.6422119140625,0.8750928080249619,0.7657874226570129,3686400
N035,Noise,AFLB3,raw_low,0.0,0.0,0.0,0.0,0.0,0.0,0.0,3686400
N035,Noise,AFLB3,raw_high,0.06527937203645706,0.06095535308122635,5.075748177318928e-08,0.6521739959716797,240645.875,171.4824722274845,29406.23828125,3686400
N035,Noise,AFLB3,mined_low,2.338566082471516e-05,0.0009428452467545867,-0.00870711263269186,0.008365853689610958,2634.13623046875,1.810819702003505,3.279067993164062,3686400
N035,Noise,AFLB3,mined_high,-4.035783786093816e-05,0.0009339359821751714,-0.008860942907631397,0.007228420581668615,2588.9375,1.794830552394084,3.221416711807251,3686400
N036,Noise,AFLB1,conv_feat,0.01063734292984009,0.1364319324493408,-0.4616768360137939,0.4944098889827728,96759.0234375,131.3721604117478,17258.64453125,921600
N036,Noise,AFLB1,fft_magnitude,0.0004355079727247357,0.002759198658168316,3.1759986995894e-07,0.3571820557117462,401.3641357421875,2.681622932303479,7.191101551055908,921600
N036,Noise,AFLB1,raw_low,0.0,0.0,0.0,0.0,0.0,0.0,0.0,921600
N036,Noise,AFLB1,raw_high,0.1049902588129044,0.0877717062830925,3.546978488699892e-09,0.49440997838974,96759.0234375,131.3721604117478,17258.64453125,921600
N036,Noise,AFLB1,mined_low,-0.5463031530380249,1.595124959945679,-10.53530597686768,6.881357192993164,1237491.75,1618.638239385194,2619989.75,921600
N036,Noise,AFLB1,mined_high,-0.01298340130597353,0.4707120954990387,-5.10315465927124,4.93293285369873,243745.578125,452.0554791726343,204354.15625,921600
N036,Noise,AFLB2,conv_feat,-0.01944754086434841,0.2008855491876602,-0.7921496033668518,0.6827674508094788,290043.4375,274.0063012505369,75079.453125,1843200
N036,Noise,AFLB2,fft_magnitude,0.0002173416432924569,0.002048366470262408,1.957952378006667e-07,0.5461504459381104,400.6041259765625,2.796565033343186,7.820775985717773,1843200
N036,Noise,AFLB2,raw_low,0.0,0.0,0.0,0.0,0.0,0.0,0.0,1843200
N036,Noise,AFLB2,raw_high,0.1573586463928223,0.1263782829046249,9.128445555006692e-08,0.7921496629714966,290043.46875,274.0063012505369,75079.453125,1843200
N036,Noise,AFLB2,mined_low,0.006148447282612324,0.3072190880775452,-3.973051786422729,3.945869445800781,276628.53125,417.1779821011651,174037.46875,1843200
N036,Noise,AFLB2,mined_high,-0.06302415579557419,0.225690633058548,-3.5356605052948,4.267667293548584,292170.71875,318.1304518196898,101206.984375,1843200
N036,Noise,AFLB3,conv_feat,0.001719890395179391,0.1197516322135925,-0.3893401324748993,0.4800422191619873,359645.5625,229.9468433817912,52875.55078125,3686400
N036,Noise,AFLB3,fft_magnitude,7.943555829115212e-05,0.0006059837760403752,4.321767477222238e-08,0.327905684709549,292.8312377929688,1.173442555097925,1.376967430114746,3686400
N036,Noise,AFLB3,raw_low,0.0,0.0,0.0,0.0,0.0,0.0,0.0,3686400
N036,Noise,AFLB3,raw_high,0.0975601077079773,0.06946536153554916,6.89558632416265e-08,0.4800422787666321,359645.59375,229.9468433817912,52875.55078125,3686400
N036,Noise,AFLB3,mined_low,-2.876154212572146e-05,0.001046200399287045,-0.00819740816950798,0.006033788900822401,3013.18798828125,2.009463570216404,4.037943840026855,3686400
N036,Noise,AFLB3,mined_high,-3.52435490640346e-05,0.000974141585174948,-0.01129289623349905,0.007773096207529306,2782.03466796875,1.871575598104813,3.502795219421387,3686400
N037,Noise,AFLB1,conv_feat,0.009726052172482014,0.1341971755027771,-0.5972145795822144,0.606458842754364,90653.90625,129.1672017798055,16684.166015625,921600
N037,Noise,AFLB1,fft_magnitude,0.0006446588668040931,0.002669743727892637,7.452567842847202e-07,0.3216410279273987,594.1176147460938,2.636614490849611,6.951735973358154,921600
N037,Noise,AFLB1,raw_low,0.0,0.0,0.0,0.0,0.0,0.0,0.0,921600
N037,Noise,AFLB1,raw_high,0.09836579114198685,0.09180223941802979,5.062065611127764e-07,0.6064589023590088,90653.9140625,129.1672093402579,16684.16796875,921600
N037,Noise,AFLB1,mined_low,-0.6713076233863831,2.04266357421875,-13.58724784851074,8.403697967529297,1523052.5,2064.140256862406,4260675.0,921600
N037,Noise,AFLB1,mined_high,-0.01310014259070158,0.5122737288475037,-6.263783931732178,6.727647304534912,262353.3125,491.9435466849829,242008.453125,921600
N037,Noise,AFLB2,conv_feat,-0.01690143160521984,0.213339626789093,-0.9703500270843506,0.8449918627738953,282178.125,290.5469922189868,84417.5546875,1843200
N037,Noise,AFLB2,fft_magnitude,0.0003258328360971063,0.002159770810976624,2.303594044406054e-07,0.51441890001297,600.5750732421875,2.965382804668338,8.793495178222656,1843200
N037,Noise,AFLB2,raw_low,0.0,0.0,0.0,0.0,0.0,0.0,0.0,1843200
N037,Noise,AFLB2,raw_high,0.1530914306640625,0.1495408713817596,6.709291966444653e-08,0.9703500270843506,282178.125,290.5469922189868,84417.5546875,1843200
N037,Noise,AFLB2,mined_low,0.006210833787918091,0.2750708758831024,-4.56706428527832,4.519356727600098,267548.34375,373.5437767183386,139534.953125,1843200
N037,Noise,AFLB2,mined_high,-0.08290202915668488,0.2186006009578705,-4.543200969696045,4.550665855407715,300450.46875,317.4073191500158,100747.40625,1843200
N037,Noise,AFLB3,conv_feat,0.001870868261903524,0.1317826807498932,-0.4752823710441589,0.6261120438575745,358415.40625,253.0482368171136,64033.41015625,3686400
N037,Noise,AFLB3,fft_magnitude,0.0001009735642583109,0.0006649455754086375,8.180482069519712e-09,0.3207597732543945,372.2289428710938,1.291331334834472,1.667536616325378,3686400
N037,Noise,AFLB3,raw_low,0.0,0.0,0.0,0.0,0.0,0.0,0.0,3686400
N037,Noise,AFLB3,raw_high,0.09722640365362167,0.08897866308689117,3.064030806854134e-09,0.6261121034622192,358415.40625,253.0482445355036,64033.4140625,3686400
N037,Noise,AFLB3,mined_low,5.765768491983181e-06,0.001203766791149974,-0.00871260929852724,0.007265504449605942,3409.259765625,2.311258756168133,5.341917037963867,3686400
N037,Noise,AFLB3,mined_high,-4.210077895550057e-05,0.001063470263034105,-0.008955108933150768,0.008562792092561722,2971.0234375,2.043462339916193,4.175738334655762,3686400
N038,Noise,AFLB1,conv_feat,0.005943847820162773,0.1025659069418907,-0.6825377941131592,0.7369334697723389,64492.1171875,98.62846556015155,9727.57421875,921600
N038,Noise,AFLB1,fft_magnitude,0.00062991539016366,0.002000290667638183,2.577129123437771e-07,0.2102795243263245,580.530029296875,2.013245234909302,4.05315637588501,921600
N038,Noise,AFLB1,raw_low,0.0,0.0,0.0,0.0,0.0,0.0,0.0,921600
N038,Noise,AFLB1,raw_high,0.06997842341661453,0.07522044330835342,9.966079517198523e-08,0.7369335889816284,64492.1171875,98.62847051086466,9727.5751953125,921600
N038,Noise,AFLB1,mined_low,-0.8126436471939087,2.395487546920776,-12.92555999755859,8.322267532348633,1842604.75,2428.392163551843,5897088.5,921600
N038,Noise,AFLB1,mined_high,-0.0136494068428874,0.5173448920249939,-6.670638561248779,7.265766143798828,265885.5625,496.823928192876,246834.015625,921600
N038,Noise,AFLB2,conv_feat,-0.01275196950882673,0.1481253653764725,-1.076500058174133,0.9589630961418152,189341.28125,201.8455086817638,40741.609375,1843200
N038,Noise,AFLB2,fft_magnitude,0.0003123047354165465,0.001484903506934643,9.15738453954873e-08,0.3903468549251556,575.6400756835938,2.060077053221544,4.243917465209961,1843200
N038,Noise,AFLB2,raw_low,0.0,0.0,0.0,0.0,0.0,0.0,0.0,1843200
N038,Noise,AFLB2,raw_high,0.1027242168784142,0.1074777767062187,1.629917250056678e-07,1.076500177383423,189341.28125,201.8455086817638,40741.609375,1843200
N038,Noise,AFLB2,mined_low,0.001251899637281895,0.3032022416591644,-5.1103835105896,5.080767154693604,274941.625,411.6445296004795,169451.21875,1843200
N038,Noise,AFLB2,mined_high,-0.07183833420276642,0.2186470776796341,-3.762128829956055,4.505038261413574,294930.0,312.456897027414,97629.3125,1843200
N038,Noise,AFLB3,conv_feat,0.0003293363261036575,0.09001540392637253,-0.4894490540027618,0.6387878656387329,240477.359375,172.8307404478439,29870.46484375,3686400
N038,Noise,AFLB3,fft_magnitude,9.893804235616699e-05,0.0004485797835513949,8.564835241031687e-08,0.2118720561265945,364.7251892089844,0.8819732052242752,0.7778767347335815,3686400
N038,Noise,AFLB3,raw_low,0.0,0.0,0.0,0.0,0.0,0.0,0.0,3686400
N038,Noise,AFLB3,raw_high,0.06523365527391434,0.06202783063054085,2.202392401784437e-08,0.6387877464294434,240477.359375,172.8307404478439,29870.46484375,3686400
N038,Noise,AFLB3,mined_low,1.301814063481288e-05,0.001005421043373644,-0.008340369910001755,0.007756680715829134,2794.283935546875,1.930570207474665,3.72710132598877,3686400
N038,Noise,AFLB3,mined_high,-7.989772711880505e-06,0.000942869926802814,-0.008780109696090221,0.008057539351284504,2594.885498046875,1.810375283678809,3.277458667755127,3686400
N039,Noise,AFLB1,conv_feat,0.007099012844264507,0.1057029217481613,-0.6603915095329285,0.7110748887062073,73770.0625,101.7033974589222,10343.5810546875,921600
N039,Noise,AFLB1,fft_magnitude,0.0006912403623573482,0.002049060072749853,2.453480760777893e-07,0.2396199852228165,637.047119140625,2.076011902754808,4.309825420379639,921600
N039,Noise,AFLB1,raw_low,0.0,0.0,0.0,0.0,0.0,0.0,0.0,921600
N039,Noise,AFLB1,raw_high,0.08004564046859741,0.06939884275197983,6.068522395707987e-08,0.711074948310852,73770.0625,101.7033974589222,10343.5810546875,921600
N039,Noise,AFLB1,mined_low,-0.8362575173377991,2.454349517822266,-15.4605712890625,9.907398223876953,1897448.125,2489.189124996331,6196062.5,921600
N039,Noise,AFLB1,mined_high,-0.01585840061306953,0.6145260334014893,-8.488304138183594,9.248013496398926,314362.875,590.1413760701753,348266.84375,921600
N039,Noise,AFLB2,conv_feat,-0.01372525840997696,0.1645219326019287,-0.9819573760032654,0.8827709555625916,228428.828125,224.1383065625999,50237.98046875,1843200
N039,Noise,AFLB2,fft_magnitude,0.0003543204802554101,0.001647303346544504,9.570896253308092e-08,0.4463062584400177,653.08349609375,2.287602085691416,5.233123302459717,1843200
N039,Noise,AFLB2,raw_low,0.0,0.0,0.0,0.0,0.0,0.0,0.0,1843200
N039,Noise,AFLB2,raw_high,0.1239305734634399,0.1090736612677574,1.266638065544612e-07,0.9819573760032654,228428.828125,224.1383239904546,50237.98828125,1843200
N039,Noise,AFLB2,mined_low,-0.005408468190580606,0.4242750108242035,-6.263803958892822,6.216972351074219,322796.53125,576.0616557713246,331847.03125,1843200
N039,Noise,AFLB2,mined_high,-0.05181654170155525,0.2067475616931915,-3.592001676559448,3.880193948745728,273150.84375,289.3711662813004,83735.671875,1843200
N039,Noise,AFLB3,conv_feat,0.0008996111573651433,0.1038425490260124,-0.4913329780101776,0.6460690498352051,290167.59375,199.3851682360049,39754.4453125,3686400
N039,Noise,AFLB3,fft_magnitude,0.0001074964311555959,0.0005189219955354929,6.581360167956518e-08,0.2594203948974609,396.2748413085938,1.017483229065444,1.035272121429443,3686400
N039,Noise,AFLB3,raw_low,0.0,0.0,0.0,0.0,0.0,0.0,0.0,3686400
N039,Noise,AFLB3,raw_high,0.07871299982070923,0.06773734092712402,6.660725304641346e-09,0.6460690498352051,290167.59375,199.3851780317434,39754.44921875,3686400
N039,Noise,AFLB3,mined_low,3.064226257265545e-05,0.001101452042348683,-0.009331327863037586,0.009137357585132122,3005.345947265625,2.115606076312269,4.475789070129395,3686400
N039,Noise,AFLB3,mined_high,1.007089394988725e-05,0.001134553924202919,-0.009658909402787685,0.01076883915811777,3097.946044921875,2.178429243821546,4.745553970336914,3686400
N040,Noise,AFLB1,conv_feat,0.008784579113125801,0.1195725724101067,-0.6110935807228088,0.6237892508506775,82668.453125,115.099031748208,13247.787109375,921600
N040,Noise,AFLB1,fft_magnitude,0.0007036087336018682,0.002344018314033747,5.436937158265209e-07,0.2818461656570435,648.44580078125,2.349449145909544,5.519911289215088,921600
N040,Noise,AFLB1,raw_low,0.0,0.0,0.0,0.0,0.0,0.0,0.0,921600
N040,Noise,AFLB1,raw_high,0.08970101922750473,0.07955185323953629,6.720397749404583e-08,0.6237891912460327,82668.4609375,115.0990359904787,13247.7880859375,921600
N040,Noise,AFLB1,mined_low,-0.6558099985122681,2.007781744003296,-14.51452732086182,8.789937019348145,1498954.625,2027.685934754197,4111510.25,921600
N040,Noise,AFLB1,mined_high,-0.01353367883712053,0.5393751859664917,-8.131603240966797,9.58588695526123,274043.375,517.9631984996618,268285.875,921600
N040,Noise,AFLB2,conv_feat,-0.01392477657645941,0.197147011756897,-0.9960619211196899,0.9115943908691406,271200.28125,268.3224797235595,71996.953125,1843200
N040,Noise,AFLB2,fft_magnitude,0.0003661341906990856,0.001983629073947668,2.283633335764534e-07,0.478720098733902,674.8585205078125,2.738554806180193,7.499682426452637,1843200
N040,Noise,AFLB2,raw_low,0.0,0.0,0.0,0.0,0.0,0.0,0.0,1843200
N040,Noise,AFLB2,raw_high,0.1471355706453323,0.1319544166326523,1.08992459502133e-07,0.9960619807243347,271200.28125,268.3224797235595,71996.953125,1843200
N040,Noise,AFLB2,mined_low,0.003432656871154904,0.2754228115081787,-4.796424865722656,4.714943885803223,273755.3125,373.9554410287407,139842.671875,1843200
N040,Noise,AFLB2,mined_high,-0.09806918352842331,0.2070717364549637,-3.562154769897461,4.191011428833008,307363.46875,311.0645029571841,96761.125,1843200
N040,Noise,AFLB3,conv_feat,0.001995380967855453,0.1247628703713417,-0.5035265684127808,0.6579656600952148,352230.0,239.5753485988281,57396.34765625,3686400
N040,Noise,AFLB3,fft_magnitude,0.0001126522911363281,0.0006267151329666376,5.086723575686847e-08,0.312334805727005,415.2814025878906,1.222577808532927,1.494696497917175,3686400
N040,Noise,AFLB3,raw_low,0.0,0.0,0.0,0.0,0.0,0.0,0.0,3686400
N040,Noise,AFLB3,raw_high,0.09554851055145264,0.08025109767913818,3.4446820507128e-08,0.6579656600952148,352230.03125,239.5753485988281,57396.34765625,3686400
N040,Noise,AFLB3,mined_low,3.251216185162775e-05,0.001160526764579117,-0.01051623094826937,0.009729620069265366,3253.924560546875,2.229085677152228,4.968822956085205,3686400
N040,Noise,AFLB3,mined_high,-3.498840669635683e-05,0.001171322539448738,-0.01267968025058508,0.008796023204922676,3141.45703125,2.24994235494733,5.062240600585938,3686400
N041,Noise,AFLB1,conv_feat,0.00791662186384201,0.1246634796261787,-0.6883701682090759,0.70760577917099,78385.125,119.9180139850765,14380.330078125,921600
N041,Noise,AFLB1,fft_magnitude,0.0007322194869630039,0.002442412544041872,1.016879082271771e-06,0.2726741135120392,674.8134765625,2.447816194677371,5.991804122924805,921600
N041,Noise,AFLB1,raw_low,0.0,0.0,0.0,0.0,0.0,0.0,0.0,921600
N041,Noise,AFLB1,raw_high,0.08505330234766006,0.09148548543453217,5.038473318563774e-07,0.7076058387756348,78385.125,119.9180180568687,14380.3310546875,921600
N041,Noise,AFLB1,mined_low,-0.7961770296096802,2.492091178894043,-14.69376850128174,9.594303131103516,1811457.75,2511.536183294997,6307814.0,921600
N041,Noise,AFLB1,mined_high,-0.01294827181845903,0.4887928366661072,-6.436216831207275,6.999449253082275,249668.84375,469.4057080500833,220341.71875,921600
N041,Noise,AFLB2,conv_feat,-0.01519053243100643,0.1692138165235519,-1.076027631759644,0.9669564366340637,216771.375,230.6561378031159,53202.25390625,1843200
N041,Noise,AFLB2,fft_magnitude,0.000365288695320487,0.001695062965154648,1.601880086354868e-07,0.3797340393066406,673.3001098632812,2.354124378285893,5.541901588439941,1843200
N041,Noise,AFLB2,raw_low,0.0,0.0,0.0,0.0,0.0,0.0,0.0,1843200
N041,Noise,AFLB2,raw_high,0.1176059991121292,0.1226087212562561,1.498717416836826e-08,1.076027631759644,216771.375,230.6561378031159,53202.25390625,1843200
N041,Noise,AFLB2,mined_low,-0.00270226108841598,0.2945959866046906,-6.064291000366211,5.938160419464111,268330.375,399.973612410869,159978.890625,1843200
N041,Noise,AFLB2,mined_high,-0.0800076499581337,0.1919451653957367,-3.016294479370117,4.137856006622314,274650.6875,282.3254438586788,79707.65625,1843200
N041,Noise,AFLB3,conv_feat,0.001097587519325316,0.09793870896100998,-0.5056207776069641,0.6286154985427856,253395.796875,188.0541290925302,35364.35546875,3686400
N041,Noise,AFLB3,fft_magnitude,0.0001108577707782388,0.0004873739380855113,1.36417925844512e-08,0.2194754332304001,408.6660766601562,0.9596597193103985,0.9209467768669128,3686400
N041,Noise,AFLB3,raw_low,0.0,0.0,0.0,0.0,0.0,0.0,0.0,3686400
N041,Noise,AFLB3,raw_high,0.06873800605535507,0.06977307051420212,1.699812024469338e-08,0.6286153793334961,253395.796875,188.0541290925302,35364.35546875,3686400
N041,Noise,AFLB3,mined_low,2.737260911089834e-05,0.00105472409632057,-0.01054509729146957,0.00914129987359047,2906.584228515625,2.025752212781191,4.103672027587891,3686400
N041,Noise,AFLB3,mined_high,-4.356834688223898e-05,0.001084065879695117,-0.009620802477002144,0.00898946262896061,2964.01171875,2.083086673121893,4.339250087738037,3686400
N042,Noise,AFLB1,conv_feat,0.007364153396338224,0.1075064167380333,-0.5867048501968384,0.6195718050003052,71587.0859375,103.448007396832,10701.490234375,921600
N042,Noise,AFLB1,fft_magnitude,0.0006353972130455077,0.002105836058035493,1.379847560656344e-07,0.2402307987213135,585.5820922851562,2.111623738049985,4.458954811096191,921600
N042,Noise,AFLB1,raw_low,0.0,0.0,0.0,0.0,0.0,0.0,0.0,921600
N042,Noise,AFLB1,raw_high,0.07767696678638458,0.07468701153993607,1.13639210042038e-07,0.6195718050003052,71587.09375,103.4480121168962,10701.4912109375,921600
N042,Noise,AFLB1,mined_low,-0.6724919080734253,2.047200918197632,-14.50793838500977,9.268879890441895,1528619.0,2068.633365292168,4279244.0,921600
N042,Noise,AFLB1,mined_high,-0.01360040344297886,0.5184376835823059,-6.723621845245361,6.816675186157227,264545.78125,497.8713752064884,247875.90625,921600
N042,Noise,AFLB2,conv_feat,-0.01276630815118551,0.1728359758853912,-0.9658167362213135,0.8897679448127747,230826.765625,235.2891256651059,55360.97265625,1843200
N042,Noise,AFLB2,fft_magnitude,0.0003294827183708549,0.001737847342155874,1.482919884665534e-07,0.4319379925727844,607.3025512695312,2.401409780179661,5.766768932342529,1843200
N042,Noise,AFLB2,raw_low,0.0,0.0,0.0,0.0,0.0,0.0,0.0,1843200
N042,Noise,AFLB2,raw_high,0.1252315491437912,0.1198011487722397,8.078677282696844e-09,0.965816855430603,230826.78125,235.2891422670201,55360.98046875,1843200
N042,Noise,AFLB2,mined_low,0.003304843557998538,0.2852785885334015,-4.411023616790771,4.377166271209717,266623.28125,387.3330487126034,150026.890625,1843200
N042,Noise,AFLB2,mined_high,-0.08916333317756653,0.2063864469528198,-3.909058094024658,3.978403806686401,298193.15625,305.2300873931009,93165.40625,1843200
N042,Noise,AFLB3,conv_feat,0.001350793871097267,0.1087911799550056,-0.5317425727844238,0.6270213723182678,300177.0,208.895159110976,43637.1875,3686400
N042,Noise,AFLB3,fft_magnitude,0.0001053661471814848,0.0005451258621178567,3.163533079941772e-08,0.2676174938678741,388.4217529296875,1.066013641187836,1.136385083198547,3686400
N042,Noise,AFLB3,raw_low,0.0,0.0,0.0,0.0,0.0,0.0,0.0,3686400
N042,Noise,AFLB3,raw_high,0.08142822235822678,0.0721580907702446,2.795456488513537e-08,0.627021312713623,300177.0,208.8951684607617,43637.19140625,3686400
N042,Noise,AFLB3,mined_low,5.058102760813199e-05,0.001076493063010275,-0.008558005094528198,0.007634767796844244,3030.26318359375,2.06914697624155,4.281369209289551,3686400
N042,Noise,AFLB3,mined_high,-5.223443804425187e-05,0.001109095406718552,-0.01040128991007805,0.008825408294796944,3096.3125,2.131823523533771,4.544671535491943,3686400
N043,Noise,AFLB1,conv_feat,0.0078257005661726,0.1182200834155083,-0.6798453330993652,0.7101401090621948,76370.15625,113.7396672848242,12936.7119140625,921600
N043,Noise,AFLB1,fft_magnitude,0.0007852921262383461,0.002287392038851976,6.262461624828575e-07,0.266444206237793,723.7252197265625,2.32170130207035,5.390296936035156,921600
N043,Noise,AFLB1,raw_low,0.0,0.0,0.0,0.0,0.0,0.0,0.0,921600
N043,Noise,AFLB1,raw_high,0.08286692202091217,0.08467763662338257,1.79059426841377e-07,0.7101402282714844,76370.15625,113.7396672848242,12936.7119140625,921600
N043,Noise,AFLB1,mined_low,-0.8010342121124268,2.427451848983765,-16.76190185546875,11.06768703460693,1816383.75,2453.955684196436,6021898.5,921600
N043,Noise,AFLB1,mined_high,-0.01334983296692371,0.5223879218101501,-7.306364059448242,7.56788969039917,267362.0,501.6561322260499,251658.875,921600
N043,Noise,AFLB2,conv_feat,-0.01459852512925863,0.1655799001455307,-1.013805150985718,0.9390396475791931,217060.78125,225.6707450163844,50927.28515625,1843200
N043,Noise,AFLB2,fft_magnitude,0.0004035028396174312,0.001647814293392003,1.141020220529754e-07,0.3807237446308136,743.7364501953125,2.30324247932759,5.304925918579102,1843200
N043,Noise,AFLB2,raw_low,0.0,0.0,0.0,0.0,0.0,0.0,0.0,1843200
N043,Noise,AFLB2,raw_high,0.1177630126476288,0.1173102483153343,1.133042282219776e-08,1.013805031776428,217060.78125,225.6707623258937,50927.29296875,1843200
N043,Noise,AFLB2,mined_low,-0.001645828713662922,0.2483111470937729,-4.065494060516357,4.014873504638672,255196.65625,337.1257879115746,113653.796875,1843200
N043,Noise,AFLB2,mined_high,-0.08640026301145554,0.2067148238420486,-3.577908515930176,3.690008401870728,295719.03125,304.1731491889118,92521.3046875,1843200
N043,Noise,AFLB3,conv_feat,0.001213700859807432,0.09652246534824371,-0.5029463171958923,0.6362245082855225,256317.53125,185.3377933834597,34350.09765625,3686400
N043,Noise,AFLB3,fft_magnitude,0.0001164043642347679,0.0004786521021742374,7.943740598648219e-08,0.2256196141242981,429.113037109375,0.9457979768426898,0.8945338129997253,3686400
N043,Noise,AFLB3,raw_low,0.0,0.0,0.0,0.0,0.0,0.0,0.0,3686400
N043,Noise,AFLB3,raw_high,0.06953058391809464,0.06695937365293503,4.679820264641421e-08,0.6362245082855225,256317.53125,185.3377933834597,34350.09765625,3686400
N043,Noise,AFLB3,mined_low,4.912339863949455e-05,0.0009287862339988351,-0.007707368582487106,0.007841014303267002,2586.755615234375,1.785761957894633,3.188945770263672,3686400
N043,Noise,AFLB3,mined_high,-5.298888027027715e-06,0.00102408672682941,-0.009691913612186909,0.01077594794332981,2795.109130859375,1.966272702871164,3.866228342056274,3686400
N044,Noise,AFLB1,conv_feat,0.007802307140082121,0.1107334345579147,-0.511263906955719,0.5205760598182678,72639.3671875,106.5676547506911,11356.6650390625,921600
N044,Noise,AFLB1,fft_magnitude,0.0005974496598355472,0.002185758901759982,1.391213828583204e-07,0.2344248294830322,550.609619140625,2.175303216603948,4.73194408416748,921600
N044,Noise,AFLB1,raw_low,0.0,0.0,0.0,0.0,0.0,0.0,0.0,921600
N044,Noise,AFLB1,raw_high,0.07881876081228256,0.07816889137029648,1.48403254129903e-08,0.5205761194229126,72639.3671875,106.5676593325808,11356.666015625,921600
N044,Noise,AFLB1,mined_low,-0.6234707832336426,1.872110962867737,-11.813307762146,7.75886344909668,1419537.25,1894.271231898959,3588263.5,921600
N044,Noise,AFLB1,mined_high,-0.01267553213983774,0.5307522416114807,-7.021803379058838,7.660521507263184,272654.125,509.6674773810862,259760.9375,921600
N044,Noise,AFLB2,conv_feat,-0.01014361251145601,0.2072901278734207,-0.8937609791755676,0.8211116790771484,276456.25,281.7631707214412,79390.484375,1843200
N044,Noise,AFLB2,fft_magnitude,0.0003244266554247588,0.00209318520501256,1.023962070689777e-07,0.4645515084266663,597.9832153320312,2.875733323489358,8.269842147827148,1843200
N044,Noise,AFLB2,raw_low,0.0,0.0,0.0,0.0,0.0,0.0,0.0,1843200
N044,Noise,AFLB2,raw_high,0.1499871164560318,0.1434432119131088,8.244265359280689e-08,0.8937610983848572,276456.25,281.7631707214412,79390.484375,1843200
N044,Noise,AFLB2,mined_low,-0.007630897220224142,0.2573194205760956,-3.983296871185303,3.936843872070312,254928.203125,349.5020117967849,122151.65625,1843200
N044,Noise,AFLB2,mined_high,-0.08924994617700577,0.1959933340549469,-3.372375965118408,4.507472515106201,280329.6875,292.379302020509,85485.65625,1843200
N044,Noise,AFLB3,conv_feat,0.002497489098459482,0.136137068271637,-0.4705846011638641,0.6014944314956665,378846.34375,261.4271528552457,68344.15625,3686400
N044,Noise,AFLB3,fft_magnitude,0.0001076970002031885,0.0006864414317533374,7.868430174085006e-08,0.328026294708252,397.0142211914062,1.334089908921456,1.77979588508606,3686400
N044,Noise,AFLB3,raw_low,0.0,0.0,0.0,0.0,0.0,0.0,0.0,3686400
N044,Noise,AFLB3,raw_high,0.1027686670422554,0.08932044357061386,5.929343060984138e-08,0.6014944314956665,378846.40625,261.4271528552457,68344.15625,3686400
N044,Noise,AFLB3,mined_low,4.097026976523921e-05,0.001198328100144863,-0.009373264387249947,0.008003213442862034,3319.24560546875,2.30213419540167,5.299821853637695,3686400
N044,Noise,AFLB3,mined_high,-4.444513979251496e-05,0.001179653685539961,-0.01062510907649994,0.009968568570911884,3262.992919921875,2.266542235867273,5.137213706970215,3686400
N045,Noise,AFLB1,conv_feat,0.007559327874332666,0.09981589019298553,-0.4406951069831848,0.4559035301208496,69159.5078125,96.09765744088146,9234.759765625,921600
N045,Noise,AFLB1,fft_magnitude,0.0004183394485153258,0.002000035252422094,1.65458772016791e-07,0.2395928055047989,385.5416259765625,1.961585253233653,3.847816705703735,921600
N045,Noise,AFLB1,raw_low,0.0,0.0,0.0,0.0,0.0,0.0,0.0,921600
N045,Noise,AFLB1,raw_high,0.07504287362098694,0.06624894589185715,2.823991485101374e-09,0.4559036493301392,69159.515625,96.09765744088146,9234.759765625,921600
N045,Noise,AFLB1,mined_low,-0.6132546067237854,1.868805646896362,-12.65570735931396,8.456358909606934,1398331.25,1888.180076157992,3565224.0,921600
N045,Noise,AFLB1,mined_high,-0.01394541468471289,0.5375291705131531,-6.274608612060547,6.261504650115967,275380.46875,516.2016321167533,266464.125,921600
N045,Noise,AFLB2,conv_feat,-0.01163431163877249,0.1712212115526199,-0.7420828342437744,0.6525465846061707,238996.0625,232.9936292047489,54286.03125,1843200
N045,Noise,AFLB2,fft_magnitude,0.0002162605087505654,0.001738146762363613,2.974621509110875e-07,0.433654397726059,398.6113586425781,2.377981322430923,5.654795169830322,1843200
N045,Noise,AFLB2,raw_low,0.0,0.0,0.0,0.0,0.0,0.0,0.0,1843200
N045,Noise,AFLB2,raw_high,0.1296636611223221,0.1124250516295433,2.424036971149235e-08,0.7420828938484192,238996.0625,232.9936459702281,54286.0390625,1843200
N045,Noise,AFLB2,mined_low,0.0031542694196105,0.3262205123901367,-4.894109725952148,4.836953639984131,281002.5,442.9123608288664,196171.359375,1843200
N045,Noise,AFLB2,mined_high,-0.07441403716802597,0.1857852339744568,-3.825736284255981,3.092236995697021,268363.125,271.7108699978711,73826.796875,1843200
N045,Noise,AFLB3,conv_feat,0.001846987055614591,0.109907440841198,-0.3768433630466461,0.4878351986408234,319997.34375,211.0520892457594,44542.984375,3686400
N045,Noise,AFLB3,fft_magnitude,7.679408008698374e-05,0.0005556668620556593,3.749207166947599e-08,0.2853390574455261,283.0936889648438,1.077020715384996,1.159973621368408,3686400
N045,Noise,AFLB3,raw_low,0.0,0.0,0.0,0.0,0.0,0.0,0.0,3686400
N045,Noise,AFLB3,raw_high,0.0868048444390297,0.06743869185447693,6.522009243781213e-08,0.4878352284431458,319997.375,211.0520892457594,44542.984375,3686400
N045,Noise,AFLB3,mined_low,4.990504021407105e-05,0.00100534618832171,-0.00893020536750555,0.009132910519838333,2783.885498046875,1.932641305334448,3.735102415084839,3686400
N045,Noise,AFLB3,mined_high,-6.62552411085926e-05,0.001289268722757697,-0.009935020469129086,0.009667927399277687,3626.7705078125,2.478662509037831,6.143767833709717,3686400
N046,Noise,AFLB1,conv_feat,0.01070345565676689,0.14420485496521,-0.6269336342811584,0.649581789970398,100196.328125,138.8174807751171,19270.29296875,921600
N046,Noise,AFLB1,fft_magnitude,0.0008056711521930993,0.002839582739397883,1.164277421139559e-07,0.36113640666008,742.5065307617188,2.833600050396222,8.029289245605469,921600
N046,Noise,AFLB1,raw_low,0.0,0.0,0.0,0.0,0.0,0.0,0.0,921600
N046,Noise,AFLB1,raw_high,0.1087199747562408,0.09533924609422684,1.378833758280962e-07,0.649581789970398,100196.328125,138.8174807751171,19270.29296875,921600
N046,Noise,AFLB1,mined_low,-0.7944968938827515,2.347082138061523,-13.77530956268311,8.848611831665039,1793888.75,2378.790133660387,5658642.5,921600
N046,Noise,AFLB1,mined_high,-0.01134900096803904,0.4686072170734406,-7.763858318328857,7.898983955383301,242457.59375,449.9948437204586,202495.359375,921600
N046,Noise,AFLB2,conv_feat,-0.01934174075722694,0.2065240740776062,-1.003758072853088,0.9277449250221252,286913.46875,281.6133486271558,79306.078125,1843200
N046,Noise,AFLB2,fft_magnitude,0.0004314901016186923,0.002072612522169948,4.038708212306119e-08,0.5031791925430298,795.3225708007812,2.874204110815703,8.261049270629883,1843200
N046,Noise,AFLB2,raw_low,0.0,0.0,0.0,0.0,0.0,0.0,0.0,1843200
N046,Noise,AFLB2,raw_high,0.1556605249643326,0.1370988637208939,6.917387196381242e-08,1.003758192062378,286913.46875,281.6133486271558,79306.078125,1843200
N046,Noise,AFLB2,mined_low,0.002120539778843522,0.2549335360527039,-4.556639671325684,4.474920272827148,254883.09375,346.1211967107764,119799.8828125,1843200
N046,Noise,AFLB2,mined_high,-0.08663344383239746,0.1920607835054398,-3.736203193664551,4.019524574279785,279336.21875,286.0500393287859,81824.625,1843200
N046,Noise,AFLB3,conv_feat,0.001817591139115393,0.1230466440320015,-0.5071121454238892,0.6565945744514465,345200.21875,236.2753375963094,55826.03515625,3686400
N046,Noise,AFLB3,fft_magnitude,0.0001390638062730432,0.0006123973871581256,3.17822212991814e-08,0.3052721619606018,512.6448364257812,1.205737510086534,1.453802943229675,3686400
N046,Noise,AFLB3,raw_low,0.0,0.0,0.0,0.0,0.0,0.0,0.0,3686400
N046,Noise,AFLB3,raw_high,0.09364154189825058,0.07984386384487152,1.588077047642855e-08,0.6565946340560913,345200.1875,236.2753375963094,55826.03515625,3686400
N046,Noise,AFLB3,mined_low,9.251286428479943e-06,0.0009534729178994894,-0.01010339800268412,0.008422257378697395,2626.251220703125,1.830754207116064,3.351660966873169,3686400
N046,Noise,AFLB3,mined_high,-3.939525413443334e-05,0.0009562885388731956,-0.008480211719870567,0.008359883911907673,2621.897216796875,1.8376313532377,3.376888990402222,3686400
N047,Noise,AFLB1,conv_feat,0.009553593583405018,0.1257648319005966,-0.5884774923324585,0.6103472709655762,87915.71875,121.082088148134,14660.8720703125,921600
N047,Noise,AFLB1,fft_magnitude,0.0006402969593182206,0.002493668114766479,1.203020474349614e-07,0.3206467628479004,590.09765625,2.471577823488679,6.108696937561035,921600
N047,Noise,AFLB1,raw_low,0.0,0.0,0.0,0.0,0.0,0.0,0.0,921600
N047,Noise,AFLB1,raw_high,0.09539466351270676,0.08251014351844788,8.231643278122647e-08,0.6103472709655762,87915.71875,121.0820921807804,14660.873046875,921600
N047,Noise,AFLB1,mined_low,-0.7631719708442688,2.223933219909668,-13.17375659942627,8.55111312866211,1721893.125,2257.186523085764,5094891.0,921600
N047,Noise,AFLB1,mined_high,-0.01162781193852425,0.4567991495132446,-6.282658576965332,5.93671703338623,236044.859375,438.6692411430279,192430.703125,921600
N047,Noise,AFLB2,conv_feat,-0.01688038371503353,0.1821675598621368,-0.9709866642951965,0.8740140199661255,259725.78125,248.3784285118174,61691.84375,1843200
N047,Noise,AFLB2,fft_magnitude,0.0003380443376954645,0.00183634995482862,3.225697753350687e-07,0.4572241306304932,623.0833129882812,2.535001823529974,6.426234245300293,1843200
N047,Noise,AFLB2,raw_low,0.0,0.0,0.0,0.0,0.0,0.0,0.0,1843200
N047,Noise,AFLB2,raw_high,0.140910267829895,0.1166801825165749,7.078057251419523e-08,0.9709866046905518,259725.8125,248.3784285118174,61691.84375,1843200
N047,Noise,AFLB2,mined_low,0.006997338961809874,0.2194617390632629,-3.503888368606567,3.477300882339478,242618.3125,298.1025541864745,88865.1328125,1843200
N047,Noise,AFLB2,mined_high,-0.09155751764774323,0.1991666704416275,-3.088704109191895,3.910055160522461,290593.4375,297.6004294771766,88566.015625,1843200
N047,Noise,AFLB3,conv_feat,0.001764030545018613,0.10811747610569,-0.4895541071891785,0.6480953693389893,315822.46875,207.6131844922186,43103.234375,3686400
N047,Noise,AFLB3,fft_magnitude,0.0001113355756388046,0.0005404596449807286,3.838895423768918e-08,0.282260537147522,410.4274597167969,1.059471639090672,1.122480154037476,3686400
N047,Noise,AFLB3,raw_low,0.0,0.0,0.0,0.0,0.0,0.0,0.0,3686400
N047,Noise,AFLB3,raw_high,0.08567232638597488,0.06597539782524109,5.402642955232295e-08,0.6480953693389893,315822.46875,207.6131938997375,43103.23828125,3686400
N047,Noise,AFLB3,mined_low,-9.38988432608312e-06,0.00102013919968158,-0.008064938709139824,0.005756177473813295,2880.759765625,1.958750321924394,3.836702823638916,3686400
N047,Noise,AFLB3,mined_high,9.70372639130801e-06,0.0008637013961561024,-0.00775791984051466,0.00845993310213089,2390.533935546875,1.658411235353362,2.750327825546265,3686400
N048,Noise,AFLB1,conv_feat,0.009754816070199013,0.1402051895856857,-0.7133867144584656,0.736560046672821,90474.75,134.9223662773337,18204.044921875,921600
N048,Noise,AFLB1,fft_magnitude,0.0008802629890851676,0.002730459673330188,1.555184496737638e-07,0.3157716989517212,811.2503662109375,2.754091427035504,7.585019588470459,921600
N048,Noise,AFLB1,raw_low,0.0,0.0,0.0,0.0,0.0,0.0,0.0,921600
N048,Noise,AFLB1,raw_high,0.09817138314247131,0.1005735248327255,3.728523267909623e-08,0.736560046672821,90474.75,134.9223735152921,18204.046875,921600
N048,Noise,AFLB1,mined_low,-0.8293222784996033,2.503458023071289,-16.47845268249512,10.93727588653564,1878476.25,2531.758381046659,6409800.5,921600
N048,Noise,AFLB1,mined_high,-0.01335629913955927,0.562955915927887,-8.168434143066406,8.054999351501465,282838.78125,540.5897531862771,292237.28125,921600
N048,Noise,AFLB2,conv_feat,-0.01576459966599941,0.2198158949613571,-1.059016585350037,0.9980759620666504,283847.15625,299.1984343625481,89519.703125,1843200
N048,Noise,AFLB2,fft_magnitude,0.0004602189874276519,0.002201662631705403,5.168825367718455e-08,0.4904559552669525,848.275634765625,3.053681112692138,9.324968338012695,1843200
N048,Noise,AFLB2,raw_low,0.0,0.0,0.0,0.0,0.0,0.0,0.0,1843200
N048,Noise,AFLB2,raw_high,0.1539969444274902,0.1576467305421829,3.824764949200699e-10,1.059016585350037,283847.15625,299.1984343625481,89519.703125,1843200
N048,Noise,AFLB2,mined_low,-0.0046537802554667,0.2768041491508484,-5.152329444885254,5.040839672088623,267902.0,375.8548589548897,141266.875,1843200
N048,Noise,AFLB2,mined_high,-0.07941164821386337,0.1882263720035553,-3.378065824508667,3.508367538452148,268156.375,277.356536677072,76926.6484375,1843200
N048,Noise,AFLB3,conv_feat,0.002093611052259803,0.1358678489923477,-0.5331648588180542,0.6734600067138672,357861.09375,260.8972199449431,68067.359375,3686400
N048,Noise,AFLB3,fft_magnitude,0.0001347298239124939,0.0006802154239267111,4.678819820469471e-08,0.3165364563465118,496.6680297851562,1.331385570661445,1.772587537765503,3686400
N048,Noise,AFLB3,raw_low,0.0,0.0,0.0,0.0,0.0,0.0,0.0,3686400
N048,Noise,AFLB3,raw_high,0.09707603603601456,0.09508258104324341,1.913409164444602e-08,0.6734597682952881,357861.09375,260.8972199449431,68067.359375,3686400
N048,Noise,AFLB3,mined_low,2.741786011029035e-05,0.001077973865903914,-0.00933864340186119,0.009872563183307648,2947.428955078125,2.07037929211244,4.286470413208008,3686400
N048,Noise,AFLB3,mined_high,-3.023618592123967e-05,0.001178173581138253,-0.01002508960664272,0.009433403611183167,3256.88623046875,2.262837978009402,5.12043571472168,3686400
N049,Noise,AFLB1,conv_feat,0.006673374213278294,0.1131859198212624,-0.5953485369682312,0.62638258934021,69422.0390625,108.8471817934438,11847.708984375,921600
N049,Noise,AFLB1,fft_magnitude,0.0005612518871203065,0.002245326526463032,1.320437235108329e-07,0.2101092636585236,517.249755859375,2.221834000478792,4.936546325683594,921600
N049,Noise,AFLB1,raw_low,0.0,0.0,0.0,0.0,0.0,0.0,0.0,921600
N049,Noise,AFLB1,raw_high,0.07532773911952972,0.08474267274141312,1.679611294491679e-08,0.6263827085494995,69422.046875,108.847190765311,11847.7109375,921600
N049,Noise,AFLB1,mined_low,-0.6668716669082642,2.044913530349731,-12.29610729217529,7.808406352996826,1529544.375,2064.868155597349,4263680.5,921600
N049,Noise,AFLB1,mined_high,-0.01594655402004719,0.6587265729904175,-7.787142753601074,8.389951705932617,334870.78125,632.5627686245848,400135.65625,921600
N049,Noise,AFLB2,conv_feat,-0.01048045326024294,0.2091994732618332,-1.002219080924988,0.943234384059906,260876.84375,284.3748214285154,80869.0390625,1843200
N049,Noise,AFLB2,fft_magnitude,0.0002811962913256139,0.002119236858561635,2.120908391134435e-07,0.4980725347995758,518.301025390625,2.902388437576564,8.423858642578125,1843200
N049,Noise,AFLB2,raw_low,0.0,0.0,0.0,0.0,0.0,0.0,0.0,1843200
N049,Noise,AFLB2,raw_high,0.1415347456932068,0.1544091254472733,6.137372565717669e-08,1.002218961715698,260876.84375,284.3748351647874,80869.046875,1843200
N049,Noise,AFLB2,mined_low,9.725146810524166e-05,0.3325878977775574,-5.439526557922363,5.382955551147461,280337.25,451.5363184451501,203885.046875,1843200
N049,Noise,AFLB2,mined_high,-0.06598968058824539,0.2134705483913422,-3.865386009216309,4.490676403045654,285342.25,303.3487962519383,92020.4921875,1843200
N049,Noise,AFLB3,conv_feat,0.001435218146070838,0.1386257112026215,-0.516017496585846,0.6645073890686035,364939.6875,266.175635154685,70849.46875,3686400
N049,Noise,AFLB3,fft_magnitude,8.659053855808452e-05,0.0007021401543170214,2.120850872699975e-08,0.3187598884105682,319.2073669433594,1.358321867155269,1.845038294792175,3686400
N049,Noise,AFLB3,raw_low,0.0,0.0,0.0,0.0,0.0,0.0,0.0,3686400
N049,Noise,AFLB3,raw_high,0.09899622946977615,0.09705100208520889,5.779589429266707e-08,0.6645073890686035,364939.6875,266.175635154685,70849.46875,3686400
N049,Noise,AFLB3,mined_low,6.543197287101066e-06,0.0009464661707170308,-0.008498136885464191,0.007122228853404522,2626.803466796875,1.817258507742642,3.302428483963013,3686400
N049,Noise,AFLB3,mined_high,-2.732365464908071e-05,0.0009285001433454454,-0.008564540185034275,0.008171086199581623,2586.499267578125,1.783492032532986,3.180843830108643,3686400
N050,Noise,AFLB1,conv_feat,0.01014245953410864,0.1403416246175766,-0.5920547842979431,0.6157220005989075,96716.734375,135.0793314361972,18246.42578125,921600
N050,Noise,AFLB1,fft_magnitude,0.0007245949818752706,0.002779279835522175,8.511862006344018e-07,0.3186481595039368,667.7867431640625,2.757295468198901,7.602678298950195,921600
N050,Noise,AFLB1,raw_low,0.0,0.0,0.0,0.0,0.0,0.0,0.0,921600
N050,Noise,AFLB1,raw_high,0.1049443781375885,0.09373003244400024,1.39722175163115e-07,0.6157220602035522,96716.7421875,135.0793386657449,18246.427734375,921600
N050,Noise,AFLB1,mined_low,-0.6780436038970947,2.116450786590576,-13.47979068756104,8.374480247497559,1547581.625,2133.513768411163,4551881.0,921600
N050,Noise,AFLB1,mined_high,-0.01338502019643784,0.5618811249732971,-7.814416408538818,7.759121417999268,289034.96875,539.5589054959615,291123.8125,921600
N050,Noise,AFLB2,conv_feat,-0.01608229614794254,0.2430728673934937,-1.015847682952881,0.9434819221496582,335644.375,330.7281856940832,109381.1328125,1843200
N050,Noise,AFLB2,fft_magnitude,0.0003674830368254334,0.002458968199789524,1.117743835266083e-07,0.6144688129425049,677.3447265625,3.375480335104291,11.39386749267578,1843200
N050,Noise,AFLB2,raw_low,0.0,0.0,0.0,0.0,0.0,0.0,0.0,1843200
N050,Noise,AFLB2,raw_high,0.1820987313985825,0.1618119776248932,9.036007497797982e-08,1.015847563743591,335644.375,330.7281856940832,109381.1328125,1843200
N050,Noise,AFLB2,mined_low,0.002227756194770336,0.26554274559021,-4.610113620758057,4.595316410064697,260029.65625,360.5254737012352,129978.6171875,1843200
N050,Noise,AFLB2,mined_high,-0.08532935380935669,0.2062243670225143,-3.661297798156738,4.647021293640137,292139.90625,303.0000515676523,91809.03125,1843200
N050,Noise,AFLB3,conv_feat,0.002251442288979888,0.156512126326561,-0.5233179926872253,0.6585140824317932,446733.75,300.5343678350281,90320.90625,3686400
N050,Noise,AFLB3,fft_magnitude,0.0001114406986744143,0.0007909683044999838,5.664886515432954e-08,0.3968085050582886,410.8150024414062,1.53365806098839,2.352107048034668,3686400
N050,Noise,AFLB3,raw_low,0.0,0.0,0.0,0.0,0.0,0.0,0.0,3686400
N050,Noise,AFLB3,raw_high,0.1211842969059944,0.09907311946153641,1.839041452456058e-08,0.6585139036178589,446733.78125,300.5343808327094,90320.9140625,3686400
N050,Noise,AFLB3,mined_low,-2.464655153744388e-05,0.001140265609137714,-0.00823276024311781,0.007097481749951839,3210.09423828125,2.189821265081731,4.79531717300415,3686400
N050,Noise,AFLB3,mined_high,-3.049822589673568e-05,0.001101091271266341,-0.00897909700870514,0.007800909224897623,3039.1171875,2.114906123537627,4.472827911376953,3686400
N051,Noise,AFLB1,conv_feat,0.008957162499427795,0.12652587890625,-0.542765200138092,0.591155469417572,88632.5,121.7688319624525,14827.6484375,921600
N051,Noise,AFLB1,fft_magnitude,0.0006685387343168259,0.002501363167539239,2.107055223632415e-07,0.3071845471858978,616.1253051757812,2.485595882975174,6.178186893463135,921600
N051,Noise,AFLB1,raw_low,0.0,0.0,0.0,0.0,0.0,0.0,0.0,921600
N051,Noise,AFLB1,raw_high,0.09617241472005844,0.08270364999771118,1.378389526962565e-07,0.5911555290222168,88632.5,121.7688319624525,14827.6484375,921600
N051,Noise,AFLB1,mined_low,-0.6668086647987366,2.002114534378052,-15.38394927978516,9.516313552856445,1513787.75,2025.826621406679,4103973.5,921600
N051,Noise,AFLB1,mined_high,-0.01289528142660856,0.493031769990921,-7.641989707946777,7.896934032440186,256993.8125,473.4723625777961,224176.078125,921600
N051,Noise,AFLB2,conv_feat,-0.01821454800665379,0.1787993311882019,-0.9585362076759338,0.8967813849449158,252473.859375,244.0023533441839,59537.1484375,1843200
N051,Noise,AFLB2,fft_magnitude,0.0003599840274546295,0.001798637211322784,2.180536640139508e-08,0.4999943673610687,663.5225830078125,2.490338635225524,6.201786518096924,1843200
N051,Noise,AFLB2,raw_low,0.0,0.0,0.0,0.0,0.0,0.0,0.0,1843200
N051,Noise,AFLB2,raw_high,0.1369758397340775,0.1163554564118385,4.849242429827427e-08,0.9585363268852234,252473.859375,244.0023613487173,59537.15234375,1843200
N051,Noise,AFLB2,mined_low,0.001046190271154046,0.2386506944894791,-4.282621383666992,4.233157157897949,256124.625,324.0060401636056,104979.9140625,1843200
N051,Noise,AFLB2,mined_high,-0.07798131555318832,0.2194140404462814,-3.721386671066284,4.533126831054688,299487.875,316.1407172842499,99944.953125,1843200
N051,Noise,AFLB3,conv_feat,0.0008274951251223683,0.1072895377874374,-0.4919483661651611,0.6441639065742493,308617.625,206.0020479267136,42436.84375,3686400
N051,Noise,AFLB3,fft_magnitude,0.0001273012312594801,0.0005325214006006718,6.344670566704735e-08,0.2770203649997711,469.2832641601562,1.051249800238664,1.105126142501831,3686400
N051,Noise,AFLB3,raw_low,0.0,0.0,0.0,0.0,0.0,0.0,0.0,3686400
N051,Noise,AFLB3,raw_high,0.08371789008378983,0.06710474193096161,6.186957079989952e-08,0.644163966178894,308617.625,206.0020479267136,42436.84375,3686400
N051,Noise,AFLB3,mined_low,3.423054658924229e-05,0.001031964900903404,-0.008541320450603962,0.008346266113221645,2884.56884765625,1.982462284070916,3.930156707763672,3686400
N051,Noise,AFLB3,mined_high,-3.65698360837996e-05,0.0009609268745407462,-0.009279287420213223,0.009062114171683788,2569.653564453125,1.846315312660502,3.408880233764648,3686400
N052,Noise,AFLB1,conv_feat,0.01233724877238274,0.1619318574666977,-0.5927303433418274,0.6191755533218384,112948.265625,155.9051193835533,24306.40625,921600
N052,Noise,AFLB1,fft_magnitude,0.000520341913215816,0.003273907117545605,1.070896828991863e-07,0.4005060493946075,479.547119140625,3.182399933134052,10.12766933441162,921600
N052,Noise,AFLB1,raw_low,0.0,0.0,0.0,0.0,0.0,0.0,0.0,921600
N052,Noise,AFLB1,raw_high,0.122556708753109,0.1065551042556763,3.785932847222284e-07,0.6191755533218384,112948.265625,155.9051193835533,24306.40625,921600
N052,Noise,AFLB1,mined_low,-0.5976160764694214,1.941580653190613,-12.68539428710938,8.180119514465332,1368521.125,1950.213578047287,3803333.0,921600
N052,Noise,AFLB1,mined_high,-0.0141971567645669,0.5956466794013977,-6.792245864868164,7.617846965789795,309999.0625,571.9832274638829,327164.8125,921600
N052,Noise,AFLB2,conv_feat,-0.02075277827680111,0.2715015411376953,-1.003936290740967,0.9397034049034119,373110.625,369.6779637400639,136661.796875,1843200
N052,Noise,AFLB2,fft_magnitude,0.0002569618227425963,0.002767179161310196,8.762170011777926e-08,0.6954286098480225,473.6320190429688,3.773009976953924,14.23560428619385,1843200
N052,Noise,AFLB2,raw_low,0.0,0.0,0.0,0.0,0.0,0.0,0.0,1843200
N052,Noise,AFLB2,raw_high,0.2024254649877548,0.1821200400590897,4.99062657866034e-08,1.003936171531677,373110.625,369.6779637400639,136661.796875,1843200
N052,Noise,AFLB2,mined_low,0.003312353044748306,0.3100667595863342,-4.627665042877197,4.5554518699646,276474.6875,420.9846159600135,177228.046875,1843200
N052,Noise,AFLB2,mined_high,-0.09850256890058517,0.2239544838666916,-4.108414173126221,4.253048896789551,325897.4375,332.1610114086239,110330.9375,1843200
N052,Noise,AFLB3,conv_feat,0.002527554519474506,0.1713509559631348,-0.5158939361572266,0.6608342528343201,489741.1875,329.0296220517235,108260.4921875,3686400
N052,Noise,AFLB3,fft_magnitude,8.136001997627318e-05,0.0008707239176146686,2.649292518697166e-08,0.4393609762191772,299.9255676269531,1.679072280704788,2.819283723831177,3686400
N052,Noise,AFLB3,raw_low,0.0,0.0,0.0,0.0,0.0,0.0,0.0,3686400
N052,Noise,AFLB3,raw_high,0.1328507959842682,0.1082506403326988,5.127584756792203e-08,0.6608341932296753,489741.1875,329.0296220517235,108260.4921875,3686400
N052,Noise,AFLB3,mined_low,8.261204129667021e-06,0.00104442797601223,-0.008998531848192215,0.008910011500120163,2911.7412109375,2.005364495343874,4.021486759185791,3686400
N052,Noise,AFLB3,mined_high,-5.139425775269046e-05,0.001089138328097761,-0.01064361445605755,0.007608804386109114,3063.771240234375,2.093472476615219,4.382627010345459,3686400
N053,Noise,AFLB1,conv_feat,0.01328393071889877,0.1833046078681946,-0.6918300986289978,0.7018547654151917,125001.5390625,176.4339022835464,31128.921875,921600
N053,Noise,AFLB1,fft_magnitude,0.0005257107550278306,0.003714484628289938,6.556678613378608e-07,0.4530844688415527,484.4950561523438,3.601442148841577,12.97038555145264,921600
N053,Noise,AFLB1,raw_low,0.0,0.0,0.0,0.0,0.0,0.0,0.0,921600
N053,Noise,AFLB1,raw_high,0.1356353461742401,0.1240165084600449,1.443551500557305e-08,0.7018547058105469,125001.5390625,176.4339133535557,31128.92578125,921600
N053,Noise,AFLB1,mined_low,-0.6014494299888611,1.792926907539368,-9.729058265686035,6.205539226531982,1363346.0,1815.473629662519,3295944.5,921600
N053,Noise,AFLB1,mined_high,-0.01318186614662409,0.5367382764816284,-7.075290679931641,7.081353664398193,279023.4375,515.4241275396408,265662.03125,921600
N053,Noise,AFLB2,conv_feat,-0.02597865648567677,0.2553903460502625,-1.020288825035095,0.9012660384178162,359676.09375,348.5186620720618,121465.2578125,1843200
N053,Noise,AFLB2,fft_magnitude,0.0002478585229255259,0.00260826712474227,1.909027105284622e-07,0.7051553726196289,456.8528442382812,3.557053669256234,12.65263080596924,1843200
N053,Noise,AFLB2,raw_low,0.0,0.0,0.0,0.0,0.0,0.0,0.0,1843200
N053,Noise,AFLB2,raw_high,0.1951367855072021,0.166795551776886,2.982841351695242e-08,1.020288705825806,359676.125,348.5186732802132,121465.265625,1843200
N053,Noise,AFLB2,mined_low,-0.001371844089590013,0.3173117339611053,-4.405972957611084,4.47952938079834,290257.375,430.8006898497262,185589.234375,1843200
N053,Noise,AFLB2,mined_high,-0.08576147258281708,0.2275313585996628,-4.426919937133789,4.419668674468994,320098.78125,330.1215093529956,108980.2109375,1843200
N053,Noise,AFLB3,conv_feat,0.001547857653349638,0.1486889570951462,-0.473606288433075,0.5864061117172241,437557.96875,285.4982760455832,81509.265625,3686400
N053,Noise,AFLB3,fft_magnitude,8.089587208814919e-05,0.0007544918917119503,1.695701357107282e-09,0.4004086554050446,298.2145385742188,1.456927339259273,2.122637271881104,3686400
N053,Noise,AFLB3,raw_low,0.0,0.0,0.0,0.0,0.0,0.0,0.0,3686400
N053,Noise,AFLB3,raw_high,0.1186951920390129,0.08956702798604965,9.77903198418062e-08,0.5864060521125793,437557.96875,285.4982760455832,81509.265625,3686400
N053,Noise,AFLB3,mined_low,3.55198972101789e-05,0.001085098250769079,-0.00654157716780901,0.006724349688738585,3106.109130859375,2.084504624758518,4.345159530639648,3686400
N053,Noise,AFLB3,mined_high,-2.735782800300512e-05,0.0009297296055592597,-0.00896528922021389,0.007533090654760599,2569.858642578125,1.785853477230319,3.18927264213562,3686400
N054,Noise,AFLB1,conv_feat,0.01255409978330135,0.1704009026288986,-0.6724679470062256,0.6981549263000488,117265.734375,164.0282226097082,26905.2578125,921600
N054,Noise,AFLB1,fft_magnitude,0.0007535329204984009,0.003405346535146236,3.778996529035794e-07,0.4342506527900696,694.4559326171875,3.348212001254801,11.21052360534668,921600
N054,Noise,AFLB1,raw_low,0.0,0.0,0.0,0.0,0.0,0.0,0.0,921600
N054,Noise,AFLB1,raw_high,0.127241462469101,0.1140336915850639,2.095970330628916e-07,0.6981549263000488,117265.734375,164.028228563333,26905.259765625,921600
N054,Noise,AFLB1,mined_low,-0.8525767922401428,2.497992992401123,-15.25870800018311,9.340971946716309,1928553.125,2533.900945183138,6420654.0,921600
N054,Noise,AFLB1,mined_high,-0.0117234019562602,0.4887599945068359,-7.018997669219971,7.211108684539795,247070.125,469.3445562696983,220284.3125,921600
N054,Noise,AFLB2,conv_feat,-0.0238319393247366,0.2333188503980637,-1.009823799133301,0.9182326793670654,325688.96875,318.4123211340918,101386.40625,1843200
N054,Noise,AFLB2,fft_magnitude,0.0003765071160160005,0.00236389460042119,9.129445288635907e-08,0.5889161229133606,693.9779052734375,3.249782261523755,10.56108474731445,1843200
N054,Noise,AFLB2,raw_low,0.0,0.0,0.0,0.0,0.0,0.0,0.0,1843200
N054,Noise,AFLB2,raw_high,0.1766975969076157,0.1542193740606308,6.333650048873096e-08,1.00982391834259,325689.0,318.4123211340918,101386.40625,1843200
N054,Noise,AFLB2,mined_low,-0.0004298410785850137,0.3014114201068878,-4.726473808288574,4.665261745452881,281701.875,409.2101385596403,167452.9375,1843200
N054,Noise,AFLB2,mined_high,-0.07195041328668594,0.199341893196106,-3.61868143081665,3.753397703170776,273820.53125,287.72485772001,82785.59375,1843200
N054,Noise,AFLB3,conv_feat,0.001890592859126627,0.1334539204835892,-0.5019763112068176,0.6552435159683228,380665.375,256.2572255078869,65667.765625,3686400
N054,Noise,AFLB3,fft_magnitude,0.0001130942473537289,0.000671642366796732,6.848441813644968e-08,0.3442060947418213,416.91064453125,1.307707210117109,1.710098147392273,3686400
N054,Noise,AFLB3,raw_low,0.0,0.0,0.0,0.0,0.0,0.0,0.0,3686400
N054,Noise,AFLB3,raw_high,0.1032620891928673,0.08456039428710938,6.53125198368798e-08,0.6552433967590332,380665.375,256.2572407513591,65667.7734375,3686400
N054,Noise,AFLB3,mined_low,3.826534157269634e-05,0.00108177016954869,-0.008132563903927803,0.0095241479575634,2978.849609375,2.078297772790332,4.319321632385254,3686400
N054,Noise,AFLB3,mined_high,-3.215467586414889e-05,0.001122620655223727,-0.008502758108079433,0.01124930009245872,3084.04638671875,2.156315678135271,4.649697303771973,3686400
N055,Noise,AFLB1,conv_feat,0.00663628987967968,0.1030856668949127,-0.7487840056419373,0.7313883900642395,67033.9375,99.1670928518503,9834.1123046875,921600
N055,Noise,AFLB1,fft_magnitude,0.0008111707866191864,0.001946310745552182,1.631474191299276e-07,0.2208263427019119,747.5750122070312,2.024239988521106,4.09754753112793,921600
N055,Noise,AFLB1,raw_low,0.0,0.0,0.0,0.0,0.0,0.0,0.0,921600
N055,Noise,AFLB1,raw_high,0.0727364793419838,0.07334917038679123,3.736136022780556e-08,0.7487840056419373,67033.9375,99.16710269949657,9834.1142578125,921600
N055,Noise,AFLB1,mined_low,-0.7807589769363403,2.335371494293213,-14.97499084472656,9.883437156677246,1785744.375,2363.929673234803,5588163.5,921600
N055,Noise,AFLB1,mined_high,-0.01386577356606722,0.5232420563697815,-10.5508394241333,11.06302070617676,267403.40625,502.4886970121815,252494.890625,921600
N055,Noise,AFLB2,conv_feat,-0.01166065223515034,0.1504223793745041,-1.192039489746094,0.9963022470474243,199791.265625,204.8328682273673,41956.50390625,1843200
N055,Noise,AFLB2,fft_magnitude,0.0004085800319444388,0.001484652748331428,1.593888754314321e-07,0.3538510501384735,753.0947265625,2.090566691909816,4.370469093322754,1843200
N055,Noise,AFLB2,raw_low,0.0,0.0,0.0,0.0,0.0,0.0,0.0,1843200
N055,Noise,AFLB2,raw_high,0.108393706381321,0.1049460172653198,2.150235722808702e-08,1.192039489746094,199791.28125,204.8328872977921,41956.51171875,1843200
N055,Noise,AFLB2,mined_low,0.002093159127980471,0.2597932517528534,-5.027387619018555,4.892650604248047,257031.453125,352.7184495989684,124410.3046875,1843200
N055,Noise,AFLB2,mined_high,-0.07849568873643875,0.189859539270401,-3.1470627784729,4.070572376251221,269548.53125,278.9232505322925,77798.1796875,1843200
N055,Noise,AFLB3,conv_feat,0.001155999372713268,0.09202317893505096,-0.513883113861084,0.6528059840202332,248391.890625,176.6984432408786,31222.33984375,3686400
N055,Noise,AFLB3,fft_magnitude,0.0001250207715202123,0.0004526945413090289,8.418119534780999e-08,0.2166117429733276,460.8765869140625,0.9017104531572249,0.8130817413330078,3686400
N055,Noise,AFLB3,raw_low,0.0,0.0,0.0,0.0,0.0,0.0,0.0,3686400
N055,Noise,AFLB3,raw_high,0.06738061457872391,0.06268536299467087,9.74756630967022e-09,0.6528059840202332,248391.890625,176.6984432408786,31222.33984375,3686400
N055,Noise,AFLB3,mined_low,5.995247192913666e-06,0.0009971463587135077,-0.008889598771929741,0.009309498593211174,2753.458251953125,1.914555700169816,3.665523529052734,3686400
N055,Noise,AFLB3,mined_high,-1.651388265599962e-05,0.00099474738817662,-0.009000083431601524,0.009033973328769207,2706.47021484375,1.910178279944698,3.648781061172485,3686400
N056,Noise,AFLB1,conv_feat,0.01121396292001009,0.1643976420164108,-0.7296650409698486,0.7788069844245911,114905.265625,158.1884754019711,25023.59375,921600
N056,Noise,AFLB1,fft_magnitude,0.0007709972560405731,0.003273994196206331,4.793351493503906e-09,0.3966271579265594,710.5510864257812,3.229008890214757,10.42649841308594,921600
N056,Noise,AFLB1,raw_low,0.0,0.0,0.0,0.0,0.0,0.0,0.0,921600
N056,Noise,AFLB1,raw_high,0.1246801912784576,0.1077366694808006,2.477375744547317e-07,0.7788070440292358,114905.265625,158.1884754019711,25023.59375,921600
N056,Noise,AFLB1,mined_low,-0.6386861205101013,1.913121819496155,-12.34168148040771,7.642910480499268,1441127.875,1936.240493843675,3749027.25,921600
N056,Noise,AFLB1,mined_high,-0.00931041594594717,0.395714282989502,-4.757315158843994,5.829351902008057,210147.25,379.9908510411797,144393.046875,921600
N056,Noise,AFLB2,conv_feat,-0.02459949068725109,0.2288151830434799,-1.043390154838562,0.9124671220779419,321934.21875,312.4398817172673,97618.6796875,1843200
N056,Noise,AFLB2,fft_magnitude,0.0003968091914430261,0.00231503089889884,3.116845448403183e-08,0.6649206280708313,731.398681640625,3.188826191588932,10.16861248016357,1843200
N056,Noise,AFLB2,raw_low,0.0,0.0,0.0,0.0,0.0,0.0,0.0,1843200
N056,Noise,AFLB2,raw_high,0.1746604889631271,0.1498507112264633,3.718367906913045e-07,1.043390274047852,321934.21875,312.4398817172673,97618.6796875,1843200
N056,Noise,AFLB2,mined_low,0.00432993471622467,0.2417717725038528,-3.875365972518921,3.864072322845459,245215.828125,328.2928737232961,107776.2109375,1843200
N056,Noise,AFLB2,mined_high,-0.08809255808591843,0.2134624272584915,-3.705037593841553,4.379290103912354,296261.84375,313.5146278485264,98291.421875,1843200
N056,Noise,AFLB3,conv_feat,0.0005028756568208337,0.1353952884674072,-0.5095483064651489,0.6725497841835022,391587.75,259.9607542495597,67579.59375,3686400
N056,Noise,AFLB3,fft_magnitude,0.0001324809418292716,0.0006781211122870445,9.033134062974568e-08,0.3507541716098785,488.3777465820312,1.326606645512308,1.759885191917419,3686400
N056,Noise,AFLB3,raw_low,0.0,0.0,0.0,0.0,0.0,0.0,0.0,3686400
N056,Noise,AFLB3,raw_high,0.1062249764800072,0.08395471423864365,1.001687000012907e-08,0.6725497841835022,391587.75,259.9607542495597,67579.59375,3686400
N056,Noise,AFLB3,mined_low,-6.105461216066033e-05,0.001267114304937422,-0.008622194640338421,0.007237437181174755,3611.7646484375,2.435682058980142,5.932547092437744,3686400
N056,Noise,AFLB3,mined_high,-7.599448872497305e-05,0.0009689625003375113,-0.008712287060916424,0.007197170983999968,2734.6015625,1.866121059391334,3.482407808303833,3686400
N057,Noise,AFLB1,conv_feat,0.006650920026004314,0.1103120818734169,-0.6807007789611816,0.7303400039672852,66989.3046875,106.0919044390287,11255.4921875,921600
N057,Noise,AFLB1,fft_magnitude,0.0006647819536738098,0.00215564644895494,2.935389318281523e-07,0.2135205566883087,612.6630249023438,2.165592024911288,4.689788818359375,921600
N057,Noise,AFLB1,raw_low,0.0,0.0,0.0,0.0,0.0,0.0,0.0,921600
N057,Noise,AFLB1,raw_high,0.07268805801868439,0.08324325084686279,9.029262315607411e-08,0.7303400635719299,66989.3125,106.0919136439013,11255.494140625,921600
N057,Noise,AFLB1,mined_low,-0.6353384852409363,2.045612335205078,-13.44177055358887,8.281908988952637,1453244.0,2056.32451232776,4228470.5,921600
N057,Noise,AFLB1,mined_high,-0.012998316437006,0.5027613043785095,-7.066061019897461,7.604788303375244,258607.296875,482.8121237862612,233107.546875,921600
N057,Noise,AFLB2,conv_feat,-0.01041920576244593,0.1564125418663025,-0.8586714267730713,0.816967248916626,212282.65625,212.8233293867239,45293.76953125,1843200
N057,Noise,AFLB2,fft_magnitude,0.000307765876641497,0.001570036285556853,5.664924884740685e-08,0.3365506231784821,567.2740478515625,2.172119017141484,4.718101024627686,1843200
N057,Noise,AFLB2,raw_low,0.0,0.0,0.0,0.0,0.0,0.0,0.0,1843200
N057,Noise,AFLB2,raw_high,0.1151707097887993,0.1063444763422012,3.867764419851483e-08,0.8586713671684265,212282.65625,212.8233202095109,45293.765625,1843200
N057,Noise,AFLB2,mined_low,-0.0001988503645407036,0.3153216242790222,-5.435823440551758,5.286989212036133,273542.34375,428.0949259510091,183265.265625,1843200
N057,Noise,AFLB2,mined_high,-0.07461480796337128,0.1919884979724884,-3.204074144363403,3.991179704666138,268657.9375,279.6450596291663,78201.359375,1843200
N057,Noise,AFLB3,conv_feat,0.001559225376695395,0.09406091272830963,-0.4101414978504181,0.4880979657173157,263387.875,180.6217614329043,32624.220703125,3686400
N057,Noise,AFLB3,fft_magnitude,9.716886415844783e-05,0.0004701318976003677,2.415994693194534e-08,0.2208612412214279,358.2033081054688,0.9217315820892633,0.8495891094207764,3686400
N057,Noise,AFLB3,raw_low,0.0,0.0,0.0,0.0,0.0,0.0,0.0,3686400
N057,Noise,AFLB3,raw_high,0.07144853472709656,0.06119634583592415,4.477806569980203e-08,0.4880979955196381,263387.875,180.6217614329043,32624.220703125,3686400
N057,Noise,AFLB3,mined_low,1.827083178795874e-05,0.0009602382779121399,-0.007937395013868809,0.007831093855202198,2679.52978515625,1.843991215331198,3.400303602218628,3686400
N057,Noise,AFLB3,mined_high,-4.942173836752772e-05,0.001079754205420613,-0.009679784066975117,0.009871593676507473,3003.459716796875,2.075298595775364,4.306864261627197,3686400
N058,Noise,AFLB1,conv_feat,0.00934112723916769,0.1213188320398331,-0.5142723917961121,0.562523365020752,85602.3828125,116.8108028902935,13644.763671875,921600
N058,Noise,AFLB1,fft_magnitude,0.000459613191196695,0.002440844429656863,1.221895189473798e-07,0.2992683947086334,423.5795288085938,2.384390686703498,5.685318946838379,921600
N058,Noise,AFLB1,raw_low,0.0,0.0,0.0,0.0,0.0,0.0,0.0,921600
N058,Noise,AFLB1,raw_high,0.09288453310728073,0.07860013097524643,1.468074515287299e-07,0.562523365020752,85602.3828125,116.8108112505003,13644.765625,921600
N058,Noise,AFLB1,mined_low,-0.5763429999351501,1.783916592597961,-11.56601142883301,7.314887523651123,1311539.375,1799.719561487289,3238990.5,921600
N058,Noise,AFLB1,mined_high,-0.01338559109717607,0.540138840675354,-6.13994026184082,6.384533882141113,277756.9375,518.6924666890777,269041.875,921600
N058,Noise,AFLB2,conv_feat,-0.01503905653953552,0.1998628973960876,-0.7730924487113953,0.7236019968986511,283546.21875,272.1099703015308,74043.8359375,1843200
N058,Noise,AFLB2,fft_magnitude,0.0002321586071047932,0.00203239219263196,2.604590179089428e-07,0.5180754661560059,427.9147338867188,2.777210774303241,7.712899684906006,1843200
N058,Noise,AFLB2,raw_low,0.0,0.0,0.0,0.0,0.0,0.0,0.0,1843200
N058,Noise,AFLB2,raw_high,0.1538336724042892,0.1284778416156769,3.638382395365625e-08,0.77309250831604,283546.21875,272.1099703015308,74043.8359375,1843200
N058,Noise,AFLB2,mined_low,0.009662538766860962,0.3129840493202209,-4.388396263122559,4.306318283081055,283303.8125,425.1236768576881,180730.140625,1843200
N058,Noise,AFLB2,mined_high,-0.06483630836009979,0.2159945219755173,-3.69746208190918,4.421200752258301,289470.96875,306.1704233347826,93740.328125,1843200
N058,Noise,AFLB3,conv_feat,0.001984647009521723,0.1265902072191238,-0.3728114068508148,0.458532989025116,371387.9375,243.0830780052367,59089.3828125,3686400
N058,Noise,AFLB3,fft_magnitude,7.937348709674552e-05,0.0006411881768144667,1.838336238790816e-08,0.3317273259162903,292.6024169921875,1.240478203301784,1.538786172866821,3686400
N058,Noise,AFLB3,raw_low,0.0,0.0,0.0,0.0,0.0,0.0,0.0,3686400
N058,Noise,AFLB3,raw_high,0.1007454246282578,0.07667712867259979,1.193837704249745e-07,0.4585330784320831,371387.9375,243.0830780052367,59089.3828125,3686400
N058,Noise,AFLB3,mined_low,2.765194403764326e-05,0.001116126426495612,-0.007220515981316566,0.006718738470226526,3190.681884765625,2.143620309715917,4.595108032226562,3686400
N058,Noise,AFLB3,mined_high,-3.448556526564062e-05,0.0009622129728086293,-0.007359615992754698,0.00742834247648716,2709.734130859375,1.848635069477459,3.417451620101929,3686400
N059,Noise,AFLB1,conv_feat,0.007659413386136293,0.104144312441349,-0.6086780428886414,0.6830760836601257,71129.1640625,100.2485680228152,10049.775390625,921600
N059,Noise,AFLB1,fft_magnitude,0.0005583968595601618,0.002057138830423355,8.940696716308594e-08,0.2502693235874176,514.6185302734375,2.046315473419031,4.18740701675415,921600
N059,Noise,AFLB1,raw_low,0.0,0.0,0.0,0.0,0.0,0.0,0.0,921600
N059,Noise,AFLB1,raw_high,0.07718008011579514,0.07034159451723099,7.838384163960654e-08,0.6830761432647705,71129.1640625,100.2485777642257,10049.77734375,921600
N059,Noise,AFLB1,mined_low,-0.6308813095092773,1.94440484046936,-11.67221546173096,7.489319324493408,1439047.5,1962.424393448063,3851109.5,921600
N059,Noise,AFLB1,mined_high,-0.01376704499125481,0.5264809727668762,-6.383324146270752,6.543459892272949,266527.03125,505.5944675577454,255625.765625,921600
N059,Noise,AFLB2,conv_feat,-0.01282907277345657,0.1628899872303009,-0.9465250372886658,0.8645343780517578,222328.921875,221.8315978676167,49209.2578125,1843200
N059,Noise,AFLB2,fft_magnitude,0.0002831032907124609,0.001643431256525218,1.855900819691669e-07,0.3961791098117828,521.8159790039062,2.264059222885719,5.125964164733887,1843200
N059,Noise,AFLB2,raw_low,0.0,0.0,0.0,0.0,0.0,0.0,0.0,1843200
N059,Noise,AFLB2,raw_high,0.1206211671233177,0.1102191805839539,3.911616985874389e-08,0.9465250372886658,222328.9375,221.8316066721557,49209.26171875,1843200
N059,Noise,AFLB2,mined_low,0.001407737494446337,0.3090665340423584,-4.418350696563721,4.274725914001465,276156.3125,419.6069961880998,176070.03125,1843200
N059,Noise,AFLB2,mined_high,-0.08912164717912674,0.2059322744607925,-3.993369340896606,4.50624418258667,297104.5,304.6416568076336,92806.5390625,1843200
N059,Noise,AFLB3,conv_feat,0.00151286309119314,0.1008308529853821,-0.4446825981140137,0.5497519969940186,280996.5,193.6170410727062,37487.55859375,3686400
N059,Noise,AFLB3,fft_magnitude,9.057638817466795e-05,0.0005065743462182581,1.543034855444603e-08,0.249970868229866,333.9007873535156,0.9880477870762913,0.9762384295463562,3686400
N059,Noise,AFLB3,raw_low,0.0,0.0,0.0,0.0,0.0,0.0,0.0,3686400
N059,Noise,AFLB3,raw_high,0.0762251764535904,0.06602176278829575,4.61176590249579e-08,0.5497520565986633,280996.5,193.6170410727062,37487.55859375,3686400
N059,Noise,AFLB3,mined_low,2.44486473093275e-05,0.001001494005322456,-0.008360961452126503,0.008219502866268158,2789.0458984375,1.923441302917836,3.699626445770264,3686400
N059,Noise,AFLB3,mined_high,-4.414756404003128e-05,0.001059120870195329,-0.009224025532603264,0.008563990704715252,2954.65478515625,2.035277848079784,4.142355918884277,3686400
N060,Noise,AFLB1,conv_feat,0.008512851782143116,0.1194496229290962,-0.5438289642333984,0.5577163100242615,80838.359375,114.9624768946372,13216.37109375,921600
N060,Noise,AFLB1,fft_magnitude,0.0004824733186978847,0.002396352123469114,3.170967204368935e-07,0.2882691919803619,444.6473999023438,2.346661806137658,5.506821632385254,921600
N060,Noise,AFLB1,raw_low,0.0,0.0,0.0,0.0,0.0,0.0,0.0,921600
N060,Noise,AFLB1,raw_high,0.08771523088216782,0.08152741193771362,1.518265975164468e-07,0.5577163696289062,80838.359375,114.9624853892564,13216.373046875,921600
N060,Noise,AFLB1,mined_low,-0.6446583271026611,1.914827823638916,-11.67490673065186,7.773788452148438,1464037.625,1939.615812474213,3762109.5,921600
N060,Noise,AFLB1,mined_high,-0.01361171063035727,0.5158040523529053,-5.590456485748291,6.036847114562988,265412.0625,495.3442931436679,245365.96875,921600
N060,Noise,AFLB2,conv_feat,-0.01635068282485008,0.166951596736908,-0.7566477060317993,0.711470901966095,235588.53125,227.7454376601209,51867.984375,1843200
N060,Noise,AFLB2,fft_magnitude,0.0002330682036699727,0.001696156919933856,1.515499690185607e-07,0.4507449567317963,429.59130859375,2.324417131436509,5.402915000915527,1843200
N060,Noise,AFLB2,raw_low,0.0,0.0,0.0,0.0,0.0,0.0,0.0,1843200
N060,Noise,AFLB2,raw_high,0.1278149634599686,0.108644001185894,2.247430330726274e-08,0.7566477060317993,235588.53125,227.7454376601209,51867.984375,1843200
N060,Noise,AFLB2,mined_low,0.001090989098884165,0.3386424779891968,-4.712403297424316,4.751220226287842,292068.84375,459.7586663130995,211378.03125,1843200
N060,Noise,AFLB2,mined_high,-0.08723171800374985,0.2185006886720657,-3.832035779953003,3.89167857170105,307189.5,319.4130114366038,102024.671875,1843200
N060,Noise,AFLB3,conv_feat,0.001080263638868928,0.09791454672813416,-0.3997827172279358,0.464363306760788,288311.53125,188.0073656303125,35346.76953125,3686400
N060,Noise,AFLB3,fft_magnitude,7.958357309689745e-05,0.0004933204036206007,4.362573235994205e-08,0.2600287199020386,293.3768920898438,0.9594210933584395,0.9204888343811035,3686400
N060,Noise,AFLB3,raw_low,0.0,0.0,0.0,0.0,0.0,0.0,0.0,3686400
N060,Noise,AFLB3,raw_high,0.0782095193862915,0.05892111361026764,6.976669908453914e-08,0.4643633365631104,288311.5625,188.0073656303125,35346.76953125,3686400
N060,Noise,AFLB3,mined_low,4.200906550977379e-05,0.001043981988914311,-0.006946248468011618,0.007607953622937202,2944.0947265625,2.006067608775079,4.024307250976562,3686400
N060,Noise,AFLB3,mined_high,-3.735982318175957e-05,0.0009405608871020377,-0.00850350596010685,0.008045046590268612,2628.7412109375,1.807301003672935,3.266336917877197,3686400
N061,Noise,AFLB1,conv_feat,0.004025433678179979,0.06990405172109604,-0.6160092949867249,0.6156537532806396,45247.90234375,67.21906235399301,4518.40234375,921600
N061,Noise,AFLB1,fft_magnitude,0.0005366233526729047,0.001324711600318551,4.822597361453518e-07,0.1180796176195145,494.5520935058594,1.372103414441669,1.882667779922485,921600
N061,Noise,AFLB1,raw_low,0.0,0.0,0.0,0.0,0.0,0.0,0.0,921600
N061,Noise,AFLB1,raw_high,0.04909712076187134,0.04992247745394707,1.875913291371489e-08,0.6160092353820801,45247.90625,67.21906961802209,4518.4033203125,921600
N061,Noise,AFLB1,mined_low,-0.653424084186554,2.06261420249939,-13.66088390350342,9.11391544342041,1496492.125,2077.094966533788,4314323.5,921600
N061,Noise,AFLB1,mined_high,-0.0145967360585928,0.5608083009719849,-7.470733642578125,7.326309204101562,287505.0,538.5582895564787,290045.03125,921600
N061,Noise,AFLB2,conv_feat,-0.005390746518969536,0.1387513875961304,-1.037014126777649,0.9400270581245422,183718.15625,188.5172509513387,35538.75390625,1843200
N061,Noise,AFLB2,fft_magnitude,0.0002895825309678912,0.001387292402796447,1.192892540302637e-07,0.3359874486923218,533.758544921875,1.924046042246317,3.701953172683716,1843200
N061,Noise,AFLB2,raw_low,0.0,0.0,0.0,0.0,0.0,0.0,0.0,1843200
N061,Noise,AFLB2,raw_high,0.09967347979545593,0.09667576104402542,1.525234338828341e-08,1.037014126777649,183718.15625,188.5172509513387,35538.75390625,1843200
N061,Noise,AFLB2,mined_low,0.001208481262437999,0.3225507140159607,-4.468258857727051,4.52105712890625,273121.5,437.9124484414664,191767.3125,1843200
N061,Noise,AFLB2,mined_high,-0.08254668861627579,0.2085781395435333,-3.91879940032959,4.912761211395264,289713.3125,304.5449345950446,92747.6171875,1843200
N061,Noise,AFLB3,conv_feat,0.001046416931785643,0.09542194753885269,-0.5277881026268005,0.66670823097229,260874.015625,183.2211564953676,33569.9921875,3686400
N061,Noise,AFLB3,fft_magnitude,9.449290519114584e-05,0.0004777217109221965,3.414158555870017e-08,0.2218342125415802,348.3386535644531,0.9349965685001174,0.8742185831069946,3686400
N061,Noise,AFLB3,raw_low,0.0,0.0,0.0,0.0,0.0,0.0,0.0,3686400
N061,Noise,AFLB3,raw_high,0.07076660543680191,0.06401976197957993,4.66897054351989e-09,0.66670823097229,260874.015625,183.2211564953676,33569.9921875,3686400
N061,Noise,AFLB3,mined_low,2.498147114238236e-05,0.0009412814979441464,-0.008599544875323772,0.007111138664186001,2614.291259765625,1.807896786689108,3.268490791320801,3686400
N061,Noise,AFLB3,mined_high,-4.696182077168487e-05,0.0009370295447297394,-0.0103215416893363,0.008465658873319626,2629.328125,1.801354836160288,3.244879245758057,3686400
N062,Noise,AFLB1,conv_feat,0.005571893416345119,0.0970146432518959,-0.5558671951293945,0.6200827956199646,54206.9921875,93.28753642971284,8702.564453125,921600
N062,Noise,AFLB1,fft_magnitude,0.0007547459099441767,0.001834365073591471,3.107140571501077e-07,0.1849389374256134,695.5738525390625,1.904223944416757,3.626068830490112,921600
N062,Noise,AFLB1,raw_low,0.0,0.0,0.0,0.0,0.0,0.0,0.0,921600
N062,Noise,AFLB1,raw_high,0.05881835892796516,0.07735172659158707,2.139919708099569e-08,0.6200828552246094,54207.0,93.28753642971284,8702.564453125,921600
N062,Noise,AFLB1,mined_low,-0.6491965055465698,1.983601927757263,-15.46135330200195,9.72528076171875,1475385.75,2003.649545204949,4014611.5,921600
N062,Noise,AFLB1,mined_high,-0.01251786854118109,0.4803778529167175,-7.346324920654297,7.338259220123291,238076.953125,461.3192868014517,212815.484375,921600
N062,Noise,AFLB2,conv_feat,-0.009049225598573685,0.1380354017019272,-0.9118002653121948,0.8057708144187927,154042.015625,187.8053451216179,35270.84765625,1843200
N062,Noise,AFLB2,fft_magnitude,0.0003782334388233721,0.001360234338790178,1.545776200373439e-07,0.240750327706337,697.1598510742188,1.916780309486989,3.674046754837036,1843200
N062,Noise,AFLB2,raw_low,0.0,0.0,0.0,0.0,0.0,0.0,0.0,1843200
N062,Noise,AFLB2,raw_high,0.08357314020395279,0.1102324426174164,6.899650628611198e-08,0.9118002653121948,154042.015625,187.8053555213482,35270.8515625,1843200
N062,Noise,AFLB2,mined_low,-0.002893364056944847,0.2602453529834747,-5.576411247253418,5.47788667678833,241122.140625,353.3426541616508,124851.03125,1843200
N062,Noise,AFLB2,mined_high,-0.09091171622276306,0.1836383491754532,-3.422232389450073,3.890056371688843,276194.5,278.1946261163217,77392.25,1843200
N062,Noise,AFLB3,conv_feat,0.001238769851624966,0.08296900987625122,-0.4836014807224274,0.6232981085777283,185319.484375,159.3182497000893,25382.3046875,3686400
N062,Noise,AFLB3,fft_magnitude,0.0001079169596778229,0.0004094642645213753,1.378640757110361e-08,0.1569156795740128,397.8250732421875,0.8130175336094295,0.6609975099563599,3686400
N062,Noise,AFLB3,raw_low,0.0,0.0,0.0,0.0,0.0,0.0,0.0,3686400
N062,Noise,AFLB3,raw_high,0.05027112737298012,0.06601669639348984,2.434948775942303e-08,0.6232979893684387,185319.484375,159.3182497000893,25382.3046875,3686400
N062,Noise,AFLB3,mined_low,5.725623122998513e-05,0.0009578168392181396,-0.009250140748918056,0.008918442763388157,2596.079833984375,1.842291109311545,3.394036531448364,3686400
N062,Noise,AFLB3,mined_high,-4.357937723398209e-05,0.001026797923259437,-0.00892111286520958,0.009228591807186604,2768.9423828125,1.973226936807745,3.893624544143677,3686400
N063,Noise,AFLB1,conv_feat,0.007653800770640373,0.1160996109247208,-0.6859772801399231,0.6622973084449768,77832.0546875,111.6975548076143,12476.34375,921600
N063,Noise,AFLB1,fft_magnitude,0.0007366538047790527,0.002257886109873652,9.044038620231731e-07,0.2608058154582977,678.900146484375,2.280016944721901,5.198477268218994,921600
N063,Noise,AFLB1,raw_low,0.0,0.0,0.0,0.0,0.0,0.0,0.0,921600
N063,Noise,AFLB1,raw_high,0.08445319533348083,0.08003349602222443,1.387854666745625e-07,0.6859773993492126,77832.0625,111.6975591790729,12476.3447265625,921600
N063,Noise,AFLB1,mined_low,-0.8530714511871338,2.527921199798584,-14.62990283966064,9.69282341003418,1927466.375,2561.260724721324,6560056.5,921600
N063,Noise,AFLB1,mined_high,-0.01173766516149044,0.450640469789505,-6.239789009094238,6.221461296081543,232104.640625,432.7615899661152,187282.59375,921600
N063,Noise,AFLB2,conv_feat,-0.0155165046453476,0.1628907471895218,-0.9752980470657349,0.8970698118209839,219783.34375,222.1488802582628,49350.125,1843200
N063,Noise,AFLB2,fft_magnitude,0.0003803220170084387,0.001626139623112977,1.708635437580597e-07,0.4260912537574768,701.009521484375,2.267297692910569,5.140638828277588,1843200
N063,Noise,AFLB2,raw_low,0.0,0.0,0.0,0.0,0.0,0.0,0.0,1843200
N063,Noise,AFLB2,raw_high,0.1192401051521301,0.1120533719658852,4.802557995731149e-08,0.9752979874610901,219783.359375,222.1488978421905,49350.1328125,1843200
N063,Noise,AFLB2,mined_low,0.002481248928233981,0.2216361165046692,-3.363752603530884,3.271795988082886,245957.84375,300.9220336108674,90554.0703125,1843200
N063,Noise,AFLB2,mined_high,-0.07712379097938538,0.206226110458374,-3.573205709457397,3.994323015213013,282769.78125,298.9202835832657,89353.3359375,1843200
N063,Noise,AFLB3,conv_feat,0.0006880275323055685,0.096425361931324,-0.4895786643028259,0.6139293909072876,265352.03125,185.1414049956141,34277.33984375,3686400
N063,Noise,AFLB3,fft_magnitude,0.000119211443234235,0.0004774227563757449,9.033912506950514e-10,0.236230656504631,439.4610595703125,0.9447958298787363,0.89263916015625,3686400
N063,Noise,AFLB3,raw_low,0.0,0.0,0.0,0.0,0.0,0.0,0.0,3686400
N063,Noise,AFLB3,raw_high,0.07198134809732437,0.064163938164711,4.488639859800969e-08,0.6139293909072876,265352.03125,185.1414049956141,34277.33984375,3686400
N063,Noise,AFLB3,mined_low,2.174525798182003e-05,0.0009555466240271926,-0.00741103058680892,0.006585895549505949,2669.517333984375,1.835124513523008,3.367681980133057,3686400
N063,Noise,AFLB3,mined_high,2.42208789131837e-05,0.0008628539508208632,-0.007295334711670876,0.007860148325562477,2402.50146484375,1.657332228718269,2.746750116348267,3686400
N064,Noise,AFLB1,conv_feat,0.009060588665306568,0.1272178441286087,-0.5868678092956543,0.679659366607666,84816.953125,122.4384890210182,14991.18359375,921600
N064,Noise,AFLB1,fft_magnitude,0.0007400120375677943,0.002496012952178717,1.018198325652975e-08,0.3038945198059082,681.9951171875,2.49926527671041,6.246326923370361,921600
N064,Noise,AFLB1,raw_low,0.0,0.0,0.0,0.0,0.0,0.0,0.0,921600
N064,Noise,AFLB1,raw_high,0.0920322835445404,0.08829798549413681,1.698803515637337e-07,0.6796594858169556,84816.953125,122.43849300899,14991.1845703125,921600
N064,Noise,AFLB1,mined_low,-0.7235445976257324,2.123596429824829,-12.89778232574463,8.045467376708984,1637056.0,2153.735708019904,4638577.5,921600
N064,Noise,AFLB1,mined_high,-0.01179761905223131,0.4553308188915253,-6.959349632263184,8.269872665405273,234410.359375,437.2642936485896,191200.0625,921600
N064,Noise,AFLB2,conv_feat,-0.01596075296401978,0.1858707666397095,-0.9751607179641724,0.890557587146759,251639.96875,253.2751869261969,64148.3203125,1843200
N064,Noise,AFLB2,fft_magnitude,0.0003726285649463534,0.001867198036052287,1.695973708137899e-07,0.4480845332145691,686.8289794921875,2.584979015095458,6.682116508483887,1843200
N064,Noise,AFLB2,raw_low,0.0,0.0,0.0,0.0,0.0,0.0,0.0,1843200
N064,Noise,AFLB2,raw_high,0.136523425579071,0.1271378993988037,1.443549990653992e-07,0.9751607775688171,251639.96875,253.2751869261969,64148.3203125,1843200
N064,Noise,AFLB2,mined_low,0.002797179855406284,0.2410146147012711,-3.796616077423096,3.816929817199707,248904.859375,327.2343388154733,107082.3125,1843200
N064,Noise,AFLB2,mined_high,-0.08546890318393707,0.2066664099693298,-3.423319816589355,4.554250240325928,290772.8125,303.6270327227139,92189.375,1843200
N064,Noise,AFLB3,conv_feat,0.001699294894933701,0.1106199622154236,-0.4962701797485352,0.6429356932640076,308224.90625,212.4153967612753,45120.30078125,3686400
N064,Noise,AFLB3,fft_magnitude,0.0001138939260272309,0.0005529642221517861,7.624477404988284e-08,0.2759634852409363,419.8585815429688,1.083977776584647,1.175007820129395,3686400
N064,Noise,AFLB3,raw_low,0.0,0.0,0.0,0.0,0.0,0.0,0.0,3686400
N064,Noise,AFLB3,raw_high,0.08361135423183441,0.07244863361120224,7.558512038485787e-09,0.6429356336593628,308224.90625,212.4153967612753,45120.30078125,3686400
N064,Noise,AFLB3,mined_low,8.835997505229898e-06,0.0009646225371398032,-0.007906326092779636,0.007061736658215523,2707.781494140625,1.852152927437086,3.43047046661377,3686400
N064,Noise,AFLB3,mined_high,-2.341302752029151e-05,0.0008212995599023998,-0.007779787294566631,0.007508974056690931,2268.649658203125,1.577535840336176,2.488619327545166,3686400
N065,Noise,AFLB1,conv_feat,0.004536856431514025,0.08246313035488129,-0.676193356513977,0.6821449398994446,48987.03125,79.28432628540934,6286.00439453125,921600
N065,Noise,AFLB1,fft_magnitude,0.0006543591734953225,0.001553638954646885,5.062058789917501e-07,0.1440468579530716,603.0574340820312,1.618384613864187,2.619168758392334,921600
N065,Noise,AFLB1,raw_low,0.0,0.0,0.0,0.0,0.0,0.0,0.0,921600
N065,Noise,AFLB1,raw_high,0.05315433442592621,0.0632089301943779,3.918380997447457e-08,0.6821449995040894,48987.03515625,79.28432936471431,6286.0048828125,921600
N065,Noise,AFLB1,mined_low,-0.7632956504821777,2.311058759689331,-14.08896160125732,9.082793235778809,1736793.75,2336.493312637552,5459201.0,921600
N065,Noise,AFLB1,mined_high,-0.0137643264606595,0.5106523036956787,-7.667431831359863,8.322646141052246,252844.5,490.4042656319376,240496.34375,921600
N065,Noise,AFLB2,conv_feat,-0.007626000326126814,0.1393690854310989,-1.115924954414368,0.9700988531112671,164119.8125,189.4967945804097,35909.03515625,1843200
N065,Noise,AFLB2,fft_magnitude,0.0003403269802220166,0.001383308437652886,2.030479890891002e-07,0.3029239475727081,627.2907104492188,1.934043631573328,3.740524768829346,1843200
N065,Noise,AFLB2,raw_low,0.0,0.0,0.0,0.0,0.0,0.0,0.0,1843200
N065,Noise,AFLB2,raw_high,0.08904071152210236,0.1074879169464111,1.087028955737424e-08,1.115924954414368,164119.84375,189.4967945804097,35909.03515625,1843200
N065,Noise,AFLB2,mined_low,-0.002494590124115348,0.2615974545478821,-5.513636112213135,5.444512367248535,234468.5625,355.1726472787565,126147.609375,1843200
N065,Noise,AFLB2,mined_high,-0.07573012262582779,0.1916074752807617,-3.128397703170776,3.772260904312134,271141.625,279.7159831865172,78241.03125,1843200
N065,Noise,AFLB3,conv_feat,0.0008696966688148677,0.09056482464075089,-0.5300278663635254,0.6601563692092896,217703.125,173.8924775543784,30238.59375,3686400
N065,Noise,AFLB3,fft_magnitude,0.0001043908778228797,0.000450239545898512,4.120966323739594e-08,0.1885952651500702,384.8265380859375,0.8873913604436128,0.7874634265899658,3686400
N065,Noise,AFLB3,raw_low,0.0,0.0,0.0,0.0,0.0,0.0,0.0,3686400
N065,Noise,AFLB3,raw_high,0.05905575305223465,0.06866703182458878,6.589106149590407e-09,0.66015625,217703.125,173.8924775543784,30238.59375,3686400
N065,Noise,AFLB3,mined_low,-8.213782166421879e-06,0.0008973071817308664,-0.007945007644593716,0.008118209429085255,2475.26220703125,1.722901895529712,2.968390941619873,3686400
N065,Noise,AFLB3,mined_high,4.898667611996643e-06,0.0008372240117751062,-0.009412631392478943,0.007075841072946787,2333.35986328125,1.607497592408081,2.584048509597778,3686400
N066,Noise,AFLB1,conv_feat,0.008115241304039955,0.1012642979621887,-0.3919612765312195,0.4169068038463593,72322.0078125,97.52539733320752,9511.203125,921600
N066,Noise,AFLB1,fft_magnitude,0.0004670311755035073,0.002020399319007993,4.698212023868109e-07,0.2517729997634888,430.4159240722656,1.990728764247436,3.963001012802124,921600
N066,Noise,AFLB1,raw_low,0.0,0.0,0.0,0.0,0.0,0.0,0.0,921600
N066,Noise,AFLB1,raw_high,0.07847440242767334,0.06451420485973358,1.584975706236946e-09,0.4169068336486816,72322.0078125,97.52539733320752,9511.203125,921600
N066,Noise,AFLB1,mined_low,-0.4973019659519196,1.556098699569702,-14.5284481048584,9.040326118469238,1139877.75,1568.286405603262,2459522.25,921600
N066,Noise,AFLB1,mined_high,-0.01353299245238304,0.5282068848609924,-6.2438063621521,5.760256290435791,270910.5,507.2449636270428,257297.453125,921600
N066,Noise,AFLB2,conv_feat,-0.01149901282042265,0.1801240742206573,-0.6357881426811218,0.5928912162780762,255245.03125,245.042359220809,60045.7578125,1843200
N066,Noise,AFLB2,fft_magnitude,0.0002343408996239305,0.001827159780077636,1.661528585827909e-07,0.4441990852355957,431.9371337890625,2.500953397155747,6.254767894744873,1843200
N066,Noise,AFLB2,raw_low,0.0,0.0,0.0,0.0,0.0,0.0,0.0,1843200
N066,Noise,AFLB2,raw_high,0.1384792923927307,0.1157600879669189,5.259991109340945e-09,0.6357882022857666,255245.03125,245.0423671913696,60045.76171875,1843200
N066,Noise,AFLB2,mined_low,-0.0002391825837548822,0.2985906600952148,-4.739802360534668,4.728934764862061,257438.953125,405.3802612979571,164333.15625,1843200
N066,Noise,AFLB2,mined_high,-0.1012425944209099,0.1984549015760422,-4.091999530792236,4.225681781768799,304999.96875,302.4667724519505,91486.1484375,1843200
N066,Noise,AFLB3,conv_feat,0.002251432742923498,0.1162220537662506,-0.3348707556724548,0.4382984042167664,344483.15625,223.1882088339346,49812.9765625,3686400
N066,Noise,AFLB3,fft_magnitude,7.842099148547277e-05,0.0005879980162717402,1.649062930653145e-08,0.3049548268318176,289.0911560058594,1.138952570713933,1.297212958335876,3686400
N066,Noise,AFLB3,raw_low,0.0,0.0,0.0,0.0,0.0,0.0,0.0,3686400
N066,Noise,AFLB3,raw_high,0.09344703704118729,0.06913961470127106,5.49970691210433e-09,0.4382984042167664,344483.15625,223.1882088339346,49812.9765625,3686400
N066,Noise,AFLB3,mined_low,7.477369217667729e-05,0.001043093856424093,-0.009510260075330734,0.006706060376018286,2958.2294921875,2.00787935256985,4.031579494476318,3686400
N066,Noise,AFLB3,mined_high,-7.719582208665088e-05,0.001167279202491045,-0.008561710827052593,0.008616386912763119,3389.424560546875,2.246071671087135,5.044837951660156,3686400
N067,Noise,AFLB1,conv_feat,0.009102493524551392,0.1323939114809036,-0.6131308674812317,0.6628735065460205,92869.015625,127.3982015485796,16230.3017578125,921600
N067,Noise,AFLB1,fft_magnitude,0.0009098188020288944,0.002551499288529158,2.139806838385994e-07,0.3090347945690155,838.489013671875,2.600504892184382,6.762625694274902,921600
N067,Noise,AFLB1,raw_low,0.0,0.0,0.0,0.0,0.0,0.0,0.0,921600
N067,Noise,AFLB1,raw_high,0.1007693409919739,0.08635129034519196,7.132046420110782e-08,0.6628735065460205,92869.0234375,127.3982015485796,16230.3017578125,921600
N067,Noise,AFLB1,mined_low,-0.8918683528900146,2.588249683380127,-14.8425350189209,9.39351749420166,2010441.625,2628.098171682329,6906900.0,921600
N067,Noise,AFLB1,mined_high,-0.01094933971762657,0.4592692255973816,-6.478537082672119,6.224515438079834,242411.84375,441.0237380232497,194501.9375,921600
N067,Noise,AFLB2,conv_feat,-0.01736182346940041,0.1934701055288315,-1.03830349445343,0.9393544793128967,270361.75,263.7192369500185,69547.8359375,1843200
N067,Noise,AFLB2,fft_magnitude,0.0004886363749392331,0.001921370159834623,1.393842410379875e-07,0.4952154755592346,900.654541015625,2.691573139215265,7.244565963745117,1843200
N067,Noise,AFLB2,raw_low,0.0,0.0,0.0,0.0,0.0,0.0,0.0,1843200
N067,Noise,AFLB2,raw_high,0.1466806381940842,0.1273456066846848,3.016353389284632e-08,1.03830361366272,270361.75,263.7192369500185,69547.8359375,1843200
N067,Noise,AFLB2,mined_low,0.002461318392306566,0.2005586624145508,-3.771090030670166,3.68248987197876,223135.296875,272.3079885442218,74151.640625,1843200
N067,Noise,AFLB2,mined_high,-0.1141425520181656,0.1900905817747116,-3.011156558990479,3.631158828735352,303643.65625,301.0268104754126,90617.140625,1843200
N067,Noise,AFLB3,conv_feat,0.00129628146532923,0.1175091937184334,-0.5018133521080017,0.6337189078330994,328701.125,225.6313797574486,50909.51953125,3686400
N067,Noise,AFLB3,fft_magnitude,0.0001537562784506008,0.0005796523182652891,3.587734553889277e-08,0.2898707985877991,566.80712890625,1.151420404370757,1.325768947601318,3686400
N067,Noise,AFLB3,raw_low,0.0,0.0,0.0,0.0,0.0,0.0,0.0,3686400
N067,Noise,AFLB3,raw_high,0.08916588872671127,0.07654761523008347,4.47084396171249e-08,0.6337188482284546,328701.125,225.6313884137134,50909.5234375,3686400
N067,Noise,AFLB3,mined_low,1.811149195418693e-05,0.001148566254414618,-0.007617590017616749,0.007335162721574306,3252.42578125,2.20552127463441,4.86432409286499,3686400
N067,Noise,AFLB3,mined_high,-3.21160550811328e-05,0.0008631131495349109,-0.00775234866887331,0.007317438721656799,2386.81689453125,1.65832404065364,2.750038623809814,3686400
N068,Noise,AFLB1,conv_feat,0.008343840017914772,0.1319641619920731,-0.5893755555152893,0.6620481610298157,82233.9453125,126.9385770510683,16113.40234375,921600
N068,Noise,AFLB1,fft_magnitude,0.0007801749743521214,0.002583871828392148,3.476976706551227e-09,0.2630162239074707,719.00927734375,2.591122778912959,6.713917255401611,921600
N068,Noise,AFLB1,raw_low,0.0,0.0,0.0,0.0,0.0,0.0,0.0,921600
N068,Noise,AFLB1,raw_high,0.08922954648733139,0.09758201241493225,5.728494567591724e-09,0.6620482206344604,82233.953125,126.9385770510683,16113.40234375,921600
N068,Noise,AFLB1,mined_low,-0.7400617599487305,2.222735643386841,-13.59779453277588,8.632630348205566,1692217.375,2248.992441072224,5057967.0,921600
N068,Noise,AFLB1,mined_high,-0.01192459557205439,0.5168177485466003,-6.969306945800781,7.75149393081665,264921.75,496.277093089133,246290.953125,921600
N068,Noise,AFLB2,conv_feat,-0.01340031716972589,0.2278933078050613,-1.004411816596985,0.9191453456878662,280426.875,309.9326287679308,96058.234375,1843200
N068,Noise,AFLB2,fft_magnitude,0.0004131772730033845,0.002293016295880079,2.130100966724058e-07,0.5129606127738953,761.568359375,3.16323698601216,10.00606822967529,1843200
N068,Noise,AFLB2,raw_low,0.0,0.0,0.0,0.0,0.0,0.0,0.0,1843200
N068,Noise,AFLB2,raw_high,0.1521413326263428,0.1701997369527817,5.459858343215274e-09,1.004411816596985,280426.90625,309.9326539750209,96058.25,1843200
N068,Noise,AFLB2,mined_low,0.00277622090652585,0.2442387938499451,-4.74532413482666,4.647590637207031,227828.671875,331.6109943329684,109965.8515625,1843200
N068,Noise,AFLB2,mined_high,-0.07588941603899002,0.1847505867481232,-2.901628017425537,3.863962173461914,258434.953125,271.1621401486572,73528.90625,1843200
N068,Noise,AFLB3,conv_feat,0.001826232532039285,0.1461990624666214,-0.5274668335914612,0.6663156747817993,374805.875,280.7240916362541,78806.015625,3686400
N068,Noise,AFLB3,fft_magnitude,0.0001268620253540576,0.0007352630491368473,2.206128257853379e-08,0.3289298415184021,467.6641845703125,1.432564097995948,2.052239894866943,3686400
N068,Noise,AFLB3,raw_low,0.0,0.0,0.0,0.0,0.0,0.0,0.0,3686400
N068,Noise,AFLB3,raw_high,0.1016725972294807,0.1050722748041153,8.010491825416466e-08,0.6663157939910889,374805.875,280.7240916362541,78806.015625,3686400
N068,Noise,AFLB3,mined_low,-3.695793930091895e-05,0.001032386557199061,-0.01031359005719423,0.006922585889697075,2779.41845703125,1.983451928939252,3.934081554412842,3686400
N068,Noise,AFLB3,mined_high,-5.32602280145511e-05,0.001069993944838643,-0.01032700669020414,0.007588348351418972,3027.634521484375,2.056931811057867,4.230968475341797,3686400
N069,Noise,AFLB1,conv_feat,0.006382276304066181,0.104438953101635,-0.625705897808075,0.6566072702407837,67031.328125,100.4484232936859,10089.8857421875,921600
N069,Noise,AFLB1,fft_magnitude,0.0007087604608386755,0.002014800440520048,4.599376950409351e-07,0.213491827249527,653.1936645507812,2.050395006410231,4.204119682312012,921600
N069,Noise,AFLB1,raw_low,0.0,0.0,0.0,0.0,0.0,0.0,0.0,921600
N069,Noise,AFLB1,raw_high,0.07273365557193756,0.07521997392177582,1.248124448238741e-07,0.6566073894500732,67031.3359375,100.4484330157146,10089.8876953125,921600
N069,Noise,AFLB1,mined_low,-0.681144118309021,2.065004110336304,-13.18948268890381,8.424643516540527,1548150.125,2087.464610478463,4357508.5,921600
N069,Noise,AFLB1,mined_high,-0.01233189273625612,0.4342209994792938,-6.723135948181152,6.748073101043701,222614.875,417.0202333220776,173905.875,921600
N069,Noise,AFLB2,conv_feat,-0.01200224738568068,0.162738710641861,-1.016918420791626,0.944135844707489,207220.609375,221.5414658562816,49080.62109375,1843200
N069,Noise,AFLB2,fft_magnitude,0.0003636147012002766,0.001625277916900814,7.023414383411364e-08,0.3979340791702271,670.214599609375,2.261098193486603,5.112565040588379,1843200
N069,Noise,AFLB2,raw_low,0.0,0.0,0.0,0.0,0.0,0.0,0.0,1843200
N069,Noise,AFLB2,raw_high,0.112424373626709,0.1182738468050957,6.159873322530984e-08,1.016918420791626,207220.609375,221.5414658562816,49080.62109375,1843200
N069,Noise,AFLB2,mined_low,-0.002816613297909498,0.2206883132457733,-4.535189151763916,4.502309799194336,223362.3125,299.6408005846333,89784.609375,1843200
N069,Noise,AFLB2,mined_high,-0.1140482425689697,0.1857475787401199,-2.945524454116821,3.884455680847168,301607.21875,295.9204126534701,87568.890625,1843200
N069,Noise,AFLB3,conv_feat,0.0008740429184399545,0.1019253879785538,-0.522088348865509,0.6631773710250854,264920.3125,195.7039377478133,38300.03125,3686400
N069,Noise,AFLB3,fft_magnitude,0.0001099695000448264,0.000508397351950407,5.249732026868514e-08,0.2348315417766571,405.3915710449219,0.9986975055214617,0.99739670753479,3686400
N069,Noise,AFLB3,raw_low,0.0,0.0,0.0,0.0,0.0,0.0,0.0,3686400
N069,Noise,AFLB3,raw_high,0.07186423242092133,0.07228472083806992,3.735840525820322e-09,0.6631773710250854,264920.3125,195.7039377478133,38300.03125,3686400
N069,Noise,AFLB3,mined_low,1.184670691145584e-05,0.0009410331840626895,-0.007192325312644243,0.006731581874191761,2651.943115234375,1.806926906688567,3.264984846115112,3686400
N069,Noise,AFLB3,mined_high,-4.531332888291217e-05,0.0008289922843687236,-0.007061883807182312,0.005693430081009865,2313.5341796875,1.594041161961774,2.540967226028442,3686400
N070,Noise,AFLB1,conv_feat,0.01130285486578941,0.1609943956136703,-0.8204182982444763,0.8047254681587219,106689.84375,154.9350544381419,24004.87109375,921600
N070,Noise,AFLB1,fft_magnitude,0.00069497583899647,0.003220233600586653,4.174169632165103e-08,0.3769685029983521,640.48974609375,3.162598523199761,10.00202941894531,921600
N070,Noise,AFLB1,raw_low,0.0,0.0,0.0,0.0,0.0,0.0,0.0,921600
N070,Noise,AFLB1,raw_high,0.1157658919692039,0.112450934946537,1.117800678684944e-07,0.8204183578491211,106689.84375,154.9350544381419,24004.87109375,921600
N070,Noise,AFLB1,mined_low,-0.660932183265686,2.113641500473022,-14.57049560546875,9.395490646362305,1516386.5,2125.985418576524,4519814.0,921600
N070,Noise,AFLB1,mined_high,-0.01338652707636356,0.5367910265922546,-7.20283842086792,7.435019969940186,271199.59375,515.4796007118032,265719.21875,921600
N070,Noise,AFLB2,conv_feat,-0.02021786198019981,0.2529949843883514,-1.073073387145996,0.9508218765258789,332329.28125,344.5723912510983,118730.1328125,1843200
N070,Noise,AFLB2,fft_magnitude,0.0003369918267708272,0.002568337135016918,1.627725865205321e-08,0.6237422227859497,621.143310546875,3.51677742613402,12.36772346496582,1843200
N070,Noise,AFLB2,raw_low,0.0,0.0,0.0,0.0,0.0,0.0,0.0,1843200
N070,Noise,AFLB2,raw_high,0.1803002059459686,0.1786254793405533,8.110741411826439e-09,1.073073506355286,332329.34375,344.5723912510983,118730.1328125,1843200
N070,Noise,AFLB2,mined_low,-0.005242581479251385,0.2723685503005981,-4.390285015106201,4.321759223937988,225220.328125,369.8483219510398,136787.78125,1843200
N070,Noise,AFLB2,mined_high,-0.1015278622508049,0.1683150976896286,-3.197314262390137,3.680893659591675,273731.25,266.8657785292074,71217.34375,1843200
N070,Noise,AFLB3,conv_feat,0.002011207630857825,0.1558524072170258,-0.5079450011253357,0.6848293542861938,425408.3125,299.2615390423567,89557.46875,3686400
N070,Noise,AFLB3,fft_magnitude,9.217441402142867e-05,0.0007900383789092302,7.171232940805794e-09,0.3814501464366913,339.791748046875,1.527162819216636,2.332226276397705,3686400
N070,Noise,AFLB3,raw_low,0.0,0.0,0.0,0.0,0.0,0.0,0.0,3686400
N070,Noise,AFLB3,raw_high,0.1153993979096413,0.1047711744904518,3.045504515242214e-09,0.6848294138908386,425408.34375,299.2615390423567,89557.46875,3686400
N070,Noise,AFLB3,mined_low,2.102467624354176e-05,0.0008429068839177489,-0.006732713896781206,0.007470843847841024,2308.970947265625,1.61888453686706,2.620787143707275,3686400
N070,Noise,AFLB3,mined_high,-3.358126195962541e-05,0.000893210934009403,-0.007322845980525017,0.00665591936558485,2512.6796875,1.716176620770662,2.94526219367981,3686400
N071,Noise,AFLB1,conv_feat,0.00641664257273078,0.1016031950712204,-0.6170473694801331,0.6564619541168213,66144.09375,97.73338953340102,9551.8154296875,921600
N071,Noise,AFLB1,fft_magnitude,0.0005904874415136874,0.001992440083995461,2.436254646909219e-07,0.1933721303939819,544.1932373046875,1.994974498155557,3.979923248291016,921600
N071,Noise,AFLB1,raw_low,0.0,0.0,0.0,0.0,0.0,0.0,0.0,921600
N071,Noise,AFLB1,raw_high,0.07177093625068665,0.07220330834388733,2.986113400993418e-08,0.6564620137214661,66144.09375,97.73339452945447,9551.81640625,921600
N071,Noise,AFLB1,mined_low,-0.4825623631477356,2.373480319976807,-14.58889389038086,13.21904563903809,1711331.25,2325.157951623932,5406359.5,921600
N071,Noise,AFLB1,mined_high,-0.01423801016062498,0.5501219034194946,-8.617486953735352,8.273953437805176,275741.09375,528.2938635361952,279094.40625,921600
N071,Noise,AFLB2,conv_feat,-0.008928067050874233,0.1844928562641144,-1.001006960868835,0.9212107062339783,243814.796875,250.7689268779128,62885.0546875,1843200
N071,Noise,AFLB2,fft_magnitude,0.0003070195380132645,0.001860007294453681,1.002103147129674e-07,0.4282093346118927,565.8984375,2.559399659872901,6.55052661895752,1843200
N071,Noise,AFLB2,raw_low,0.0,0.0,0.0,0.0,0.0,0.0,0.0,1843200
N071,Noise,AFLB2,raw_high,0.1322779953479767,0.1289180368185043,1.993259814980775e-07,1.001006960868835,243814.796875,250.7689268779128,62885.0546875,1843200
N071,Noise,AFLB2,mined_low,4.629823706636671e-06,0.2508392930030823,-4.00506067276001,3.91767144203186,226137.21875,340.5507143767283,115974.7890625,1843200
N071,Noise,AFLB2,mined_high,-0.1131682023406029,0.1824438124895096,-2.683846712112427,3.491732120513916,301374.4375,291.4759316821888,84958.21875,1843200
N071,Noise,AFLB3,conv_feat,0.001708648167550564,0.1230934634804726,-0.5056986808776855,0.6533563733100891,330599.9375,236.3622170657781,55867.09765625,3686400
N071,Noise,AFLB3,fft_magnitude,9.225041139870882e-05,0.0006214090972207487,6.952983966357351e-08,0.2864560484886169,340.0719299316406,1.206180902587268,1.454872369766235,3686400
N071,Noise,AFLB3,raw_low,0.0,0.0,0.0,0.0,0.0,0.0,0.0,3686400
N071,Noise,AFLB3,raw_high,0.08968096971511841,0.0843341127038002,2.606437909946635e-08,0.6533562541007996,330599.9375,236.3622170657781,55867.09765625,3686400
N071,Noise,AFLB3,mined_low,5.146184776094742e-05,0.0009139993344433606,-0.007608230225741863,0.01099454797804356,2546.284912109375,1.757658142094251,3.089362144470215,3686400
N071,Noise,AFLB3,mined_high,-6.74343973514624e-05,0.001016599242575467,-0.008976663462817669,0.007902783341705799,2835.57080078125,1.956159995449097,3.82656192779541,3686400
N072,Noise,AFLB1,conv_feat,0.005521606653928757,0.07730331271886826,-0.4605047106742859,0.5788441896438599,53929.7734375,74.40025503463514,5535.39794921875,921600
N072,Noise,AFLB1,fft_magnitude,0.0004885535454377532,0.001504638465121388,8.687376862326346e-08,0.1706584244966507,450.2509460449219,1.518688841165269,2.306415796279907,921600
N072,Noise,AFLB1,raw_low,0.0,0.0,0.0,0.0,0.0,0.0,0.0,921600
N072,Noise,AFLB1,raw_high,0.05851755663752556,0.05081325396895409,1.481109137557723e-07,0.5788442492485046,53929.78125,74.40025503463514,5535.39794921875,921600
N072,Noise,AFLB1,mined_low,-0.667221188545227,2.073352813720703,-13.1838207244873,8.457534790039062,1527445.25,2090.944284288799,4372048.0,921600
N072,Noise,AFLB1,mined_high,-0.01486213877797127,0.544730007648468,-8.242881774902344,7.681205272674561,275627.125,523.1353792279776,273670.625,921600
N072,Noise,AFLB2,conv_feat,-0.00862144771963358,0.1391292661428452,-0.9208505153656006,0.8020896315574646,190666.71875,189.2504747352038,35815.7421875,1843200
N072,Noise,AFLB2,fft_magnitude,0.0002577889536041766,0.001399155706167221,7.524054268515101e-08,0.3512688875198364,475.1566162109375,1.931529536587004,3.730806350708008,1843200
N072,Noise,AFLB2,raw_low,0.0,0.0,0.0,0.0,0.0,0.0,0.0,1843200
N072,Noise,AFLB2,raw_high,0.1034433245658875,0.0934385359287262,5.474751318956805e-08,0.9208504557609558,190666.734375,189.2504747352038,35815.7421875,1843200
N072,Noise,AFLB2,mined_low,-0.0003071930550504476,0.222538948059082,-3.736506223678589,3.791242361068726,221034.75,302.1291761192553,91282.0390625,1843200
N072,Noise,AFLB2,mined_high,-0.08842147886753082,0.1943969279527664,-3.764440774917603,3.429534435272217,283079.9375,289.9407267011656,84065.625,1843200
N072,Noise,AFLB3,conv_feat,0.001225788029842079,0.09123202413320541,-0.491740345954895,0.6269446015357971,255294.375,175.1812956000868,30688.486328125,3686400
N072,Noise,AFLB3,fft_magnitude,7.682372233830392e-05,0.0004592269251588732,2.746005423048814e-09,0.2262622863054276,283.2029724121094,0.8939682633977405,0.7991792559623718,3686400
N072,Noise,AFLB3,raw_low,0.0,0.0,0.0,0.0,0.0,0.0,0.0,3686400
N072,Noise,AFLB3,raw_high,0.06925303488969803,0.05940372496843338,9.309518489430957e-09,0.6269446015357971,255294.390625,175.1812956000868,30688.486328125,3686400
N072,Noise,AFLB3,mined_low,3.69189256161917e-05,0.0008078090031631291,-0.006227631121873856,0.006765733473002911,2249.05224609375,1.552612299888761,2.410604953765869,3686400
N072,Noise,AFLB3,mined_high,8.337076906173024e-06,0.0007623673882335424,-0.008841250091791153,0.00823733676224947,2099.977783203125,1.463832821738459,2.142806529998779,3686400
N073,Noise,AFLB1,conv_feat,0.01419003680348396,0.1814171224832535,-0.6520670652389526,0.6793509721755981,127148.03125,174.6923858887387,30517.4296875,921600
N073,Noise,AFLB1,fft_magnitude,0.0007084623211994767,0.003646283876150846,2.422019633741002e-07,0.4621632993221283,652.9188842773438,3.565893598063459,12.71559715270996,921600
N073,Noise,AFLB1,raw_low,0.0,0.0,0.0,0.0,0.0,0.0,0.0,921600
N073,Noise,AFLB1,raw_high,0.1379644572734833,0.1186564043164253,6.05429931965773e-07,0.6793510913848877,127148.046875,174.6923914789222,30517.431640625,921600
N073,Noise,AFLB1,mined_low,-0.5757274031639099,1.823265552520752,-13.36342716217041,8.484634399414062,1316240.0,1835.523903412865,3369148.0,921600
N073,Noise,AFLB1,mined_high,-0.01081311237066984,0.4540489017963409,-7.322782516479492,7.677886962890625,234034.265625,436.010518078406,190105.171875,921600
N073,Noise,AFLB2,conv_feat,-0.02375404164195061,0.2870620489120483,-1.026031732559204,0.9477481842041016,402499.1875,391.0603773715767,152928.21875,1843200
N073,Noise,AFLB2,fft_magnitude,0.0003525074862409383,0.00291861779987812,1.816653565356319e-07,0.7301085591316223,649.7418212890625,3.991243672639184,15.93002605438232,1843200
N073,Noise,AFLB2,raw_low,0.0,0.0,0.0,0.0,0.0,0.0,0.0,1843200
N073,Noise,AFLB2,raw_high,0.2183697819709778,0.187839075922966,2.713959723621429e-08,1.026031732559204,402499.1875,391.0603973493097,152928.234375,1843200
N073,Noise,AFLB2,mined_low,0.002208407502621412,0.2311883866786957,-4.082517147064209,4.017965793609619,219274.53125,313.8860636242075,98524.4609375,1843200
N073,Noise,AFLB2,mined_high,-0.1020988523960114,0.1929649412631989,-2.656285524368286,3.657382249832153,289363.34375,296.3886938000504,87846.2578125,1843200
N073,Noise,AFLB3,conv_feat,0.00290003209374845,0.1764073967933655,-0.5386569499969482,0.675837516784668,513085.1875,338.7479704736251,114750.1875,3686400
N073,Noise,AFLB3,fft_magnitude,0.0001001148921204731,0.0008947633905336261,2.009543820236104e-08,0.4631460309028625,369.0635375976562,1.728665964948573,2.988286018371582,3686400
N073,Noise,AFLB3,raw_low,0.0,0.0,0.0,0.0,0.0,0.0,0.0,3686400
N073,Noise,AFLB3,raw_high,0.1391832679510117,0.1084250882267952,5.499732580460659e-08,0.675837516784668,513085.1875,338.7479820050593,114750.1953125,3686400
N073,Noise,AFLB3,mined_low,-9.483890607953072e-06,0.0009156409651041031,-0.007597065065056086,0.005910526961088181,2564.361083984375,1.758124972227159,3.09100341796875,3686400
N073,Noise,AFLB3,mined_high,-9.79304331849562e-07,0.0008454467752017081,-0.008000803180038929,0.006356498692184687,2388.635498046875,1.623258978507037,2.634969711303711,3686400
N074,Noise,AFLB1,conv_feat,0.0109295416623354,0.1439996510744095,-0.5965433120727539,0.5987772941589355,98823.703125,138.6372712107029,19220.29296875,921600
N074,Noise,AFLB1,fft_magnitude,0.0005395653424784541,0.002898033708333969,5.691002158414449e-08,0.3398165702819824,497.2633972167969,2.829921594349139,8.008456230163574,921600
N074,Noise,AFLB1,raw_low,0.0,0.0,0.0,0.0,0.0,0.0,0.0,921600
N074,Noise,AFLB1,raw_high,0.107230581343174,0.09673134982585907,4.565919198284973e-08,0.5987772941589355,98823.703125,138.6372712107029,19220.29296875,921600
N074,Noise,AFLB1,mined_low,-0.5161600112915039,1.713459014892578,-15.06961345672607,9.657384872436523,1204439.875,1717.934079061243,2951297.5,921600
N074,Noise,AFLB1,mined_high,-0.01464799419045448,0.6065349578857422,-8.459083557128906,8.21592903137207,308424.28125,582.44334488429,339240.25,921600
N074,Noise,AFLB2,conv_feat,-0.0161224827170372,0.2611527740955353,-0.9949043989181519,0.8791214823722839,354342.25,355.227798831257,126186.7890625,1843200
N074,Noise,AFLB2,fft_magnitude,0.0002660770260263234,0.002657165285199881,1.06660650089907e-07,0.6426066160202026,490.4331970214844,3.625528362836099,13.144455909729,1843200
N074,Noise,AFLB2,raw_low,0.0,0.0,0.0,0.0,0.0,0.0,0.0,1843200
N074,Noise,AFLB2,raw_high,0.1922429800033569,0.1774918437004089,1.750889282448043e-07,0.9949043393135071,354342.25,355.227798831257,126186.7890625,1843200
N074,Noise,AFLB2,mined_low,-0.002746041165664792,0.2743427753448486,-4.650312423706055,4.633180141448975,246483.40625,372.4787535887114,138740.421875,1843200
N074,Noise,AFLB2,mined_high,-0.09719786792993546,0.1955166608095169,-3.443810939788818,3.994992971420288,294782.15625,296.4339091602039,87873.0625,1843200
N074,Noise,AFLB3,conv_feat,0.002852777717635036,0.1695886850357056,-0.5039783716201782,0.655205488204956,482375.3125,325.6563324656838,106052.046875,3686400
N074,Noise,AFLB3,fft_magnitude,7.387570076389238e-05,0.000862392655108124,3.123402336768777e-08,0.4304834008216858,272.3353881835938,1.661858043203967,2.761772155761719,3686400
N074,Noise,AFLB3,raw_low,0.0,0.0,0.0,0.0,0.0,0.0,0.0,3686400
N074,Noise,AFLB3,raw_high,0.1308526992797852,0.1079168021678925,3.307372864469471e-08,0.6552056074142456,482375.375,325.6563324656838,106052.046875,3686400
N074,Noise,AFLB3,mined_low,3.35883887601085e-05,0.0008914311765693128,-0.007323379162698984,0.006838339846581221,2504.790283203125,1.712762425495779,2.933555126190186,3686400
N074,Noise,AFLB3,mined_high,-3.33869866153691e-05,0.0009022571612149477,-0.007478838320821524,0.007779741659760475,2544.1220703125,1.733519403239572,3.005089521408081,3686400
N075,Noise,AFLB1,conv_feat,0.006080135237425566,0.09223458915948868,-0.6290788650512695,0.6657165884971619,60729.9140625,88.73738356627099,7874.3232421875,921600
N075,Noise,AFLB1,fft_magnitude,0.0006294900085777044,0.001778713194653392,1.416603794268667e-07,0.2028074264526367,580.1380004882812,1.811344238630781,3.280967950820923,921600
N075,Noise,AFLB1,raw_low,0.0,0.0,0.0,0.0,0.0,0.0,0.0,921600
N075,Noise,AFLB1,raw_high,0.0658961832523346,0.06482192128896713,3.177930452125111e-08,0.6657166481018066,60729.921875,88.73738631754233,7874.32373046875,921600
N075,Noise,AFLB1,mined_low,-0.7551091909408569,2.254952907562256,-14.0458984375,9.132813453674316,1712522.5,2282.903852552709,5211650.0,921600
N075,Noise,AFLB1,mined_high,-0.01210246328264475,0.451894611120224,-7.440730571746826,7.463420391082764,231661.9375,433.9743656023936,188333.75,921600
N075,Noise,AFLB2,conv_feat,-0.01128356531262398,0.134463757276535,-1.071730136871338,0.8992418050765991,180678.640625,183.1956881486298,33560.66015625,1843200
N075,Noise,AFLB2,fft_magnitude,0.0003263042017351836,0.001337973750196397,7.05694205294094e-08,0.3391292095184326,601.4439086914062,1.869733216231926,3.495902299880981,1843200
N075,Noise,AFLB2,raw_low,0.0,0.0,0.0,0.0,0.0,0.0,0.0,1843200
N075,Noise,AFLB2,raw_high,0.09802443534135818,0.09273097664117813,2.12558660450668e-07,1.071730136871338,180678.640625,183.195698810043,33560.6640625,1843200
N075,Noise,AFLB2,mined_low,0.0008452145266346633,0.2201040387153625,-3.559583187103271,3.625560522079468,229779.515625,298.8253566048236,89296.59375,1843200
N075,Noise,AFLB2,mined_high,-0.08550705015659332,0.1890283226966858,-3.841220855712891,3.909330368041992,271919.34375,281.6685219366907,79337.15625,1843200
N075,Noise,AFLB3,conv_feat,0.0008359943749383092,0.08174537122249603,-0.5027587413787842,0.6619455814361572,224891.015625,156.9593149911785,24636.2265625,3686400
N075,Noise,AFLB3,fft_magnitude,9.856060205493122e-05,0.0004053669690620154,3.887387123313601e-08,0.1999251395463943,363.3338012695312,0.8009796641098355,0.6415684223175049,3686400
N075,Noise,AFLB3,raw_low,0.0,0.0,0.0,0.0,0.0,0.0,0.0,3686400
N075,Noise,AFLB3,raw_high,0.06100559234619141,0.05441802740097046,1.214559031126328e-08,0.6619457006454468,224891.015625,156.9593149911785,24636.2265625,3686400
N075,Noise,AFLB3,mined_low,4.110506051802076e-05,0.0008711878326721489,-0.006456620059907436,0.007477880921214819,2435.71240234375,1.674541521666463,2.804089307785034,3686400
N075,Noise,AFLB3,mined_high,-2.572434596004314e-06,0.0009030183427967131,-0.006653819233179092,0.006646274123340845,2496.17919921875,1.733802288452321,3.006070375442505,3686400
N076,Noise,AFLB1,conv_feat,0.004988586064428091,0.0835539698600769,-0.6168478727340698,0.6761136054992676,53393.44140625,80.35464604255935,6456.869140625,921600
N076,Noise,AFLB1,fft_magnitude,0.0006066000205464661,0.001597268506884575,8.37358300032065e-07,0.1718108952045441,559.0426025390625,1.640232511529775,2.690362691879272,921600
N076,Noise,AFLB1,raw_low,0.0,0.0,0.0,0.0,0.0,0.0,0.0,921600
N076,Noise,AFLB1,raw_high,0.05793559178709984,0.06041208282113075,8.236619386536859e-09,0.6761136651039124,53393.44140625,80.35465211913683,6456.8701171875,921600
N076,Noise,AFLB1,mined_low,-0.6998924612998962,2.086082935333252,-12.25833702087402,7.883693218231201,1586450.625,2112.347272585642,4462011.0,921600
N076,Noise,AFLB1,mined_high,-0.01136591378599405,0.4316823780536652,-6.078849792480469,5.848099231719971,227842.03125,414.5586885472309,171858.90625,921600
N076,Noise,AFLB2,conv_feat,-0.01009486056864262,0.1235472485423088,-1.02749764919281,0.9445861577987671,160982.25,168.292307552217,28322.30078125,1843200
N076,Noise,AFLB2,fft_magnitude,0.0003261608653701842,0.001222385559231043,1.429526861329578e-07,0.3203789889812469,601.1796875,1.717626169559521,2.950239658355713,1843200
N076,Noise,AFLB2,raw_low,0.0,0.0,0.0,0.0,0.0,0.0,0.0,1843200
N076,Noise,AFLB2,raw_high,0.08733846247196198,0.08796489983797073,6.188847123667074e-08,1.02749764919281,160982.25,168.292307552217,28322.30078125,1843200
N076,Noise,AFLB2,mined_low,0.002865468617528677,0.2260028272867203,-4.257668972015381,4.245151996612549,225868.75,306.8562748869575,94160.7734375,1843200
N076,Noise,AFLB2,mined_high,-0.09886297583580017,0.1924153566360474,-3.059981346130371,3.638855457305908,289556.15625,293.6958726727361,86257.265625,1843200
N076,Noise,AFLB3,conv_feat,0.0004290066717658192,0.0764143094420433,-0.4991623163223267,0.6737551093101501,205167.34375,146.7177882023853,21526.109375,3686400
N076,Noise,AFLB3,fft_magnitude,0.0001058617563103326,0.0003753121418412775,3.099007273021925e-08,0.1799821704626083,390.248779296875,0.7487160898850218,0.5605757832527161,3686400
N076,Noise,AFLB3,raw_low,0.0,0.0,0.0,0.0,0.0,0.0,0.0,3686400
N076,Noise,AFLB3,raw_high,0.05565520375967026,0.05236247926950455,7.684095137960867e-09,0.6737551689147949,205167.34375,146.7177948584458,21526.111328125,3686400
N076,Noise,AFLB3,mined_low,4.074097432749113e-06,0.0008508359896950424,-0.00657443143427372,0.005711725912988186,2411.893798828125,1.633623788594842,2.668726682662964,3686400
N076,Noise,AFLB3,mined_high,-2.850323107850272e-05,0.0008274309220723808,-0.006823555566370487,0.006291527766734362,2298.6318359375,1.589609639694635,2.526858806610107,3686400
N077,Noise,AFLB1,conv_feat,0.005168570205569267,0.08272740989923477,-0.6192023158073425,0.6622697710990906,50295.40625,79.5731655262941,6331.888671875,921600
N077,Noise,AFLB1,fft_magnitude,0.0006054015248082578,0.00157994101755321,3.08643421931265e-07,0.1707855015993118,557.9380493164062,1.624280476830689,2.63828706741333,921600
N077,Noise,AFLB1,raw_low,0.0,0.0,0.0,0.0,0.0,0.0,0.0,921600
N077,Noise,AFLB1,raw_high,0.05457400903105736,0.06238763034343719,9.12953197484967e-08,0.6622697710990906,50295.40625,79.57316859442163,6331.88916015625,921600
N077,Noise,AFLB1,mined_low,-0.645520031452179,1.971212029457092,-12.85050868988037,8.475759506225586,1466123.0,1991.247473319175,3965066.5,921600
N077,Noise,AFLB1,mined_high,-0.01312342286109924,0.4655151069164276,-7.428032398223877,7.751804828643799,239738.046875,447.0720544554312,199873.421875,921600
N077,Noise,AFLB2,conv_feat,-0.008918395265936852,0.1232425644993782,-0.9951246976852417,0.9215258955955505,151257.09375,167.7571777991183,28142.470703125,1843200
N077,Noise,AFLB2,fft_magnitude,0.0003166317183058709,0.001220732927322388,6.924073403524744e-08,0.2662642598152161,583.6156005859375,1.712164451971744,2.931507110595703,1843200
N077,Noise,AFLB2,raw_low,0.0,0.0,0.0,0.0,0.0,0.0,0.0,1843200
N077,Noise,AFLB2,raw_high,0.08206222206354141,0.09237996488809586,1.912131075698653e-08,0.9951246380805969,151257.09375,167.7571777991183,28142.470703125,1843200
N077,Noise,AFLB2,mined_low,0.003109402488917112,0.2376946955919266,-4.260323524475098,4.194070339202881,228050.8125,322.7326316976639,104156.3515625,1843200
N077,Noise,AFLB2,mined_high,-0.09127780795097351,0.1847165524959564,-3.498564481735229,3.716984272003174,273015.15625,279.7270712230048,78247.234375,1843200
N077,Noise,AFLB3,conv_feat,0.0009517609141767025,0.07478436827659607,-0.5024968385696411,0.6705316305160522,186525.03125,143.5976094421491,20620.2734375,3686400
N077,Noise,AFLB3,fft_magnitude,9.24118357943371e-05,0.0003703065158333629,1.63733613334216e-08,0.1648179739713669,340.6669921875,0.7327934848294837,0.5369862914085388,3686400
N077,Noise,AFLB3,raw_low,0.0,0.0,0.0,0.0,0.0,0.0,0.0,3686400
N077,Noise,AFLB3,raw_high,0.05059816315770149,0.05507661402225494,7.085178665988678e-09,0.6705316305160522,186525.0625,143.5976094421491,20620.2734375,3686400
N077,Noise,AFLB3,mined_low,5.005218190490268e-05,0.0009181179921142757,-0.005918909795582294,0.00746113620698452,2599.9013671875,1.765404071320269,3.11665153503418,3686400
N077,Noise,AFLB3,mined_high,-1.366635660815518e-05,0.0008678235462866724,-0.006784740369766951,0.006184577476233244,2441.3779296875,1.666427865404598,2.776981830596924,3686400
N078,Noise,AFLB1,conv_feat,0.007513556163758039,0.1024496778845787,-0.5715522766113281,0.6015914082527161,69055.578125,98.61583548199802,9725.0830078125,921600
N078,Noise,AFLB1,fft_magnitude,0.0005166445043869317,0.00203221756964922,8.908634754334344e-07,0.2443459630012512,476.1395568847656,2.012987407161704,4.052118301391602,921600
N078,Noise,AFLB1,raw_low,0.0,0.0,0.0,0.0,0.0,0.0,0.0,921600
N078,Noise,AFLB1,raw_high,0.0749301090836525,0.07026998698711395,6.241377548121818e-08,0.6015914678573608,69055.5859375,98.61584043334518,9725.083984375,921600
N078,Noise,AFLB1,mined_low,-0.5913141965866089,1.816985368728638,-12.65726089477539,7.84959888458252,1346822.75,1834.350770708809,3364842.75,921600
N078,Noise,AFLB1,mined_high,-0.01328064408153296,0.4738965630531311,-6.658467769622803,6.466362953186035,242070.78125,455.1193181463516,207133.59375,921600
N078,Noise,AFLB2,conv_feat,-0.01264719199389219,0.158547043800354,-0.9576797485351562,0.8786076307296753,218026.390625,215.9343523649028,46627.64453125,1843200
N078,Noise,AFLB2,fft_magnitude,0.0002572829253040254,0.001602785661816597,1.82787580627064e-08,0.4010603129863739,474.2239074707031,2.203870822928716,4.857046604156494,1843200
N078,Noise,AFLB2,raw_low,0.0,0.0,0.0,0.0,0.0,0.0,0.0,1843200
N078,Noise,AFLB2,raw_high,0.1182868927717209,0.1063265204429626,3.87148517688729e-08,0.9576797485351562,218026.40625,215.934361409897,46627.6484375,1843200
N078,Noise,AFLB2,mined_low,-0.001284333411604166,0.2468153685331345,-3.722618103027344,3.820565223693848,227845.4375,335.0921981335883,112286.78125,1843200
N078,Noise,AFLB2,mined_high,-0.09555283188819885,0.1841301620006561,-3.101741552352905,3.570181369781494,277567.46875,281.6393832323527,79320.7421875,1843200
N078,Noise,AFLB3,conv_feat,0.00145306286867708,0.0973205715417862,-0.4788343906402588,0.6238022446632385,278361.75,186.8763168849921,34922.7578125,3686400
N078,Noise,AFLB3,fft_magnitude,7.768139766994864e-05,0.0004905801033601165,2.632538453894995e-08,0.2510252296924591,286.3647155761719,0.9536492203729227,0.9094468355178833,3686400
N078,Noise,AFLB3,raw_low,0.0,0.0,0.0,0.0,0.0,0.0,0.0,3686400
N078,Noise,AFLB3,raw_high,0.07551045715808868,0.06141315773129463,5.426690208309992e-08,0.6238022446632385,278361.75,186.8763273364232,34922.76171875,3686400
N078,Noise,AFLB3,mined_low,4.805617209058255e-05,0.0008018009830266237,-0.006116311531513929,0.007562769111245871,2263.6533203125,1.542220540258008,2.378444194793701,3686400
N078,Noise,AFLB3,mined_high,-1.220818194269668e-05,0.0007971624145284295,-0.006871650461107492,0.005919215269386768,2243.39404296875,1.530731269010346,2.343138217926025,3686400
N079,Noise,AFLB1,conv_feat,0.007239526137709618,0.1125832051038742,-0.5844963192939758,0.5934559106826782,73316.640625,108.303100248504,11729.5615234375,921600
N079,Noise,AFLB1,fft_magnitude,0.0008387834532186389,0.002144649624824524,1.344321276519622e-07,0.2257218211889267,773.0228271484375,2.210727856944564,4.887317657470703,921600
N079,Noise,AFLB1,raw_low,0.0,0.0,0.0,0.0,0.0,0.0,0.0,921600
N079,Noise,AFLB1,raw_high,0.07955364882946014,0.07999129593372345,4.535975151043203e-08,0.5934559106826782,73316.640625,108.3031092654431,11729.5634765625,921600
N079,Noise,AFLB1,mined_low,-0.7706921100616455,2.348687410354614,-14.88097858428955,9.213089942932129,1747620.5,2373.025916419793,5631252.0,921600
N079,Noise,AFLB1,mined_high,-0.01203139405697584,0.4841724336147308,-8.044583320617676,8.361698150634766,238902.5625,464.9490059404365,216177.578125,921600
N079,Noise,AFLB2,conv_feat,-0.01094313524663448,0.1877850890159607,-0.9604788422584534,0.8645901679992676,241542.90625,255.3780133204501,65217.9296875,1843200
N079,Noise,AFLB2,fft_magnitude,0.0004296463448554277,0.001871131244115531,1.271908303124292e-07,0.4017863571643829,791.9241333007812,2.606440921806905,6.793534278869629,1843200
N079,Noise,AFLB2,raw_low,0.0,0.0,0.0,0.0,0.0,0.0,0.0,1843200
N079,Noise,AFLB2,raw_high,0.1310454308986664,0.1349447667598724,5.76098031501715e-08,0.9604788422584534,241542.9375,255.3780133204501,65217.9296875,1843200
N079,Noise,AFLB2,mined_low,0.001943811308592558,0.2361656725406647,-3.941381931304932,3.854800224304199,246673.984375,320.6400215779371,102810.0234375,1843200
N079,Noise,AFLB2,mined_high,-0.09554596990346909,0.1873287856578827,-3.819039583206177,3.743347644805908,285548.75,285.4966478568531,81508.3359375,1843200
N079,Noise,AFLB3,conv_feat,0.001835501985624433,0.1191480308771133,-0.5335384607315063,0.639653205871582,309880.9375,228.791355551297,52345.484375,3686400
N079,Noise,AFLB3,fft_magnitude,0.0001189470858662389,0.0005963500589132309,2.594578596415431e-08,0.2672390639781952,438.4865417480469,1.167546020352304,1.363163709640503,3686400
N079,Noise,AFLB3,raw_low,0.0,0.0,0.0,0.0,0.0,0.0,0.0,3686400
N079,Noise,AFLB3,raw_high,0.08406058698892593,0.08445969969034195,2.075808147594671e-08,0.639653205871582,309880.9375,228.791355551297,52345.484375,3686400
N079,Noise,AFLB3,mined_low,3.931872197426856e-05,0.001090755918994546,-0.007593046873807907,0.01024030242115259,3017.283203125,2.095611655593557,4.39158821105957,3686400
N079,Noise,AFLB3,mined_high,-7.589179585920647e-05,0.001358930021524429,-0.01140672154724598,0.007791899144649506,3748.520751953125,2.613211273031942,6.828873157501221,3686400
N080,Noise,AFLB1,conv_feat,0.009553073905408382,0.1292963922023773,-0.5709635019302368,0.6211668848991394,87144.8828125,124.4628733234835,15491.0068359375,921600
N080,Noise,AFLB1,fft_magnitude,0.0006567489472217858,0.002563660498708487,3.534555617079604e-07,0.3243338167667389,605.2598266601562,2.540587920684315,6.454586982727051,921600
N080,Noise,AFLB1,raw_low,0.0,0.0,0.0,0.0,0.0,0.0,0.0,921600
N080,Noise,AFLB1,raw_high,0.0945582464337349,0.08869925886392593,2.137786481171133e-08,0.6211669445037842,87144.8828125,124.4628772465911,15491.0078125,921600
N080,Noise,AFLB1,mined_low,-0.8412299752235413,2.494507074356079,-16.11412048339844,10.47757244110107,1902621.25,2527.232280578894,6386903.0,921600
N080,Noise,AFLB1,mined_high,-0.01265058107674122,0.4839892387390137,-7.698310852050781,7.310321807861328,248299.375,464.7883759034858,216028.234375,921600
N080,Noise,AFLB2,conv_feat,-0.0167878195643425,0.1722314655780792,-0.8150973320007324,0.8173123598098755,244049.609375,234.9373420457038,55195.5546875,1843200
N080,Noise,AFLB2,fft_magnitude,0.0003251004964113235,0.001735982019454241,2.117827619940726e-07,0.4080093204975128,599.2252197265625,2.397819315118748,5.749537467956543,1843200
N080,Noise,AFLB2,raw_low,0.0,0.0,0.0,0.0,0.0,0.0,0.0,1843200
N080,Noise,AFLB2,raw_high,0.1324053853750229,0.1114195734262466,3.168433337918941e-08,0.8173123598098755,244049.609375,234.9373586724768,55195.5625,1843200
N080,Noise,AFLB2,mined_low,0.003416296560317278,0.2706637680530548,-4.144624710083008,4.115942478179932,245733.53125,367.494600300467,135052.28125,1843200
N080,Noise,AFLB2,mined_high,-0.09709173440933228,0.18351149559021,-3.132641553878784,3.320469379425049,279197.65625,281.8651328649927,79447.953125,1843200
N080,Noise,AFLB3,conv_feat,0.001818057033233345,0.09729954600334167,-0.445519357919693,0.5474650859832764,283023.15625,186.8477404867396,34912.078125,3686400
N080,Noise,AFLB3,fft_magnitude,9.743892587721348e-05,0.00048696348676458,5.619943266310656e-08,0.2475266605615616,359.1988525390625,0.9535033616305275,0.9091686606407166,3686400
N080,Noise,AFLB3,raw_low,0.0,0.0,0.0,0.0,0.0,0.0,0.0,3686400
N080,Noise,AFLB3,raw_high,0.0767749473452568,0.05980062484741211,1.309278729877406e-08,0.5474650859832764,283023.15625,186.8477300337095,34912.07421875,3686400
N080,Noise,AFLB3,mined_low,3.605012170737609e-05,0.0007805796922184527,-0.006112212780863047,0.006892362143844366,2156.3984375,1.500310468332655,2.25093150138855,3686400
N080,Noise,AFLB3,mined_high,1.551068453409243e-05,0.0009251093724742532,-0.007285938132554293,0.00682629132643342,2599.01953125,1.776459660568926,3.155808925628662,3686400
N081,Noise,AFLB1,conv_feat,0.009045195765793324,0.1177033856511116,-0.5538427233695984,0.5848795771598816,80819.9375,113.3284039790445,12843.3271484375,921600
N081,Noise,AFLB1,fft_magnitude,0.0005390406586229801,0.002348629757761955,8.02121519427601e-07,0.2903113067150116,496.7798767089844,2.313306410117048,5.351386547088623,921600
N081,Noise,AFLB1,raw_low,0.0,0.0,0.0,0.0,0.0,0.0,0.0,921600
N081,Noise,AFLB1,raw_high,0.08769525587558746,0.07902814447879791,6.986637401951157e-08,0.5848796963691711,80819.9453125,113.3284125961469,12843.3291015625,921600
N081,Noise,AFLB1,mined_low,-0.5678827166557312,1.782064437866211,-12.11977386474609,7.551043510437012,1295570.625,1795.545042598486,3223982.0,921600
N081,Noise,AFLB1,mined_high,-0.01286825630813837,0.4870764017105103,-6.836329460144043,6.359198093414307,247574.078125,467.756480446824,218796.125,921600
N081,Noise,AFLB2,conv_feat,-0.01425722893327475,0.19216488301754,-0.9280425310134888,0.8400079011917114,265647.0,261.6087548707038,68439.140625,1843200
N081,Noise,AFLB2,fft_magnitude,0.0002795511682052165,0.00194669549819082,5.628865906714964e-08,0.4675960540771484,515.2687377929688,2.670033316529393,7.129077911376953,1843200
N081,Noise,AFLB2,raw_low,0.0,0.0,0.0,0.0,0.0,0.0,0.0,1843200
N081,Noise,AFLB2,raw_high,0.1441227197647095,0.1279033124446869,2.440820878746308e-08,0.9280425310134888,265647.0,261.6087548707038,68439.140625,1843200
N081,Noise,AFLB2,mined_low,0.003744496731087565,0.2120311111211777,-3.954586029052734,3.85388970375061,221904.359375,287.9078628658829,82890.9375,1843200
N081,Noise,AFLB2,mined_high,-0.1091202944517136,0.2015196532011032,-3.290398836135864,3.623126268386841,306514.71875,311.1271092736857,96800.078125,1843200
N081,Noise,AFLB3,conv_feat,0.002112746937200427,0.1194797977805138,-0.4747807681560516,0.6217758059501648,342629.125,229.4370743662628,52641.37109375,3686400
N081,Noise,AFLB3,fft_magnitude,8.038393571041524e-05,0.0006044919136911631,2.463659143359109e-08,0.3070479035377502,296.3273315429688,1.170841218824519,1.370869159698486,3686400
N081,Noise,AFLB3,raw_low,0.0,0.0,0.0,0.0,0.0,0.0,0.0,3686400
N081,Noise,AFLB3,raw_high,0.09294410049915314,0.07510846108198166,2.520266129124593e-08,0.6217759251594543,342629.125,229.4370828789453,52641.375,3686400
N081,Noise,AFLB3,mined_low,2.66369115706766e-05,0.0009175714803859591,-0.007398247253149748,0.005617633927613497,2603.30712890625,1.762479359932025,3.106333494186401,3686400
N081,Noise,AFLB3,mined_high,1.820714533096179e-05,0.0007835532305762172,-0.007780123502016068,0.007146877702325583,2188.29150390625,1.504828232376343,2.264508008956909,3686400
N082,Noise,AFLB1,conv_feat,0.004890530370175838,0.0795072391629219,-0.6570981740951538,0.6928758025169373,50590.3671875,76.47120513529096,5847.84521484375,921600
N082,Noise,AFLB1,fft_magnitude,0.0005431899917311966,0.001532588503323495,1.828779545576253e-07,0.1441693902015686,500.6038818359375,1.560961996350226,2.436602354049683,921600
N082,Noise,AFLB1,raw_low,0.0,0.0,0.0,0.0,0.0,0.0,0.0,921600
N082,Noise,AFLB1,raw_high,0.05489405989646912,0.05772313848137856,4.876632431205508e-10,0.692875862121582,50590.3671875,76.47120832787331,5847.845703125,921600
N082,Noise,AFLB1,mined_low,-0.5626081824302673,1.94714879989624,-15.62234210968018,9.995651245117188,1290908.5,1945.727627392899,3785856.0,921600
N082,Noise,AFLB1,mined_high,-0.01361678447574377,0.511272668838501,-8.411347389221191,8.601607322692871,260882.515625,490.9957993710333,241076.875,921600
N082,Noise,AFLB2,conv_feat,-0.006565656047314405,0.146253764629364,-1.085377097129822,0.9600105285644531,197111.125,198.760681709814,39505.80859375,1843200
N082,Noise,AFLB2,fft_magnitude,0.0002779028727672994,0.001468128990381956,2.399086973525755e-08,0.3422964513301849,512.2305908203125,2.028592763132318,4.115188598632812,1843200
N082,Noise,AFLB2,raw_low,0.0,0.0,0.0,0.0,0.0,0.0,0.0,1843200
N082,Noise,AFLB2,raw_high,0.1069396287202835,0.09998593479394913,2.542703896324383e-07,1.085377097129822,197111.125,198.760681709814,39505.80859375,1843200
N082,Noise,AFLB2,mined_low,0.003025712445378304,0.3105209171772003,-4.523710250854492,4.520571708679199,255332.984375,421.5972048353736,177744.203125,1843200
N082,Noise,AFLB2,mined_high,-0.0778684988617897,0.1753826886415482,-3.164706230163574,3.506084203720093,252324.375,260.5214122677827,67871.40625,1843200
N082,Noise,AFLB3,conv_feat,0.001420457381755114,0.09739778190851212,-0.5270035266876221,0.6613844037055969,269156.3125,187.0236240091075,34977.8359375,3686400
N082,Noise,AFLB3,fft_magnitude,8.238756709033623e-05,0.0004902087384834886,3.62602712300486e-08,0.2320597916841507,303.7135314941406,0.9544009438856179,0.9108811616897583,3686400
N082,Noise,AFLB3,raw_low,0.0,0.0,0.0,0.0,0.0,0.0,0.0,3686400
N082,Noise,AFLB3,raw_high,0.0730133205652237,0.06447790563106537,4.264467534653704e-08,0.6613843441009521,269156.3125,187.0236344523066,34977.83984375,3686400
N082,Noise,AFLB3,mined_low,4.79799673485104e-05,0.0009641374344937503,-0.008549535647034645,0.008058388717472553,2659.025634765625,1.853434778988786,3.43522047996521,3686400
N082,Noise,AFLB3,mined_high,-4.870303382631391e-05,0.001015239162370563,-0.008688198402523994,0.007047486491501331,2830.790771484375,1.951500911672361,3.808355808258057,3686400
N083,Noise,AFLB1,conv_feat,0.007536948658525944,0.1145175471901894,-0.6429433226585388,0.6826010346412659,71228.2421875,110.1746926050851,12138.462890625,921600
N083,Noise,AFLB1,fft_magnitude,0.0006555765867233276,0.002249037148430943,5.658467898683739e-07,0.2509496808052063,604.1793823242188,2.248931631118499,5.057693481445312,921600
N083,Noise,AFLB1,raw_low,0.0,0.0,0.0,0.0,0.0,0.0,0.0,921600
N083,Noise,AFLB1,raw_high,0.07728759944438934,0.08483928442001343,3.227678391226618e-08,0.6826010346412659,71228.25,110.1746970369672,12138.4638671875,921600
N083,Noise,AFLB1,mined_low,-0.580826997756958,1.770095944404602,-12.70327377319336,7.938407897949219,1319250.375,1788.436328192871,3198504.5,921600
N083,Noise,AFLB1,mined_high,-0.01263529341667891,0.4413680136203766,-5.447000026702881,6.357562065124512,233816.28125,423.8868879194071,179680.09375,921600
N083,Noise,AFLB2,conv_feat,-0.01351613365113735,0.1664205640554428,-1.014317870140076,0.9217220544815063,210598.03125,226.6839932869103,51385.6328125,1843200
N083,Noise,AFLB2,fft_magnitude,0.000330910028424114,0.001671678270213306,9.403768075344487e-08,0.3849291205406189,609.933349609375,2.313583841730942,5.352670192718506,1843200
N083,Noise,AFLB2,raw_low,0.0,0.0,0.0,0.0,0.0,0.0,0.0,1843200
N083,Noise,AFLB2,raw_high,0.1142567470669746,0.1217533871531487,6.799147911351611e-08,1.014317989349365,210598.03125,226.6839932869103,51385.6328125,1843200
N083,Noise,AFLB2,mined_low,0.004260631278157234,0.2273360341787338,-3.558958530426025,3.517576694488525,224187.59375,308.6958201450094,95293.109375,1843200
N083,Noise,AFLB2,mined_high,-0.1106913164258003,0.1986238658428192,-3.716975212097168,4.086830139160156,308039.875,308.7083220857514,95300.828125,1843200
N083,Noise,AFLB3,conv_feat,0.001240768004208803,0.0994422659277916,-0.5117477774620056,0.6669313907623291,258962.984375,190.9440056174846,36459.61328125,3686400
N083,Noise,AFLB3,fft_magnitude,0.0001002650824375451,0.0004975006449967623,1.963204177002353e-08,0.2326962798833847,369.6171875,0.9744071062535137,0.9494692087173462,3686400
N083,Noise,AFLB3,raw_low,0.0,0.0,0.0,0.0,0.0,0.0,0.0,3686400
N083,Noise,AFLB3,raw_high,0.07024821639060974,0.07039526104927063,1.400427240838553e-08,0.6669313311576843,258963.03125,190.9440056174846,36459.61328125,3686400
N083,Noise,AFLB3,mined_low,3.280917735537514e-05,0.0009026061743497849,-0.006067898590117693,0.006286333780735731,2543.18798828125,1.734148302813552,3.007270336151123,3686400
N083,Noise,AFLB3,mined_high,-2.938863690360449e-05,0.0007390581886284053,-0.006000999361276627,0.006279036402702332,2054.71826171875,1.420113111208649,2.016721248626709,3686400
N084,Noise,AFLB1,conv_feat,0.007335975300520658,0.1081620901823044,-0.5422530174255371,0.5953341126441956,75504.96875,104.0741641360862,10831.431640625,921600
N084,Noise,AFLB1,fft_magnitude,0.0008068844326771796,0.002060572849586606,4.826966915061348e-07,0.2417815923690796,743.6246948242188,2.124405048334052,4.513096809387207,921600
N084,Noise,AFLB1,raw_low,0.0,0.0,0.0,0.0,0.0,0.0,0.0,921600
N084,Noise,AFLB1,raw_high,0.08192814886569977,0.07099743187427521,1.667088298518138e-07,0.5953341722488403,75504.984375,104.0741688277524,10831.4326171875,921600
N084,Noise,AFLB1,mined_low,-0.9029150605201721,2.709896564483643,-16.54435348510742,10.43428421020508,2042904.0,2742.106124860962,7519146.0,921600
N084,Noise,AFLB1,mined_high,-0.01297874934971333,0.4902288019657135,-6.91435432434082,7.058777809143066,254777.984375,470.7845513077081,221638.09375,921600
N084,Noise,AFLB2,conv_feat,-0.01320489495992661,0.1691248863935471,-0.9844363331794739,0.8421359658241272,231784.59375,230.3103799088309,53042.87109375,1843200
N084,Noise,AFLB2,fft_magnitude,0.0004458867479115725,0.001672976883128285,1.467715833314287e-07,0.4296685755252838,821.8584594726562,2.350595471846575,5.525299072265625,1843200
N084,Noise,AFLB2,raw_low,0.0,0.0,0.0,0.0,0.0,0.0,0.0,1843200
N084,Noise,AFLB2,raw_high,0.1257511973381042,0.113860584795475,1.417277495363578e-08,0.9844363927841187,231784.609375,230.3103799088309,53042.87109375,1843200
N084,Noise,AFLB2,mined_low,0.000939777703024447,0.2307913601398468,-4.196072101593018,4.227183818817139,221282.734375,313.3353460152557,98179.0390625,1843200
N084,Noise,AFLB2,mined_high,-0.08899861574172974,0.1673611700534821,-2.418239593505859,2.919084548950195,256522.34375,257.3463133600324,66227.125,1843200
N084,Noise,AFLB3,conv_feat,0.001146340160630643,0.1072212904691696,-0.4791164398193359,0.6227270364761353,292544.0,205.876631748239,42385.1875,3686400
N084,Noise,AFLB3,fft_magnitude,0.0001334240805590525,0.0005306767416186631,6.393840124019334e-08,0.2584991455078125,491.8545532226562,1.050609815715873,1.10378098487854,3686400
N084,Noise,AFLB3,raw_low,0.0,0.0,0.0,0.0,0.0,0.0,0.0,3686400
N084,Noise,AFLB3,raw_high,0.07935763895511627,0.0721115991473198,1.045437656443937e-07,0.6227270364761353,292544.0,205.876631748239,42385.1875,3686400
N084,Noise,AFLB3,mined_low,3.790809569181874e-05,0.0009128255769610405,-0.007530177477747202,0.007843841798603535,2528.9404296875,1.754135694555045,3.076992034912109,3686400
N084,Noise,AFLB3,mined_high,-7.364289558609016e-06,0.0008671783725731075,-0.007538302801549435,0.007687751203775406,2388.9990234375,1.665042499080031,2.772366523742676,3686400
N085,Noise,AFLB1,conv_feat,0.003654594533145428,0.06537514179944992,-0.5147204399108887,0.5314487218856812,42091.421875,62.85812242413466,3951.1435546875,921600
N085,Noise,AFLB1,fft_magnitude,0.0005781751242466271,0.001205020351335406,4.822265395887371e-07,0.1032421439886093,532.84619140625,1.283086112390508,1.646309971809387,921600
N085,Noise,AFLB1,raw_low,0.0,0.0,0.0,0.0,0.0,0.0,0.0,921600
N085,Noise,AFLB1,raw_high,0.04567211493849754,0.04691826179623604,2.235199580979952e-08,0.5314488410949707,42091.421875,62.85812825012669,3951.144287109375,921600
N085,Noise,AFLB1,mined_low,-0.7630226612091064,2.279959678649902,-12.41813564300537,7.669628143310547,1739531.875,2308.080154587357,5327234.0,921600
N085,Noise,AFLB1,mined_high,-0.01372813899070024,0.5877927541732788,-7.223675727844238,7.822381496429443,293816.5,564.4349220680804,318586.78125,921600
N085,Noise,AFLB2,conv_feat,-0.004105012863874435,0.1302898973226547,-0.9605837464332581,0.8665485382080078,166425.453125,176.9752090248095,31320.224609375,1843200
N085,Noise,AFLB2,fft_magnitude,0.0003051454841624945,0.001294958870857954,2.590624319509516e-07,0.2764868438243866,562.4441528320312,1.806245601873092,3.262523174285889,1843200
N085,Noise,AFLB2,raw_low,0.0,0.0,0.0,0.0,0.0,0.0,0.0,1843200
N085,Noise,AFLB2,raw_high,0.0902915894985199,0.09401987493038177,2.671310506130453e-09,0.9605838060379028,166425.453125,176.9752035067342,31320.22265625,1843200
N085,Noise,AFLB2,mined_low,-0.002392173279076815,0.3216913342475891,-5.434061050415039,5.489554405212402,302193.25,436.7547223556948,190754.6875,1843200
N085,Noise,AFLB2,mined_high,-0.04266883432865143,0.2398772537708282,-5.377886772155762,4.128283977508545,311022.3125,330.7802093157932,109415.546875,1843200
N085,Noise,AFLB3,conv_feat,0.001242307247593999,0.09039903432130814,-0.4774028360843658,0.6354194283485413,236866.125,173.5825407047034,30130.8984375,3686400
N085,Noise,AFLB3,fft_magnitude,0.0001159755120170303,0.0004465444944798946,1.373390379200146e-08,0.1945663690567017,427.5321350097656,0.8858096466115392,0.7846587300300598,3686400
N085,Noise,AFLB3,raw_low,0.0,0.0,0.0,0.0,0.0,0.0,0.0,3686400
N085,Noise,AFLB3,raw_high,0.06425406038761139,0.06359988451004028,1.592163023644844e-08,0.6354194283485413,236866.15625,173.5825294528513,30130.89453125,3686400
N085,Noise,AFLB3,mined_low,1.118511772801867e-05,0.001160761923529208,-0.0115568321198225,0.009809439070522785,3235.51123046875,2.228766277636758,4.967399120330811,3686400
N085,Noise,AFLB3,mined_high,-5.334653906174935e-05,0.001309778774157166,-0.01114707067608833,0.009508589282631874,3666.6044921875,2.516860184797586,6.334585189819336,3686400
N086,Noise,AFLB1,conv_feat,0.004811555147171021,0.07090064138174057,-0.4608722925186157,0.4994618594646454,48388.3046875,68.22116921958681,4654.1279296875,921600
N086,Noise,AFLB1,fft_magnitude,0.0006366136367432773,0.001303423079662025,1.747191191725506e-07,0.1440815031528473,586.703125,1.392558864123243,1.939220190048218,921600
N086,Noise,AFLB1,raw_low,0.0,0.0,0.0,0.0,0.0,0.0,0.0,921600
N086,Noise,AFLB1,raw_high,0.05250468105077744,0.04788853600621223,2.366097717754201e-08,0.4994619190692902,48388.3125,68.22117279825046,4654.12841796875,921600
N086,Noise,AFLB1,mined_low,-0.5929093360900879,1.860259175300598,-13.16159248352051,8.251543045043945,1350643.5,1874.363025136806,3513236.75,921600
N086,Noise,AFLB1,mined_high,-0.01701959408819675,0.6822377443313599,-7.312302589416504,7.536107540130615,351894.34375,655.1520100327862,429224.15625,921600
N086,Noise,AFLB2,conv_feat,-0.001323404838331044,0.157471552491188,-0.8742222785949707,0.7701200246810913,218456.796875,213.7980209216166,45709.59375,1843200
N086,Noise,AFLB2,fft_magnitude,0.0003403231094125658,0.001570800319314003,1.133148330723088e-07,0.3226874470710754,627.2835693359375,2.182067009796376,4.761416435241699,1843200
N086,Noise,AFLB2,raw_low,0.0,0.0,0.0,0.0,0.0,0.0,0.0,1843200
N086,Noise,AFLB2,raw_high,0.1185203939676285,0.1036916449666023,1.434398484434496e-07,0.8742222785949707,218456.796875,213.7980209216166,45709.59375,1843200
N086,Noise,AFLB2,mined_low,0.001031865016557276,0.3065159916877747,-5.353262424468994,5.390996932983398,312175.40625,416.1422533221062,173174.375,1843200
N086,Noise,AFLB2,mined_high,-0.05258431285619736,0.242468848824501,-6.103818416595459,4.504041194915771,323774.15625,336.8389591110268,113460.484375,1843200
N086,Noise,AFLB3,conv_feat,0.002976733259856701,0.1099842265248299,-0.4725431799888611,0.5891869068145752,310691.71875,211.2470506450919,44625.31640625,3686400
N086,Noise,AFLB3,fft_magnitude,0.0001268312189495191,0.0005469537572935224,4.214694371285077e-08,0.2460662424564362,467.5505981445312,1.078015639798546,1.162117719650269,3686400
N086,Noise,AFLB3,raw_low,0.0,0.0,0.0,0.0,0.0,0.0,0.0,3686400
N086,Noise,AFLB3,raw_high,0.08428052067756653,0.07072613388299942,9.61611856808986e-09,0.58918696641922,310691.71875,211.2470506450919,44625.31640625,3686400
N086,Noise,AFLB3,mined_low,1.818287091737147e-05,0.001269971835426986,-0.01028016582131386,0.008687763474881649,3558.115478515625,2.438595941116934,5.946750164031982,3686400
N086,Noise,AFLB3,mined_high,-6.302713882178068e-05,0.001591170788742602,-0.01433233637362719,0.01010012160986662,4530.42333984375,3.057443609583217,9.34796142578125,3686400
N087,Noise,AFLB1,conv_feat,0.009958811104297638,0.1396975517272949,-0.6730131506919861,0.7102314829826355,94092.453125,134.4499936082185,18076.80078125,921600
N087,Noise,AFLB1,fft_magnitude,0.0008621151791885495,0.002725711092352867,6.811422963437508e-07,0.3307476341724396,794.5253295898438,2.744449041554062,7.532000541687012,921600
N087,Noise,AFLB1,raw_low,0.0,0.0,0.0,0.0,0.0,0.0,0.0,921600
N087,Noise,AFLB1,raw_high,0.1020968481898308,0.09586876630783081,2.011792332723417e-08,0.7102315425872803,94092.453125,134.4499936082185,18076.80078125,921600
N087,Noise,AFLB1,mined_low,-0.7750480771064758,2.304115295410156,-13.70475578308105,8.808826446533203,1755548.5,2333.737560223943,5446331.0,921600
N087,Noise,AFLB1,mined_high,-0.01144357863813639,0.5201118588447571,-6.400179386138916,6.808693885803223,267930.3125,499.4282199425659,249428.546875,921600
N087,Noise,AFLB2,conv_feat,-0.01694817841053009,0.2008539736270905,-1.040641903877258,0.9293757677078247,278260.0,273.6574472538615,74888.3984375,1843200
N087,Noise,AFLB2,fft_magnitude,0.000438857008703053,0.002009888179600239,6.611148961610525e-08,0.4640265107154846,808.9012451171875,2.793004687951699,7.800875186920166,1843200
N087,Noise,AFLB2,raw_low,0.0,0.0,0.0,0.0,0.0,0.0,0.0,1843200
N087,Noise,AFLB2,raw_high,0.1509657055139542,0.1335623860359192,4.102611228518072e-08,1.040641903877258,278260.0,273.6574615280936,74888.40625,1843200
N087,Noise,AFLB2,mined_low,-0.003347549354657531,0.3589891195297241,-5.672171592712402,5.490392684936523,337531.15625,487.4009835340918,237559.71875,1843200
N087,Noise,AFLB2,mined_high,-0.03852519020438194,0.2440269589424133,-4.840904235839844,5.033409118652344,310357.1875,335.4052353124501,112496.671875,1843200
N087,Noise,AFLB3,conv_feat,0.001988549949601293,0.1212228536605835,-0.512152910232544,0.6506226658821106,341737.0,232.7792006387169,54186.15625,3686400
N087,Noise,AFLB3,fft_magnitude,0.0001496311015216634,0.0006003293092362583,3.104839052525676e-08,0.2925549149513245,551.60009765625,1.187896361207017,1.411097764968872,3686400
N087,Noise,AFLB3,raw_low,0.0,0.0,0.0,0.0,0.0,0.0,0.0,3686400
N087,Noise,AFLB3,raw_high,0.09270209074020386,0.078136146068573,5.277059855757216e-08,0.6506227254867554,341737.0,232.7792006387169,54186.15625,3686400
N087,Noise,AFLB3,mined_low,-2.865675378416199e-05,0.001385499257594347,-0.01367296278476715,0.01162132620811462,3832.357177734375,2.660727463394259,7.079470634460449,3686400
N087,Noise,AFLB3,mined_high,-2.889694405894261e-05,0.001284410245716572,-0.01090436801314354,0.009947500191628933,3558.69677734375,2.466691813040048,6.084568500518799,3686400
N088,Noise,AFLB1,conv_feat,0.00331746251322329,0.07770773023366928,-0.4874731600284576,0.6410301923751831,52693.15625,74.6673743804816,5575.216796875,921600
N088,Noise,AFLB1,fft_magnitude,0.0007301036966964602,0.001409812946803868,1.073297653420013e-06,0.1705136597156525,672.8635864257812,1.524141432669884,2.323007106781006,921600
N088,Noise,AFLB1,raw_low,0.0,0.0,0.0,0.0,0.0,0.0,0.0,921600
N088,Noise,AFLB1,raw_high,0.05717573314905167,0.05272981151938438,6.350649783826157e-08,0.6410303115844727,52693.15625,74.66737765019106,5575.21728515625,921600
N088,Noise,AFLB1,mined_low,-0.7596112489700317,2.346609115600586,-15.73248100280762,9.829944610595703,1723032.75,2367.832447619552,5606630.5,921600
N088,Noise,AFLB1,mined_high,-0.01713811792433262,0.7511681318283081,-7.308887481689453,9.339996337890625,381951.21875,721.3090747037638,520286.78125,921600
N088,Noise,AFLB2,conv_feat,-0.00252122338861227,0.1732090711593628,-0.9622873067855835,0.8665220141410828,229342.453125,235.181346252206,55310.265625,1843200
N088,Noise,AFLB2,fft_magnitude,0.000401856959797442,0.001721719396300614,4.138280758070323e-07,0.3895876705646515,740.7027587890625,2.400309773162854,5.761487007141113,1843200
N088,Noise,AFLB2,raw_low,0.0,0.0,0.0,0.0,0.0,0.0,0.0,1843200
N088,Noise,AFLB2,raw_high,0.1244262456893921,0.1205232366919518,1.322651570490052e-07,0.962287425994873,229342.453125,235.1813628617285,55310.2734375,1843200
N088,Noise,AFLB2,mined_low,-0.004267134703695774,0.3149017691612244,-5.033034324645996,5.122401237487793,301869.46875,427.5640851088875,182811.046875,1843200
N088,Noise,AFLB2,mined_high,-0.0450846403837204,0.2276031374931335,-5.126453399658203,3.919858694076538,297778.5,315.0082092184265,99230.171875,1843200
N088,Noise,AFLB3,conv_feat,0.001318396767601371,0.1260476410388947,-0.5111097693443298,0.6305311918258667,337110.625,242.0247114191028,58575.9609375,3686400
N088,Noise,AFLB3,fft_magnitude,0.000141640251968056,0.0006274819024838507,1.560763109864638e-07,0.2894151210784912,522.1426391601562,1.23507718744652,1.525415658950806,3686400
N088,Noise,AFLB3,raw_low,0.0,0.0,0.0,0.0,0.0,0.0,0.0,3686400
N088,Noise,AFLB3,raw_high,0.09144710749387741,0.08675926923751831,6.97035602570395e-08,0.6305311322212219,337110.625,242.0247033491623,58575.95703125,3686400
N088,Noise,AFLB3,mined_low,-2.77465569524793e-05,0.001166290487162769,-0.01200757268816233,0.009647894650697708,3148.598876953125,2.239911349620001,5.017202854156494,3686400
N088,Noise,AFLB3,mined_high,-5.82160173507873e-05,0.001270570210181177,-0.01031074486672878,0.00966603122651577,3567.3828125,2.442054113258701,5.96362829208374,3686400
N089,Noise,AFLB1,conv_feat,0.008382872678339481,0.1365043371915817,-0.6811065077781677,0.6941605806350708,88266.8984375,131.2910426899909,17237.337890625,921600
N089,Noise,AFLB1,fft_magnitude,0.0009581861668266356,0.002622039522975683,1.146489125858352e-06,0.2841897010803223,883.0643920898438,2.679967304001823,7.182224750518799,921600
N089,Noise,AFLB1,raw_low,0.0,0.0,0.0,0.0,0.0,0.0,0.0,921600
N089,Noise,AFLB1,raw_high,0.09577571600675583,0.09762541949748993,4.540256171026158e-08,0.6941605806350708,88266.8984375,131.2910501281409,17237.33984375,921600
N089,Noise,AFLB1,mined_low,-0.9500642418861389,2.788878917694092,-15.82362651824951,9.93896770477295,2149237.25,2828.41271740883,7999918.5,921600
N089,Noise,AFLB1,mined_high,-0.01103120762854815,0.4893893301486969,-5.92761754989624,7.518274307250977,258193.0,469.9331069418285,220837.125,921600
N089,Noise,AFLB2,conv_feat,-0.01645761355757713,0.1987307816743851,-1.047037124633789,0.933438777923584,256907.359375,270.7294544374512,73294.4375,1843200
N089,Noise,AFLB2,fft_magnitude,0.0004964605323038995,0.001973750535398722,1.229097534860557e-07,0.4921495616436005,915.0760498046875,2.763120735128926,7.634836196899414,1843200
N089,Noise,AFLB2,raw_low,0.0,0.0,0.0,0.0,0.0,0.0,0.0,1843200
N089,Noise,AFLB2,raw_high,0.1393811702728271,0.1426101922988892,2.720884673124147e-08,1.0470370054245,256907.375,270.7294544374512,73294.4375,1843200
N089,Noise,AFLB2,mined_low,-0.00198365724645555,0.3046909868717194,-5.832143783569336,5.697875022888184,308146.65625,413.6709516632755,171123.65625,1843200
N089,Noise,AFLB2,mined_high,-0.03642316907644272,0.2108815759420395,-4.691393852233887,4.224432468414307,273309.625,290.5413858213662,84414.296875,1843200
N089,Noise,AFLB3,conv_feat,0.0009476965060457587,0.1211890578269958,-0.5115513205528259,0.6394608020782471,321673.4375,232.6901020536757,54144.68359375,3686400
N089,Noise,AFLB3,fft_magnitude,0.0001662957947701216,0.0005956824170425534,6.302229849097785e-08,0.2798879444599152,613.0328369140625,1.187441774245845,1.410017967224121,3686400
N089,Noise,AFLB3,raw_low,0.0,0.0,0.0,0.0,0.0,0.0,0.0,3686400
N089,Noise,AFLB3,raw_high,0.08725950121879578,0.08410388976335526,1.043114608023643e-07,0.6394608020782471,321673.4375,232.6901020536757,54144.68359375,3686400
N089,Noise,AFLB3,mined_low,-2.464929093548562e-05,0.001353482017293572,-0.01210903655737638,0.01019657775759697,3759.440185546875,2.599116369626906,6.755405902862549,3686400
N089,Noise,AFLB3,mined_high,-4.277380867279135e-05,0.001369295525364578,-0.01061562914401293,0.01160193793475628,3721.71337890625,2.630329715962022,6.918634414672852,3686400
N090,Noise,AFLB1,conv_feat,0.00953220296651125,0.1424606293439865,-0.6858255863189697,0.7620376348495483,93270.703125,137.0680145949448,18787.640625,921600
N090,Noise,AFLB1,fft_magnitude,0.0008193072862923145,0.002796937245875597,9.536743306171047e-08,0.3346522152423859,755.0736083984375,2.79788914200875,7.828183650970459,921600
N090,Noise,AFLB1,raw_low,0.0,0.0,0.0,0.0,0.0,0.0,0.0,921600
N090,Noise,AFLB1,raw_high,0.1012052074074745,0.1007144600152969,1.210835876008787e-07,0.7620376944541931,93270.71875,137.0680145949448,18787.640625,921600
N090,Noise,AFLB1,mined_low,-1.033103585243225,2.989958524703979,-15.76970958709717,10.10786914825439,2332056.75,3036.872239657112,9222593.0,921600
N090,Noise,AFLB1,mined_high,-0.01099550910294056,0.4529837071895599,-5.509979724884033,7.221338748931885,239468.03125,434.9924747912313,189218.453125,921600
N090,Noise,AFLB2,conv_feat,-0.01886216551065445,0.1856211423873901,-0.9935941100120544,0.9162736535072327,246197.90625,253.3053678369252,64163.609375,1843200
N090,Noise,AFLB2,fft_magnitude,0.0004306016489863396,0.0018549197120592,4.684971202095767e-07,0.4338096082210541,793.6849365234375,2.58528723709119,6.683710098266602,1843200
N090,Noise,AFLB2,raw_low,0.0,0.0,0.0,0.0,0.0,0.0,0.0,1843200
N090,Noise,AFLB2,raw_high,0.1335709244012833,0.1302681863307953,2.458695007589995e-07,0.9935940504074097,246197.921875,253.305383258035,64163.6171875,1843200
N090,Noise,AFLB2,mined_low,0.002534117549657822,0.2786746025085449,-4.410173892974854,4.383043766021729,305531.125,378.3568091101309,143153.875,1843200
N090,Noise,AFLB2,mined_high,-0.04056930169463158,0.221787616610527,-5.407193660736084,3.93964695930481,286523.1875,306.1049018514731,93700.2109375,1843200
N090,Noise,AFLB3,conv_feat,0.001182679436169565,0.1047109961509705,-0.482837051153183,0.6066079139709473,282537.5,201.0579440733442,40424.296875,3686400
N090,Noise,AFLB3,fft_magnitude,0.0001472918520448729,0.0005136853433214128,1.521188730535528e-09,0.2441534548997879,542.9766845703125,1.026019559257375,1.052716135978699,3686400
N090,Noise,AFLB3,raw_low,0.0,0.0,0.0,0.0,0.0,0.0,0.0,3686400
N090,Noise,AFLB3,raw_high,0.0766431987285614,0.07135553658008575,1.000061100597804e-08,0.606607973575592,282537.5,201.0579537875834,40424.30078125,3686400
N090,Noise,AFLB3,mined_low,-1.456957124901237e-05,0.0013135353801772,-0.01194504182785749,0.01118937786668539,3551.856689453125,2.522143147144408,6.3612060546875,3686400
N090,Noise,AFLB3,mined_high,-6.314813072094694e-05,0.001583034871146083,-0.01397750154137611,0.01123086549341679,4233.5234375,3.041844210385592,9.252816200256348,3686400
N091,Noise,AFLB1,conv_feat,0.01142099592834711,0.1544454097747803,-0.6526684761047363,0.6425772309303284,107703.234375,148.6724259382856,22103.490234375,921600
N091,Noise,AFLB1,fft_magnitude,0.000856732134707272,0.003042904892936349,1.538052458727179e-07,0.3742425143718719,789.5643310546875,3.034763148711018,9.209787368774414,921600
N091,Noise,AFLB1,raw_low,0.0,0.0,0.0,0.0,0.0,0.0,0.0,921600
N091,Noise,AFLB1,raw_high,0.116865485906601,0.1016183122992516,2.170883277585745e-07,0.6526684761047363,107703.234375,148.672432506837,22103.4921875,921600
N091,Noise,AFLB1,mined_low,-0.8815794587135315,2.583141803741455,-16.24637031555176,10.17734336853027,1995070.5,2620.255712712024,6865740.0,921600
N091,Noise,AFLB1,mined_high,-0.01149137318134308,0.5313398838043213,-6.481627941131592,7.176180839538574,274366.75,510.2055651891696,260309.71875,921600
N091,Noise,AFLB2,conv_feat,-0.01996533945202827,0.2418903112411499,-1.045201778411865,0.9250146746635437,336492.46875,329.5179362530969,108582.0703125,1843200
N091,Noise,AFLB2,fft_magnitude,0.0004447817918844521,0.002436920069158077,1.202792248022888e-07,0.6157616972923279,819.82177734375,3.363128410526199,11.31063270568848,1843200
N091,Noise,AFLB2,raw_low,0.0,0.0,0.0,0.0,0.0,0.0,0.0,1843200
N091,Noise,AFLB2,raw_high,0.1825588494539261,0.1599431484937668,1.593096499163948e-08,1.045201778411865,336492.46875,329.5179481075348,108582.078125,1843200
N091,Noise,AFLB2,mined_low,0.002932065632194281,0.3262993991374969,-5.733459949493408,5.688066959381104,335377.0,443.0166475427306,196263.75,1843200
N091,Noise,AFLB2,mined_high,-0.00850740261375904,0.2344098091125488,-5.331668853759766,4.277778625488281,294107.75,318.4548265649306,101413.4765625,1843200
N091,Noise,AFLB3,conv_feat,0.002133282134309411,0.1502242237329483,-0.5010290741920471,0.650787353515625,429538.90625,288.4595806824589,83208.9296875,3686400
N091,Noise,AFLB3,fft_magnitude,0.0001524191320640966,0.000751383719034493,1.284640660514924e-07,0.3819632232189178,561.8778686523438,1.472039131359676,2.16689920425415,3686400
N091,Noise,AFLB3,raw_low,0.0,0.0,0.0,0.0,0.0,0.0,0.0,3686400
N091,Noise,AFLB3,raw_high,0.116519883275032,0.09484189003705978,8.650932414866475e-09,0.650787353515625,429538.90625,288.4595806824589,83208.9296875,3686400
N091,Noise,AFLB3,mined_low,-2.649847920110915e-05,0.001327775069512427,-0.0116494745016098,0.009976762346923351,3584.373779296875,2.549835824356277,6.501662731170654,3686400
N091,Noise,AFLB3,mined_high,-5.143768430571072e-05,0.001456593978218734,-0.01092878449708223,0.01216886099427938,4035.8154296875,2.798403615229885,7.831062793731689,3686400
N092,Noise,AFLB1,conv_feat,0.007861152291297913,0.1277286857366562,-0.7113711833953857,0.7154922485351562,79911.984375,122.8515483406192,15092.5029296875,921600
N092,Noise,AFLB1,fft_magnitude,0.0008824226097203791,0.002458625007420778,9.962916465156013e-07,0.2671896815299988,813.2406616210938,2.507696986880399,6.288544178009033,921600
N092,Noise,AFLB1,raw_low,0.0,0.0,0.0,0.0,0.0,0.0,0.0,921600
N092,Noise,AFLB1,raw_high,0.08671005070209503,0.09411579370498657,1.193685505995745e-07,0.7154922485351562,79911.984375,122.8515523151824,15092.50390625,921600
N092,Noise,AFLB1,mined_low,-0.9676515460014343,2.824852228164673,-16.4511775970459,10.25185680389404,2192212.75,2866.550889134885,8217114.0,921600
N092,Noise,AFLB1,mined_high,-0.01217228453606367,0.4894173741340637,-5.95960521697998,6.451907634735107,256313.25,469.985987158128,220886.828125,921600
N092,Noise,AFLB2,conv_feat,-0.01559538301080465,0.1764791160821915,-1.045338749885559,0.9091861844062805,220395.78125,240.5297051561407,57854.5390625,1843200
N092,Noise,AFLB2,fft_magnitude,0.0004522500385064632,0.001750732189975679,3.041069192022405e-07,0.4079186916351318,833.5872802734375,2.454896032458785,6.026514530181885,1843200
N092,Noise,AFLB2,raw_low,0.0,0.0,0.0,0.0,0.0,0.0,0.0,1843200
N092,Noise,AFLB2,raw_high,0.1195723712444305,0.1307308077812195,7.573807181415759e-08,1.045338749885559,220395.796875,240.5297051561407,57854.5390625,1843200
N092,Noise,AFLB2,mined_low,-0.007120373658835888,0.2626961171627045,-4.639307975769043,4.466464519500732,282817.15625,356.7790808049149,127291.3125,1843200
N092,Noise,AFLB2,mined_high,-0.04921818897128105,0.2296572029590607,-4.770261287689209,4.21488618850708,298733.0,318.8728194751005,101679.875,1843200
N092,Noise,AFLB3,conv_feat,0.0008383369422517717,0.1033118218183517,-0.5045508742332458,0.6112099289894104,263994.1875,198.3652329038534,39348.765625,3686400
N092,Noise,AFLB3,fft_magnitude,0.0001460300118196756,0.000506601354572922,1.051009803632041e-07,0.2293918877840042,538.3250122070312,1.012278339470713,1.024707436561584,3686400
N092,Noise,AFLB3,raw_low,0.0,0.0,0.0,0.0,0.0,0.0,0.0,3686400
N092,Noise,AFLB3,raw_high,0.07161301374435425,0.07446886599063873,2.657448661125272e-08,0.6112098693847656,263994.21875,198.3652329038534,39348.765625,3686400
N092,Noise,AFLB3,mined_low,2.095099034704617e-06,0.001073860097676516,-0.008919601328670979,0.007296607829630375,2970.803955078125,2.061815321591418,4.251082420349121,3686400
N092,Noise,AFLB3,mined_high,3.266708063165424e-06,0.001033323584124446,-0.01212640572339296,0.008243046700954437,2855.560302734375,1.983991210348901,3.936221122741699,3686400
N093,Noise,AFLB1,conv_feat,0.008059515617787838,0.1223903149366379,-0.6405321359634399,0.7011496424674988,81032.765625,117.749174791429,13864.8681640625,921600
N093,Noise,AFLB1,fft_magnitude,0.0007350029773078859,0.002393375849351287,1.482417246734258e-07,0.2820525169372559,677.3787231445312,2.40354509786598,5.777029037475586,921600
N093,Noise,AFLB1,raw_low,0.0,0.0,0.0,0.0,0.0,0.0,0.0,921600
N093,Noise,AFLB1,raw_high,0.08792618662118912,0.08551802486181259,1.406516219049081e-07,0.7011497020721436,81032.7734375,117.7491830850113,13864.8701171875,921600
N093,Noise,AFLB1,mined_low,-0.9396045804023743,2.729256153106689,-14.61647796630859,9.882734298706055,2128402.25,2771.008931779181,7678490.5,921600
N093,Noise,AFLB1,mined_high,-0.01191950030624866,0.4736535549163818,-5.222681522369385,5.97467565536499,252139.828125,454.8513665198776,206889.765625,921600
N093,Noise,AFLB2,conv_feat,-0.01689638942480087,0.1636819094419479,-0.9692333936691284,0.8703824877738953,218409.453125,223.4027595370075,49908.79296875,1843200
N093,Noise,AFLB2,fft_magnitude,0.0003827747423201799,0.001635246444493532,2.190000287782823e-07,0.4192185699939728,705.5303955078125,2.280094951693682,5.198832988739014,1843200
N093,Noise,AFLB2,raw_low,0.0,0.0,0.0,0.0,0.0,0.0,0.0,1843200
N093,Noise,AFLB2,raw_high,0.1184947192668915,0.1141764223575592,7.086430997560456e-08,0.9692333936691284,218409.46875,223.4027682796254,49908.796875,1843200
N093,Noise,AFLB2,mined_low,0.0003574241418391466,0.2985861897468567,-4.992019653320312,4.926486015319824,292786.15625,405.3743254696824,164328.34375,1843200
N093,Noise,AFLB2,mined_high,-0.0306800939142704,0.2024035006761551,-3.997031450271606,3.884285688400269,262663.4375,277.931013810082,77245.6484375,1843200
N093,Noise,AFLB3,conv_feat,0.0006622507935389876,0.09415382891893387,-0.5200039744377136,0.60601806640625,258060.9375,180.7798211914151,32681.34375,3686400
N093,Noise,AFLB3,fft_magnitude,0.0001365052594337612,0.0004606903821695596,5.993017992977911e-08,0.2258575707674026,503.2130126953125,0.9225380985797531,0.8510765433311462,3686400
N093,Noise,AFLB3,raw_low,0.0,0.0,0.0,0.0,0.0,0.0,0.0,3686400
N093,Noise,AFLB3,raw_high,0.07000350952148438,0.06296736747026443,2.098560258900761e-08,0.6060180068016052,258060.9375,180.7798211914151,32681.34375,3686400
N093,Noise,AFLB3,mined_low,1.752759453665931e-05,0.001062373747117817,-0.01027288287878036,0.00843312032520771,2897.19677734375,2.040035322668903,4.161744117736816,3686400
N093,Noise,AFLB3,mined_high,-4.361582614365034e-05,0.001172329881228507,-0.01153031270951033,0.009427987039089203,3321.169189453125,2.252430556705525,5.073443412780762,3686400
N094,Noise,AFLB1,conv_feat,0.00826230552047491,0.1254620254039764,-0.6658534407615662,0.6912811994552612,82917.4375,120.7044427517065,14569.5625,921600
N094,Noise,AFLB1,fft_magnitude,0.0008192143286578357,0.002432276029139757,4.63426118813004e-07,0.278993546962738,754.9879150390625,2.463869122819295,6.070651054382324,921600
N094,Noise,AFLB1,raw_low,0.0,0.0,0.0,0.0,0.0,0.0,0.0,921600
N094,Noise,AFLB1,raw_high,0.08997119218111038,0.08783037215471268,4.298886437936744e-07,0.6912813186645508,82917.453125,120.7044427517065,14569.5625,921600
N094,Noise,AFLB1,mined_low,-0.8796758651733398,2.570732355117798,-13.47261524200439,9.021071434020996,1993400.75,2608.391554195804,6803706.5,921600
N094,Noise,AFLB1,mined_high,-0.01203298289328814,0.5038654804229736,-5.604759693145752,6.431387424468994,265101.25,483.8487948212747,234109.65625,921600
N094,Noise,AFLB2,conv_feat,-0.01562211569398642,0.1838283538818359,-1.038488864898682,0.9164339900016785,245087.90625,250.4732239931047,62736.8359375,1843200
N094,Noise,AFLB2,fft_magnitude,0.0004220570554025471,0.001835042261518538,6.259056135604624e-07,0.4583317041397095,777.935546875,2.556381923563757,6.535088539123535,1843200
N094,Noise,AFLB2,raw_low,0.0,0.0,0.0,0.0,0.0,0.0,0.0,1843200
N094,Noise,AFLB2,raw_high,0.1329686939716339,0.1278915256261826,2.626716089082493e-08,1.038488745689392,245087.90625,250.4732551840615,62736.8515625,1843200
N094,Noise,AFLB2,mined_low,-0.003398889908567071,0.3126111328601837,-5.061910629272461,5.188509941101074,307627.71875,424.4400171107809,180149.328125,1843200
N094,Noise,AFLB2,mined_high,-0.03532173857092857,0.2377201914787292,-5.130266666412354,4.119137763977051,304192.8125,326.2828288080756,106460.484375,1843200
N094,Noise,AFLB3,conv_feat,0.001172021497040987,0.1121017038822174,-0.5357678532600403,0.6536823511123657,306167.96875,215.2470419367012,46331.2890625,3686400
N094,Noise,AFLB3,fft_magnitude,0.0001434032892575487,0.0005538334371522069,8.070410473237644e-08,0.2699954807758331,528.6419067382812,1.098427932285189,1.206543922424316,3686400
N094,Noise,AFLB3,raw_low,0.0,0.0,0.0,0.0,0.0,0.0,0.0,3686400
N094,Noise,AFLB3,raw_high,0.08305336534976959,0.07530141621828079,6.353992887397908e-09,0.653682291507721,306167.9375,215.2470419367012,46331.2890625,3686400
N094,Noise,AFLB3,mined_low,-4.064658241986763e-06,0.001211766386404634,-0.01053596753627062,0.009299537166953087,3356.09814453125,2.326604666753703,5.413089275360107,3686400
N094,Noise,AFLB3,mined_high,5.816315933770966e-06,0.001303636119700968,-0.01348442118614912,0.01059666927903891,3539.07275390625,2.503006271994547,6.265040397644043,3686400
N095,Noise,AFLB1,conv_feat,0.007565096952021122,0.1094323843717575,-0.4927738606929779,0.5219587683677673,76149.171875,105.3058139568989,11089.314453125,921600
N095,Noise,AFLB1,fft_magnitude,0.0006454606191255152,0.002144060796126723,5.72349790672888e-07,0.2645086348056793,594.8565063476562,2.149546056331666,4.620548248291016,921600
N095,Noise,AFLB1,raw_low,0.0,0.0,0.0,0.0,0.0,0.0,0.0,921600
N095,Noise,AFLB1,raw_high,0.08262714743614197,0.07214868813753128,2.338092919274004e-08,0.5219588875770569,76149.1796875,105.3058185936917,11089.3154296875,921600
N095,Noise,AFLB1,mined_low,-0.9894573092460632,2.860672473907471,-14.06844520568848,8.86081600189209,2243204.75,2905.879384971097,8444135.0,921600
N095,Noise,AFLB1,mined_high,-0.01327652204781771,0.5158485174179077,-6.010372638702393,6.435868263244629,271792.5625,495.3785168939,245399.875,921600
N095,Noise,AFLB2,conv_feat,-0.01563541404902935,0.1456542015075684,-0.7626669406890869,0.691253125667572,203787.5625,198.8827779748664,39554.359375,1843200
N095,Noise,AFLB2,fft_magnitude,0.000338456651661545,0.001456304802559316,5.1378589205342e-07,0.3924531936645508,623.8433227539062,2.029838893491972,4.120245933532715,1843200
N095,Noise,AFLB2,raw_low,0.0,0.0,0.0,0.0,0.0,0.0,0.0,1843200
N095,Noise,AFLB2,raw_high,0.1105618253350258,0.0961025208234787,8.806654072657238e-09,0.7626669406890869,203787.5625,198.8827877953495,39554.36328125,1843200
N095,Noise,AFLB2,mined_low,-0.002404322382062674,0.2864064276218414,-4.733249187469482,4.645332336425781,290525.46875,388.8519761747393,151205.859375,1843200
N095,Noise,AFLB2,mined_high,-0.02709306590259075,0.2263690829277039,-4.006377220153809,5.2132568359375,297263.9375,309.5222124500922,95804.0,1843200
N095,Noise,AFLB3,conv_feat,0.000617437472101301,0.08506275713443756,-0.4091838300228119,0.5140172839164734,243791.53125,163.3247938350145,26674.98828125,3686400
N095,Noise,AFLB3,fft_magnitude,0.0001257661206182092,0.000415477785281837,7.778717758810672e-08,0.2120527327060699,463.6242370605469,0.83346334079064,0.6946611404418945,3686400
N095,Noise,AFLB3,raw_low,0.0,0.0,0.0,0.0,0.0,0.0,0.0,3686400
N095,Noise,AFLB3,raw_high,0.06613269448280334,0.05350253358483315,3.231361489497431e-08,0.5140172839164734,243791.5625,163.3247938350145,26674.98828125,3686400
N095,Noise,AFLB3,mined_low,-2.114487188009662e-06,0.001164103741757572,-0.009682299569249153,0.008110093884170055,3194.34716796875,2.235082874340385,4.995595455169678,3686400
N095,Noise,AFLB3,mined_high,1.818071359593887e-05,0.001116090104915202,-0.01038044411689043,0.01029643043875694,3081.298828125,2.143177376388291,4.593209266662598,3686400
N096,Noise,AFLB1,conv_feat,0.007578220218420029,0.1287332326173782,-0.6447975039482117,0.6400638222694397,70271.6328125,123.7978521749267,15325.908203125,921600
N096,Noise,AFLB1,fft_magnitude,0.000673218397423625,0.002544760936871171,1.062949550600933e-08,0.2344980239868164,620.4380493164062,2.527013176313436,6.385795593261719,921600
N096,Noise,AFLB1,raw_low,0.0,0.0,0.0,0.0,0.0,0.0,0.0,921600
N096,Noise,AFLB1,raw_high,0.0762496069073677,0.1039984300732613,2.980237212568682e-08,0.6447974443435669,70271.640625,123.7978600632903,15325.91015625,921600
N096,Noise,AFLB1,mined_low,-0.6847745180130005,2.001946210861206,-13.25938320159912,8.327483177185059,1552083.25,2031.189552946746,4125731.0,921600
N096,Noise,AFLB1,mined_high,-0.01334114093333483,0.5477721095085144,-7.423121452331543,8.42055606842041,271999.90625,526.0171693965892,276694.0625,921600
N096,Noise,AFLB2,conv_feat,-0.01131465472280979,0.2158185839653015,-1.016141891479492,0.9027276635169983,232418.5,293.4074066038552,86087.90625,1843200
N096,Noise,AFLB2,fft_magnitude,0.000340708123985678,0.002179241506382823,9.915283527561769e-08,0.4079079926013947,627.9932250976562,2.99457695675071,8.967491149902344,1843200
N096,Noise,AFLB2,raw_low,0.0,0.0,0.0,0.0,0.0,0.0,0.0,1843200
N096,Noise,AFLB2,raw_high,0.1260951161384583,0.1755155324935913,4.12872793731367e-08,1.016142010688782,232418.515625,293.4074066038552,86087.90625,1843200
N096,Noise,AFLB2,mined_low,0.001905618002638221,0.2248822450637817,-3.953163146972656,3.943968772888184,244922.0625,305.3212191692546,93221.046875,1843200
N096,Noise,AFLB2,mined_high,-0.05206191912293434,0.1971317529678345,-4.058292865753174,3.826547861099243,267056.5625,276.8110535636176,76624.359375,1843200
N096,Noise,AFLB3,conv_feat,0.001834950060583651,0.1362982243299484,-0.5283947587013245,0.6696204543113708,310990.875,261.716285436157,68495.4140625,3686400
N096,Noise,AFLB3,fft_magnitude,0.0001112222525989637,0.00068665761500597,6.967896126752748e-08,0.2703024446964264,410.0097045898438,1.33556539249888,1.783734917640686,3686400
N096,Noise,AFLB3,raw_low,0.0,0.0,0.0,0.0,0.0,0.0,0.0,3686400
N096,Noise,AFLB3,raw_high,0.08436167240142822,0.1070685684680939,2.235398888217333e-08,0.6696204543113708,310990.875,261.7163003616703,68495.421875,3686400
N096,Noise,AFLB3,mined_low,-1.580202479090076e-05,0.0009584231302142143,-0.009222127497196198,0.007861661724746227,2642.602783203125,1.840422521053183,3.387155055999756,3686400
N096,Noise,AFLB3,mined_high,-3.069932427024469e-05,0.001023349235765636,-0.009457427076995373,0.01058507710695267,2902.44140625,1.965714309191783,3.864032745361328,3686400
N097,Noise,AFLB1,conv_feat,0.00614657998085022,0.1001927331089973,-0.5473452210426331,0.5487853288650513,68416.03125,96.3658545839111,9286.3779296875,921600
N097,Noise,AFLB1,fft_magnitude,0.0009158970206044614,0.001832926063798368,1.679343085925211e-06,0.1764585226774216,844.0906982421875,1.967059787425361,3.869324207305908,921600
N097,Noise,AFLB1,raw_low,0.0,0.0,0.0,0.0,0.0,0.0,0.0,921600
N097,Noise,AFLB1,raw_high,0.07423616200685501,0.06756743043661118,9.383012589125883e-09,0.548785388469696,68416.046875,96.3658545839111,9286.3779296875,921600
N097,Noise,AFLB1,mined_low,-0.7859163284301758,2.387301206588745,-14.93021869659424,9.50389575958252,1781491.5,2412.805110239946,5821628.5,921600
N097,Noise,AFLB1,mined_high,-0.01104986481368542,0.5329532623291016,-6.432637691497803,7.14842700958252,280261.75,511.7450995124428,261883.046875,921600
N097,Noise,AFLB2,conv_feat,-0.00685965409502387,0.1796236634254456,-0.9451953172683716,0.8452476263046265,245826.109375,244.0429169480237,59556.9453125,1843200
N097,Noise,AFLB2,fft_magnitude,0.0004901642678305507,0.001767920446582139,1.946560672649866e-07,0.3803733885288239,903.4708251953125,2.490752665120757,6.203848838806152,1843200
N097,Noise,AFLB2,raw_low,0.0,0.0,0.0,0.0,0.0,0.0,0.0,1843200
N097,Noise,AFLB2,raw_high,0.1333692073822021,0.1205171123147011,9.128053335416553e-08,0.9451952576637268,245826.109375,244.0429329544291,59556.953125,1843200
N097,Noise,AFLB2,mined_low,-0.003039742587134242,0.2804110050201416,-5.170756340026855,5.231203079223633,285565.78125,380.7209854342153,144948.46875,1843200
N097,Noise,AFLB2,mined_high,-0.04417724534869194,0.2146925181150436,-4.551713943481445,4.342756748199463,277584.90625,297.5829978762227,88555.640625,1843200
N097,Noise,AFLB3,conv_feat,0.002185769146308303,0.1202408596873283,-0.5015506148338318,0.6351267099380493,335980.0,230.9005890664855,53315.08203125,3686400
N097,Noise,AFLB3,fft_magnitude,0.0001724419271340594,0.0005889780004508793,4.959292709827423e-08,0.2762174308300018,635.68994140625,1.178309614859161,1.388413548469543,3686400
N097,Noise,AFLB3,raw_low,0.0,0.0,0.0,0.0,0.0,0.0,0.0,3686400
N097,Noise,AFLB3,raw_high,0.09114040434360504,0.07846061140298843,5.215854770312944e-08,0.6351267695426941,335980.0,230.9005890664855,53315.08203125,3686400
N097,Noise,AFLB3,mined_low,-6.091856266721152e-05,0.001449997071176767,-0.01093351654708385,0.008168114349246025,4035.91748046875,2.78645010023,7.764304161071777,3686400
N097,Noise,AFLB3,mined_high,-4.321922097005881e-05,0.001184321008622646,-0.008856973610818386,0.01178506854921579,3270.3427734375,2.275409904692999,5.177490234375,3686400
N098,Noise,AFLB1,conv_feat,0.01034384872764349,0.1463783979415894,-0.6165302395820618,0.6276984810829163,101746.703125,140.8736759587291,19845.392578125,921600
N098,Noise,AFLB1,fft_magnitude,0.0007030238048173487,0.002911718329414725,3.992021220255992e-07,0.361234039068222,647.90673828125,2.87557198183549,8.268914222717285,921600
N098,Noise,AFLB1,raw_low,0.0,0.0,0.0,0.0,0.0,0.0,0.0,921600
N098,Noise,AFLB1,raw_high,0.1104022413492203,0.09666942059993744,9.872301376390169e-08,0.6276984810829163,101746.703125,140.8736759587291,19845.392578125,921600
N098,Noise,AFLB1,mined_low,-0.8987023234367371,2.596978664398193,-13.4035758972168,8.335716247558594,2032317.0,2638.160343876013,6959890.0,921600
N098,Noise,AFLB1,mined_high,-0.01215927116572857,0.4830254316329956,-4.939126491546631,5.910073280334473,256234.09375,463.8512861090287,215158.015625,921600
N098,Noise,AFLB2,conv_feat,-0.02167333848774433,0.1958418339490891,-0.9317399263381958,0.8269807696342468,275563.4375,267.506907036996,71559.9453125,1843200
N098,Noise,AFLB2,fft_magnitude,0.0003631646104622632,0.001977941486984491,1.392771480368538e-07,0.5407342910766602,669.385009765625,2.730230885897311,7.454160690307617,1843200
N098,Noise,AFLB2,raw_low,0.0,0.0,0.0,0.0,0.0,0.0,0.0,1843200
N098,Noise,AFLB2,raw_high,0.1495027393102646,0.1283459812402725,5.454909057789337e-08,0.9317399859428406,275563.4375,267.5069216394223,71559.953125,1843200
N098,Noise,AFLB2,mined_low,0.0004718430864159018,0.274729460477829,-4.641163349151611,4.52687406539917,296761.875,372.9856314256623,139118.28125,1843200
N098,Noise,AFLB2,mined_high,-0.03264506533741951,0.2596469521522522,-5.618092060089111,4.802042007446289,329423.1875,355.2836454862509,126226.46875,1843200
N098,Noise,AFLB3,conv_feat,0.0008206790080294013,0.1125646010041237,-0.4719430208206177,0.5668953061103821,326301.375,216.129771491574,46712.078125,3686400
N098,Noise,AFLB3,fft_magnitude,0.0001331047678831965,0.0005588104831986129,6.110747108323267e-08,0.2916094958782196,490.6774291992188,1.102932666296945,1.216460466384888,3686400
N098,Noise,AFLB3,raw_low,0.0,0.0,0.0,0.0,0.0,0.0,0.0,3686400
N098,Noise,AFLB3,raw_high,0.08851491659879684,0.06954547017812729,4.968340849842434e-09,0.5668951869010925,326301.375,216.129771491574,46712.078125,3686400
N098,Noise,AFLB3,mined_low,-2.86362660517625e-06,0.001034005777910352,-0.0105160279199481,0.007257482036948204,2878.74560546875,1.985298662658342,3.941410779953003,3686400
N098,Noise,AFLB3,mined_high,-6.358863515742996e-07,0.000974989146925509,-0.009125805459916592,0.009042731486260891,2715.489013671875,1.871979569458125,3.504307508468628,3686400
N099,Noise,AFLB1,conv_feat,0.009066426195204258,0.1263009756803513,-0.526256263256073,0.562744677066803,88840.765625,121.5609334731969,14777.060546875,921600
N099,Noise,AFLB1,fft_magnitude,0.0007614538189955056,0.002470036270096898,6.674097221548436e-07,0.3137274384498596,701.755859375,2.481352208720464,6.157108783721924,921600
N099,Noise,AFLB1,raw_low,0.0,0.0,0.0,0.0,0.0,0.0,0.0,921600
N099,Noise,AFLB1,raw_high,0.09639840573072433,0.08210655301809311,1.742221371614505e-07,0.562744677066803,88840.7734375,121.5609415067192,14777.0625,921600
N099,Noise,AFLB1,mined_low,-0.9122695326805115,2.638754606246948,-13.50858879089355,8.633737564086914,2059257.625,2680.31957049901,7184113.0,921600
N099,Noise,AFLB1,mined_high,-0.009862217120826244,0.4173091351985931,-5.830132007598877,5.852088451385498,218993.734375,400.7286527377348,160583.453125,921600
N099,Noise,AFLB2,conv_feat,-0.01785039715468884,0.1713508367538452,-0.7505374550819397,0.7297606468200684,245613.78125,233.8925033535705,54705.703125,1843200
N099,Noise,AFLB2,fft_magnitude,0.0004063193046022207,0.001710714655928314,1.931290967149835e-07,0.4441424012184143,748.927734375,2.387155446060693,5.698511123657227,1843200
N099,Noise,AFLB2,raw_low,0.0,0.0,0.0,0.0,0.0,0.0,0.0,1843200
N099,Noise,AFLB2,raw_high,0.1332540065050125,0.1091930195689201,5.588722817861935e-09,0.7505372762680054,245613.78125,233.8925117040945,54705.70703125,1843200
N099,Noise,AFLB2,mined_low,-0.004922050051391125,0.2834052741527557,-5.411458015441895,5.333484649658203,293332.40625,384.8217931718524,148087.8125,1843200
N099,Noise,AFLB2,mined_high,-0.01886141300201416,0.2031389474868774,-4.360825061798096,4.238330364227295,256205.65625,276.9768294686398,76716.1640625,1843200
N099,Noise,AFLB3,conv_feat,0.001224412932060659,0.1001842021942139,-0.4097869098186493,0.5109440088272095,293343.65625,192.3680351240819,37005.4609375,3686400
N099,Noise,AFLB3,fft_magnitude,0.0001545256091048941,0.0004873785364907235,2.224429707098352e-08,0.2548418343067169,569.6431884765625,0.981674031039487,0.9636839032173157,3686400
N099,Noise,AFLB3,raw_low,0.0,0.0,0.0,0.0,0.0,0.0,0.0,3686400
N099,Noise,AFLB3,raw_high,0.07957456260919571,0.06087908893823624,2.432251378081673e-08,0.5109440088272095,293343.65625,192.3680351240819,37005.4609375,3686400
N099,Noise,AFLB3,mined_low,-3.148518089801655e-06,0.001369550591334701,-0.01048862747848034,0.01010415330529213,3820.594970703125,2.629544094298451,6.914502143859863,3686400
N099,Noise,AFLB3,mined_high,-2.372213384660427e-05,0.001271347398869693,-0.01095178816467524,0.01017783209681511,3479.77685546875,2.441411816399904,5.96049165725708,3686400
N100,Noise,AFLB1,conv_feat,0.008788621053099632,0.1227652505040169,-0.5835365056991577,0.6240053176879883,86685.140625,118.1562541325046,13960.900390625,921600
N100,Noise,AFLB1,fft_magnitude,0.0007873366121202707,0.002385790459811687,1.601378158966327e-07,0.2977766096591949,725.6094360351562,2.411854743645097,5.817043304443359,921600
N100,Noise,AFLB1,raw_low,0.0,0.0,0.0,0.0,0.0,0.0,0.0,921600
N100,Noise,AFLB1,raw_high,0.09405940771102905,0.07938122004270554,2.533379870328645e-07,0.6240053772926331,86685.1484375,118.1562623975132,13960.90234375,921600
N100,Noise,AFLB1,mined_low,-0.9869344234466553,2.8486487865448,-14.20980262756348,9.207864761352539,2227755.75,2894.179244621867,8376273.5,921600
N100,Noise,AFLB1,mined_high,-0.01087590772658587,0.4562653005123138,-5.245374202728271,6.050833225250244,241091.703125,438.1390867920825,191965.859375,921600
N100,Noise,AFLB2,conv_feat,-0.01687876507639885,0.1759939789772034,-0.9797273278236389,0.8374285101890564,251921.78125,240.0336809048889,57616.16796875,1843200
N100,Noise,AFLB2,fft_magnitude,0.0004245526797603816,0.001753817894496024,1.679360934758733e-07,0.4707912802696228,782.5355224609375,2.449833502269649,6.001684188842773,1843200
N100,Noise,AFLB2,raw_low,0.0,0.0,0.0,0.0,0.0,0.0,0.0,1843200
N100,Noise,AFLB2,raw_high,0.1366762965917587,0.1121532693505287,4.957814780937042e-08,0.9797272682189941,251921.75,240.0336809048889,57616.16796875,1843200
N100,Noise,AFLB2,mined_low,-0.001945219584740698,0.2664276659488678,-4.890068531036377,4.749966144561768,283530.3125,361.7238350074543,130844.1328125,1843200
N100,Noise,AFLB2,mined_high,-0.01454988867044449,0.2131523638963699,-5.399642944335938,4.163362979888916,264626.71875,290.0586686344678,84134.03125,1843200
N100,Noise,AFLB3,conv_feat,0.001167982118204236,0.1063404306769371,-0.4789359867572784,0.5700293779373169,310054.78125,204.1859408419199,41691.8984375,3686400
N100,Noise,AFLB3,fft_magnitude,0.0001532402529846877,0.0005206146161071956,5.009894721297314e-08,0.2724963426589966,564.9048461914062,1.041982062593586,1.085726618766785,3686400
N100,Noise,AFLB3,raw_low,0.0,0.0,0.0,0.0,0.0,0.0,0.0,3686400
N100,Noise,AFLB3,raw_high,0.08410774171352386,0.06508100777864456,8.906332560343344e-09,0.5700293183326721,310054.78125,204.1859504073432,41691.90234375,3686400
N100,Noise,AFLB3,mined_low,2.783616400847677e-05,0.001172802876681089,-0.009909892454743385,0.00738817872479558,3280.26708984375,2.252415843581236,5.073377132415771,3686400
N100,Noise,AFLB3,mined_high,1.797808181436267e-05,0.001011140062473714,-0.01005169469863176,0.009156101383268833,2800.526123046875,1.941695807678975,3.770182609558105,3686400
