Image_ID,Degradation,AFLB,hl_mean,hl_std,lh_mean,lh_std,agg_energy,cross_agg_energy,aflb_out_mean,aflb_out_std,aflb_out_energy
R001,Rain,AFLB1,0.002396780531853437,0.009658325463533401,0.08069738745689392,0.2717224657535553,54979.515625,295.009033203125,0.0002265258808620274,0.03455587849020958,1100.537963867188
R001,Rain,AFLB2,0.04364793747663498,0.0332469642162323,0.02356366813182831,0.1263558119535446,17991.79296875,2759.629150390625,-0.001929227611981332,0.03343820199370384,2067.7666015625
R001,Rain,AFLB3,0.4999284744262695,4.539873043540865e-05,0.4999898672103882,7.251955685205758e-05,39.5934944152832,6.300892891886178e-07,0.0009267014102078974,0.009151034988462925,311.8702392578125
R002,Rain,AFLB1,0.004071432165801525,0.0111809317022562,0.0807044506072998,0.2722601592540741,64901.8203125,277.4176330566406,0.0008100423729047179,0.03376629576086998,1051.378784179688
R002,Rain,AFLB2,0.06193913891911507,0.03503177314996719,0.02541286312043667,0.1249958947300911,28949.994140625,7613.095703125,-0.003105199662968516,0.03208164498209953,1914.852783203125
R002,Rain,AFLB3,0.4999244213104248,4.639261896954849e-05,0.4999905824661255,6.988779205130413e-05,39.40856552124023,5.786643555438786e-07,0.0009244373068213463,0.008923938497900963,296.7229614257812
R003,Rain,AFLB1,0.007412515580654144,0.01726748049259186,0.08093863725662231,0.2702994346618652,52733.47265625,268.7666931152344,-0.0005828158464282751,0.03149538114666939,914.5025024414062
R003,Rain,AFLB2,0.02940155938267708,0.02838157489895821,0.02248523943126202,0.1275342702865601,15333.658203125,2419.42529296875,-0.001919823233038187,0.03252693265676498,1956.901489257812
R003,Rain,AFLB3,0.4999342858791351,3.979788743890822e-05,0.49998939037323,7.663189899176359e-05,39.81104278564453,6.695232741549262e-07,0.0005157810519449413,0.01017103809863329,382.3387756347656
R004,Rain,AFLB1,0.003835872747004032,0.01032321434468031,0.08096528798341751,0.2702052295207977,54957.6953125,255.3696594238281,-0.0005875934730283916,0.0315622016787529,918.3906860351562
R004,Rain,AFLB2,0.03600101917982101,0.02942107431590557,0.02225850522518158,0.1273045241832733,15666.5458984375,2927.192138671875,-0.001812273752875626,0.03239405155181885,1940.261108398438
R004,Rain,AFLB3,0.4999293386936188,3.988565731560811e-05,0.4999894201755524,7.523317617597058e-05,39.69569396972656,6.054414711798017e-07,0.0005476324004121125,0.009812957607209682,356.0842590332031
R005,Rain,AFLB1,0.004511860199272633,0.01237038429826498,0.08069093525409698,0.2720250487327576,45426.3359375,356.3633728027344,-0.0002083565923385322,0.03487161174416542,1120.732543945312
R005,Rain,AFLB2,0.03679782897233963,0.0279388464987278,0.02511751651763916,0.1274571865797043,20387.29296875,3146.440185546875,-0.0004980724188499153,0.03306455537676811,2015.562744140625
R005,Rain,AFLB3,0.4999193847179413,6.250219303183258e-05,0.4999875128269196,8.92604366526939e-05,39.7661247253418,6.066212563382578e-07,0.0005451341858133674,0.01004993822425604,373.426513671875
R006,Rain,AFLB1,0.002266124123707414,0.00856965221464634,0.08068924397230148,0.271852970123291,67178.765625,517.78076171875,0.0008544860174879432,0.03336451202630997,1026.58935546875
R006,Rain,AFLB2,0.0408107303082943,0.03238560631871223,0.0225746538490057,0.1263039261102676,22596.98828125,3529.0009765625,-0.001692882506176829,0.03947208821773529,2877.07177734375
R006,Rain,AFLB3,0.4999249279499054,4.547864591586404e-05,0.4999896585941315,7.661573908990249e-05,39.60319137573242,6.363754891935969e-07,0.001108883880078793,0.00950548704713583,337.6149597167969
R007,Rain,AFLB1,0.002509656827896833,0.007982592098414898,0.08139641582965851,0.268718421459198,30383.62890625,197.0231628417969,-0.0009515378624200821,0.03352420777082443,1036.595336914062
R007,Rain,AFLB2,0.04420895874500275,0.03080641850829124,0.02351902239024639,0.1272211074829102,20149.224609375,3748.960693359375,-0.001435942016541958,0.03325869888067245,2042.639892578125
R007,Rain,AFLB3,0.4999217689037323,5.407437856774777e-05,0.4999881684780121,8.428881847066805e-05,39.70426177978516,5.38501126357005e-07,0.001034378306940198,0.009586161933839321,342.7041015625
R008,Rain,AFLB1,0.001519800629466772,0.007762480527162552,0.0836494043469429,0.2626402378082275,32450.3203125,161.8156585693359,-0.001012669410556555,0.03285295888781548,995.6437377929688
R008,Rain,AFLB2,0.04156049340963364,0.0313265435397625,0.02394298277795315,0.1270729452371597,26459.54296875,4756.0537109375,-0.001241834717802703,0.03296272829174995,2005.555786132812
R008,Rain,AFLB3,0.4999260902404785,4.702016667579301e-05,0.4999901056289673,7.4527102697175e-05,39.63282775878906,5.24496897469362e-07,0.001358637004159391,0.009731216356158257,355.8941345214844
R009,Rain,AFLB1,0.00214337557554245,0.007904399186372757,0.08113810420036316,0.269141286611557,30651.111328125,336.4649047851562,-0.0006665518740192056,0.02934830822050571,794.2049560546875
R009,Rain,AFLB2,0.05126410722732544,0.03499459102749825,0.02546482533216476,0.1264147162437439,21241.0703125,3534.43798828125,-0.001897655776701868,0.03135934844613075,1819.256225585938
R009,Rain,AFLB3,0.4999274611473083,4.629312752513215e-05,0.4999898672103882,7.115225162124261e-05,39.65251922607422,6.471959750342648e-07,0.0008216412970796227,0.009212033823132515,315.3223571777344
R010,Rain,AFLB1,0.005372863262891769,0.01536465622484684,0.08089180290699005,0.2704416811466217,51676.7578125,329.9689636230469,-0.0004460631171241403,0.03357502073049545,1039.08642578125
R010,Rain,AFLB2,0.03166124597191811,0.0270448625087738,0.02267133630812168,0.1276664882898331,18763.59765625,2706.513916015625,-0.002440996933728456,0.03192231431603432,1889.26611328125
R010,Rain,AFLB3,0.4999203085899353,4.962989260093309e-05,0.4999898970127106,7.294854003703222e-05,39.58403396606445,5.280555797071429e-07,0.0009305691928602755,0.01016159262508154,383.8424072265625
R011,Rain,AFLB1,0.0006199709023348987,0.002309452509507537,0.08990899473428726,0.2533924877643585,34333.515625,216.9721069335938,-0.00100131263025105,0.03053597919642925,860.2662353515625
R011,Rain,AFLB2,0.04639186337590218,0.03961515799164772,0.02487723529338837,0.1269128918647766,22295.087890625,3219.124267578125,-0.001355786342173815,0.03102758713066578,1777.857299804688
R011,Rain,AFLB3,0.4999220371246338,4.902783621218987e-05,0.4999906122684479,7.091422594385222e-05,39.57189559936523,4.960961064170988e-07,0.001077248598448932,0.009014411829411983,303.8334045410156
R012,Rain,AFLB1,0.004398398101329803,0.01215099450200796,0.08079222589731216,0.2709500789642334,57081.50390625,186.0874481201172,8.797706686891615e-05,0.0358673520386219,1185.615234375
R012,Rain,AFLB2,0.03850515186786652,0.03870727121829987,0.02469027601182461,0.1267748326063156,22005.79296875,3739.6953125,-0.001946473377756774,0.03528115153312683,2301.32421875
R012,Rain,AFLB3,0.4999221861362457,4.64311488030944e-05,0.499988466501236,8.135159441735595e-05,39.63419342041016,5.825600055686664e-07,0.00096138846129179,0.00972241535782814,351.865478515625
R013,Rain,AFLB1,0.0004321958695072681,0.001962785609066486,0.08071047067642212,0.2723105251789093,67417.9140625,486.0938110351562,-0.0004449335101526231,0.04605353996157646,1954.829956054688
R013,Rain,AFLB2,0.02555101551115513,0.02434954792261124,0.02189269103109837,0.1279823035001755,18521.64453125,2614.89111328125,-0.002112207468599081,0.03811349719762802,2685.72705078125
R013,Rain,AFLB3,0.4999243021011353,4.401934347697534e-05,0.4999859631061554,9.431379294255748e-05,39.66566848754883,6.994199566179304e-07,0.001052840030752122,0.01062539499253035,420.2771606445312
R014,Rain,AFLB1,0.007791727315634489,0.01714783534407616,0.08069044351577759,0.271955132484436,54818.11328125,351.5663757324219,9.59297685767524e-05,0.03282723948359489,993.1500854492188
R014,Rain,AFLB2,0.05349587649106979,0.03245021030306816,0.02374022267758846,0.1268718093633652,20824.099609375,3819.5439453125,-0.00087623210856691,0.03090332821011543,1761.700073242188
R014,Rain,AFLB3,0.4999243021011353,4.921916115563363e-05,0.499988466501236,8.223158511100337e-05,39.64004516601562,5.561420266531059e-07,0.0006522070616483688,0.009545107372105122,337.4325561523438
R015,Rain,AFLB1,0.0008396563935093582,0.00358637748286128,0.08069512993097305,0.2721621990203857,56843.59765625,479.0426025390625,-0.0003242362581659108,0.04676824063062668,2015.88330078125
R015,Rain,AFLB2,0.04243944585323334,0.03130166977643967,0.02456714771687984,0.1263716667890549,19773.36328125,3136.558837890625,-0.002444174140691757,0.03731327131390572,2577.261962890625
R015,Rain,AFLB3,0.4999200403690338,5.295543815009296e-05,0.4999871253967285,8.922092820284888e-05,39.67569732666016,6.20620085101109e-07,0.0008759012562222779,0.01113491598516703,459.8915405273438
R016,Rain,AFLB1,0.003489245194941759,0.01217188965529203,0.08072773367166519,0.2713530957698822,43786.58203125,374.2586669921875,-9.041478188009933e-05,0.03553517907857895,1163.756958007812
R016,Rain,AFLB2,0.04400385171175003,0.03081907890737057,0.02282550930976868,0.1271984577178955,18330.673828125,2150.31640625,-0.001259631710126996,0.033365648239851,2054.8974609375
R016,Rain,AFLB3,0.4999259412288666,4.744991747429594e-05,0.4999883472919464,7.981256203493103e-05,39.71506500244141,5.438909624899679e-07,0.001104867202229798,0.00992389302700758,367.5502624511719
R017,Rain,AFLB1,0.002060678554698825,0.006066640838980675,0.08385663479566574,0.2633742392063141,31359.0234375,344.6754150390625,0.0002683566708583385,0.02865033037960529,756.5537719726562
R017,Rain,AFLB2,0.05706897005438805,0.03640815615653992,0.02551859058439732,0.1261314749717712,30372.2734375,5277.77685546875,-0.001641320530325174,0.03042538277804852,1711.222900390625
R017,Rain,AFLB3,0.4999379515647888,4.448637628229335e-05,0.4999895393848419,7.703888695687056e-05,39.80462646484375,7.717345624769223e-07,0.0001984694972634315,0.009497610852122307,332.6754455566406
R018,Rain,AFLB1,0.001125385984778404,0.00573786161839962,0.08212922513484955,0.2663977146148682,37359.58203125,247.2797088623047,-0.0006052744574844837,0.03067819401621819,867.702880859375
R018,Rain,AFLB2,0.04583041369915009,0.03939500823616982,0.02416560053825378,0.1269946396350861,20077.990234375,3145.80029296875,-0.001543782069347799,0.03232847899198532,1930.777221679688
R018,Rain,AFLB3,0.4999155700206757,5.402291208156385e-05,0.4999882876873016,8.733171125641093e-05,39.62920379638672,5.429558314062888e-07,0.00099494110327214,0.009641241282224655,346.3131103515625
R019,Rain,AFLB1,0.00178572116419673,0.005109392572194338,0.08071018010377884,0.2713349163532257,58099.20703125,280.2902526855469,0.0002369551511947066,0.03629528358578682,1214.119262695312
R019,Rain,AFLB2,0.03655251488089561,0.02864539250731468,0.02562473714351654,0.1265661865472794,18310.287109375,2992.392822265625,-0.001769006252288818,0.03374661505222321,2104.86669921875
R019,Rain,AFLB3,0.4999233484268188,4.863092908635736e-05,0.49998739361763,8.794310997473076e-05,39.57514190673828,5.787558166048257e-07,0.001126153743825853,0.00947203952819109,335.4172668457031
R020,Rain,AFLB1,0.006024708971381187,0.01539475191384554,0.08097980916500092,0.270166277885437,35765.4375,175.5821380615234,-0.0009545113425701857,0.03034651093184948,849.5509033203125
R020,Rain,AFLB2,0.03799861669540405,0.02746496722102165,0.02492150105535984,0.1268710494041443,19881.046875,3293.88427734375,-0.001489971531555057,0.03181774541735649,1870.09033203125
R020,Rain,AFLB3,0.4999317526817322,4.748112769448198e-05,0.4999900758266449,7.318548887269571e-05,39.60678100585938,5.446896125249623e-07,0.0007906504324637353,0.008921008557081223,295.6843872070312
R021,Rain,AFLB1,0.009767257608473301,0.0180114284157753,0.08069907873868942,0.2722863852977753,88976.546875,1305.865600585938,0.0002909901959355921,0.02860643155872822,754.2490234375
R021,Rain,AFLB2,0.04557140171527863,0.03391679376363754,0.03061681985855103,0.122493602335453,14694.8857421875,2275.662353515625,-0.001932009588927031,0.02907223999500275,1564.743896484375
R021,Rain,AFLB3,0.4999201595783234,4.616051955963485e-05,0.4999899566173553,6.717348151141778e-05,39.65581130981445,7.515759534726385e-07,0.0006757565424777567,0.009757750667631626,352.6791687011719
R022,Rain,AFLB1,0.005441491026431322,0.01689180731773376,0.08086525648832321,0.2706038653850555,46858.34375,332.344482421875,-0.0002809207944665104,0.03211132809519768,950.3689575195312
R022,Rain,AFLB2,0.02845749445259571,0.02667949162423611,0.02246160246431828,0.1269250214099884,19062.560546875,3149.10595703125,-0.001880593132227659,0.03452035039663315,2202.976318359375
R022,Rain,AFLB3,0.4999247193336487,4.462117794901133e-05,0.4999886751174927,8.521616837242618e-05,39.54397583007812,7.437075169036689e-07,0.00110005191527307,0.010134257376194,383.0658874511719
R023,Rain,AFLB1,0.001985984155908227,0.005631384905427694,0.08320576697587967,0.2638187408447266,31922.625,98.91796875,-0.0006223226664587855,0.02916388586163521,784.2074584960938
R023,Rain,AFLB2,0.05289342999458313,0.04957189410924911,0.02664056979119778,0.1259078085422516,22899.16796875,3841.508544921875,-0.001187073299661279,0.02976274117827415,1635.342163085938
R023,Rain,AFLB3,0.4999164938926697,4.889697811449878e-05,0.499990701675415,6.99442025506869e-05,39.50599670410156,5.026130907026527e-07,0.0008033099002204835,0.00912561360746622,309.3704833984375
R024,Rain,AFLB1,0.004427812993526459,0.01486851088702679,0.08114936202764511,0.2695495784282684,37154.4765625,637.6995849609375,-0.0002641784667503089,0.0383467897772789,1355.255126953125
R024,Rain,AFLB2,0.0390341579914093,0.03239188343286514,0.02178464643657207,0.128106102347374,24567.962890625,4665.3984375,-0.001877479022368789,0.03211994096636772,1908.109619140625
R024,Rain,AFLB3,0.4999108016490936,5.397776476456784e-05,0.4999887645244598,8.796389738563448e-05,39.48526000976562,5.349598950488144e-07,0.001229268265888095,0.009445409290492535,334.4554748535156
R025,Rain,AFLB1,0.002162815071642399,0.006799133028835058,0.08068692684173584,0.2718340754508972,63871.55859375,490.1021728515625,0.0008575320243835449,0.03363507613539696,1043.30078125
R025,Rain,AFLB2,0.02906804159283638,0.02844944596290588,0.0226727519184351,0.1265742033720016,23820.71484375,3649.295654296875,-0.001589986379258335,0.03839880228042603,2722.39892578125
R025,Rain,AFLB3,0.4999196231365204,4.702210571849719e-05,0.4999889135360718,7.913359149824828e-05,39.52744674682617,6.326478683149617e-07,0.001250352477654815,0.0095254210755229,340.2437744140625
R026,Rain,AFLB1,0.005686851218342781,0.008969125337898731,0.08511634916067123,0.2605528235435486,29038.744140625,226.4468078613281,-0.000914824428036809,0.03154399245977402,917.7848510742188
R026,Rain,AFLB2,0.05469847843050957,0.04866676777601242,0.02597156353294849,0.1259812712669373,22240.53125,4808.4111328125,-0.001655786531046033,0.03153812140226364,1838.397705078125
R026,Rain,AFLB3,0.4999214708805084,4.878674371866509e-05,0.4999889135360718,8.305058145197108e-05,39.56796646118164,4.983066901331767e-07,0.001207247725687921,0.00879135075956583,290.2866821289062
R027,Rain,AFLB1,0.0003961839247494936,0.002490345388650894,0.0806913673877716,0.2719872891902924,53369.5546875,905.8270874023438,0.000182390765985474,0.03809187188744545,1337.263549804688
R027,Rain,AFLB2,0.03117464669048786,0.02723321318626404,0.02331909351050854,0.1272343695163727,16126.3720703125,2182.3525390625,-0.002576235681772232,0.03613879531621933,2419.475830078125
R027,Rain,AFLB3,0.4999172389507294,5.036396032664925e-05,0.4999886453151703,7.720677240286022e-05,39.60355758666992,5.463991215037822e-07,0.001079358975403011,0.01048196107149124,409.3251037597656
R028,Rain,AFLB1,0.01483300514519215,0.02558327838778496,0.08200917392969131,0.2669926881790161,27872.509765625,129.7907409667969,-0.0006612648139707744,0.03064919076859951,866.1289672851562
R028,Rain,AFLB2,0.04556085541844368,0.03244059160351753,0.02517805434763432,0.1261589974164963,22360.2890625,4143.2783203125,-0.001394125982187688,0.03062122501432896,1731.876098632812
R028,Rain,AFLB3,0.4999288022518158,5.107100878376514e-05,0.4999877214431763,8.995045209303498e-05,39.80833435058594,6.933316853974247e-07,0.00098020292352885,0.009058432653546333,306.0301818847656
R029,Rain,AFLB1,0.001207469264045358,0.004084392916411161,0.08249489217996597,0.2660841643810272,24530.142578125,272.7232360839844,-0.00167535908985883,0.02825993299484253,738.5985107421875
R029,Rain,AFLB2,0.04679214954376221,0.03447622060775757,0.02895676158368587,0.123959057033062,17570.25,3205.911376953125,-0.001235639210790396,0.02975018881261349,1634.18212890625
R029,Rain,AFLB3,0.4999368190765381,4.188757520751096e-05,0.4999907910823822,6.505093188025057e-05,39.6978759765625,7.648923769920657e-07,0.0002960957062896341,0.008461850695312023,264.2801818847656
R030,Rain,AFLB1,0.001523270853795111,0.007024971768260002,0.08069584518671036,0.2717656493186951,65114.0078125,1134.275268554688,-0.0001874664594652131,0.03518647700548172,1141.054443359375
R030,Rain,AFLB2,0.04758805781602859,0.0344659686088562,0.02302744053304195,0.1268066465854645,18227.619140625,2546.523681640625,-0.002441281219944358,0.0335814580321312,2089.588134765625
R030,Rain,AFLB3,0.4999167919158936,5.264420906314626e-05,0.499989777803421,7.375567656708881e-05,39.6203498840332,5.868701009603683e-07,0.001134888036176562,0.009759172797203064,355.8460693359375
R031,Rain,AFLB1,0.0004603889537975192,0.002045651664957404,0.08069689571857452,0.272228479385376,78012.2109375,1417.23486328125,8.846244600135833e-05,0.0448303297162056,1852.200439453125
R031,Rain,AFLB2,0.06048133224248886,0.0400284007191658,0.02055159769952297,0.1276083737611771,20566.82421875,2419.29052734375,-0.002022006316110492,0.04572560265660286,3861.355712890625
R031,Rain,AFLB3,0.4999288022518158,4.482493750401773e-05,0.4999893605709076,8.220796007663012e-05,39.65896606445312,7.120343639144266e-07,0.001055779750458896,0.01053228601813316,413.0379638671875
R032,Rain,AFLB1,0.00381260272115469,0.01166988164186478,0.08158457279205322,0.2679067552089691,60481.8828125,250.0496520996094,-0.0005446672439575195,0.03268269822001457,984.6884765625
R032,Rain,AFLB2,0.03534993529319763,0.03042032569646835,0.02215710841119289,0.1288039684295654,21525.47265625,4423.90087890625,-0.001851722365245223,0.03359999507665634,2087.218994140625
R032,Rain,AFLB3,0.4999199509620667,4.22702323703561e-05,0.4999882280826569,8.393283496843651e-05,39.54650497436523,6.312365030680667e-07,0.0008989860070869327,0.01026400830596685,391.3409729003906
R033,Rain,AFLB1,0.0003073010302614421,0.001665569376200438,0.08085369318723679,0.2706977427005768,44056.0546875,860.8092041015625,-0.0002121764118783176,0.03957163915038109,1443.188232421875
R033,Rain,AFLB2,0.03909662738442421,0.03020031750202179,0.02204604260623455,0.1283140778541565,24313.1328125,3830.607666015625,-0.00159221061039716,0.03499644994735718,2262.134765625
R033,Rain,AFLB3,0.4999172985553741,6.33205781923607e-05,0.4999875724315643,9.159385808743536e-05,39.86658096313477,6.234125180526462e-07,0.0007101448136381805,0.01015225145965815,381.8096618652344
R034,Rain,AFLB1,0.0002535802486818284,0.002956145210191607,0.08071158081293106,0.2723403871059418,105396.9296875,832.257568359375,-0.0004719748976640403,0.04357421025633812,1750.058227539062
R034,Rain,AFLB2,0.04344707727432251,0.02871912159025669,0.02038636617362499,0.1274641752243042,17052.517578125,1813.307983398438,-0.001716600148938596,0.03500712290406227,2264.2705078125
R034,Rain,AFLB3,0.4999211728572845,5.00135611218866e-05,0.4999873638153076,9.10094240680337e-05,39.62581634521484,5.773388238594634e-07,0.000979416654445231,0.009828233160078526,359.6209716796875
R035,Rain,AFLB1,0.00794592872262001,0.01902385801076889,0.08130896091461182,0.2689821124076843,32068.666015625,233.804443359375,-0.001260657794773579,0.03244797512888908,971.7905883789062
R035,Rain,AFLB2,0.01907088048756123,0.02152243070304394,0.02392127923667431,0.1273282170295715,19132.267578125,2300.2294921875,-0.00124022935051471,0.03284871578216553,1991.718627929688
R035,Rain,AFLB3,0.4999263882637024,6.021762237651274e-05,0.4999880790710449,8.457528747385368e-05,39.81575775146484,6.773800578230293e-07,0.0006523103220388293,0.00996685866266489,367.7691650390625
R036,Rain,AFLB1,0.003431172342970967,0.01095001865178347,0.08097667992115021,0.2701109647750854,32044.130859375,243.6010437011719,-0.0005705943913199008,0.03098263405263424,884.9656372070312
R036,Rain,AFLB2,0.05743815749883652,0.03689669445157051,0.02306971698999405,0.1268389523029327,19312.88671875,3823.32373046875,-0.00141526514198631,0.03154747933149338,1838.124755859375
R036,Rain,AFLB3,0.4999232888221741,4.682724102167413e-05,0.4999891221523285,7.599674427183345e-05,39.6257438659668,6.226869686543068e-07,0.0007793040131218731,0.00909342523664236,307.0686645507812
R037,Rain,AFLB1,0.01126623991876841,0.02235689759254456,0.08068517595529556,0.271815150976181,49640.6484375,264.9936218261719,0.0002770565624814481,0.03324808552861214,1018.839782714844
R037,Rain,AFLB2,0.0312325693666935,0.030808474868536,0.02347896993160248,0.1274224817752838,21309.666015625,2811.358642578125,-0.001333906664513052,0.03345854207873344,2066.6943359375
R037,Rain,AFLB3,0.4999268651008606,4.453286601346917e-05,0.4999890327453613,7.601938705192879e-05,39.66368103027344,5.893068077966745e-07,0.0009216425241902471,0.01070462353527546,425.5520629882812
R038,Rain,AFLB1,0.00451872032135725,0.01107058394700289,0.08072579652070999,0.2713969349861145,55451.5859375,206.0004119873047,0.0001106454365071841,0.0350860171020031,1134.527221679688
R038,Rain,AFLB2,0.03488510474562645,0.03120857663452625,0.02148907817900181,0.126762717962265,15644.3017578125,1886.6298828125,-0.001176519901491702,0.03629777953028679,2431.0205078125
R038,Rain,AFLB3,0.4999260604381561,4.283209273125976e-05,0.4999897181987762,7.071406434988603e-05,39.73932266235352,6.669761205557734e-07,0.0008993283845484257,0.01024352759122849,389.794921875
R039,Rain,AFLB1,0.009491048753261566,0.02323422208428383,0.08081022650003433,0.270895779132843,31702.513671875,203.0520172119141,-0.00113542506005615,0.03201121836900711,945.568359375
R039,Rain,AFLB2,0.04850136861205101,0.03232510015368462,0.02230091579258442,0.1277740746736526,19856.2421875,3374.365478515625,-0.002375297481194139,0.03197290003299713,1894.640502929688
R039,Rain,AFLB3,0.4999190270900726,4.786024146596901e-05,0.4999889135360718,8.261772018158808e-05,39.46399307250977,6.709087188028207e-07,0.001060281647369266,0.009358691051602364,327.0179748535156
R040,Rain,AFLB1,0.002559389919042587,0.009557581506669521,0.08079895377159119,0.2708878219127655,50843.1796875,260.3320007324219,-0.001010980224236846,0.03281951323151588,993.6161499023438
R040,Rain,AFLB2,0.04720864072442055,0.03695982322096825,0.02150150574743748,0.1279312968254089,25347.6953125,5606.1484375,-0.001626086770556867,0.0326189398765564,1966.029541015625
R040,Rain,AFLB3,0.4999250173568726,4.408994573168457e-05,0.4999879896640778,8.588254422647879e-05,39.60100936889648,5.970104552943667e-07,0.0009404055308550596,0.009790605865418911,356.6234741210938
R041,Rain,AFLB1,0.002178661525249481,0.01216052938252687,0.08072396367788315,0.2715224921703339,34961.875,186.7024536132812,-0.000935447751544416,0.03453094139695168,1099.709228515625
R041,Rain,AFLB2,0.03281626477837563,0.02843170613050461,0.02168537676334381,0.1281870156526566,21995.009765625,3669.61669921875,-0.001360645052045584,0.03333638608455658,2051.787841796875
R041,Rain,AFLB3,0.4999246299266815,5.105475429445505e-05,0.4999875128269196,9.031204535858706e-05,39.65336227416992,6.279009312493145e-07,0.001219906844198704,0.009840148501098156,362.4346008300781
R042,Rain,AFLB1,0.002181893447414041,0.007509574759751558,0.08082106709480286,0.270826518535614,45902.2734375,302.0265197753906,-0.001084879506379366,0.03470923379063606,1111.36474609375
R042,Rain,AFLB2,0.0442391112446785,0.03766843304038048,0.02397098205983639,0.127515584230423,20207.5625,2944.414306640625,-0.00225248490460217,0.03233348205685616,1936.33251953125
R042,Rain,AFLB3,0.4999220669269562,5.589946886175312e-05,0.4999879598617554,8.512210479239002e-05,39.74402618408203,5.180499442758446e-07,0.001166625646874309,0.0102244233712554,390.3891906738281
R043,Rain,AFLB1,0.003317546099424362,0.01088736299425364,0.08102744072675705,0.2695609927177429,42295.8046875,418.8589172363281,0.0001454928133171052,0.03592900931835175,1189.706909179688
R043,Rain,AFLB2,0.02195992320775986,0.02312019094824791,0.02132865786552429,0.1289584785699844,23647.443359375,3256.22802734375,-0.00207868660800159,0.03558262437582016,2341.682373046875
R043,Rain,AFLB3,0.4999278783798218,5.065169898443855e-05,0.4999897181987762,7.639766408829018e-05,39.84580230712891,6.879959073557984e-07,0.0004789720114786178,0.01059652119874954,414.7777709960938
R044,Rain,AFLB1,0.001754299621097744,0.007451459299772978,0.08089757710695267,0.2704037427902222,36994.26953125,341.7374267578125,-0.0002170167572330683,0.03561189025640488,1168.822631835938
R044,Rain,AFLB2,0.0394432507455349,0.03332481160759926,0.02203964255750179,0.126993253827095,15424.974609375,1929.61279296875,-0.001478143851272762,0.03832854703068733,2711.830810546875
R044,Rain,AFLB3,0.4999221861362457,4.570897363009863e-05,0.4999875128269196,8.685093052918091e-05,39.77200317382812,5.785826147075568e-07,0.001128774369135499,0.01094937603920698,446.6550903320312
R045,Rain,AFLB1,0.005710003431886435,0.01515451818704605,0.08068255335092545,0.2714509069919586,49590.44140625,1142.997192382812,0.0003261527162976563,0.03143629059195518,910.8602905273438
R045,Rain,AFLB2,0.04845384508371353,0.03576206415891647,0.0240221694111824,0.125566765666008,14869.0166015625,1975.367431640625,-0.00203549861907959,0.03328190371394157,2049.322021484375
R045,Rain,AFLB3,0.4999134242534637,4.850493860431015e-05,0.4999898672103882,7.527963316533715e-05,39.52676391601562,6.383079380611889e-07,0.00100177840795368,0.01011934783309698,381.1913146972656
R046,Rain,AFLB1,0.0021188969258219,0.006389408838003874,0.08068923652172089,0.2718091309070587,53853.64453125,653.6798095703125,9.823706204770133e-05,0.04164824262261391,1598.594482421875
R046,Rain,AFLB2,0.02778590843081474,0.03006710112094879,0.02129251323640347,0.1275184601545334,15692.296875,1210.399291992188,-0.002313686767593026,0.03833374753594398,2718.4052734375
R046,Rain,AFLB3,0.499911904335022,5.060391777078621e-05,0.4999886453151703,7.959393406054005e-05,39.64148330688477,5.927801680627454e-07,0.001503328210674226,0.01131739653646946,480.4981689453125
R047,Rain,AFLB1,0.001353226252831519,0.006295398809015751,0.08247699588537216,0.26556196808815,31137.896484375,194.8955688476562,-0.001411642413586378,0.03440777957439423,1092.914428710938
R047,Rain,AFLB2,0.03771107271313667,0.02950308658182621,0.02291741408407688,0.1277539134025574,24774.4765625,4593.525390625,-0.0009857544209808111,0.03292417898774147,1999.822998046875
R047,Rain,AFLB3,0.4999253451824188,5.264383798930794e-05,0.4999886453151703,8.173337118932977e-05,39.75881195068359,5.49294213669782e-07,0.0009879657300189137,0.009873243048787117,362.9519653320312
R048,Rain,AFLB1,0.003437432460486889,0.0107922600582242,0.08095693588256836,0.2702385485172272,54270.41015625,455.6659545898438,0.0001454664306947961,0.03791218250989914,1324.666137695312
R048,Rain,AFLB2,0.03740229085087776,0.02645375765860081,0.02158685587346554,0.1279881745576859,21987.736328125,4187.013671875,-0.0007418927852995694,0.03286116197705269,1991.405029296875
R048,Rain,AFLB3,0.4999181032180786,4.613542841980234e-05,0.4999874532222748,8.876922947820276e-05,39.6879768371582,6.557017400155019e-07,0.000960334378760308,0.009900943376123905,364.772705078125
R049,Rain,AFLB1,0.001309763989411294,0.00584404869005084,0.08069422841072083,0.2716905176639557,76470.890625,789.9246215820312,-0.0001095061961677857,0.03683264926075935,1250.294067382812
R049,Rain,AFLB2,0.05801070481538773,0.03959158435463905,0.02047061361372471,0.1272232383489609,13330.9873046875,1375.619384765625,-0.0007107018027454615,0.0297407191246748,1631.260375976562
R049,Rain,AFLB3,0.4999123215675354,4.688329136115499e-05,0.4999904632568359,6.905290501890704e-05,39.67812347412109,6.547817292812397e-07,0.001157313818112016,0.009606070816516876,345.10595703125
R050,Rain,AFLB1,0.0007971723098307848,0.00250914110802114,0.08071363717317581,0.2723330557346344,60246.98828125,241.0782928466797,3.618154369178228e-05,0.03792033344507217,1325.217529296875
R050,Rain,AFLB2,0.035078015178442,0.02573035284876823,0.0236163642257452,0.127496525645256,19401.189453125,3017.28955078125,-0.001504875137470663,0.03378694504499435,2108.29296875
R050,Rain,AFLB3,0.4999188184738159,4.593013727571815e-05,0.4999889135360718,7.861202902859077e-05,39.60012435913086,5.894464720768156e-07,0.0009449716308154166,0.01015726011246443,383.6174926757812
R051,Rain,AFLB1,0.008115071803331375,0.01699019595980644,0.08073662966489792,0.2713049352169037,32707.75,177.4668121337891,-0.0008840078371576965,0.03192775696516037,940.1822509765625
R051,Rain,AFLB2,0.02873498201370239,0.02990316040813923,0.02342723309993744,0.1267448514699936,18824.255859375,2641.127685546875,-0.001044946373440325,0.03147927671670914,1828.522216796875
R051,Rain,AFLB3,0.4999289810657501,4.62016359961126e-05,0.4999898970127106,7.622624980285764e-05,39.70363998413086,6.076495537854498e-07,0.000862301152665168,0.009032851085066795,303.5232849121094
R052,Rain,AFLB1,0.003558410098776221,0.01183741260319948,0.08081813901662827,0.2708217203617096,47498.4375,314.1797790527344,9.5601872089901e-06,0.03242415934801102,968.9022827148438
R052,Rain,AFLB2,0.04730777069926262,0.03534925729036331,0.02325211465358734,0.1262419372797012,17713.98828125,2545.49365234375,-0.0006291050231084228,0.03286954015493393,1992.134765625
R052,Rain,AFLB3,0.4999203383922577,5.349539424059913e-05,0.4999901056289673,7.022715726634488e-05,39.73171234130859,5.7864582458933e-07,0.001072145532816648,0.009829995222389698,360.4498901367188
R053,Rain,AFLB1,0.001736558275297284,0.006497346796095371,0.0807596817612648,0.2711195647716522,46573.2890625,213.3511505126953,-0.000216009488212876,0.0357794351875782,1179.845703125
R053,Rain,AFLB2,0.04468707367777824,0.03459195792675018,0.02342130057513714,0.127309650182724,22787.279296875,3021.95654296875,0.0003833626979030669,0.03323815762996674,2036.59228515625
R053,Rain,AFLB3,0.4999205470085144,5.217970465309918e-05,0.4999888837337494,8.043309935601428e-05,39.84235382080078,6.249171065064729e-07,0.0006989469984546304,0.01049923244863749,408.1670837402344
R054,Rain,AFLB1,0.001445583533495665,0.005826245062053204,0.08162708580493927,0.2680664956569672,37765.890625,228.6761016845703,-0.0002805557451210916,0.03197735175490379,942.45556640625
R054,Rain,AFLB2,0.0700681060552597,0.04083094000816345,0.02169127948582172,0.1276529580354691,25320.46484375,3746.8466796875,-0.001294331043027341,0.03084482438862324,1756.71435546875
R054,Rain,AFLB3,0.4999198317527771,5.009715823689476e-05,0.4999889135360718,8.480656106257811e-05,39.53471755981445,7.469149636563088e-07,0.000633337942417711,0.009072043932974339,304.8766784667969
R055,Rain,AFLB1,0.004413601476699114,0.01145882904529572,0.08105495572090149,0.2698570787906647,37419.40625,395.2447814941406,-0.0009716585045680404,0.03431499004364014,1086.071166992188
R055,Rain,AFLB2,0.04079306125640869,0.03236018121242523,0.02262146025896072,0.1270035356283188,21124.099609375,4000.7333984375,-0.001511710230261087,0.03471239283680916,2225.17626953125
R055,Rain,AFLB3,0.4999205470085144,4.62737116322387e-05,0.4999886751174927,8.165189501596615e-05,39.70285797119141,5.672671932188678e-07,0.001435046084225178,0.009793349541723728,361.1531066894531
R056,Rain,AFLB1,0.004952660296112299,0.01617872342467308,0.08068466186523438,0.2720393538475037,49588.171875,605.9534912109375,-0.0004716210823971778,0.03484120219945908,1118.94384765625
R056,Rain,AFLB2,0.03810673579573631,0.02909061871469021,0.02343304455280304,0.1273938715457916,18530.90234375,3014.689453125,-0.002198199741542339,0.03590352088212967,2384.906982421875
R056,Rain,AFLB3,0.4999202489852905,4.646632078220136e-05,0.4999881684780121,8.59475985635072e-05,39.61598968505859,5.969021685814369e-07,0.001056503388099372,0.01005040388554335,376.4803161621094
R057,Rain,AFLB1,0.003623320953920484,0.008684446103870869,0.0807408019900322,0.2712938785552979,57868.4375,435.5026245117188,0.0006213273154571652,0.03221407905220985,956.7432861328125
R057,Rain,AFLB2,0.0467115119099617,0.03394790366292,0.02170763351023197,0.1272274404764175,22398.75390625,3637.74072265625,-0.002308502094820142,0.03475629165768623,2236.407958984375
R057,Rain,AFLB3,0.4999234080314636,4.618348611984402e-05,0.4999892711639404,7.606568397022784e-05,39.44996643066406,7.609424983456847e-07,0.001279766787774861,0.009277500212192535,323.3334655761719
R058,Rain,AFLB1,0.002282043220475316,0.006783015094697475,0.08104577660560608,0.2695921063423157,30239.041015625,319.0290222167969,-0.0006339163519442081,0.0297563262283802,816.3908081054688
R058,Rain,AFLB2,0.05025408416986465,0.03482471406459808,0.02509104274213314,0.1270230412483215,23665.609375,3798.172119140625,-0.001845310209318995,0.03196163848042488,1889.190795898438
R058,Rain,AFLB3,0.4999293088912964,4.721856748801656e-05,0.4999897181987762,7.451517740264535e-05,39.75967788696289,7.08585048414534e-07,0.0007615553913637996,0.009616329334676266,343.0332946777344
R059,Rain,AFLB1,0.002038849284872413,0.008316859602928162,0.08069057017564774,0.2721595764160156,49177.4921875,155.6624908447266,0.0008875360363163054,0.03515173494815826,1139.495849609375
R059,Rain,AFLB2,0.05439526960253716,0.03551018610596657,0.02391293086111546,0.1253879219293594,16276.720703125,2868.109375,-0.001591490115970373,0.03459741920232773,2210.945068359375
R059,Rain,AFLB3,0.4999261498451233,4.777799040311947e-05,0.4999885857105255,7.718698907410726e-05,39.82833862304688,5.995188416818564e-07,0.0009808259783312678,0.009193752892315388,315.1397094726562
R060,Rain,AFLB1,0.001223095110617578,0.007491112686693668,0.08151935786008835,0.26859250664711,39097.06640625,316.1211547851562,0.0002387064741924405,0.03551432117819786,1162.43603515625
R060,Rain,AFLB2,0.03108981996774673,0.02671965211629868,0.02327380143105984,0.1276228874921799,15026.892578125,1362.6005859375,-0.001592821558006108,0.0356660820543766,2349.354736328125
R060,Rain,AFLB3,0.4999139010906219,4.431123306858353e-05,0.499989241361618,8.1485508417245e-05,39.49405288696289,7.378539521596394e-07,0.0008372842567041516,0.01065873075276613,421.3908386230469
R061,Rain,AFLB1,0.003602285403758287,0.01023260410875082,0.08069274574518204,0.271250993013382,49933.16015625,352.3240661621094,-9.103067714022473e-05,0.03402011096477509,1066.6376953125
R061,Rain,AFLB2,0.04305240139365196,0.03270572796463966,0.02164806611835957,0.127189114689827,19531.2109375,3042.05322265625,-0.00108164781704545,0.03349051252007484,2069.515869140625
R061,Rain,AFLB3,0.4999184608459473,5.094087100587785e-05,0.4999880790710449,9.015844261739403e-05,39.68319702148438,5.661862587658106e-07,0.001111262943595648,0.009957537986338139,370.068359375
R062,Rain,AFLB1,0.004476798698306084,0.01416526176035404,0.08075089007616043,0.2712225019931793,40700.7890625,245.261474609375,-0.0006032880046404898,0.03591812029480934,1189.302124023438
R062,Rain,AFLB2,0.03736301511526108,0.03061384148895741,0.02319241501390934,0.1268368661403656,20937.82421875,2576.251953125,-0.001264800783246756,0.03424986079335213,2165.11962890625
R062,Rain,AFLB3,0.4999240636825562,4.845941293751821e-05,0.4999899864196777,7.72828861954622e-05,39.49990081787109,5.719889486499596e-07,0.001067893579602242,0.00983293354511261,360.6293334960938
R063,Rain,AFLB1,0.000533817510586232,0.003118391148746014,0.08069067448377609,0.2719573974609375,84257.6484375,2821.034423828125,-4.543105751508847e-05,0.04219363257288933,1640.72900390625
R063,Rain,AFLB2,0.0360039696097374,0.0314132384955883,0.02245565317571163,0.1272934079170227,21204.669921875,2740.707275390625,-0.001245691673830152,0.03504519909620285,2266.615966796875
R063,Rain,AFLB3,0.4999151229858398,5.298163159750402e-05,0.4999871551990509,9.115122520597652e-05,39.75131988525391,4.811796543435776e-07,0.0009761032997630537,0.01091974973678589,443.0821228027344
R064,Rain,AFLB1,0.0007264052983373404,0.005132397636771202,0.08069074898958206,0.2718600332736969,46049.84765625,229.2615051269531,0.001186479581519961,0.03845203295350075,1363.937255859375
R064,Rain,AFLB2,0.03384528309106827,0.02945138327777386,0.0214211642742157,0.1266065984964371,12083.4560546875,1163.167602539062,-0.0003867756749968976,0.03139815479516983,1817.383544921875
R064,Rain,AFLB3,0.4999116063117981,4.87415527459234e-05,0.4999894201755524,7.808111695339903e-05,39.74355697631836,5.763799890701193e-07,0.0009846397442743182,0.01112696342170238,459.984619140625
R065,Rain,AFLB1,0.0002922846470028162,0.001751931966282427,0.08070655912160873,0.2715358734130859,50480.5234375,404.1429138183594,-0.000277153158094734,0.03965838253498077,1449.551635742188
R065,Rain,AFLB2,0.04729638993740082,0.03945023566484451,0.02227387763559818,0.1267553269863129,19096.232421875,2750.9169921875,-0.001251465873792768,0.03703271597623825,2530.692138671875
R065,Rain,AFLB3,0.4999258518218994,5.076174420537427e-05,0.4999873638153076,9.309994493378326e-05,39.7765007019043,5.576729336098651e-07,0.001196599565446377,0.01043137907981873,406.4090270996094
R066,Rain,AFLB1,0.01515362877398729,0.03024237416684628,0.08071161806583405,0.2715005874633789,65198.3359375,266.0474243164062,-0.0004395357682369649,0.03353852033615112,1036.823608398438
R066,Rain,AFLB2,0.02190761640667915,0.02426780387759209,0.02397417835891247,0.1268348693847656,14961.64453125,1406.199462890625,-0.001754392171278596,0.034134890884161,2153.352783203125
R066,Rain,AFLB3,0.4999305307865143,4.301395165384747e-05,0.4999897480010986,7.368697697529569e-05,39.58259201049805,7.191396775851899e-07,0.0007635343936271966,0.009630853310227394,344.0750122070312
R067,Rain,AFLB1,0.001518254401162267,0.005991081707179546,0.08068890869617462,0.2719064354896545,56839.03125,591.8058471679688,-0.0001552281173644587,0.03782102838158607,1318.306518554688
R067,Rain,AFLB2,0.02640967443585396,0.02620670944452286,0.02139765582978725,0.1270858496427536,14065.13671875,1244.5244140625,-0.001837119809351861,0.03641307353973389,2450.1416015625
R067,Rain,AFLB3,0.4999260902404785,4.610674295690842e-05,0.4999878406524658,8.145132596837357e-05,39.89947509765625,7.61121270898002e-07,0.001046318560838699,0.01066399179399014,423.2558288574219
R068,Rain,AFLB1,0.002560289809480309,0.01203639712184668,0.08090367168188095,0.2704096138477325,37754.8828125,567.8159790039062,-0.001109059085138142,0.03338649868965149,1028.402587890625
R068,Rain,AFLB2,0.04842909052968025,0.03104765526950359,0.02510068565607071,0.1264113634824753,20972.3984375,4108.8857421875,-0.001211991999298334,0.03062818944454193,1731.78759765625
R068,Rain,AFLB3,0.4999208450317383,4.925613757222891e-05,0.4999887645244598,8.049052121350542e-05,39.57338714599609,5.796884465780749e-07,0.0009237417834810913,0.00932189729064703,323.4854736328125
R069,Rain,AFLB1,0.005966144613921642,0.01713869720697403,0.08076348155736923,0.27109095454216,52351.515625,415.9183654785156,-0.0002814449253492057,0.03254444524645805,976.1773071289062
R069,Rain,AFLB2,0.03154359012842178,0.02728424966335297,0.0240358654409647,0.1268608719110489,18542.27734375,2630.81982421875,-0.002568267285823822,0.03192168846726418,1890.36767578125
R069,Rain,AFLB3,0.4999194443225861,4.554456245386973e-05,0.4999897480010986,7.458699110429734e-05,39.4847297668457,5.46862736428011e-07,0.001043559284880757,0.009902073070406914,365.469970703125
R070,Rain,AFLB1,0.002446382539346814,0.00929416436702013,0.08066431432962418,0.2718847393989563,62997.11328125,405.8196411132812,0.0001559118536533788,0.0349087156355381,1123.101196289062
R070,Rain,AFLB2,0.04965189471840858,0.03309717774391174,0.02195017226040363,0.1266055703163147,17324.744140625,2456.031982421875,-0.0006322462577372789,0.03056091256439686,1722.229248046875
R070,Rain,AFLB3,0.4999124109745026,5.012537076254375e-05,0.4999878406524658,8.80831794347614e-05,39.59891128540039,7.100670700310729e-07,0.0009277771459892392,0.009896994568407536,364.2579040527344
R071,Rain,AFLB1,0.0006013440433889627,0.004063142463564873,0.08070005476474762,0.2716359794139862,51148.390625,379.9803161621094,-0.0002197370631620288,0.03823696821928024,1347.484252929688
R071,Rain,AFLB2,0.04250198230147362,0.03329175338149071,0.02255358546972275,0.1276614665985107,22303.57421875,4098.39990234375,-0.002123824553564191,0.03527309000492096,2301.6064453125
R071,Rain,AFLB3,0.4999222457408905,4.823550261789933e-05,0.4999889135360718,8.592652739025652e-05,39.69538116455078,5.080311780147895e-07,0.001058058347553015,0.0102325826883316,390.1142272949219
R072,Rain,AFLB1,0.0007318956195376813,0.004269474186003208,0.08219454437494278,0.2664286494255066,32230.6171875,145.1051177978516,-0.0002272476704092696,0.02697629667818546,670.7149658203125
R072,Rain,AFLB2,0.06375081092119217,0.03591048717498779,0.02660424262285233,0.12644062936306,21991.486328125,4503.25048828125,-0.002208711346611381,0.02878647297620773,1536.3798828125
R072,Rain,AFLB3,0.4999275803565979,4.299351712688804e-05,0.4999902248382568,7.283194281626493e-05,39.57720565795898,5.901162580812525e-07,0.0006176836905069649,0.008830695413053036,288.8763122558594
R073,Rain,AFLB1,0.002998281037434936,0.01025558914989233,0.08085251599550247,0.2706753015518188,52066.33984375,523.4060668945312,-0.0001038185946526937,0.03439170867204666,1090.068725585938
R073,Rain,AFLB2,0.03729408979415894,0.03452088683843613,0.02344558574259281,0.1273220777511597,23165.060546875,3303.15966796875,-0.002110882429406047,0.03370023518800735,2101.5458984375
R073,Rain,AFLB3,0.4999142587184906,5.526856693904847e-05,0.4999895393848419,7.709921919740736e-05,39.53313827514648,5.156836664355069e-07,0.001227953471243382,0.00978565588593483,358.5647888183594
R074,Rain,AFLB1,0.0001132288816734217,0.001012986525893211,0.0806751549243927,0.2720440030097961,51002.390625,259.200439453125,0.0001485036773374304,0.035277109593153,1146.927978515625
R074,Rain,AFLB2,0.1000675559043884,0.04732724279165268,0.02013264037668705,0.1275142878293991,21958.833984375,1976.92822265625,2.155880974896718e-05,0.02568130940198898,1215.645874023438
R074,Rain,AFLB3,0.4999335110187531,4.001516572316177e-05,0.4999915063381195,6.817238318035379e-05,39.38949584960938,5.606373747468751e-07,0.001202503684908152,0.007420320529490709,208.3080291748047
R075,Rain,AFLB1,0.004489625804126263,0.01171015854924917,0.08069412410259247,0.271746039390564,62366.078125,1343.89501953125,0.0001763036125339568,0.03997441381216049,1472.70263671875
R075,Rain,AFLB2,0.05712975189089775,0.04123873263597488,0.02231968753039837,0.1264347285032272,21708.828125,2601.36962890625,-0.00130688410717994,0.03568468615412712,2350.27294921875
R075,Rain,AFLB3,0.4999156594276428,5.086365854367614e-05,0.4999890327453613,7.932039443403482e-05,39.81110763549805,6.751188266207464e-07,0.0009439486311748624,0.01017088536173105,384.6314392089844
R076,Rain,AFLB1,0.002886403119191527,0.00731267686933279,0.08385413885116577,0.2617929577827454,32957.0625,233.6444549560547,-0.001318884082138538,0.03555920347571373,1166.9267578125
R076,Rain,AFLB2,0.04121170565485954,0.03012978099286556,0.02345295809209347,0.1270996630191803,21347.939453125,3955.67578125,-0.001885996665805578,0.03258734568953514,1963.9150390625
R076,Rain,AFLB3,0.4999180138111115,5.705861622118391e-05,0.4999882876873016,8.58030907693319e-05,39.71971130371094,5.420666298050492e-07,0.001111916732043028,0.009553479962050915,341.0116577148438
R077,Rain,AFLB1,0.003660596674308181,0.01222827099263668,0.0806947648525238,0.2716450691223145,58445.99609375,577.2459716796875,0.0004921128274872899,0.03412698209285736,1073.565551757812
R077,Rain,AFLB2,0.07222089171409607,0.0403602309525013,0.02247645519673824,0.1267957389354706,23930.685546875,3205.751220703125,-0.001746717025525868,0.02978553250432014,1640.8701171875
R077,Rain,AFLB3,0.4999269545078278,4.928758426103741e-05,0.4999896585941315,7.514568278566003e-05,39.72744369506836,7.397154035970743e-07,0.0003772652125917375,0.009607356041669846,340.7841491699219
R078,Rain,AFLB1,0.001154304132796824,0.005650731269270182,0.0806940421462059,0.2721725106239319,47687.7890625,563.6298828125,0.001315559260547161,0.03362959250807762,1043.878051757812
R078,Rain,AFLB2,0.0332522839307785,0.02950088866055012,0.02342307381331921,0.1265250891447067,13919.669921875,1734.841552734375,-0.001647617667913437,0.03300381079316139,2012.712036132812
R078,Rain,AFLB3,0.4999206960201263,4.066279507242143e-05,0.4999885559082031,8.070554758887738e-05,39.55801391601562,6.454688445955981e-07,0.0009397640242241323,0.009916802868247032,365.7872314453125
R079,Rain,AFLB1,0.004858407657593489,0.0139296455308795,0.08070866763591766,0.2715179026126862,54378.875,376.294677734375,0.0002807825221680105,0.03200465068221092,944.0655517578125
R079,Rain,AFLB2,0.02390567399561405,0.02265393920242786,0.02193121425807476,0.1263941824436188,14995.7392578125,1984.30224609375,-0.001698806532658637,0.03369597345590591,2098.123046875
R079,Rain,AFLB3,0.4999244213104248,4.122390237171203e-05,0.4999879598617554,8.44082169351168e-05,39.59748458862305,6.074695875213365e-07,0.001000461401417851,0.009839383885264397,360.5829772949219
R080,Rain,AFLB1,0.001327105797827244,0.005152068566530943,0.08751016855239868,0.2567030191421509,29911.443359375,149.3704833984375,-0.001265541301108897,0.03056014887988567,862.1791381835938
R080,Rain,AFLB2,0.04563081637024879,0.03522027656435966,0.02608512155711651,0.1266905516386032,21514.90625,3635.296142578125,-0.001475743134506047,0.03082079812884331,1754.909545898438
R080,Rain,AFLB3,0.4999231994152069,4.674860610975884e-05,0.4999895095825195,7.674301014048979e-05,39.56181716918945,5.413138524090755e-07,0.0009194531012326479,0.008883889764547348,294.0600280761719
R081,Rain,AFLB1,0.0009486888884566724,0.005219775252044201,0.08069344609975815,0.2720838785171509,54151.47265625,440.0251159667969,0.0008298118482343853,0.03685284405946732,1252.2890625
R081,Rain,AFLB2,0.06300532072782516,0.04013125598430634,0.02194046974182129,0.1260265558958054,16600.375,1471.453125,-0.0003485807392280549,0.02637827582657337,1282.747314453125
R081,Rain,AFLB3,0.4999218881130219,4.494838140089996e-05,0.4999895989894867,7.384153286693618e-05,39.72007369995117,6.694368721582578e-07,0.0005214282427914441,0.008355994708836079,258.396484375
R082,Rain,AFLB1,0.002289772732183337,0.007183063309639692,0.08067581057548523,0.2717221081256866,60944.69921875,597.957275390625,0.0004056908364873379,0.03360834345221519,1041.117919921875
R082,Rain,AFLB2,0.05263296142220497,0.04178312048316002,0.02180695533752441,0.1268274635076523,17705.33203125,2810.259765625,-0.001385657931677997,0.0307494942098856,1746.342407226562
R082,Rain,AFLB3,0.4999152719974518,5.005425191484392e-05,0.4999903440475464,7.503727829316631e-05,39.52579498291016,5.827266704727663e-07,0.001104949857108295,0.009228507988154888,318.454345703125
R083,Rain,AFLB1,0.005986918229609728,0.01358958519995213,0.0808040201663971,0.2708793580532074,44746.5703125,625.525634765625,0.0003362951974850148,0.03276817500591278,989.6751708984375
R083,Rain,AFLB2,0.0232322383671999,0.02318306267261505,0.02308942191302776,0.1270450055599213,17846.67578125,2412.50146484375,-0.002414901508018374,0.03310275450348854,2030.513427734375
R083,Rain,AFLB3,0.4999178946018219,4.438597898115404e-05,0.4999898374080658,7.283882587216794e-05,39.49831390380859,6.040104949533998e-07,0.0007456331513822079,0.009307468309998512,321.3985595703125
R084,Rain,AFLB1,0.000621276325546205,0.005100357811897993,0.08070387691259384,0.2722491323947906,62569.7421875,755.5010986328125,0.0004636461962945759,0.04006204009056091,1479.335815429688
R084,Rain,AFLB2,0.04582187905907631,0.04642167314887047,0.02122637443244457,0.1274627447128296,17087.9140625,1754.533081054688,-0.001276353374123573,0.03383003547787666,2112.491943359375
R084,Rain,AFLB3,0.4999103844165802,5.801220322609879e-05,0.4999879896640778,8.780530333751813e-05,39.6380729675293,5.023396170145134e-07,0.001319490023888648,0.009758765809237957,357.487060546875
R085,Rain,AFLB1,0.005201316904276609,0.01355402823537588,0.08069267123937607,0.271860271692276,52170.1171875,374.0289306640625,-0.0007139131193980575,0.03816729411482811,1343.00341796875
R085,Rain,AFLB2,0.02596581541001797,0.03043775819242001,0.02320308797061443,0.1257893145084381,12373.9150390625,1994.217895507812,-0.001988859148696065,0.03559906408190727,2343.166015625
R085,Rain,AFLB3,0.4999134242534637,5.039933603256941e-05,0.4999890625476837,7.772199751343578e-05,39.79253387451172,5.489474119713122e-07,0.001466665882617235,0.01071173790842295,430.9122314453125
R086,Rain,AFLB1,0.002396880649030209,0.007669710554182529,0.08110644668340683,0.2697150707244873,46742.875,528.036376953125,-0.0004329511430114508,0.03189332410693169,937.6095581054688
R086,Rain,AFLB2,0.05402982234954834,0.03526240959763527,0.02159464359283447,0.1271344721317291,22104.796875,4388.70703125,-0.0006228400743566453,0.03331339731812477,2046.265869140625
R086,Rain,AFLB3,0.4999279677867889,4.346816058387049e-05,0.4999886453151703,7.980903319548815e-05,39.75405502319336,5.609152253782668e-07,0.0009033061796799302,0.009915577247738838,365.4499206542969
R087,Rain,AFLB1,0.004085233435034752,0.01209568604826927,0.08138563483953476,0.2687948644161224,44729.234375,248.9810180664062,-0.0005955694359727204,0.03092288412153721,881.5835571289062
R087,Rain,AFLB2,0.04512317851185799,0.03379690274596214,0.02304739318788052,0.1272823214530945,20786.90234375,3257.38720703125,-0.001747529022395611,0.03156889975070953,1842.5537109375
R087,Rain,AFLB3,0.4999249279499054,4.617197919287719e-05,0.4999898970127106,6.915574340382591e-05,39.59352493286133,4.841057261728565e-07,0.001031442661769688,0.009612730704247952,344.5621643066406
R088,Rain,AFLB1,0.003750740783289075,0.01410810369998217,0.08115410804748535,0.2695048749446869,38844.8984375,264.8912353515625,0.0005099876434542239,0.03166176378726959,924.1136474609375
R088,Rain,AFLB2,0.05079814791679382,0.03384645655751228,0.02420699782669544,0.1250865459442139,19657.505859375,2862.882080078125,-0.001635085442103446,0.03119755163788795,1798.890869140625
R088,Rain,AFLB3,0.4999271631240845,4.531394006335177e-05,0.499989241361618,7.783769251545891e-05,39.83434677124023,6.27421684384899e-07,0.000799480127170682,0.009209759533405304,315.0354614257812
R089,Rain,AFLB1,0.002146749291568995,0.006924942601472139,0.08072111755609512,0.2714775204658508,42043.328125,879.107421875,0.0007907511899247766,0.03203021362423897,946.0775146484375
R089,Rain,AFLB2,0.0590885803103447,0.04212145134806633,0.02351288497447968,0.1265836656093597,29117.20703125,5335.8154296875,-0.001966239884495735,0.0309582632035017,1773.6748046875
R089,Rain,AFLB3,0.4999214708805084,4.645034641725942e-05,0.4999893605709076,8.009214798221365e-05,39.52815246582031,7.309814122891112e-07,0.0007888061227276921,0.009619935415685177,343.4448547363281
R090,Rain,AFLB1,0.003932468127459288,0.01208134088665247,0.0809253677725792,0.2703546583652496,48658.59765625,289.2398681640625,0.0005566259496845305,0.0322192870080471,956.982421875
R090,Rain,AFLB2,0.04808438941836357,0.03393791615962982,0.02506107650697231,0.1253776252269745,17176.9140625,2460.3623046875,-0.001292324857786298,0.0290354136377573,1556.997680664062
R090,Rain,AFLB3,0.4999225735664368,4.95910135214217e-05,0.4999894201755524,7.508788985433057e-05,39.65514755249023,5.482046390170581e-07,0.0005917701055295765,0.008334701880812645,257.375
R091,Rain,AFLB1,0.006158632226288319,0.01527856756001711,0.08080828934907913,0.2708315849304199,55587.73828125,162.8952789306641,0.0002369517314946279,0.034459438174963,1094.408447265625
R091,Rain,AFLB2,0.03959401324391365,0.03960737958550453,0.02389282546937466,0.1268939524888992,22002.109375,3365.96875,-0.001640924252569675,0.03463380411267281,2215.882080078125
R091,Rain,AFLB3,0.4999248385429382,4.643819920602255e-05,0.4999891519546509,7.710382487857714e-05,39.64331436157227,5.651882588608714e-07,0.0008534920052625239,0.009927306324243546,365.9852905273438
R092,Rain,AFLB1,0.0003469067451078445,0.002168039092794061,0.08068021386861801,0.2721208333969116,88149.890625,2239.13671875,0.0005061314441263676,0.03710883483290672,1269.33984375
R092,Rain,AFLB2,0.07306041568517685,0.04759103432297707,0.02126446180045605,0.1266653537750244,21498.421875,1071.916015625,-0.000628005713224411,0.02750536799430847,1395.191162109375
R092,Rain,AFLB3,0.4999414086341858,3.176374957547523e-05,0.499993771314621,4.848614480579272e-05,39.33075332641602,3.505343215692847e-07,0.001350315054878592,0.008829067461192608,294.08544921875
R093,Rain,AFLB1,0.004325558431446552,0.01213291380554438,0.08126838505268097,0.2692295014858246,37766.37109375,332.80908203125,0.0004408285603858531,0.03663782030344009,1237.270263671875
R093,Rain,AFLB2,0.09265676140785217,0.04262503236532211,0.02083170227706432,0.1269363462924957,29161.734375,4442.78271484375,-0.0008903040434233844,0.03000589460134506,1660.993041992188
R093,Rain,AFLB3,0.4999194741249084,5.067541860626079e-05,0.4999890029430389,8.17683176137507e-05,39.85282135009766,5.177798811928369e-07,0.000915955170057714,0.009750456549227238,353.56396484375
R094,Rain,AFLB1,0.0112412991002202,0.01186996698379517,0.08066943287849426,0.2712824940681458,64059.2578125,796.9534301757812,0.0003000167198479176,0.02857416123151779,752.5533447265625
R094,Rain,AFLB2,0.04390011355280876,0.03137224167585373,0.02433898113667965,0.1265113204717636,22957.3125,4954.19189453125,-0.002320598810911179,0.03255197033286095,1963.037231445312
R094,Rain,AFLB3,0.4999203383922577,4.534211257123388e-05,0.4999900162220001,7.119456131476909e-05,39.35233688354492,8.530527679795341e-07,0.001034782500937581,0.009493785910308361,336.2097778320312
R095,Rain,AFLB1,0.006396354176104069,0.01221797522157431,0.08068875223398209,0.2718007564544678,55258.1484375,709.16845703125,0.0003182787331752479,0.03144734725356102,911.4965209960938
R095,Rain,AFLB2,0.03854924067854881,0.03248357772827148,0.02264365740120411,0.1276385337114334,23331.966796875,5708.10302734375,-0.001988443313166499,0.0342840813100338,2173.781982421875
R095,Rain,AFLB3,0.4999189376831055,5.115833846502937e-05,0.4999881982803345,8.379604696528986e-05,39.50697326660156,8.537871281077969e-07,0.001089847297407687,0.009421475231647491,331.5989379882812
R096,Rain,AFLB1,0.0006035503465682268,0.002283508656546474,0.08101329952478409,0.2699671983718872,38773.27734375,195.8336029052734,-0.0002800977963488549,0.03374933451414108,1049.791015625
R096,Rain,AFLB2,0.03636451810598373,0.0284580048173666,0.02328076399862766,0.1279198974370956,21775.0546875,3396.234130859375,-0.002132004592567682,0.03252895176410675,1958.728515625
R096,Rain,AFLB3,0.4999277889728546,5.263421189738438e-05,0.4999890327453613,8.020691893761978e-05,39.65779876708984,6.011574100739381e-07,0.0006691834423691034,0.01003524381667376,372.893798828125
R097,Rain,AFLB1,0.0006559882895089686,0.004655534401535988,0.08069415390491486,0.2715539634227753,89928.734375,505.1888427734375,0.0004551726160570979,0.03855383023619652,1370.055053710938
R097,Rain,AFLB2,0.05945815518498421,0.03749693557620049,0.02078239060938358,0.1279837936162949,17928.146484375,2665.4384765625,-0.001560735050588846,0.03000675700604916,1664.1171875
R097,Rain,AFLB3,0.4999211728572845,5.092080391477793e-05,0.4999889433383942,7.940197974676266e-05,39.79783630371094,5.556283895202796e-07,0.0009980673203244805,0.009779482148587704,356.2330932617188
R098,Rain,AFLB1,0.001831494621001184,0.008976283483207226,0.08070342987775803,0.2722996473312378,64685.09765625,1207.241455078125,-0.0002141780132660642,0.03470785170793533,1110.23388671875
R098,Rain,AFLB2,0.06453099846839905,0.03756987303495407,0.02284390665590763,0.1256821304559708,19828.1640625,2550.421142578125,-0.002001195913180709,0.03235333785414696,1936.729858398438
R098,Rain,AFLB3,0.4999182224273682,4.731073568109423e-05,0.4999889433383942,7.835751603124663e-05,39.60325622558594,6.958993594707863e-07,0.0005160467117093503,0.009912286885082722,363.1831665039062
R099,Rain,AFLB1,0.001340029295533895,0.005414939019829035,0.08069166541099548,0.2722307443618774,72144.5546875,1915.577758789062,-0.0007121891248971224,0.0380270704627037,1333.154663085938
R099,Rain,AFLB2,0.03392552584409714,0.02840064652264118,0.02322239987552166,0.1272939741611481,18317.28125,2753.115234375,-0.003011761233210564,0.0391107089817524,2836.16552734375
R099,Rain,AFLB3,0.4999063014984131,5.300674456520937e-05,0.4999887943267822,7.873073627706617e-05,39.62847137451172,6.996338015596848e-07,0.000950324407313019,0.009993716143071651,371.506103515625
R100,Rain,AFLB1,0.0002695336006581783,0.001884654280729592,0.08068977296352386,0.2722022533416748,118883.9609375,1165.61474609375,0.0001842664350988343,0.03832918778061867,1353.978393554688
R100,Rain,AFLB2,0.09192939102649689,0.05617948621511459,0.02107278443872929,0.126825213432312,19397.453125,1826.380126953125,-0.00128327205311507,0.03661355748772621,2473.942138671875
R100,Rain,AFLB3,0.4999218881130219,4.803467891179025e-05,0.4999901950359344,7.356087735388428e-05,39.72512817382812,5.374154170567635e-07,0.001402133610099554,0.01007177773863077,381.1984252929688
H001,Haze,AFLB1,0.0007005446241237223,0.003662917762994766,0.08066614717245102,0.2717324793338776,80272.7734375,1530.78466796875,0.0002823534596245736,0.03613444417715073,1704.823486328125
H001,Haze,AFLB2,0.07242976129055023,0.05727573111653328,0.01960508711636066,0.1278244405984879,32414.720703125,2480.952880859375,-0.0004814625717699528,0.03071882389485836,2464.654052734375
H001,Haze,AFLB3,0.4999462962150574,2.975687129946891e-05,0.4999936521053314,4.918483682558872e-05,55.69761657714844,3.304240010493231e-07,0.0006134987343102694,0.009539772756397724,477.2419738769531
H002,Haze,AFLB1,0.0008649749797768891,0.005517895333468914,0.08069398999214172,0.2722399830818176,101019.21875,1402.567016601562,-0.0002378364006290212,0.0381447896361351,1899.754638671875
H002,Haze,AFLB2,0.1055008172988892,0.05491797253489494,0.02001436427235603,0.1276979297399521,37107.82421875,3598.091064453125,-1.143924146163044e-05,0.03181499242782593,2643.040771484375
H002,Haze,AFLB3,0.4999348223209381,2.922765634139068e-05,0.4999932944774628,5.189871080801822e-05,55.49570465087891,3.641882244664885e-07,0.0005265434156171978,0.01076804287731647,606.989013671875
H003,Haze,AFLB1,6.729593587806448e-05,0.0005036747897975147,0.08070723712444305,0.2722875475883484,62505.55859375,647.1535034179688,0.000863036373630166,0.03397152945399284,1145.86669921875
H003,Haze,AFLB2,0.06848958879709244,0.05691291764378548,0.02136102132499218,0.1261433660984039,21260.771484375,1027.915283203125,-8.26856012281496e-06,0.02617874555289745,1360.039184570312
H003,Haze,AFLB3,0.4999476671218872,2.542677611927502e-05,0.4999942779541016,5.14229541295208e-05,42.24044799804688,3.109827844127722e-07,0.0007478786865249276,0.008714163675904274,303.6143493652344
H004,Haze,AFLB1,0.001406549476087093,0.005263533443212509,0.08070578426122665,0.2723142206668854,93836.4453125,459.5704345703125,0.000991519307717681,0.0345759242773056,1562.121215820312
H004,Haze,AFLB2,0.05215445533394814,0.04245342314243317,0.02043560706079006,0.1270777732133865,26101.609375,2309.7734375,-0.0008798606577329338,0.02895827777683735,2191.726318359375
H004,Haze,AFLB3,0.499948650598526,2.732696520979516e-05,0.4999946653842926,5.00203350384254e-05,55.67265701293945,4.646844047329068e-07,0.001101225730963051,0.009254606440663338,453.619873046875
H005,Haze,AFLB1,0.001659870380535722,0.007777619175612926,0.08069730550050735,0.2722535729408264,95200.7578125,1164.957153320312,-4.786661884281784e-05,0.03631753101944923,1722.041259765625
H005,Haze,AFLB2,0.0787205770611763,0.05567058920860291,0.01996632851660252,0.1278180927038193,30060.14453125,2321.93359375,0.0008150724461302161,0.03307744115591049,2858.693359375
H005,Haze,AFLB3,0.4999354481697083,3.035210829693824e-05,0.4999939501285553,4.775923298439011e-05,55.55868530273438,3.372961145942099e-07,0.0005301464116200805,0.009846988134086132,507.8483276367188
H006,Haze,AFLB1,0.0004320614971220493,0.002548759803175926,0.0806947574019432,0.2722558379173279,96349.6640625,329.0104370117188,-0.0002706633240450174,0.03988199681043625,2223.3427734375
H006,Haze,AFLB2,0.09510036557912827,0.05062093213200569,0.02150379680097103,0.1264234036207199,31247.158203125,2110.6748046875,0.00169047003146261,0.04364572837948799,5333.31201171875
H006,Haze,AFLB3,0.4999238848686218,3.157251558150165e-05,0.4999941289424896,5.583429083344527e-05,59.40193557739258,5.398086386776413e-07,-0.0003564450889825821,0.01649834029376507,1522.564819335938
H007,Haze,AFLB1,0.0002233402483398095,0.002563704969361424,0.08070250600576401,0.2722955048084259,122837.9921875,545.7255249023438,1.472328222007491e-05,0.04668818041682243,2845.929443359375
H007,Haze,AFLB2,0.05341412127017975,0.04383468627929688,0.01966014318168163,0.1280419230461121,37769.33984375,2286.52197265625,0.001590229687280953,0.05225388333201408,7136.40283203125
H007,Haze,AFLB3,0.4999375939369202,3.468174691079184e-05,0.4999933540821075,5.763151057180949e-05,55.68387985229492,3.071378671393177e-07,-0.0001153757548308931,0.01551019586622715,1256.40234375
H008,Haze,AFLB1,0.0001792667171685025,0.001236820360645652,0.08070507645606995,0.2723197340965271,110713.1875,293.9922485351562,-3.097169610555284e-05,0.04915633797645569,3154.7822265625
H008,Haze,AFLB2,0.06587272882461548,0.04555707424879074,0.02005010657012463,0.1277021318674088,37117.6484375,3216.202392578125,0.002777043264359236,0.06112327799201012,9775.7236328125
H008,Haze,AFLB3,0.4999242722988129,3.687662683660164e-05,0.4999934136867523,6.559329631272703e-05,55.57020568847656,4.857600401919626e-07,-0.0006932654068805277,0.01989732682704926,2070.076904296875
H009,Haze,AFLB1,0.002107129897922277,0.0090007483959198,0.08071860671043396,0.2723782360553741,78202.6953125,240.6211853027344,-2.405227314739022e-05,0.0389692448079586,1982.6875
H009,Haze,AFLB2,0.09728491306304932,0.05934732407331467,0.02216807939112186,0.1259336471557617,29527.791015625,2353.3388671875,0.001875968649983406,0.04717631638050079,5820.6884765625
H009,Haze,AFLB3,0.4999216496944427,3.281776298535988e-05,0.4999936521053314,5.77776700083632e-05,55.48696899414062,5.100311568639881e-07,-0.0003154331934638321,0.01634848862886429,1396.32666015625
H010,Haze,AFLB1,0.0001963796385098249,0.002179511822760105,0.08071929216384888,0.2723805010318756,108009.6015625,779.3831787109375,-0.0009000924765132368,0.04159607365727425,2260.050048828125
H010,Haze,AFLB2,0.08663282543420792,0.05854162573814392,0.02050750888884068,0.127157524228096,34633.31640625,1611.64990234375,0.0009260999504476786,0.03933311998844147,4042.011962890625
H010,Haze,AFLB3,0.4999310076236725,3.099687819485553e-05,0.4999941289424896,4.991862442693673e-05,55.55364227294922,3.912547299478319e-07,0.0002426444552838802,0.01236333791166544,798.5624389648438
H011,Haze,AFLB1,0.002340574050322175,0.01259686984121799,0.08070193231105804,0.2722985446453094,113821.6484375,596.2095336914062,-0.0001858855248428881,0.03891374543309212,1977.088623046875
H011,Haze,AFLB2,0.08979221433401108,0.05783475935459137,0.01999610662460327,0.1276271194219589,33447.35546875,3056.510498046875,0.0004368734371382743,0.03633270412683487,3447.453369140625
H011,Haze,AFLB3,0.4999352395534515,3.168225885019638e-05,0.4999929964542389,5.76995917072054e-05,55.56137847900391,3.512863600008131e-07,0.0006414757226593792,0.01092585828155279,625.5696411132812
H012,Haze,AFLB1,0.0002151473890990019,0.001561785582453012,0.08068971335887909,0.2722150981426239,131569.15625,2337.840576171875,0.0001439683983335271,0.03490611538290977,1908.98193359375
H012,Haze,AFLB2,0.07538867741823196,0.05513811483979225,0.01969711855053902,0.127833753824234,36692.12890625,2272.6328125,0.0005235748249106109,0.02986312098801136,2795.27978515625
H012,Haze,AFLB3,0.499931126832962,3.039670809812378e-05,0.4999954402446747,4.131024616071954e-05,66.72042083740234,4.92514118377585e-07,0.000558885803911835,0.01088203862309456,744.07373046875
H013,Haze,AFLB1,0.0005203347536735237,0.002606739057227969,0.08066778630018234,0.2720918953418732,150794.609375,2448.431884765625,-0.0001741220912663266,0.03557783737778664,2445.914794921875
H013,Haze,AFLB2,0.07880811393260956,0.05037965252995491,0.02055657655000687,0.127040222287178,40155.48828125,1423.491943359375,0.0008710810216143727,0.03325590491294861,4276.98046875
H013,Haze,AFLB3,0.4999383687973022,2.832887730619404e-05,0.499995619058609,5.201712701818906e-05,82.26864624023438,4.79673758491117e-07,0.0004891222342848778,0.01065749768167734,879.7435913085938
H014,Haze,AFLB1,0.0002186776255257428,0.001262914040125906,0.0806884840130806,0.2721982598304749,115040.75,685.9134521484375,-0.0004654404183384031,0.04107017815113068,2202.516357421875
H014,Haze,AFLB2,0.1024490520358086,0.05373578891158104,0.02101657353341579,0.1267255693674088,35314.15234375,2327.57080078125,5.054885332356207e-05,0.03832682594656944,3835.717041015625
H014,Haze,AFLB3,0.4999368190765381,3.05484099953901e-05,0.4999938905239105,5.218068690737709e-05,55.61767196655273,3.642838350970123e-07,0.0003424044989515096,0.01258749607950449,828.0758056640625
H015,Haze,AFLB1,0.0009344544378109276,0.004687109962105751,0.08069432526826859,0.2722489535808563,100984.4921875,1199.214233398438,-0.0005114258965477347,0.03405166789889336,1514.205810546875
H015,Haze,AFLB2,0.08095923066139221,0.05158869922161102,0.02208662778139114,0.1257840543985367,30901.7265625,2355.8349609375,0.0003532643313519657,0.02997793070971966,2346.949462890625
H015,Haze,AFLB3,0.499935507774353,3.040709270862862e-05,0.4999939203262329,4.931407602271065e-05,55.64413452148438,3.478567407455557e-07,0.000569661264307797,0.009485757909715176,471.6041564941406
H016,Haze,AFLB1,0.0005413889302872121,0.003286862280219793,0.0806688740849495,0.2720792293548584,91428.3125,862.2510986328125,-0.000540736538823694,0.03540223091840744,1636.713745117188
H016,Haze,AFLB2,0.0907544270157814,0.05618086829781532,0.02110720425844193,0.1268105804920197,31911.72265625,3736.003662109375,0.0009679385693743825,0.0362682081758976,3437.174072265625
H016,Haze,AFLB3,0.4999277293682098,3.189508788636886e-05,0.4999932050704956,4.9663500249153e-05,55.5510139465332,3.89988315419032e-07,0.0003592684515751898,0.01162407919764519,706.3206176757812
H017,Haze,AFLB1,0.0001095548432203941,0.0007333805551752448,0.08067844808101654,0.2720802426338196,76850.4140625,1799.98779296875,-0.0001822703779907897,0.03744665905833244,1830.823974609375
H017,Haze,AFLB2,0.07638315856456757,0.04963920637965202,0.02298346720635891,0.1254961341619492,18241.25,2697.184326171875,0.002591623459011316,0.04446524381637573,5180.29296875
H017,Haze,AFLB3,0.4999177753925323,3.035028021258768e-05,0.4999967515468597,4.157311923336238e-05,55.42099761962891,5.934139721830434e-07,-0.0001734356483211741,0.01364455185830593,972.4310913085938
H018,Haze,AFLB1,0.0001563519763294607,0.001823392114602029,0.0806506872177124,0.2718355655670166,116197.2890625,3730.207275390625,-0.0005073351203463972,0.03743657469749451,1830.130615234375
H018,Haze,AFLB2,0.0748036801815033,0.04941682517528534,0.02127049118280411,0.1263309717178345,23708.45703125,2616.87109375,0.001034805434755981,0.03533245995640755,3262.572509765625
H018,Haze,AFLB3,0.4999253153800964,2.952949034806807e-05,0.4999947547912598,4.984281986253336e-05,55.53152465820312,4.95625158691837e-07,0.0003633346350397915,0.01203740108758211,757.4100341796875
H019,Haze,AFLB1,0.0004619875398930162,0.004525486845523119,0.08070934563875198,0.2723280191421509,111874.3046875,1757.336669921875,-0.0002514480729587376,0.04217555746436119,2322.454833984375
H019,Haze,AFLB2,0.07413012534379959,0.04834175482392311,0.02113163471221924,0.1263081580400467,32560.203125,1188.81689453125,-7.208767783595249e-05,0.04028173163533211,4236.99365234375
H019,Haze,AFLB3,0.4999376833438873,2.903642780438531e-05,0.4999935626983643,5.581320510827936e-05,55.66130065917969,3.487978688099247e-07,0.0002892719930969179,0.01222940068691969,781.4898681640625
H020,Haze,AFLB1,0.0003054040425922722,0.001694242237135768,0.08070317655801773,0.2723070681095123,101217.1953125,3597.353271484375,-0.0009320905082859099,0.03867401927709579,1953.893920898438
H020,Haze,AFLB2,0.06775874644517899,0.04894806444644928,0.02182214707136154,0.1258144229650497,24653.146484375,1082.818969726562,0.0004034544981550425,0.0318329893052578,2646.456298828125
H020,Haze,AFLB3,0.4999351501464844,2.985865467053372e-05,0.4999936819076538,5.40836772415787e-05,55.62453460693359,3.177412111199374e-07,0.0005043824203312397,0.01065853890031576,594.6165161132812
H021,Haze,AFLB1,0.0013372563989833,0.00680416077375412,0.0807165578007698,0.2723690867424011,98801.6875,1892.72802734375,-0.0005084872827865183,0.0389944463968277,1985.589477539062
H021,Haze,AFLB2,0.0849248394370079,0.05158771201968193,0.0209724698215723,0.1264165937900543,28329.833984375,1065.576293945312,0.0001633757055969909,0.03249360248446465,2757.064208984375
H021,Haze,AFLB3,0.4999382495880127,3.15041070280131e-05,0.4999937117099762,5.2859220886603e-05,55.70287704467773,3.310834131298179e-07,0.0005594982067123055,0.01060997974127531,589.5291137695312
H022,Haze,AFLB1,0.0001746850175550207,0.001369395293295383,0.08068505674600601,0.2722063362598419,136618.4375,964.2665405273438,0.0003044762706849724,0.04218679666519165,2323.73095703125
H022,Haze,AFLB2,0.05152812600135803,0.03676515817642212,0.0218741949647665,0.1260327845811844,28447.98828125,1512.725830078125,0.001423834357410669,0.04386624321341515,5029.8876953125
H022,Haze,AFLB3,0.4999406039714813,2.983953527291305e-05,0.499992161989212,6.349790783133358e-05,55.66429138183594,3.117970095445344e-07,0.0001591808249941096,0.01309427991509438,895.5658569335938
H023,Haze,AFLB1,0.0002998542040586472,0.002641897881403565,0.08070007711648941,0.2722785174846649,130682.0859375,739.8795776367188,0.0002636473218444735,0.03951680287718773,2038.88671875
H023,Haze,AFLB2,0.07168255746364594,0.04936861246824265,0.01928497292101383,0.1283382922410965,37449.92578125,2038.452392578125,-0.0007072871085256338,0.03727421909570694,3629.22265625
H023,Haze,AFLB3,0.4999413788318634,3.007242230523843e-05,0.4999927580356598,6.183992081787437e-05,55.6993408203125,2.85054085225056e-07,0.0008640877204015851,0.01018293388187885,545.4212646484375
H024,Haze,AFLB1,0.0002227998629678041,0.001528166118077934,0.0806981697678566,0.2722813487052917,90409.515625,872.7603759765625,-0.0005030332831665874,0.03964878991246223,2052.7685546875
H024,Haze,AFLB2,0.0976104661822319,0.06665840744972229,0.02010233141481876,0.1275893300771713,35558.6796875,2461.250732421875,0.000164156561368145,0.04032894596457481,4246.98828125
H024,Haze,AFLB3,0.499933660030365,3.148226824123412e-05,0.4999927580356598,5.83573964831885e-05,55.51434326171875,3.650465316695772e-07,0.0002112765650963411,0.01230361498892307,790.7944946289062
H025,Haze,AFLB1,0.0002259808388771489,0.001501808641478419,0.08068253844976425,0.2721864879131317,77687.984375,901.546142578125,-0.0008231184328906238,0.03570792451500893,1665.597534179688
H025,Haze,AFLB2,0.07723928987979889,0.04846929013729095,0.02052365057170391,0.1270906329154968,27054.421875,2703.501953125,0.0005357275949791074,0.03215082362294197,2699.8828125
H025,Haze,AFLB3,0.499929279088974,2.948962173832115e-05,0.4999935925006866,4.703645026893355e-05,55.55841445922852,4.577496497404354e-07,0.0006434123497456312,0.01093618292361498,626.761474609375
H026,Haze,AFLB1,0.00013221766857896,0.0008383796084672213,0.08070453256368637,0.2722958624362946,97560.3359375,327.0083618164062,0.0002440018288325518,0.03796380758285522,1881.774536132812
H026,Haze,AFLB2,0.0671088919043541,0.04105505347251892,0.0215784814208746,0.1262556612491608,27933.1484375,3737.496826171875,0.0001044989330694079,0.03245671465992928,2750.766845703125
H026,Haze,AFLB3,0.4999351501464844,3.057242429349571e-05,0.4999933242797852,5.811440496472642e-05,55.5801887512207,3.785473268180795e-07,0.0001820723409764469,0.01270689442753792,843.4087524414062
H027,Haze,AFLB1,0.0004731048829853535,0.00336403981782496,0.08071458339691162,0.2723604738712311,140648.4375,1072.240844726562,0.000451565399998799,0.03947800397872925,2035.060546875
H027,Haze,AFLB2,0.06689054518938065,0.04661498963832855,0.02093655057251453,0.1266537010669708,28271.12890625,1358.9072265625,0.001129497075453401,0.03937974572181702,4052.6875
H027,Haze,AFLB3,0.4999373257160187,3.052457395824604e-05,0.4999924600124359,5.989943383610807e-05,55.65153884887695,3.173840923409443e-07,0.0004122900136280805,0.01161615457385778,705.5725708007812
H028,Haze,AFLB1,0.0006117114098742604,0.003314918605610728,0.08071384578943253,0.2723514139652252,129467.7734375,909.031005859375,0.0004598300147335976,0.03846655040979385,3477.852783203125
H028,Haze,AFLB2,0.07399660348892212,0.0480150394141674,0.02023299224674702,0.1273935735225677,52351.8359375,2911.4033203125,0.001468194648623466,0.0366569496691227,6325.8876953125
H028,Haze,AFLB3,0.499930202960968,3.156874299747869e-05,0.4999953806400299,5.776938633061945e-05,100.0050964355469,6.707469992761617e-07,0.0001245924067916349,0.0134345730766654,1696.788696289062
H029,Haze,AFLB1,0.000215555090107955,0.002105391351506114,0.08068721741437912,0.2721832394599915,125103.75,762.5528564453125,-0.0002386087435297668,0.03505641594529152,2888.27001953125
H029,Haze,AFLB2,0.0833851769566536,0.05521003529429436,0.01885798387229443,0.1288484930992126,44334.140625,1519.626342773438,0.0004453452420420945,0.04013706371188164,7572.814453125
H029,Haze,AFLB3,0.4999335408210754,2.796947774186265e-05,0.4999932050704956,5.664188574883156e-05,100.2027206420898,6.506762133540178e-07,0.0005838071228936315,0.01206116657704115,1370.684814453125
H030,Haze,AFLB1,0.0003453829267527908,0.003144077258184552,0.08070739358663559,0.2723301649093628,67116.265625,1210.629028320312,-0.0004597926745191216,0.03830571845173836,1916.019775390625
H030,Haze,AFLB2,0.07779482007026672,0.06249001622200012,0.01940208859741688,0.1282716989517212,27729.02734375,1193.420043945312,0.001909091253764927,0.04151542484760284,4509.9990234375
H030,Haze,AFLB3,0.4999237656593323,3.176855170750059e-05,0.4999934434890747,4.954221731168218e-05,55.50382995605469,4.75428635127173e-07,-8.228595106629655e-05,0.01465875376015902,1122.219848632812
H031,Haze,AFLB1,0.00393681600689888,0.009683264419436455,0.08071205765008926,0.2723491489887238,85272.0,762.5152587890625,0.0001701660949038342,0.03437522426247597,1172.5341796875
H031,Haze,AFLB2,0.1357862055301666,0.05286800488829613,0.02418250776827335,0.1243535727262497,29461.1875,6531.03125,-0.001280661439523101,0.02581696957349777,1325.963623046875
H031,Haze,AFLB3,0.4999402761459351,2.896680416597519e-05,0.4999945461750031,4.363158222986385e-05,42.31925201416016,3.925305804841628e-07,0.001186623703688383,0.009601028636097908,371.4523315429688
H032,Haze,AFLB1,0.0001140239110100083,0.0008721416816115379,0.080716073513031,0.2723512053489685,105748.515625,1071.296997070312,0.0004954912001267076,0.03816896677017212,1902.41015625
H032,Haze,AFLB2,0.04454565793275833,0.04951110109686852,0.0196456890553236,0.1278174221515656,30153.921875,1605.43896484375,0.0009560314938426018,0.03804897516965866,3782.6845703125
H032,Haze,AFLB3,0.4999358654022217,3.118023596471176e-05,0.4999934434890747,5.531498754862696e-05,55.60541152954102,4.070107024745084e-07,0.0001667275791987777,0.0126893213018775,841.0501098632812
H033,Haze,AFLB1,0.0004807264485862106,0.002635773736983538,0.08071399480104446,0.2723393738269806,147053.96875,698.1859130859375,0.0001666631433181465,0.03591619431972504,2694.760498046875
H033,Haze,AFLB2,0.09394507855176926,0.04814004525542259,0.01984317041933537,0.1279764473438263,52692.1875,6580.1630859375,-9.359591786051169e-05,0.02845768444240093,3383.482421875
H033,Haze,AFLB3,0.4999293982982635,3.196597026544623e-05,0.499994307756424,4.764973709825426e-05,89.00633239746094,5.575495265475183e-07,0.0007767720962874591,0.009657680056989193,784.3974609375
H034,Haze,AFLB1,0.0001069342033588327,0.0007477773469872773,0.08069107681512833,0.2720883786678314,112494.3203125,3665.1494140625,0.0003032656677532941,0.03571123257279396,1665.141723632812
H034,Haze,AFLB2,0.1120910122990608,0.04848302900791168,0.0215765219181776,0.126121774315834,32593.294921875,4337.8779296875,3.223494059056975e-05,0.03019761107861996,2381.144775390625
H034,Haze,AFLB3,0.4999394416809082,2.776260589598678e-05,0.4999953508377075,4.225795055390336e-05,55.57064056396484,4.177382777470484e-07,0.000698110437951982,0.01102882251143456,637.7713623046875
H035,Haze,AFLB1,0.0006123002385720611,0.004982378333806992,0.08072373270988464,0.2723978757858276,123151.125,639.9119262695312,-0.0005034255445934832,0.03869886696338654,2659.616455078125
H035,Haze,AFLB2,0.1185887902975082,0.05816004052758217,0.0198757741600275,0.1277410387992859,45936.5,4413.29052734375,0.0004619036917574704,0.03506869450211525,4368.10986328125
H035,Haze,AFLB3,0.4999311566352844,3.107338852714747e-05,0.4999933242797852,5.649539161822759e-05,75.54867553710938,5.739599373555393e-07,0.0001079791254596785,0.01318134274333715,1234.120361328125
H036,Haze,AFLB1,0.000307844573399052,0.001423900364898145,0.08067864179611206,0.272130936384201,85355.515625,381.513427734375,-0.0002945671731140465,0.03715680167078972,1802.661010742188
H036,Haze,AFLB2,0.07250529527664185,0.04502572864294052,0.02366111427545547,0.1248932033777237,25496.09375,1324.742797851562,0.0007138018263503909,0.03277138993144035,2805.664794921875
H036,Haze,AFLB3,0.4999355971813202,2.796435546770226e-05,0.4999935626983643,5.115297972224653e-05,55.51545715332031,4.500249701777648e-07,0.0002895879151765257,0.01223663613200188,782.4154052734375
H037,Haze,AFLB1,0.0001062969458871521,0.0007061350625008345,0.08068906515836716,0.2720456421375275,127261.03125,1327.208129882812,0.0003663440293166786,0.03859169036149979,1944.629516601562
H037,Haze,AFLB2,0.08143835514783859,0.05077586323022842,0.02141848765313625,0.1264086216688156,27230.791015625,3057.56591796875,0.001076201209798455,0.03816233575344086,3805.881591796875
H037,Haze,AFLB3,0.4999321401119232,3.160737833241001e-05,0.4999942779541016,5.179968138691038e-05,55.59472274780273,3.661317578007584e-07,0.0001861687924247235,0.01257535349577665,826.0487670898438
H038,Haze,AFLB1,0.000280526583082974,0.001464875764213502,0.08067914843559265,0.2720136940479279,92303.1796875,882.2704467773438,-3.469974399195053e-05,0.03637652099132538,1727.638427734375
H038,Haze,AFLB2,0.07426100224256516,0.05021924525499344,0.02119182050228119,0.1264113038778305,28598.90234375,2270.12646484375,0.0003320572141092271,0.03534108772873878,3261.657470703125
H038,Haze,AFLB3,0.4999265372753143,3.133238351438195e-05,0.4999948740005493,4.952527524437755e-05,55.60466003417969,5.240260634309379e-07,0.0003655990003608167,0.01211383659392595,767.0592651367188
H039,Haze,AFLB1,0.0002420452219666913,0.001074498053640127,0.08070408552885056,0.272288590669632,134972.03125,1487.71630859375,-0.0003509658272378147,0.0367228090763092,2746.9208984375
H039,Haze,AFLB2,0.09040986746549606,0.04264082759618759,0.02150263823568821,0.1261485517024994,33207.3671875,3407.822998046875,0.000494818261358887,0.03566747903823853,5183.14208984375
H039,Haze,AFLB3,0.4999314248561859,2.795891668938566e-05,0.4999940395355225,4.980020457878709e-05,86.78711700439453,6.410777473320195e-07,0.0005439866799861193,0.01226223353296518,1227.404663085938
H040,Haze,AFLB1,0.001111768535338342,0.005546052474528551,0.08067619055509567,0.272052675485611,76147.125,656.9130249023438,-8.956871897680685e-05,0.03635535389184952,1725.63720703125
H040,Haze,AFLB2,0.06983233988285065,0.05391720682382584,0.01962546445429325,0.1281709671020508,49066.6953125,3384.23095703125,0.0007377269212156534,0.02858936972916126,2135.69091796875
H040,Haze,AFLB3,0.4999410510063171,2.963428960356396e-05,0.499995619058609,4.581397661240771e-05,55.63888931274414,3.982731868745759e-07,0.0008622021996416152,0.009292072616517544,454.7980346679688
H041,Haze,AFLB1,0.0003002250159624964,0.001939860987477005,0.08071714639663696,0.2723715305328369,160009.625,846.2731323242188,0.0001167896189144813,0.04110710322856903,3265.1953125
H041,Haze,AFLB2,0.06657043099403381,0.05583659559488297,0.02124056965112686,0.1265546083450317,45270.234375,5002.4580078125,0.0004703991580754519,0.04014822095632553,6230.0859375
H041,Haze,AFLB3,0.499936044216156,3.227132765459828e-05,0.4999940097332001,5.961157512501813e-05,82.28044128417969,5.922312311668065e-07,0.0001222908031195402,0.01439669821411371,1602.097778320312
H042,Haze,AFLB1,0.0005161277949810028,0.003521989798173308,0.08071503788232803,0.2723617255687714,94976.296875,423.4715881347656,-0.0007059992058202624,0.03946841880679131,2034.457397460938
H042,Haze,AFLB2,0.1123186573386192,0.05809938162565231,0.02038774639368057,0.1271762698888779,37699.77734375,2111.566650390625,-0.000763058545999229,0.03633316233754158,3448.5625
H042,Haze,AFLB3,0.4999426901340485,3.065210694330744e-05,0.4999935925006866,5.185879854252562e-05,55.68232727050781,2.944902917079162e-07,0.0005283303908072412,0.01054810639470816,582.5152587890625
H043,Haze,AFLB1,0.002849729033187032,0.01126947626471519,0.08068541437387466,0.27220818400383,245267.71875,2042.771728515625,-0.0001337136200163513,0.03467750921845436,3265.695556640625
H043,Haze,AFLB2,0.09809406101703644,0.06357511132955551,0.0203710775822401,0.1273638755083084,59170.77734375,8018.703125,-0.0003499258600641042,0.03110208921134472,5254.57568359375
H043,Haze,AFLB3,0.4999391138553619,3.005349935847335e-05,0.4999943971633911,4.919206548947841e-05,115.6677474975586,8.224403131862346e-07,0.0003927562793251127,0.01163728907704353,1472.758544921875
H044,Haze,AFLB1,0.0006328417803160846,0.003942833282053471,0.08064069598913193,0.2717710137367249,47584.9609375,273.9154663085938,-0.0002077645331155509,0.0360940583050251,1292.734985351562
H044,Haze,AFLB2,0.06890830397605896,0.05286154523491859,0.0220200102776289,0.126032292842865,17136.17578125,1327.639038085938,0.001596899703145027,0.03870999440550804,2978.77978515625
H044,Haze,AFLB3,0.4999247789382935,3.07768423226662e-05,0.4999944269657135,4.651293784263544e-05,42.16838073730469,3.539266799634788e-07,8.067599992500618e-05,0.01314640138298273,685.9837646484375
H045,Haze,AFLB1,5.99328413954936e-05,0.0006072826799936593,0.080682173371315,0.2721857726573944,93307.21875,843.478759765625,0.0002417043870082125,0.04133898392319679,2231.2314453125
H045,Haze,AFLB2,0.04702877253293991,0.05135413631796837,0.02045235596597195,0.1272293329238892,33427.61328125,2008.680053710938,0.00181963830254972,0.04900610074400902,6279.6982421875
H045,Haze,AFLB3,0.499935656785965,3.42692801496014e-05,0.4999942481517792,5.750171476393007e-05,55.60202026367188,4.544253329186176e-07,-0.0004430424596648663,0.01647182740271091,1417.972290039062
H046,Haze,AFLB1,0.0002245430805487558,0.002236886648461223,0.08070961385965347,0.2723375856876373,121184.90625,2206.828125,0.0002110893838107586,0.04302337393164635,2416.73779296875
H046,Haze,AFLB2,0.07827087491750717,0.05582010746002197,0.0214383527636528,0.1262114346027374,33300.7109375,2867.50439453125,-0.0003941742470487952,0.03988982364535332,4155.341796875
H046,Haze,AFLB3,0.4999401569366455,3.247342465328984e-05,0.499994307756424,5.02604671055451e-05,55.61713790893555,2.998564241352142e-07,0.0002612233511172235,0.01303624454885721,887.8702392578125
H047,Haze,AFLB1,0.0001512104790890589,0.001233570394106209,0.0806853175163269,0.2722018361091614,92341.2734375,1102.845703125,-0.0001554131740704179,0.03850626572966576,1935.886840820312
H047,Haze,AFLB2,0.07411462068557739,0.04800279811024666,0.02100783586502075,0.1266406923532486,24313.365234375,1774.540771484375,0.0007006007363088429,0.0353432260453701,3263.0458984375
H047,Haze,AFLB3,0.4999351501464844,3.025576552317943e-05,0.4999930560588837,5.75830417801626e-05,55.68295669555664,4.397194572902663e-07,4.773108230438083e-05,0.01351619325578213,954.0789184570312
H048,Haze,AFLB1,0.0003408071352168918,0.002137139206752181,0.08071154356002808,0.2723456025123596,101286.5,761.7433471679688,0.0002760083589237183,0.04327176511287689,2444.7646484375
H048,Haze,AFLB2,0.04646380245685577,0.03768739476799965,0.02196663059294224,0.1259255111217499,27013.1171875,2497.670654296875,0.0005962972645647824,0.04060544073581696,4306.2802734375
H048,Haze,AFLB3,0.4999317824840546,3.06588553939946e-05,0.4999936521053314,5.712237179977819e-05,55.54408645629883,3.692142627187422e-07,0.00033096584957093,0.01300470437854528,883.7965087890625
H049,Haze,AFLB1,0.001008015940897167,0.005521576385945082,0.08065925538539886,0.2717716693878174,77172.359375,701.7139282226562,0.000596099067479372,0.02950588427484035,1137.11572265625
H049,Haze,AFLB2,0.1431897580623627,0.081136055290699,0.02356519736349583,0.124353252351284,24473.75390625,2121.925048828125,-0.0008327797404490411,0.02731756120920181,1950.416870117188
H049,Haze,AFLB3,0.4999384582042694,2.389550900261384e-05,0.4999951124191284,4.126871863263659e-05,55.70454788208008,5.254842676549742e-07,0.001049087266437709,0.008858717978000641,415.5853271484375
H050,Haze,AFLB1,0.0001691863290034235,0.00118129258044064,0.08068747073411942,0.272199273109436,152626.265625,660.0971069335938,0.0002943908039014786,0.04021532833576202,3885.38818359375
H050,Haze,AFLB2,0.05248446017503738,0.04209332168102264,0.0195721834897995,0.1280063390731812,37160.9375,2614.454345703125,0.001553701935335994,0.04093099012970924,8060.97900390625
H050,Haze,AFLB3,0.4999298453330994,3.177124017383903e-05,0.4999938011169434,6.207421392900869e-05,102.2405395507812,7.54915504330711e-07,-0.0002600546577014029,0.01511606015264988,2196.309814453125
H051,Haze,AFLB1,0.0004215456428937614,0.003421344328671694,0.08071578294038773,0.2723639309406281,65408.32421875,591.1387329101562,-0.0006360729457810521,0.04284288734197617,1821.7001953125
H051,Haze,AFLB2,0.07825230807065964,0.0433850884437561,0.02018851228058338,0.127366304397583,26490.49609375,1596.845581054688,0.001091299462132156,0.04194317385554314,3493.575439453125
H051,Haze,AFLB3,0.4999349117279053,3.362610368640162e-05,0.4999943673610687,5.308081017574295e-05,42.25611114501953,2.659836013663153e-07,8.548991900170222e-05,0.01336002536118031,708.4612426757812
H052,Haze,AFLB1,0.0005669704405590892,0.002635536249727011,0.08068232983350754,0.2721399068832397,116532.1640625,508.7659301757812,3.699748776853085e-05,0.03687572479248047,2485.534423828125
H052,Haze,AFLB2,0.04562481492757797,0.04354145377874374,0.01953927241265774,0.1280307322740555,44631.28125,1293.954345703125,0.0003717287618201226,0.03578770905733109,4682.55419921875
H052,Haze,AFLB3,0.4999369084835052,3.001743243657984e-05,0.4999937117099762,5.52233395865187e-05,77.7146224975586,4.437094389686536e-07,0.0006537010776810348,0.01118779089301825,918.262939453125
H053,Haze,AFLB1,0.0006394183146767318,0.003339992603287101,0.08067875355482101,0.2720409333705902,88364.453125,547.3026123046875,-0.0003754654026124626,0.04082972183823586,2176.70556640625
H053,Haze,AFLB2,0.08381926268339157,0.05422744899988174,0.01950372196733952,0.1281585544347763,34387.8359375,1189.691528320312,0.001196472090668976,0.04292928799986839,4815.98095703125
H053,Haze,AFLB3,0.4999391138553619,3.052413376281038e-05,0.4999939501285553,5.540152778849006e-05,55.66624450683594,3.315699359518476e-07,1.800777499738615e-05,0.01284617744386196,861.8244018554688
H054,Haze,AFLB1,0.001130148186348379,0.004223113879561424,0.08071966469287872,0.2713838219642639,52545.23828125,889.73095703125,0.0001018703187583014,0.03260226920247078,1054.68701171875
H054,Haze,AFLB2,0.1205460131168365,0.07845285534858704,0.02274055778980255,0.1253707706928253,15003.197265625,917.8895874023438,0.001728708040900528,0.03547194972634315,2502.961181640625
H054,Haze,AFLB3,0.4999394416809082,2.664345629455056e-05,0.4999967813491821,4.010291013401002e-05,42.29335403442383,4.422855397478997e-07,-0.0003899446746800095,0.01485420670360327,876.3585815429688
H055,Haze,AFLB1,0.001001075026579201,0.004507468547672033,0.080703504383564,0.2723041772842407,81427.015625,961.592529296875,-9.405005403095856e-05,0.03555579856038094,1650.570556640625
H055,Haze,AFLB2,0.02750386111438274,0.02794006280601025,0.02141896635293961,0.1262980550527573,24415.03515625,1760.45361328125,0.001855968963354826,0.03753331303596497,3687.522216796875
H055,Haze,AFLB3,0.4999269843101501,3.161896529491059e-05,0.4999954700469971,4.968736539012752e-05,55.53861236572266,5.108097980155435e-07,-0.0005036935908719897,0.01592343300580978,1325.494384765625
H056,Haze,AFLB1,0.0002663250779733062,0.001779258833266795,0.08071751147508621,0.2723692953586578,154932.46875,1136.9228515625,1.6830897948239e-05,0.04109065607190132,3967.974853515625
H056,Haze,AFLB2,0.04827693477272987,0.04422749578952789,0.02087502367794514,0.1266879588365555,42857.62890625,1647.4951171875,0.001278676325455308,0.04238732904195786,8452.396484375
H056,Haze,AFLB3,0.4999344944953918,3.168561306665652e-05,0.4999938905239105,5.537692049983889e-05,99.96705627441406,6.988191785239906e-07,-0.0003465504851192236,0.0162248108536005,2475.711669921875
H057,Haze,AFLB1,0.0005349384737201035,0.003814548719674349,0.08072080463171005,0.2723850607872009,180958.640625,1037.127319335938,-0.0004681627615354955,0.04150347784161568,4048.61865234375
H057,Haze,AFLB2,0.07790153473615646,0.05119665339589119,0.01970799267292023,0.128018394112587,66004.65625,2314.27001953125,0.0008152929367497563,0.03723230585455894,6518.69580078125
H057,Haze,AFLB3,0.4999375641345978,3.292012115707621e-05,0.499993771314621,6.068433867767453e-05,100.1791839599609,5.77903392695589e-07,0.000178618764039129,0.0130342086777091,1597.325805664062
H058,Haze,AFLB1,0.0004106301639694721,0.002073987852782011,0.08065914362668991,0.2718821465969086,74915.328125,167.7130737304688,1.595184949110262e-05,0.04143091663718224,1882.515380859375
H058,Haze,AFLB2,0.07483389228582382,0.04784560948610306,0.0214280728250742,0.1261837780475616,27360.4453125,2244.437744140625,0.001115301274694502,0.0399138331413269,3497.0771484375
H058,Haze,AFLB3,0.4999334216117859,3.031811138498597e-05,0.4999934732913971,5.836480340803973e-05,46.65644073486328,3.580385055101942e-07,-0.0001262897421838716,0.01411424204707146,873.9755859375
H059,Haze,AFLB1,0.0004458132316358387,0.003101958427578211,0.08070788532495499,0.2723230719566345,152013.015625,930.4723510742188,-7.102501695044339e-05,0.04207675158977509,4068.258056640625
H059,Haze,AFLB2,0.05579769983887672,0.05282388627529144,0.0207147803157568,0.1267198175191879,51457.8359375,3400.072021484375,0.0009335933136753738,0.04757068678736687,10403.96484375
H059,Haze,AFLB3,0.4999379813671112,2.795806904032361e-05,0.4999934732913971,6.259759538806975e-05,97.91642761230469,7.062238864818937e-07,-8.073042408796027e-05,0.01519457716494799,2122.13134765625
H060,Haze,AFLB1,0.000245776231167838,0.002215075772255659,0.0807141587138176,0.2723583579063416,147838.046875,6436.82470703125,-0.000334098149323836,0.04399341717362404,2527.031005859375
H060,Haze,AFLB2,0.04928840696811676,0.04570344090461731,0.02039368450641632,0.1271261125802994,28289.59765625,1984.411376953125,0.0004662589926738292,0.04376116767525673,5001.1201171875
H060,Haze,AFLB3,0.4999316334724426,3.097641820204444e-05,0.4999945461750031,5.558163320529275e-05,55.64067840576172,3.856348769204487e-07,0.0001999996893573552,0.01349216140806675,950.8861083984375
H061,Haze,AFLB1,0.001270363107323647,0.004604507703334093,0.08067597448825836,0.272074431180954,117897.765625,504.6163330078125,-0.0001404238137183711,0.03440840542316437,2225.9169921875
H061,Haze,AFLB2,0.07987140864133835,0.0620206706225872,0.02010346204042435,0.1273566335439682,68037.578125,3997.31201171875,0.0004387629742268473,0.02986075542867184,3353.497314453125
H061,Haze,AFLB3,0.4999359846115112,3.057122376048937e-05,0.4999946653842926,4.869219264946878e-05,79.9753189086914,5.654611641148222e-07,0.0007919868221506476,0.009359341114759445,663.4708251953125
H062,Haze,AFLB1,0.0001815536234062165,0.002294543199241161,0.08069074898958206,0.2721708714962006,95519.765625,1537.670654296875,0.000833173340652138,0.03788298368453979,1874.599609375
H062,Haze,AFLB2,0.05481754243373871,0.04670172184705734,0.02022883668541908,0.127400130033493,26334.474609375,1287.750244140625,0.0008291113772429526,0.03539972752332687,3273.99658203125
H062,Haze,AFLB3,0.4999274611473083,3.117561573162675e-05,0.4999934732913971,5.783627784694545e-05,55.53450393676758,4.383005887120817e-07,4.639229882741347e-05,0.01310301572084427,896.6400756835938
H063,Haze,AFLB1,0.0002236888103652745,0.003262905869632959,0.08070451021194458,0.272278755903244,80179.640625,386.3886413574219,0.0003196797624696046,0.03348527476191521,1464.055053710938
H063,Haze,AFLB2,0.06066276133060455,0.05534461885690689,0.02029314823448658,0.1272450387477875,21297.595703125,762.0953369140625,-0.0003812350041698664,0.0282498225569725,2084.254150390625
H063,Haze,AFLB3,0.4999282360076904,2.890520408982411e-05,0.4999941885471344,4.692020593211055e-05,55.54776763916016,4.010856571312615e-07,0.0006529651000164449,0.009939179755747318,518.1334228515625
H064,Haze,AFLB1,0.0002184030308853835,0.000990280881524086,0.08072011172771454,0.2723838090896606,73592.25,1009.468933105469,0.0001358777371933684,0.04421572014689445,2552.51123046875
H064,Haze,AFLB2,0.03282008320093155,0.03529512509703636,0.0201160404831171,0.1270543336868286,25923.677734375,1081.3046875,0.002455621724948287,0.05498170852661133,7909.3740234375
H064,Haze,AFLB3,0.4999286830425262,3.268768341513351e-05,0.499994307756424,5.762683213106357e-05,55.6016960144043,4.635131745089893e-07,-0.0007175899227149785,0.01868264190852642,1825.521728515625
H065,Haze,AFLB1,0.0005227435030974448,0.003178743878379464,0.08072451502084732,0.2724009454250336,150739.15625,1533.8974609375,0.0001312037638854235,0.03976627066731453,3798.939453125
H065,Haze,AFLB2,0.04009372368454933,0.03308146819472313,0.02019496075809002,0.1274190992116928,34285.02734375,2043.114135742188,0.0007003482896834612,0.03503428399562836,5899.537109375
H065,Haze,AFLB3,0.4999325573444366,3.003036545123905e-05,0.4999932050704956,6.101767212385312e-05,102.2638931274414,5.328045062924502e-07,0.0004448123800102621,0.01160986348986626,1297.1171875
H066,Haze,AFLB1,0.0004026334790978581,0.002563998335972428,0.08072157949209213,0.272389829158783,92550.984375,975.602783203125,-0.0002236692816950381,0.04661491513252258,2837.0693359375
H066,Haze,AFLB2,0.05178322643041611,0.04717687144875526,0.02042906545102596,0.1273980438709259,30055.666015625,1811.0947265625,0.001422444940544665,0.04989495873451233,6505.8828125
H066,Haze,AFLB3,0.4999340772628784,3.047529207833577e-05,0.4999934434890747,5.927084930590354e-05,55.53509140014648,4.071395949267753e-07,-0.0001100869849324226,0.01491931546479464,1162.496215820312
H067,Haze,AFLB1,0.0002078594261547551,0.002553598023951054,0.08069178462028503,0.2722357511520386,114437.7421875,1235.3779296875,3.769877002923749e-05,0.03751490265130997,2498.94775390625
H067,Haze,AFLB2,0.05975817143917084,0.0600433349609375,0.02033066190779209,0.1274683922529221,57005.515625,3243.71435546875,0.001036768197081983,0.0374547652900219,4985.697265625
H067,Haze,AFLB3,0.4999336898326874,3.080643728026189e-05,0.4999937117099762,5.628414146485738e-05,75.60636901855469,5.10401605424704e-07,0.0001883330405689776,0.0126847755163908,1143.063598632812
H068,Haze,AFLB1,7.823533815098926e-05,0.0007193369092419744,0.0806964561343193,0.2722586095333099,110606.84375,1554.3564453125,-0.0003846852050628513,0.03832374885678291,1917.74072265625
H068,Haze,AFLB2,0.0698009729385376,0.04090793058276176,0.02182282507419586,0.1261233985424042,21430.552734375,1228.10595703125,0.001401945133693516,0.03815909847617149,3807.343994140625
H068,Haze,AFLB3,0.4999332129955292,3.009517058671918e-05,0.4999935626983643,5.253868948784657e-05,55.57911682128906,3.561468986390537e-07,0.0001830365799833089,0.01230288576334715,790.6426391601562
H069,Haze,AFLB1,0.0002918958198279142,0.001932677812874317,0.08071009814739227,0.2723315060138702,196994.5,1669.648681640625,0.0002765796089079231,0.04058488458395004,4129.1455078125
H069,Haze,AFLB2,0.08787878602743149,0.05811608582735062,0.01987759582698345,0.1276092827320099,76695.3046875,3445.618408203125,0.0008048349991440773,0.03953171893954277,7838.13525390625
H069,Haze,AFLB3,0.4999324679374695,3.176995596732013e-05,0.4999929368495941,6.876461702631786e-05,106.7596588134766,6.424197636079043e-07,-3.942142257074011e-08,0.01399993151426315,1965.274169921875
H070,Haze,AFLB1,0.0001742047752486542,0.001051241415552795,0.08069166541099548,0.2721075713634491,96352.7109375,560.3222045898438,3.951148391934112e-05,0.04036516696214676,2978.18798828125
H070,Haze,AFLB2,0.08008858561515808,0.05067791044712067,0.01947863958775997,0.1281161457300186,57542.5859375,2260.98486328125,0.001223340048454702,0.03311964496970177,4015.425537109375
H070,Haze,AFLB3,0.4999327063560486,3.075578570133075e-05,0.4999941885471344,5.165110269444995e-05,77.79106903076172,4.743708927890111e-07,0.000515779887791723,0.01105524972081184,895.52880859375
H071,Haze,AFLB1,0.004053678829222918,0.01236199866980314,0.08072318881750107,0.2723961472511292,121794.71875,788.9363403320312,-0.0004886044771410525,0.04187677428126335,3297.4501953125
H071,Haze,AFLB2,0.08233490586280823,0.05539016798138618,0.01994584128260612,0.1276908367872238,50879.5703125,1846.534301757812,0.0004788040241692215,0.03836711868643761,5535.90478515625
H071,Haze,AFLB3,0.4999401569366455,3.244535037083551e-05,0.4999934136867523,5.653536936733872e-05,80.1963882446289,4.72293493203324e-07,0.00014256096619647,0.01260777655988932,1195.542724609375
H072,Haze,AFLB1,0.0005227812798693776,0.002383314305916429,0.08070457726716995,0.272316962480545,98817.5,1580.672729492188,-0.0002251711848657578,0.03963493183255196,3035.582763671875
H072,Haze,AFLB2,0.06610530614852905,0.04285641387104988,0.01981442607939243,0.127795085310936,38063.9140625,2289.696044921875,0.001387319411151111,0.03852846100926399,5744.17822265625
H072,Haze,AFLB3,0.4999347031116486,3.068427031394094e-05,0.4999941289424896,5.991379657643847e-05,82.40408325195312,5.405964884630521e-07,6.3145904277917e-05,0.01419935747981071,1558.396118164062
H073,Haze,AFLB1,0.0003505830827634782,0.002562827430665493,0.08068985491991043,0.2722315490245819,85368.171875,596.301513671875,-0.0003889598010573536,0.03950749710202217,2038.033081054688
H073,Haze,AFLB2,0.09320204704999924,0.05491931736469269,0.02057371288537979,0.1269780397415161,33765.59765625,1978.109619140625,0.001078009838238358,0.03754307329654694,3683.474853515625
H073,Haze,AFLB3,0.4999350011348724,3.043240758415777e-05,0.4999939501285553,5.000213059247471e-05,55.59248733520508,4.485055455916154e-07,0.0002160883595934138,0.01289793662726879,869.0254516601562
H074,Haze,AFLB1,0.0001740860898280516,0.001083687646314502,0.08071389049291611,0.2723515033721924,92160.578125,887.52392578125,-8.657551370561123e-05,0.03909764066338539,1995.783325195312
H074,Haze,AFLB2,0.08105242252349854,0.05299550667405128,0.02066736109554768,0.1270270049571991,32669.435546875,1006.832336425781,0.000456679321359843,0.03387641906738281,2997.1884765625
H074,Haze,AFLB3,0.4999406039714813,3.048452708753757e-05,0.4999938905239105,5.32332960574422e-05,55.60400390625,3.358899505201407e-07,0.0003479445003904402,0.01174593530595303,721.1510009765625
H075,Haze,AFLB1,0.0004139138327445835,0.003130845259875059,0.08070280402898788,0.2723056077957153,113852.9609375,1100.8310546875,-0.000139092342578806,0.04129095003008842,2225.998046875
H075,Haze,AFLB2,0.06572947651147842,0.04651041328907013,0.02065006457269192,0.1270857751369476,32126.185546875,1490.511840820312,-0.0001951585727510974,0.03691479563713074,3558.38720703125
H075,Haze,AFLB3,0.4999387562274933,3.064532575081103e-05,0.4999932050704956,5.630616942653432e-05,55.66123580932617,2.690898952550924e-07,0.0007046966929920018,0.010852319188416,617.6502075195312
H076,Haze,AFLB1,0.0009321433608420193,0.004046081099659204,0.08070521801710129,0.2722702026367188,80260.765625,2143.21826171875,0.000998032628558576,0.04067235067486763,2161.076416015625
H076,Haze,AFLB2,0.04824702814221382,0.05568111687898636,0.02062918618321419,0.1268505901098251,18159.380859375,930.5111083984375,0.002381230005994439,0.04206835851073265,4635.9697265625
H076,Haze,AFLB3,0.4999357759952545,2.995071008626837e-05,0.499993771314621,5.96253557887394e-05,55.73200607299805,4.241183830799855e-07,-0.000211471488000825,0.01418079622089863,1050.432006835938
H077,Haze,AFLB1,0.001689982716925442,0.006780029274523258,0.08071968704462051,0.2723818123340607,121874.7109375,3141.902587890625,-0.0005893319030292332,0.03542609885334969,1638.99267578125
H077,Haze,AFLB2,0.09730196744203568,0.06782636791467667,0.02070566080510616,0.1267940402030945,32831.6484375,1162.876220703125,-0.0004265542083885521,0.02849309705197811,2120.39501953125
H077,Haze,AFLB3,0.4999443292617798,2.754813067440409e-05,0.4999938905239105,4.86082280986011e-05,55.69881439208984,3.377920165803516e-07,0.0008404766558669508,0.008925754576921463,419.7529907226562
H078,Haze,AFLB1,0.0003352439671289176,0.002161652781069279,0.08069934695959091,0.2722092270851135,107524.828125,1118.005004882812,-0.0002994743699673563,0.04040771722793579,3411.00732421875
H078,Haze,AFLB2,0.08306825906038284,0.04591884464025497,0.02051395364105701,0.1272569447755814,48899.296875,3455.868896484375,0.0009665818070061505,0.04250545799732208,7552.21044921875
H078,Haze,AFLB3,0.499933272600174,2.944009065686259e-05,0.4999949932098389,5.992664591758512e-05,89.04235076904297,7.015413530098158e-07,3.335281144245528e-05,0.01457196660339832,1774.306884765625
H079,Haze,AFLB1,0.0001270050706807524,0.0008801124640740454,0.08068839460611343,0.2721875607967377,184624.484375,683.255615234375,0.0001086067713913508,0.04216867685317993,4056.023681640625
H079,Haze,AFLB2,0.06766682863235474,0.04547053948044777,0.0211933720856905,0.1264503449201584,54339.2578125,3713.0244140625,0.001358113950118423,0.03912428766489029,6991.3896484375
H079,Haze,AFLB3,0.4999340772628784,2.965127350762486e-05,0.499993771314621,5.584984683082439e-05,96.96725463867188,6.483376751020842e-07,7.180529792094603e-05,0.01323962304741144,1599.343017578125
H080,Haze,AFLB1,0.0001699175481917337,0.0009909967193379998,0.08070561289787292,0.2723137140274048,101274.5390625,787.6671142578125,-0.0004435674927663058,0.04115160927176476,2211.231689453125
H080,Haze,AFLB2,0.08583082258701324,0.05627921968698502,0.02028939314186573,0.1274323165416718,37236.390625,4051.653564453125,0.0009656270267441869,0.04259106516838074,4739.14794921875
H080,Haze,AFLB3,0.4999322891235352,3.06132496916689e-05,0.4999935925006866,5.415355917648412e-05,55.56545639038086,3.949647862100392e-07,0.0003291027969680727,0.01284405589103699,862.1038208007812
H081,Haze,AFLB1,0.0005502901040017605,0.004005988128483295,0.08070163428783417,0.272287905216217,115015.015625,876.6583862304688,-0.0001737749116728082,0.03389380127191544,2219.850830078125
H081,Haze,AFLB2,0.09632526338100433,0.05737673491239548,0.02075757272541523,0.1270205229520798,36587.94921875,1114.378051757812,0.0007870756671763957,0.02909291349351406,3273.36181640625
H081,Haze,AFLB3,0.4999349415302277,3.023423232662026e-05,0.4999943971633911,4.572366015054286e-05,82.2283935546875,4.715078034678299e-07,0.0005250908434391022,0.009690729901194572,727.9776611328125
H082,Haze,AFLB1,0.0004134672344662249,0.00229550851508975,0.08071988075971603,0.2723799049854279,129445.828125,1538.163696289062,-0.0005889061139896512,0.03535857796669006,2351.162841796875
H082,Haze,AFLB2,0.06141094118356705,0.04302430897951126,0.01951363310217857,0.1280861347913742,36570.49609375,1320.854370117188,-0.0001586051075719297,0.03267620131373405,4014.911376953125
H082,Haze,AFLB3,0.4999357163906097,2.847919495252427e-05,0.4999939501285553,4.946604531141929e-05,80.16687774658203,5.001438125873392e-07,0.0007136449567042291,0.01068854052573442,862.9808349609375
H083,Haze,AFLB1,0.0002457212249282748,0.001621589181013405,0.08070528507232666,0.2723179757595062,129977.96875,1442.04345703125,-0.0002151040098397061,0.03771133720874786,3342.26318359375
H083,Haze,AFLB2,0.06191554665565491,0.05290656909346581,0.02067822404205799,0.1269437819719315,33679.38671875,1060.345947265625,0.001478456892073154,0.03510120511054993,5801.3154296875
H083,Haze,AFLB3,0.4999266862869263,2.996667535626329e-05,0.4999941885471344,5.319241608958691e-05,100.127555847168,6.923385740265076e-07,1.437040555174462e-05,0.01398151926696301,1837.603637695312
H084,Haze,AFLB1,0.0005281302146613598,0.002958267461508512,0.08071770519018173,0.2723738551139832,134603.15625,384.8174438476562,-0.0002705967344809324,0.04053683578968048,3432.80517578125
H084,Haze,AFLB2,0.0735151395201683,0.05176691710948944,0.02008891478180885,0.1274962872266769,52189.5078125,1529.583374023438,0.001626708544790745,0.04087061062455177,6989.8818359375
H084,Haze,AFLB3,0.4999334812164307,3.202253355993889e-05,0.4999934732913971,6.111372931627557e-05,88.94657135009766,6.567595960405015e-07,-0.0002491400809958577,0.0156693272292614,2052.10986328125
H085,Haze,AFLB1,0.001682651694864035,0.006716240663081408,0.08069238811731339,0.272237092256546,96476.09375,1713.507202148438,-0.000348165980540216,0.04206180572509766,2310.02001953125
H085,Haze,AFLB2,0.07935483753681183,0.05695245042443275,0.02017884142696857,0.1274836212396622,35687.90625,2080.95458984375,0.001721097505651414,0.04447752982378006,5173.34326171875
H085,Haze,AFLB3,0.4999331533908844,3.087426739512011e-05,0.4999949038028717,5.654717824654654e-05,55.55701065063477,3.759158175853372e-07,0.0003314512432552874,0.01250034943223,816.6194458007812
H086,Haze,AFLB1,0.0007344027981162071,0.004339003935456276,0.08069143444299698,0.27222940325737,83020.1171875,1560.613159179688,-0.0005244637723080814,0.03555857017636299,1651.175170898438
H086,Haze,AFLB2,0.08678794652223587,0.0515085868537426,0.01992370188236237,0.1274832934141159,27967.166015625,2519.975341796875,-0.0006350278272293508,0.03179842978715897,2641.341796875
H086,Haze,AFLB3,0.4999305307865143,3.114245555480011e-05,0.4999938309192657,4.797346991836093e-05,55.58627700805664,4.494583549785602e-07,0.000890404568053782,0.009694116190075874,494.9200134277344
H087,Haze,AFLB1,0.0001512195012765005,0.001345911179669201,0.08069483935832977,0.2721414268016815,112489.09375,2172.6455078125,0.0005152036319486797,0.03954048454761505,3429.86572265625
H087,Haze,AFLB2,0.05712917819619179,0.04004639014601707,0.020424485206604,0.1273894459009171,36585.32421875,2973.826171875,0.00321559701114893,0.05065660178661346,11302.330078125
H087,Haze,AFLB3,0.499931275844574,3.230595393688418e-05,0.4999948441982269,5.174688703846186e-05,93.39678192138672,9.081840630642546e-07,-0.0003218133351765573,0.01694429293274879,2519.89794921875
H088,Haze,AFLB1,0.0001123259862652048,0.00114213686902076,0.08068758994340897,0.2719853520393372,105166.84375,232.2064819335938,0.0006559475441463292,0.03762179240584373,2513.969482421875
H088,Haze,AFLB2,0.05955817550420761,0.04544635489583015,0.02142180502414703,0.1265624612569809,39356.8359375,2668.52880859375,0.001089024823158979,0.03045905381441116,3298.881591796875
H088,Haze,AFLB3,0.4999233484268188,3.019879477506038e-05,0.4999942779541016,5.168833013158292e-05,75.5476303100586,4.800460260412365e-07,0.0005674082203768194,0.01002228446304798,715.7020874023438
H089,Haze,AFLB1,0.0002405224950052798,0.001264475868083537,0.08068680763244629,0.2721863090991974,100635.8125,603.9185180664062,-3.082287730649114e-05,0.03613604977726936,2114.04150390625
H089,Haze,AFLB2,0.07708290219306946,0.05367933586239815,0.02016332745552063,0.1274894773960114,42902.4296875,1415.531860351562,0.0007149231969378889,0.03395740687847137,3735.281494140625
H089,Haze,AFLB3,0.4999357163906097,2.919237340393011e-05,0.4999935328960419,5.186565977055579e-05,68.86272430419922,4.478261814711004e-07,0.0005585518665611744,0.01060895808041096,730.8687744140625
H090,Haze,AFLB1,0.0001062616211129352,0.0009411043720319867,0.08069803565740585,0.2722819447517395,191584.984375,1837.370361328125,-0.000150192849105224,0.04074937477707863,3902.3876953125
H090,Haze,AFLB2,0.0715302973985672,0.05250789597630501,0.02023142576217651,0.1274610012769699,45528.703125,3242.988037109375,0.001631278195418417,0.04387854784727097,9061.8525390625
H090,Haze,AFLB3,0.4999265074729919,3.196536636096425e-05,0.4999935328960419,5.534997399081476e-05,100.0282897949219,7.361273901551613e-07,-0.0001672525977483019,0.01521069277077913,2175.169677734375
H091,Haze,AFLB1,0.000940983765758574,0.004634915851056576,0.0807114765048027,0.2723426222801208,133539.78125,2114.873046875,-0.000668768712785095,0.03488622605800629,2479.718017578125
H091,Haze,AFLB2,0.08747941255569458,0.05561757832765579,0.02001673355698586,0.1273671984672546,49986.85546875,2069.91455078125,-0.0004517631023190916,0.03119694627821445,3965.335693359375
H091,Haze,AFLB3,0.4999353885650635,3.018066854565404e-05,0.4999938905239105,5.095704545965418e-05,86.67362976074219,5.217714829086617e-07,0.0005925174336880445,0.01038834452629089,882.0596313476562
H092,Haze,AFLB1,0.00201526191085577,0.005518815480172634,0.08070989698171616,0.2723406851291656,72707.40625,1060.516845703125,0.0004604759451467544,0.03734606504440308,1821.234375
H092,Haze,AFLB2,0.03880997002124786,0.03554587438702583,0.02372994273900986,0.1247970536351204,18642.90625,1448.400146484375,0.002086887368932366,0.03971187770366669,4129.32177734375
H092,Haze,AFLB3,0.4999239444732666,2.944181869679596e-05,0.4999942481517792,5.507101013790816e-05,55.46106719970703,4.848225785281102e-07,-0.00014683828339912,0.01421187538653612,1054.91943359375
H093,Haze,AFLB1,0.0004804350610356778,0.004511323291808367,0.08070576936006546,0.2723174691200256,108180.3203125,668.802490234375,-2.073795258183964e-05,0.04237458109855652,2344.34228515625
H093,Haze,AFLB2,0.06918875128030777,0.05126269906759262,0.02060573361814022,0.1271508187055588,31590.3515625,1679.45556640625,0.0008340753265656531,0.03989765048027039,4158.38330078125
H093,Haze,AFLB3,0.4999333024024963,3.091466351179406e-05,0.4999934136867523,5.789308124803938e-05,55.57024383544922,3.551807310486765e-07,0.0001774056727299467,0.01315683033317327,904.173095703125
H094,Haze,AFLB1,7.75856533437036e-05,0.0006607911200262606,0.08071872591972351,0.2723773717880249,158003.34375,1653.064208984375,-3.141479101032019e-05,0.03650939464569092,3132.508056640625
H094,Haze,AFLB2,0.07505922764539719,0.05491596832871437,0.01948206126689911,0.1280784159898758,44642.94140625,2116.6298828125,0.0004094369651284069,0.04103349521756172,7914.6728515625
H094,Haze,AFLB3,0.4999329447746277,3.154033038299531e-05,0.4999938011169434,5.791536750621162e-05,100.3104248046875,6.988892664594459e-07,0.0002129511121893302,0.01421799138188362,1900.713256835938
H095,Haze,AFLB1,0.0006920951418578625,0.003638259833678603,0.08072138577699661,0.2723884582519531,139306.75,801.4236450195312,-0.0002111302019329742,0.03456564992666245,2807.943115234375
H095,Haze,AFLB2,0.08144485205411911,0.05067678540945053,0.02044280059635639,0.1271340548992157,45377.60546875,1387.799194335938,-0.0001164569839602336,0.02657278254628181,3318.90673828125
H095,Haze,AFLB3,0.4999395608901978,2.895507350331172e-05,0.4999947845935822,5.013840200263076e-05,100.2529449462891,5.501768214344338e-07,0.0005601326702162623,0.01001201011240482,945.2406616210938
H096,Haze,AFLB1,0.0005082671414129436,0.002987065585330129,0.0807170495390892,0.2723661661148071,151850.328125,724.48974609375,-0.0001180419712909497,0.03974395617842674,3547.191162109375
H096,Haze,AFLB2,0.07623841613531113,0.05698372423648834,0.02152340672910213,0.1263241767883301,47419.171875,5059.279296875,0.001057569636031985,0.03798066452145576,6483.81005859375
H096,Haze,AFLB3,0.499932736158371,3.026892045454588e-05,0.4999944865703583,5.535321542993188e-05,95.48464965820312,6.527673690470692e-07,-8.346756658283994e-06,0.01451100409030914,1891.444946289062
H097,Haze,AFLB1,0.0006485048797912896,0.003533358220010996,0.08071736991405487,0.2723697423934937,159748.75,782.593994140625,-0.000413330621086061,0.03829938173294067,3447.59912109375
H097,Haze,AFLB2,0.08792275190353394,0.05301506444811821,0.02056211419403553,0.1272533535957336,55565.1484375,3617.983642578125,0.0003929196682292968,0.03206741437315941,4833.98974609375
H097,Haze,AFLB3,0.4999255537986755,3.088837911491282e-05,0.4999941289424896,5.549185152631253e-05,99.89912414550781,6.425462970582885e-07,0.0005426743300631642,0.01118365675210953,1178.505493164062
H098,Haze,AFLB1,6.839916750323027e-05,0.0006075005512684584,0.08068449795246124,0.2721519470214844,221664.609375,2130.968017578125,0.0006173282745294273,0.03559247404336929,3308.9267578125
H098,Haze,AFLB2,0.0508694238960743,0.04700714722275734,0.02064050547778606,0.1266211271286011,64316.96484375,2500.509033203125,0.0004859161272179335,0.03827335685491562,7651.2646484375
H098,Haze,AFLB3,0.4999389350414276,2.757018410193268e-05,0.4999938905239105,5.292168498272076e-05,111.1114120483398,5.157967848390399e-07,0.0007337946444749832,0.01047946140170097,1152.662719726562
H099,Haze,AFLB1,0.002961394842714071,0.007893902249634266,0.08070381730794907,0.2723130881786346,71377.0625,740.237548828125,0.0004800979804713279,0.03847615420818329,1469.178833007812
H099,Haze,AFLB2,0.1261964440345764,0.06812983751296997,0.02143889665603638,0.1263087689876556,30208.4453125,1953.502319335938,0.0001547343272250146,0.03007606416940689,1795.176879882812
H099,Haze,AFLB3,0.499941885471344,2.814914660120849e-05,0.4999936521053314,5.362468436942436e-05,42.24114227294922,3.085386595103046e-07,0.0004479784111026675,0.01009117811918259,404.9696655273438
H100,Haze,AFLB1,0.0003453183162491769,0.00299745611846447,0.08069848269224167,0.2722822427749634,162701.0,2986.13134765625,0.0001118331201723777,0.03987280279397964,3736.281494140625
H100,Haze,AFLB2,0.04109842702746391,0.03523298352956772,0.02229070104658604,0.1257380843162537,45076.6484375,3063.224853515625,0.001954948762431741,0.04105150699615479,7938.79638671875
H100,Haze,AFLB3,0.4999276697635651,2.922768362623174e-05,0.4999945461750031,5.114484520163387e-05,99.86914825439453,7.323357635868888e-07,-8.354514284292236e-05,0.01348518952727318,1709.516967773438
N001,Noise,AFLB1,0.0005588248604908586,0.0035247509367764,0.09136983007192612,0.2522952556610107,18653.15625,212.1435852050781,-0.001466577872633934,0.02669268101453781,658.6215209960938
N001,Noise,AFLB2,0.03687517717480659,0.02671598456799984,0.02514657564461231,0.1242159605026245,19808.599609375,2524.328369140625,0.0005658245063386858,0.02880005910992622,1529.420288085938
N001,Noise,AFLB3,0.4999289810657501,5.084073563921265e-05,0.4999901354312897,8.733463619137183e-05,39.67843246459961,6.083931225475681e-07,5.305128070176579e-05,0.008346641436219215,256.8287048339844
N002,Noise,AFLB1,0.0002632073010317981,0.001610597013495862,0.08699995279312134,0.2574845850467682,17235.0078125,147.660400390625,-0.00134116702247411,0.02621354348957539,634.9349365234375
N002,Noise,AFLB2,0.06583159416913986,0.04737924411892891,0.02611480094492435,0.1243749409914017,25031.916015625,3409.7451171875,-0.0002719976473599672,0.02907618880271912,1558.42333984375
N002,Noise,AFLB3,0.4999252259731293,5.081553536001593e-05,0.4999900758266449,8.132897346513346e-05,39.73086166381836,4.75668997523826e-07,-0.0002432120236335322,0.00800351146608591,236.3548278808594
N003,Noise,AFLB1,0.000109010077721905,0.0008042327244766057,0.08090818673372269,0.2704566121101379,16453.19140625,99.53607940673828,-0.001059346715919673,0.02735210210084915,690.5177612304688
N003,Noise,AFLB2,0.04659542813897133,0.03609044849872589,0.02445022016763687,0.1248423680663109,23548.123046875,3729.33984375,0.0001698245614534244,0.03039072826504707,1702.426147460938
N003,Noise,AFLB3,0.4999134838581085,5.634095577988774e-05,0.4999888837337494,8.791180880507454e-05,39.69126129150391,5.213487952460127e-07,-0.0003670839068945497,0.00863378494977951,275.289306640625
N004,Noise,AFLB1,0.0001187861562357284,0.0009239697246812284,0.1051253005862236,0.2409676909446716,15495.1435546875,63.66175079345703,-0.001274458598345518,0.02581115439534187,615.481201171875
N004,Noise,AFLB2,0.03025803528726101,0.02319148182868958,0.02472541481256485,0.1242066323757172,24042.912109375,3685.865234375,7.531523442594334e-05,0.03002571873366833,1661.735961914062
N004,Noise,AFLB3,0.4999358057975769,4.719817661680281e-05,0.4999890029430389,8.44736787257716e-05,39.7902717590332,6.443049187510042e-07,-0.0002448942686896771,0.008498622104525566,266.4771728515625
N005,Noise,AFLB1,0.0003300703538116068,0.002431233646348119,0.08916877955198288,0.2547627985477448,16984.685546875,172.8213348388672,-0.001149808405898511,0.02597177587449551,622.8681640625
N005,Noise,AFLB2,0.0378253161907196,0.03845993056893349,0.02636792324483395,0.1236457899212837,23268.83203125,2843.203125,-0.000365336483810097,0.02899922244250774,1550.294067382812
N005,Noise,AFLB3,0.4999317526817322,4.469720443012193e-05,0.4999897480010986,8.253796841017902e-05,39.77002716064453,5.758594738836109e-07,8.394337055506185e-05,0.008022652007639408,237.2935028076172
N006,Noise,AFLB1,0.0001196446901303716,0.001193430973216891,0.0881863608956337,0.2559366524219513,15077.81640625,101.8581771850586,-0.001390491845086217,0.02534551173448563,593.8131103515625
N006,Noise,AFLB2,0.03515297919511795,0.02587550319731236,0.02576871775090694,0.1241058707237244,23767.4453125,3223.957275390625,1.815186624298804e-05,0.03190621733665466,1876.390502929688
N006,Noise,AFLB3,0.4999216794967651,4.458278635866009e-05,0.4999882280826569,8.757918840274215e-05,39.72833633422852,5.69317990084528e-07,-0.0004375358112156391,0.008186856284737587,247.7852783203125
N007,Noise,AFLB1,0.0002869776799343526,0.001885859528556466,0.1083563938736916,0.2389738857746124,16396.0859375,170.2690582275391,-0.001013954402878881,0.02599042840301991,623.490478515625
N007,Noise,AFLB2,0.03753000497817993,0.02916060388088226,0.02410309016704559,0.1247454062104225,23262.54296875,3036.4013671875,-0.0002763221564237028,0.02915451861917973,1566.834838867188
N007,Noise,AFLB3,0.4999262392520905,5.357673580874689e-05,0.4999902248382568,8.125264139380306e-05,39.74794769287109,5.251374091130856e-07,4.396582517074421e-05,0.008219225332140923,249.0443267822266
N008,Noise,AFLB1,0.0003806890163104981,0.002123152138665318,0.1065725460648537,0.2396794259548187,17320.56640625,201.5143127441406,-0.001147204195149243,0.02625036239624023,636.2705078125
N008,Noise,AFLB2,0.03134090080857277,0.02680466137826443,0.02553434111177921,0.1236648410558701,22453.1796875,2743.2353515625,0.0002564939495641738,0.02885178290307522,1534.447875976562
N008,Noise,AFLB3,0.499939888715744,4.287662522983737e-05,0.4999921321868896,7.868869579397142e-05,39.78401947021484,6.314198799373116e-07,8.17448744783178e-05,0.007992127910256386,235.4901733398438
N009,Noise,AFLB1,0.0004165107093285769,0.00219217361882329,0.124848872423172,0.2283299267292023,15138.951171875,194.2292633056641,-0.0009948748629540205,0.0254429467022419,597.5040283203125
N009,Noise,AFLB2,0.04265876114368439,0.03923976421356201,0.02220253087580204,0.1256668418645859,24251.810546875,2929.2421875,-0.000581172585953027,0.0288276094943285,1532.379150390625
N009,Noise,AFLB3,0.4999293088912964,4.730858199764043e-05,0.4999897181987762,8.2656457379926e-05,39.71732711791992,5.365230890674866e-07,8.31999714137055e-05,0.008359297178685665,257.6231994628906
N010,Noise,AFLB1,0.0002192436222685501,0.001574112451635301,0.1345132142305374,0.2225137203931808,14924.4208984375,74.03436279296875,-0.001135221216827631,0.02432871423661709,546.6701049804688
N010,Noise,AFLB2,0.03572653979063034,0.03003260679543018,0.0267435684800148,0.1239185705780983,23230.60546875,3673.9912109375,-0.0006906338967382908,0.02860617265105247,1509.193969726562
N010,Noise,AFLB3,0.4999318420886993,4.647224704967812e-05,0.4999897480010986,7.629566243849695e-05,39.64235687255859,6.048290970284143e-07,-1.740886091283755e-06,0.008008438162505627,236.4275665283203
N011,Noise,AFLB1,0.0002099084085784853,0.001609573606401682,0.1005773767828941,0.2443820685148239,16371.9482421875,143.7955474853516,-0.0006036414415575564,0.02897267788648605,773.941650390625
N011,Noise,AFLB2,0.0503421351313591,0.02997878380119801,0.02313509583473206,0.1250139325857162,22060.427734375,2656.004638671875,0.0005258373566903174,0.03127365186810493,1803.235229492188
N011,Noise,AFLB3,0.4998879134654999,7.326788181671873e-05,0.4999885559082031,9.470648365095258e-05,39.92753601074219,6.343126415231382e-07,-0.0003554083814378828,0.009710473008453846,348.0683898925781
N012,Noise,AFLB1,0.000322497624438256,0.002165306359529495,0.1177595555782318,0.2326812595129013,15009.314453125,110.9511489868164,-0.0009420656715519726,0.02643198519945145,644.693603515625
N012,Noise,AFLB2,0.03810057789087296,0.02684090659022331,0.02487928979098797,0.1246262639760971,19909.736328125,2369.80224609375,-0.0004656116070691496,0.02939506433904171,1593.053100585938
N012,Noise,AFLB3,0.4999279677867889,4.904681554762647e-05,0.4999901056289673,7.555657794000581e-05,39.65926742553711,5.112266308060498e-07,-8.886241630534641e-06,0.008131216280162334,243.7328186035156
N013,Noise,AFLB1,0.0002547781332395971,0.001597580732777715,0.1003189086914062,0.2443717122077942,15489.4541015625,72.4044189453125,-0.0009348017047159374,0.02493113279342651,573.6362915039062
N013,Noise,AFLB2,0.02358350157737732,0.02296158112585545,0.02359409630298615,0.1246616020798683,23954.2734375,3738.79296875,-0.0001876139576779678,0.02957523241639137,1612.301635742188
N013,Noise,AFLB3,0.4999310374259949,4.529022044152953e-05,0.4999901950359344,7.944684330141172e-05,39.86092376708984,7.193145847850246e-07,-4.687852197093889e-05,0.008654222823679447,276.1031494140625
N014,Noise,AFLB1,0.0001680563145782799,0.001569154555909336,0.1015472784638405,0.2439271360635757,14580.123046875,87.35289764404297,-0.001351383398286998,0.02558040991425514,604.7388305664062
N014,Noise,AFLB2,0.06105217710137367,0.04950337111949921,0.02403752319514751,0.1250963062047958,32713.779296875,4180.4248046875,-0.0009281475795432925,0.02953922376036644,1609.901000976562
N014,Noise,AFLB3,0.499914139509201,5.34612154297065e-05,0.499988317489624,8.799908391665667e-05,39.6816291809082,5.04839874793106e-07,-0.0003413080703467131,0.008476117625832558,265.2772521972656
N015,Noise,AFLB1,0.0002768603153526783,0.00167611672077328,0.1131615862250328,0.2358921021223068,17136.923828125,271.3443298339844,-0.0009716421482153237,0.02531661465764046,591.5520629882812
N015,Noise,AFLB2,0.0267091877758503,0.02825477346777916,0.02527774684131145,0.1237364113330841,22104.068359375,2802.5419921875,-6.7083106841892e-05,0.02882257290184498,1531.2294921875
N015,Noise,AFLB3,0.4999418258666992,3.855175600619987e-05,0.4999903440475464,8.50143696879968e-05,39.61972045898438,6.679267698928015e-07,-1.555118274154665e-06,0.00823899731040001,250.2367858886719
N016,Noise,AFLB1,0.0002300107444170862,0.00171685719396919,0.1132949367165565,0.2352318167686462,17077.677734375,187.6274108886719,-0.000900506682228297,0.02797364257276058,721.9219970703125
N016,Noise,AFLB2,0.05377842485904694,0.03182939440011978,0.02397364191710949,0.124654695391655,18333.015625,2152.69140625,0.0006681393133476377,0.03037012554705143,1700.888305664062
N016,Noise,AFLB3,0.4999261498451233,5.607931598206051e-05,0.4999888837337494,8.872321632225066e-05,39.80197906494141,5.703620900021633e-07,-0.0003018726711161435,0.008765609003603458,283.5838317871094
N017,Noise,AFLB1,0.0008784459787420928,0.004317360930144787,0.1251361519098282,0.2284104079008102,15202.494140625,94.20408630371094,-0.001402798341587186,0.02565756812691689,608.5128173828125
N017,Noise,AFLB2,0.04275570437312126,0.03362816944718361,0.02476444840431213,0.1244587302207947,26552.3359375,3591.3349609375,-0.001257189433090389,0.0296807698905468,1626.676635742188
N017,Noise,AFLB3,0.4999176561832428,4.736441405839287e-05,0.4999881684780121,9.146077354671434e-05,39.57311630249023,5.701548957404157e-07,-0.0001860858174040914,0.008026101626455784,237.5992736816406
N018,Noise,AFLB1,6.6100008552894e-05,0.0009163918439298868,0.09980607777833939,0.2451390624046326,14619.98046875,58.80961227416992,-0.0014584397431463,0.02666671015322208,657.3223876953125
N018,Noise,AFLB2,0.02840254828333855,0.02497340738773346,0.0239856168627739,0.1243645176291466,24217.3203125,3987.99365234375,-0.000964559440035373,0.03191700577735901,1879.373901367188
N018,Noise,AFLB3,0.4999054372310638,5.433226033346727e-05,0.4999877512454987,9.401974239153787e-05,39.76208877563477,6.867139177302306e-07,-0.0001317130518145859,0.008641558699309826,275.3515014648438
N019,Noise,AFLB1,0.0004235488595440984,0.002425889950245619,0.09944531321525574,0.2453720271587372,17393.6171875,260.283447265625,-0.00119232595898211,0.02760454639792442,703.5794677734375
N019,Noise,AFLB2,0.03160629794001579,0.02965442836284637,0.02351458556950092,0.1254689395427704,23301.19140625,2775.68310546875,-0.0009138125460594893,0.03033682145178318,1697.8779296875
N019,Noise,AFLB3,0.4999237060546875,5.410377707448788e-05,0.4999888837337494,9.048111678566784e-05,39.7729606628418,4.618697744263045e-07,-2.299398147442844e-05,0.008642314001917839,275.3376770019531
N020,Noise,AFLB1,0.0002332776784896851,0.001750513096340001,0.09548618644475937,0.2486545294523239,15685.572265625,114.7759475708008,-0.001434172969311476,0.02885783649981022,769.380859375
N020,Noise,AFLB2,0.02673150971531868,0.02768999896943569,0.02509327791631222,0.1246829107403755,22783.650390625,3596.68310546875,-0.000273376441327855,0.0301577840000391,1676.513305664062
N020,Noise,AFLB3,0.4999192357063293,4.636031007976271e-05,0.4999889433383942,8.887055446393788e-05,39.5374870300293,4.905070909444476e-07,-0.0003618804912548512,0.008322671055793762,255.8281097412109
N021,Noise,AFLB1,0.0004072543524671346,0.003097229870036244,0.09033644199371338,0.2531060576438904,23648.064453125,668.7987670898438,-0.0007886008243076503,0.02878718078136444,764.3046264648438
N021,Noise,AFLB2,0.04665598645806313,0.03429190441966057,0.02298921532928944,0.1254834085702896,20628.337890625,2264.935546875,0.0001535640767542645,0.03024608641862869,1686.250122070312
N021,Noise,AFLB3,0.4999191164970398,5.959686313872226e-05,0.4999881982803345,9.909884829539806e-05,39.77199554443359,5.173674253455829e-07,-0.0002370094152865931,0.008706444874405861,279.644287109375
N022,Noise,AFLB1,0.0005283300415612757,0.002668606350198388,0.1007339730858803,0.2441063523292542,17917.041015625,208.6228179931641,-0.000605652341619134,0.02731732837855816,688.069580078125
N022,Noise,AFLB2,0.04513764381408691,0.03249672055244446,0.02138105034828186,0.1262588202953339,19409.21875,2518.52099609375,0.0005276283482089639,0.02940413169562817,1594.149169921875
N022,Noise,AFLB3,0.4999170005321503,6.294628110481426e-05,0.4999890327453613,8.72797318152152e-05,39.71413803100586,6.249646276046406e-07,-0.0001147496295743622,0.008780958130955696,284.2892456054688
N023,Noise,AFLB1,0.0003733379126060754,0.002385449130088091,0.09810030460357666,0.2462715655565262,17677.626953125,175.3649139404297,-0.0009962808107957244,0.02630114555358887,638.4317626953125
N023,Noise,AFLB2,0.03643618151545525,0.03467319160699844,0.02310672961175442,0.1255153119564056,23424.1484375,2965.278076171875,0.0003188200935255736,0.03167423233389854,1849.390747070312
N023,Noise,AFLB3,0.4999139308929443,5.908095045015216e-05,0.4999890327453613,8.209331281250343e-05,39.7059211730957,5.274763452689513e-07,-0.0002655305725056678,0.008839082904160023,288.2760925292969
N024,Noise,AFLB1,0.0005853365873917937,0.003152006072923541,0.1124910712242126,0.2358894944190979,16869.244140625,211.6499633789062,-0.0008886599680408835,0.02732152864336967,688.6707763671875
N024,Noise,AFLB2,0.03388562053442001,0.03175653889775276,0.02731229364871979,0.1233715489506721,22266.87890625,2882.826904296875,-0.0002443284320179373,0.02906237542629242,1556.916625976562
N024,Noise,AFLB3,0.4999339878559113,4.835115760215558e-05,0.4999898970127106,7.856598676880822e-05,39.70115661621094,6.183558980410453e-07,-3.607336111599579e-05,0.008029328659176826,237.6674499511719
N025,Noise,AFLB1,0.0001728641800582409,0.001275461283512414,0.1425458639860153,0.2183495461940765,17772.021484375,315.2016906738281,-0.0007177426596172154,0.02517863176763058,584.7355346679688
N025,Noise,AFLB2,0.05342091247439384,0.03866684809327126,0.02619708143174648,0.1235369220376015,21325.197265625,2531.90576171875,-0.0003152066201437265,0.02980414964258671,1637.474365234375
N025,Noise,AFLB3,0.4999305605888367,4.451130735105835e-05,0.4999900758266449,8.035100472625345e-05,39.6444091796875,6.379090677910426e-07,-0.0003400237765163183,0.008288783952593803,253.6964263916016
N026,Noise,AFLB1,0.000301580730592832,0.002567422110587358,0.1401665657758713,0.2197164744138718,15460.65234375,197.6499938964844,-0.0009487642091698945,0.02554439008235931,602.1881103515625
N026,Noise,AFLB2,0.03462255746126175,0.02974868007004261,0.02353418059647083,0.1252137124538422,22809.84375,2715.944091796875,-0.0002854907943401486,0.02937226183712482,1590.333740234375
N026,Noise,AFLB3,0.4999258816242218,5.460231841425411e-05,0.499987930059433,9.56008952925913e-05,39.82073593139648,5.420321826932195e-07,-9.083825716516003e-05,0.008289845660328865,253.3655090332031
N027,Noise,AFLB1,0.0002750862622633576,0.002101738238707185,0.148957148194313,0.2153177857398987,16084.0732421875,103.3561172485352,-0.001106098527088761,0.02596018277108669,622.222412109375
N027,Noise,AFLB2,0.04137362912297249,0.03109025582671165,0.02577216178178787,0.1238919645547867,18471.060546875,2357.02490234375,0.0004042412911076099,0.03071742877364159,1739.471923828125
N027,Noise,AFLB3,0.4999265670776367,5.499920371221378e-05,0.4999896287918091,8.307787356898189e-05,39.77387237548828,7.17310115305736e-07,-0.0002977335534524173,0.008107728324830532,242.6532440185547
N028,Noise,AFLB1,0.0007699807756580412,0.004293100442737341,0.1029563173651695,0.2426513433456421,15843.2421875,79.88676452636719,-0.001123995753005147,0.02455799840390682,556.9769287109375
N028,Noise,AFLB2,0.06105729937553406,0.03713824972510338,0.02752526290714741,0.1229180470108986,21445.98046875,2274.857666015625,-0.0004534649197012186,0.02618466503918171,1264.14453125
N028,Noise,AFLB3,0.4999406039714813,3.627224214142188e-05,0.4999898970127106,7.89519544923678e-05,39.74837493896484,6.420604563572851e-07,-7.423195347655565e-05,0.007121935952454805,187.0017852783203
N029,Noise,AFLB1,0.0003795034717768431,0.002633307129144669,0.09359686821699142,0.250247985124588,19168.39453125,197.2036743164062,-0.001343989279121161,0.03063164465129375,866.3997802734375
N029,Noise,AFLB2,0.03412878885865211,0.03402414917945862,0.02734939195215702,0.1229694411158562,16215.4228515625,1779.27734375,0.0003264015540480614,0.03006182797253132,1665.921142578125
N029,Noise,AFLB3,0.4999284744262695,4.759827061207034e-05,0.4999910891056061,8.941282430896536e-05,39.70386123657227,6.440427000597992e-07,0.0001461727515561506,0.008826016448438168,287.2440490722656
N030,Noise,AFLB1,0.0003299271047580987,0.00218777428381145,0.1353662014007568,0.2218479961156845,15810.9228515625,95.27278900146484,-0.0009856658289209008,0.02411818318068981,536.9779663085938
N030,Noise,AFLB2,0.0225762277841568,0.02178402058780193,0.02502143941819668,0.1238728538155556,28673.65625,5498.009765625,-0.0005255189607851207,0.02943622134625912,1597.625610351562
N030,Noise,AFLB3,0.4999397695064545,4.275336323189549e-05,0.4999906122684479,7.543261745013297e-05,39.65737533569336,7.961679671097954e-07,-0.0001901034120237455,0.008205085061490536,248.3142700195312
N031,Noise,AFLB1,0.0007542447419837117,0.003840508870780468,0.1147309839725494,0.2347660809755325,16512.826171875,184.3152465820312,-0.001298412098549306,0.02740607224404812,693.7607421875
N031,Noise,AFLB2,0.044428750872612,0.03182535991072655,0.02423570305109024,0.1252271384000778,19045.953125,2584.458740234375,-0.0001704361638985574,0.02852066233754158,1499.364135742188
N031,Noise,AFLB3,0.4999255836009979,5.54903490410652e-05,0.4999898970127106,8.37414336274378e-05,39.59517669677734,5.39774021035555e-07,0.000188134639756754,0.008283793926239014,253.0958557128906
N032,Noise,AFLB1,0.0004575682687573135,0.00233631394803524,0.1143976524472237,0.2345538139343262,16780.90234375,217.8035888671875,-0.001140200067311525,0.02667002379894257,656.72314453125
N032,Noise,AFLB2,0.04831527173519135,0.03184157982468605,0.02564753405749798,0.1240758150815964,23538.76171875,3100.9033203125,0.0001325134508078918,0.02812913991510868,1458.461547851562
N032,Noise,AFLB3,0.4999327659606934,4.420869299792685e-05,0.4999895393848419,8.177162089850754e-05,39.59091949462891,5.84678048198839e-07,0.000209918012842536,0.00797427911311388,234.577392578125
N033,Noise,AFLB1,0.0005142109002918005,0.003131868783384562,0.09599768370389938,0.2480571866035461,18478.3125,229.3118438720703,-0.0009622530196793377,0.02646975964307785,646.5706787109375
N033,Noise,AFLB2,0.06723207980394363,0.0502370186150074,0.02493736892938614,0.1239939704537392,27776.68359375,3571.467041015625,-0.0003323816636111587,0.03087387047708035,1757.13427734375
N033,Noise,AFLB3,0.4999116659164429,4.978870856575668e-05,0.4999878406524658,9.395479719387367e-05,39.64818954467773,5.454860456666211e-07,-0.0002673455455806106,0.008774773217737675,284.1039123535156
N034,Noise,AFLB1,0.0001512301241746172,0.001493861898779869,0.1068053022027016,0.2399028241634369,17592.375,219.6450653076172,-0.000978826661594212,0.02389300055801868,527.0018310546875
N034,Noise,AFLB2,0.04576307162642479,0.04101570695638657,0.02472553960978985,0.1247783228754997,26421.19921875,4293.1767578125,-0.0008633812540210783,0.03071186318993568,1739.91455078125
N034,Noise,AFLB3,0.4999229311943054,5.296865856507793e-05,0.4999897480010986,8.259707101387903e-05,39.66623306274414,5.390235742197547e-07,-0.0003929039812646806,0.008264300413429737,252.3452911376953
N035,Noise,AFLB1,0.0003478840517345816,0.003232893534004688,0.09436199814081192,0.2493256032466888,16279.638671875,180.7674865722656,-0.001233440241776407,0.02581899613142014,615.7596435546875
N035,Noise,AFLB2,0.0401451364159584,0.03542357310652733,0.02471583895385265,0.1244078502058983,22852.587890625,2973.1298828125,0.0002059755061054602,0.02834541909396648,1481.020751953125
N035,Noise,AFLB3,0.4999309182167053,4.666440872824751e-05,0.499990314245224,8.210401574615389e-05,39.63204574584961,5.956746349511377e-07,-9.688903810456395e-05,0.008071915246546268,240.2250366210938
N036,Noise,AFLB1,0.000240461333305575,0.001805011881515384,0.134278729557991,0.2230336964130402,15215.55078125,95.58454895019531,-0.001048673642799258,0.02279619686305523,479.938232421875
N036,Noise,AFLB2,0.01964264549314976,0.02158694341778755,0.02388234436511993,0.124659925699234,22351.20703125,3225.2998046875,-0.0005901942495256662,0.02937792986631393,1591.439208984375
N036,Noise,AFLB3,0.4999168813228607,5.085615339339711e-05,0.4999917447566986,8.156291005434468e-05,39.56291580200195,8.826140174278407e-07,-0.0002791547158267349,0.008959433063864708,296.1999206542969
N037,Noise,AFLB1,0.0002609497751109302,0.001771828741766512,0.0983634814620018,0.2459498196840286,15713.447265625,133.2696990966797,-0.001085737021639943,0.02469678968191147,563.19921875
N037,Noise,AFLB2,0.03083835355937481,0.02440149150788784,0.02375568449497223,0.1245545819401741,25114.41015625,3191.9921875,-0.0006028290372341871,0.02964879386126995,1620.9365234375
N037,Noise,AFLB3,0.4999216794967651,4.966886262991466e-05,0.4999888837337494,9.414386295247823e-05,39.72930145263672,6.051607783774671e-07,-0.0001804267958505079,0.00836251862347126,257.9162902832031
N038,Noise,AFLB1,0.0002258814929518849,0.00183985591866076,0.1188841387629509,0.2317634224891663,15893.66796875,187.2749328613281,-0.001005146186798811,0.02579152956604958,613.982177734375
N038,Noise,AFLB2,0.0269473809748888,0.02342873811721802,0.02368243597447872,0.1252612322568893,23371.771484375,2844.340576171875,-0.0003787330642808229,0.03041867911815643,1705.769897460938
N038,Noise,AFLB3,0.499931126832962,5.049688843428157e-05,0.4999895393848419,8.652492397231981e-05,39.72885131835938,4.381608107451029e-07,-0.0001943210227182135,0.008175032213330269,246.5055389404297
N039,Noise,AFLB1,8.49154603201896e-05,0.001169027294963598,0.09746495634317398,0.2466875314712524,15110.544921875,68.5932388305664,-0.001205095439217985,0.02716319262981415,681.330810546875
N039,Noise,AFLB2,0.04392754286527634,0.03696461021900177,0.02422851324081421,0.1257411241531372,24743.296875,2688.498291015625,-0.0007322171586565673,0.03261464089155197,1961.627197265625
N039,Noise,AFLB3,0.4999152719974518,7.492524309782311e-05,0.4999885857105255,8.667809015605599e-05,39.86339950561523,4.801365207640629e-07,-0.0004394807328935713,0.009169397875666618,310.6566162109375
N040,Noise,AFLB1,0.0002487910678610206,0.00276385503821075,0.08797546476125717,0.2563024461269379,15748.6171875,99.2701416015625,-0.0008947295136749744,0.02614750899374485,630.8284912109375
N040,Noise,AFLB2,0.03730952739715576,0.0309024453163147,0.02400080859661102,0.1244508773088455,22322.9453125,3024.42138671875,-0.0002260330657009035,0.03016918897628784,1677.737915039062
N040,Noise,AFLB3,0.4999164938926697,6.028902134858072e-05,0.4999867975711823,9.950817911885679e-05,39.81227493286133,5.412300083662558e-07,-0.000317064841510728,0.008743551559746265,282.1947326660156
N041,Noise,AFLB1,0.0004293178499210626,0.002345373155549169,0.08572190999984741,0.2592522501945496,18723.4765625,299.2184753417969,-0.001078172004781663,0.02706309780478477,676.0615844726562
N041,Noise,AFLB2,0.04596329107880592,0.03847992420196533,0.02394638024270535,0.1251928508281708,21741.677734375,2708.5927734375,-0.0004538455395959318,0.02914225682616234,1565.756103515625
N041,Noise,AFLB3,0.4999211728572845,5.89463634241838e-05,0.4999874532222748,9.25916901906021e-05,39.64876937866211,5.330883254828223e-07,-8.083783905021846e-05,0.008310394361615181,254.6166687011719
N042,Noise,AFLB1,0.0001959766232175753,0.001279149670153856,0.1094812378287315,0.2382485568523407,15676.9208984375,99.07539367675781,-0.0009984468342736363,0.02498554810881615,576.2529296875
N042,Noise,AFLB2,0.03681199997663498,0.03180693835020065,0.02343013323843479,0.1249299123883247,23499.76171875,3280.65283203125,-0.0003491092356853187,0.02922306954860687,1574.295043945312
N042,Noise,AFLB3,0.4999177157878876,5.465260255732574e-05,0.499988317489624,9.334115748060867e-05,39.73651885986328,5.810954348817177e-07,-0.0003362160932738334,0.008542061783373356,269.401611328125
N043,Noise,AFLB1,0.0001800067839212716,0.001433330238796771,0.09927589446306229,0.2455475032329559,16258.5927734375,149.5937194824219,-0.0008552244398742914,0.02700882777571678,672.9598999023438
N043,Noise,AFLB2,0.03499212488532066,0.02807766757905483,0.0247103925794363,0.1245013028383255,22231.9140625,3284.802978515625,-0.00031593709718436,0.02991685830056667,1649.881958007812
N043,Noise,AFLB3,0.4999249279499054,5.440587119664997e-05,0.499989241361618,8.104234439088032e-05,39.71614074707031,5.922886998632748e-07,1.409570359101053e-05,0.008366779424250126,258.0597839355469
N044,Noise,AFLB1,0.000303781678667292,0.002113176276907325,0.1297482401132584,0.225563257932663,14745.798828125,94.92420196533203,-0.00132671685423702,0.02691099047660828,669.0462036132812
N044,Noise,AFLB2,0.0383833646774292,0.03228350356221199,0.02533740736544132,0.1246023550629616,22419.169921875,3340.50244140625,-0.0005867595318704844,0.02898937277495861,1549.629760742188
N044,Noise,AFLB3,0.4999134242534637,6.099143502069637e-05,0.4999866485595703,0.0001007276587188244,39.6937141418457,4.610265023075044e-07,-0.000227323078433983,0.009005594067275524,299.16015625
N045,Noise,AFLB1,0.0001217618337250315,0.001272388035431504,0.1216230317950249,0.2304996699094772,15133.75,78.41773223876953,-0.001100229448638856,0.02370191551744938,518.852783203125
N045,Noise,AFLB2,0.07154559344053268,0.05465409159660339,0.02396594174206257,0.1248885169625282,30515.244140625,4763.310546875,-0.0005356909241527319,0.03030777722597122,1693.621215820312
N045,Noise,AFLB3,0.499902755022049,5.856919233337976e-05,0.4999871551990509,9.089457307709381e-05,39.72143173217773,5.245943270892894e-07,-0.000544124050065875,0.008748415857553482,283.2292175292969
N046,Noise,AFLB1,0.0003015489492099732,0.002060730010271072,0.0941339060664177,0.2494338303804398,17127.7578125,183.5905303955078,-0.0009621777571737766,0.02669442445039749,657.5782470703125
N046,Noise,AFLB2,0.03785382211208344,0.02829476818442345,0.02476449869573116,0.1243517249822617,20102.626953125,2702.645263671875,0.0007819317397661507,0.02947026491165161,1601.93994140625
N046,Noise,AFLB3,0.4999303221702576,5.236102151684463e-05,0.4999895095825195,8.799561328487471e-05,39.7072639465332,5.992764045004151e-07,-1.706726106931455e-05,0.008460753597319126,263.8896789550781
N047,Noise,AFLB1,0.0004549042496364564,0.003203022759407759,0.1409820467233658,0.2190537452697754,14928.1748046875,116.105354309082,-0.0008112743962556124,0.02583318203687668,615.639404296875
N047,Noise,AFLB2,0.0337844155728817,0.02699007093906403,0.02411782182753086,0.1244545057415962,21467.658203125,2912.522216796875,0.0002457127848174423,0.02917302399873734,1568.794677734375
N047,Noise,AFLB3,0.4999357163906097,4.447716128197499e-05,0.4999902248382568,8.301751950057223e-05,39.85486602783203,6.114624966357951e-07,0.0001488779089413583,0.008383035659790039,259.14453125
N048,Noise,AFLB1,0.0004703596350736916,0.004682501312345266,0.0920807346701622,0.2513222694396973,16791.416015625,116.2161102294922,-0.001032806816510856,0.02836310863494873,742.37890625
N048,Noise,AFLB2,0.05180105939507484,0.0432979092001915,0.02416974306106567,0.1252898871898651,21565.970703125,2793.564208984375,-0.0001505043765064329,0.03086680732667446,1756.168579101562
N048,Noise,AFLB3,0.4999125599861145,6.334815407171845e-05,0.4999881088733673,8.750992856221274e-05,39.80807495117188,5.343840712157544e-07,-7.341403397731483e-05,0.00893379282206297,294.2412414550781
N049,Noise,AFLB1,0.0001166720467153937,0.001332091516815126,0.09430977702140808,0.2494283318519592,13871.4736328125,111.1318435668945,-0.001495475065894425,0.02574820071458817,613.0541381835938
N049,Noise,AFLB2,0.03727976977825165,0.03646068647503853,0.02213875390589237,0.1259501725435257,26428.625,3516.117919921875,-0.0008924016146920621,0.02996439859271049,1656.412841796875
N049,Noise,AFLB3,0.4999308288097382,4.470709609449841e-05,0.4999886751174927,8.921483822632581e-05,39.69440841674805,5.601154384748952e-07,-0.0004262638976797462,0.007889198139309883,230.1093444824219
N050,Noise,AFLB1,0.000189539001439698,0.001416531740687788,0.09009744971990585,0.2537066638469696,15819.6689453125,139.3036956787109,-0.0008321524946950376,0.02762190625071526,703.7910766601562
N050,Noise,AFLB2,0.03599302470684052,0.03017490915954113,0.02489081025123596,0.1241148337721825,22318.60546875,3034.32763671875,-0.0003672131279017776,0.02994702942669392,1653.275634765625
N050,Noise,AFLB3,0.4999224841594696,5.290483750286512e-05,0.4999889433383942,9.054061229107901e-05,39.87356567382812,6.541744141941308e-07,-1.818234704842325e-05,0.008367846719920635,258.1261291503906
N051,Noise,AFLB1,0.0002479589602444321,0.001663043862208724,0.0824572816491127,0.2655716240406036,17541.46875,189.1579437255859,-0.0009130762773565948,0.02642539143562317,644.3228149414062
N051,Noise,AFLB2,0.03206836432218552,0.03007855266332626,0.02320992201566696,0.1250127255916595,24444.919921875,3659.44091796875,-0.0002133447269443423,0.02997546270489693,1656.25146484375
N051,Noise,AFLB3,0.4999286830425262,5.267654341878369e-05,0.4999888837337494,8.80699953995645e-05,39.66257095336914,5.461164960252063e-07,-0.0002761220675893128,0.0086525222286582,276.2676086425781
N052,Noise,AFLB1,0.0001252444344572723,0.00120453059207648,0.09083008766174316,0.2530393004417419,15707.587890625,179.4250183105469,-0.001228924607858062,0.02519644796848297,586.479736328125
N052,Noise,AFLB2,0.02864892035722733,0.02767793089151382,0.02381805516779423,0.1246907562017441,25336.658203125,4110.3173828125,-0.0007654701475985348,0.03061350248754025,1728.502075195312
N052,Noise,AFLB3,0.4999189376831055,4.852806159760803e-05,0.4999882876873016,8.9961540652439e-05,39.73780822753906,5.866723995495704e-07,-0.0003343847347423434,0.008055215701460838,239.6097717285156
N053,Noise,AFLB1,0.0001042047879309393,0.0008594359969720244,0.1523416638374329,0.2124725580215454,14851.701171875,228.4957427978516,-0.0007318740244954824,0.02395534701645374,529.3617553710938
N053,Noise,AFLB2,0.02929234877228737,0.02618407271802425,0.02339030615985394,0.1251381784677505,28345.48046875,4914.6533203125,-0.001607915037311614,0.030234320089221,1689.660400390625
N053,Noise,AFLB3,0.4999272525310516,4.538275970844552e-05,0.4999884068965912,8.724097278900445e-05,39.68905258178711,6.450489422604733e-07,-0.0004329202638473362,0.008408574387431145,261.3345947265625
N054,Noise,AFLB1,0.0002272855199407786,0.001822977676056325,0.09763941913843155,0.2463630735874176,16774.498046875,169.4505157470703,-0.0007973095052875578,0.02542895637452602,596.5217895507812
N054,Noise,AFLB2,0.03928298503160477,0.02858209796249866,0.02257777750492096,0.1259802132844925,24124.076171875,3069.311767578125,-0.0003179943596478552,0.02960626594722271,1615.808349609375
N054,Noise,AFLB3,0.4999151527881622,6.455522816395387e-05,0.4999888241291046,8.329484262503684e-05,39.79778289794922,4.438935832240531e-07,-0.0001788731024134904,0.008683081716299057,278.0574035644531
N055,Noise,AFLB1,0.0001525083498563617,0.001090347766876221,0.08100377768278122,0.2701051235198975,17279.48828125,157.5354461669922,-0.001053571584634483,0.02741117775440216,693.488037109375
N055,Noise,AFLB2,0.04266024753451347,0.03332401439547539,0.0255501065403223,0.1238762885332108,19371.458984375,2380.800537109375,0.0007305655744858086,0.02941134944558144,1595.40234375
N055,Noise,AFLB3,0.4999272525310516,5.761901411460713e-05,0.4999882280826569,9.081653843168169e-05,39.81642532348633,4.978905394636968e-07,-0.0001392959238728508,0.008520177565515041,267.679931640625
N056,Noise,AFLB1,0.0006612701690755785,0.003020683536306024,0.1055435612797737,0.2406314164400101,22818.703125,517.4609985351562,-0.001196080003865063,0.02721908688545227,684.1122436523438
N056,Noise,AFLB2,0.0236225351691246,0.02323860302567482,0.02710222452878952,0.1231940090656281,25206.830078125,3712.82275390625,8.258657180704176e-05,0.03008384071290493,1668.177734375
N056,Noise,AFLB3,0.4999324977397919,4.269678174750879e-05,0.4999916851520538,8.771297143539414e-05,39.62671279907227,7.258790901687462e-07,3.648603887995705e-05,0.008841055445373058,288.1495971679688
N057,Noise,AFLB1,0.0003171315765939653,0.002002706751227379,0.08916210383176804,0.2548839151859283,17013.28515625,234.3257141113281,-0.001252804882824421,0.02602643333375454,625.7154541015625
N057,Noise,AFLB2,0.04703937843441963,0.03764798492193222,0.02520213462412357,0.1245637610554695,25621.4765625,3467.915771484375,-0.001200669561512768,0.0288065243512392,1532.173583984375
N057,Noise,AFLB3,0.499918669462204,5.266524385660887e-05,0.4999897480010986,8.591224468545988e-05,39.56199645996094,5.413137387222378e-07,-8.289453398901969e-05,0.00822898093611002,249.6540832519531
N058,Noise,AFLB1,0.0002018923551077023,0.001493996824137866,0.1135730221867561,0.2353795766830444,14860.787109375,140.8376770019531,-0.0008875411585904658,0.02413766086101532,537.6747436523438
N058,Noise,AFLB2,0.03883590176701546,0.03571190685033798,0.02314480394124985,0.1248465701937675,30793.82421875,4820.115234375,-0.001296209986321628,0.02927722595632076,1583.0068359375
N058,Noise,AFLB3,0.4999258518218994,3.983523856732063e-05,0.4999892711639404,8.396070188609883e-05,39.57964324951172,6.813397703808732e-07,-0.0003179733757860959,0.008272377774119377,252.6413269042969
N059,Noise,AFLB1,0.0002278317260788754,0.001450399053283036,0.09665694832801819,0.2473469823598862,16046.58984375,98.81813049316406,-0.001088757766410708,0.0242804978042841,544.4148559570312
N059,Noise,AFLB2,0.03994286432862282,0.04122843593358994,0.02366557158529758,0.125203862786293,23366.28125,3468.291015625,-0.0006449627690017223,0.02910410612821579,1562.04736328125
N059,Noise,AFLB3,0.4999198317527771,5.170664735487662e-05,0.4999874830245972,9.374090586788952e-05,39.62776565551758,5.623325591841422e-07,-0.0002655824646353722,0.008386930450797081,259.5635986328125
N060,Noise,AFLB1,0.0001380755857098848,0.001041109440848231,0.133753702044487,0.223183810710907,14565.5869140625,111.2454528808594,-0.001024194061756134,0.02358690835535526,513.6917114257812
N060,Noise,AFLB2,0.02643518149852753,0.0258444007486105,0.02469581551849842,0.1246865019202232,24655.01953125,3754.68896484375,-0.001152453944087029,0.02913928031921387,1567.504760742188
N060,Noise,AFLB3,0.4999278783798218,4.549192090053111e-05,0.4999886453151703,8.962010906543583e-05,39.64612197875977,5.742560915678041e-07,-0.0004607300506904721,0.008278341963887215,253.4149932861328
N061,Noise,AFLB1,0.000198894296772778,0.001955980202183127,0.08729645609855652,0.257146030664444,14985.7119140625,87.1272964477539,-0.001434698351658881,0.02577812783420086,614.3110961914062
N061,Noise,AFLB2,0.02940070442855358,0.03253792971372604,0.02417123503983021,0.1249620988965034,24118.056640625,3376.1279296875,-0.0003507984802126884,0.02924570068717003,1576.736206054688
N061,Noise,AFLB3,0.4999283850193024,4.30872205470223e-05,0.4999887645244598,9.040731674758717e-05,39.5430793762207,6.000806820338767e-07,-0.0004202324780635536,0.00840584933757782,261.1257629394531
N062,Noise,AFLB1,0.0009192884899675846,0.004203609190881252,0.09703781455755234,0.2472420185804367,17023.96484375,258.6321411132812,-0.001041216077283025,0.02618462219834328,632.8798828125
N062,Noise,AFLB2,0.0558428131043911,0.04140046983957291,0.02542328648269176,0.1242503970861435,20947.45703125,3077.1259765625,-0.0004508346028160304,0.02939783409237862,1593.328247070312
N062,Noise,AFLB3,0.4999271631240845,5.379122740123421e-05,0.4999887049198151,8.532949141226709e-05,39.53754806518555,5.608035849036241e-07,-8.329002594109625e-05,0.008373633958399296,258.5076599121094
N063,Noise,AFLB1,0.0006799108814448118,0.003730545286089182,0.1235341802239418,0.2291691899299622,17523.673828125,221.1085052490234,-0.001135536818765104,0.02735237032175064,690.685302734375
N063,Noise,AFLB2,0.03451156616210938,0.02840583957731724,0.02608438022434711,0.1233700439333916,23645.982421875,3308.39599609375,4.43519493273925e-05,0.03019372932612896,1680.377807617188
N063,Noise,AFLB3,0.4999350607395172,4.24630670750048e-05,0.4999914169311523,7.43283744668588e-05,39.74080276489258,6.526737479362055e-07,0.0002079510159092024,0.008849004283547401,288.822509765625
N064,Noise,AFLB1,0.0003749215975403786,0.002132299588993192,0.1268524825572968,0.2271050065755844,15103.3203125,136.1040191650391,-0.001027300371788442,0.02493516355752945,573.9888305664062
N064,Noise,AFLB2,0.02728617005050182,0.02619261108338833,0.02550386823713779,0.1238920763134956,21405.814453125,2934.36572265625,1.583430503160344e-06,0.02809334918856621,1454.720336914062
N064,Noise,AFLB3,0.4999383091926575,4.281992005417123e-05,0.4999899566173553,8.140662976074964e-05,39.59833908081055,6.16816407728038e-07,0.0001916055043693632,0.008126363158226013,243.5769958496094
N065,Noise,AFLB1,0.001421495457179844,0.006905668415129185,0.1128622889518738,0.2359446436166763,15819.8876953125,132.1120452880859,-0.001697031548246741,0.02763022296130657,706.23046875
N065,Noise,AFLB2,0.04415262490510941,0.03220635280013084,0.02556543983519077,0.1240400448441505,18395.919921875,2255.356689453125,-1.693096419330686e-05,0.02787338756024837,1432.030029296875
N065,Noise,AFLB3,0.4999376833438873,4.32402994192671e-05,0.4999909102916718,7.762753375573084e-05,39.7145881652832,6.36971265066677e-07,3.235409531043842e-05,0.007648372557014227,215.6494140625
N066,Noise,AFLB1,0.0001370292156934738,0.001272269524633884,0.08886853605508804,0.2553291022777557,16094.33984375,74.29751586914062,-0.001067521516233683,0.02405975013971329,534.5382690429688
N066,Noise,AFLB2,0.04036673530936241,0.03041010349988937,0.02653705514967442,0.1237451732158661,28861.078125,6744.71826171875,-0.001420323154889047,0.03059050627052784,1728.54638671875
N066,Noise,AFLB3,0.4999119937419891,3.956593718612567e-05,0.4999885559082031,8.9214627223555e-05,39.5100212097168,7.033176530057972e-07,-0.0003698133223224431,0.008566996082663536,271.0616760253906
N067,Noise,AFLB1,0.0002921953273471445,0.001672259182669222,0.1308562904596329,0.2247826606035233,19093.640625,383.7626342773438,-0.0007945941761136055,0.02858145907521248,753.436767578125
N067,Noise,AFLB2,0.03286027163267136,0.02469146996736526,0.02585357427597046,0.1234751790761948,15775.1748046875,1861.604370117188,0.001096063177101314,0.02854548767209053,1504.136352539062
N067,Noise,AFLB3,0.4999369382858276,4.526205520960502e-05,0.4999910593032837,8.711739064892754e-05,39.69744873046875,6.86857106302341e-07,0.0001733302051434293,0.008310136385262012,254.6875
N068,Noise,AFLB1,0.0004112128808628768,0.002924190601333976,0.08654514700174332,0.2582685053348541,17164.541015625,203.9630584716797,-0.001588508603163064,0.02781553938984871,715.3712768554688
N068,Noise,AFLB2,0.04827858507633209,0.03560249879956245,0.02473221160471439,0.1244105771183968,23918.296875,3037.916015625,-0.0003308278683107346,0.0280587449669838,1451.340576171875
N068,Noise,AFLB3,0.4999243021011353,4.558060027193278e-05,0.4999903440475464,8.702445484232157e-05,39.66039657592773,5.967401648376836e-07,0.0001438740728190169,0.00800353940576315,236.2147216796875
N069,Noise,AFLB1,0.0007587170694023371,0.004294986370950937,0.09064946323633194,0.2531539499759674,19117.19921875,205.9166870117188,-0.001605383004061878,0.02715465798974037,681.9403076171875
N069,Noise,AFLB2,0.03674319759011269,0.02518464811146259,0.02769395709037781,0.1230613067746162,17364.05078125,2023.891479492188,0.0002519666741136461,0.02739828638732433,1383.744873046875
N069,Noise,AFLB3,0.4999401867389679,4.094255200470798e-05,0.4999924898147583,7.451324927387759e-05,39.59597396850586,6.663044018750952e-07,0.0001422953646397218,0.007728856988251209,220.2826232910156
N070,Noise,AFLB1,0.0002580327854957432,0.001398250344209373,0.08708041906356812,0.2574782073497772,18317.0859375,138.2747497558594,-0.001345157506875694,0.02657012082636356,652.290771484375
N070,Noise,AFLB2,0.0639299750328064,0.04583612084388733,0.02997426502406597,0.1230026930570602,22569.595703125,2707.56103515625,-0.0002280170447193086,0.02726208604872227,1370.001342773438
N070,Noise,AFLB3,0.4999350011348724,4.327058559283614e-05,0.4999909698963165,7.065324462018907e-05,39.68431854248047,4.498204191349942e-07,-0.000150795400259085,0.00735546974465251,199.5288696289062
N071,Noise,AFLB1,0.0001786072243703529,0.0009356155060231686,0.08075186610221863,0.2712536752223969,18349.486328125,98.4445571899414,-0.001084800693206489,0.02736191265285015,691.0626831054688
N071,Noise,AFLB2,0.04943155869841576,0.03551137074828148,0.03192662075161934,0.1216579079627991,21157.421875,3074.7666015625,9.232759111910127e-06,0.02818819135427475,1464.559204101562
N071,Noise,AFLB3,0.4999275803565979,4.681486097979359e-05,0.4999896585941315,7.758290303172544e-05,39.64212417602539,4.918795184494229e-07,-0.0002398577053099871,0.007786680478602648,223.7273254394531
N072,Noise,AFLB1,0.0001498462079325691,0.001088208518922329,0.08664391189813614,0.2582789659500122,17162.986328125,63.66096115112305,-0.001284492202103138,0.02639339119195938,643.517333984375
N072,Noise,AFLB2,0.03360194340348244,0.02256718836724758,0.02691078931093216,0.1231682077050209,20513.859375,2726.064208984375,1.928548044816125e-05,0.02811410836875439,1456.87158203125
N072,Noise,AFLB3,0.4999419748783112,4.05853679694701e-05,0.4999902248382568,7.292584632523358e-05,39.74813461303711,6.202224085427588e-07,-0.0001662245340412483,0.007976347580552101,234.638427734375
N073,Noise,AFLB1,0.0005112665821798146,0.003024134552106261,0.08875000476837158,0.2555763423442841,19324.16015625,197.8443908691406,-0.0009747593430802226,0.02645520865917206,645.88330078125
N073,Noise,AFLB2,0.0349062904715538,0.03614681586623192,0.02826623618602753,0.1227637380361557,19863.087890625,2193.4580078125,-0.0004571258905343711,0.0276483278721571,1409.382568359375
N073,Noise,AFLB3,0.4999362230300903,3.934811684302986e-05,0.4999909400939941,7.348309736698866e-05,39.72062683105469,5.959441295999568e-07,0.0001126092247432098,0.007609002757817507,213.4779510498047
N074,Noise,AFLB1,0.0001648467150516808,0.001508101471699774,0.08588247746229172,0.2592320442199707,17073.734375,107.6413726806641,-0.001397786545567214,0.02576864510774612,613.7642822265625
N074,Noise,AFLB2,0.03926508501172066,0.02619604580104351,0.02940190397202969,0.122351236641407,21314.197265625,2473.866943359375,-4.445486774784513e-05,0.02973277680575848,1629.462524414062
N074,Noise,AFLB3,0.4999336898326874,3.869625652441755e-05,0.4999905526638031,7.169078890001401e-05,39.72020721435547,5.770359052803542e-07,-0.000347187597071752,0.007596633862704039,213.1822357177734
N075,Noise,AFLB1,0.0003871028020512313,0.002195029985159636,0.1064041331410408,0.2404302954673767,17178.037109375,166.3662261962891,-0.000950073532294482,0.02637112513184547,641.7459106445312
N075,Noise,AFLB2,0.03870612755417824,0.02850962802767754,0.02605522237718105,0.1237503737211227,20660.296875,2409.69580078125,-0.0002567071933299303,0.0276090744882822,1405.120849609375
N075,Noise,AFLB3,0.4999328553676605,4.476414324017242e-05,0.4999906718730927,7.221738633234054e-05,39.6819953918457,5.213881308918644e-07,7.578202348668128e-05,0.007633550558239222,214.8317260742188
N076,Noise,AFLB1,0.0004365320492070168,0.002181623596698046,0.09614721685647964,0.2477032393217087,17968.408203125,181.1142578125,-0.00120430183596909,0.02642643079161644,644.9417724609375
N076,Noise,AFLB2,0.03272825106978416,0.02741328440606594,0.03145822510123253,0.1213223487138748,18753.169921875,2143.379638671875,8.694754797033966e-05,0.02747972868382931,1391.879638671875
N076,Noise,AFLB3,0.4999410510063171,3.877770359395072e-05,0.4999918043613434,7.022671343293041e-05,39.68292236328125,6.219765396053845e-07,7.901675417087972e-05,0.007453307043761015,204.8091278076172
N077,Noise,AFLB1,0.0004951205919496715,0.002504659118130803,0.100349098443985,0.2444125860929489,16006.310546875,172.2288513183594,-0.001028877799399197,0.02570554241538048,609.9456787109375
N077,Noise,AFLB2,0.04329900443553925,0.03803585842251778,0.0279435608536005,0.1227583289146423,21258.935546875,2339.7451171875,-0.0006728848093189299,0.0271987859159708,1364.385986328125
N077,Noise,AFLB3,0.4999358057975769,4.011876080767252e-05,0.4999907910823822,7.147879659896716e-05,39.66178512573242,5.351578806767066e-07,9.089193190447986e-05,0.007770493626594543,222.6174011230469
N078,Noise,AFLB1,0.0003057541034650058,0.002027296461164951,0.1178264394402504,0.2329781651496887,15992.8212890625,78.26799774169922,-0.001175062730908394,0.0246439054608345,560.9805297851562
N078,Noise,AFLB2,0.03676316514611244,0.02891281433403492,0.03205038979649544,0.1217717677354813,20411.38671875,2738.062744140625,-0.0005923773860558867,0.02666393108665943,1311.097900390625
N078,Noise,AFLB3,0.499939888715744,3.910364466719329e-05,0.4999910891056061,6.510738603537902e-05,39.61752319335938,5.790702743979637e-07,1.959149994945619e-05,0.007404058706015348,202.0901947021484
N079,Noise,AFLB1,0.0003014836984220892,0.001806024229153991,0.09773782640695572,0.2464911937713623,17767.755859375,122.8599090576172,-0.000506396172568202,0.0297826211899519,817.6996459960938
N079,Noise,AFLB2,0.05245988070964813,0.03098836727440357,0.02578785084187984,0.1235006526112556,20428.203125,2363.38720703125,0.0004095638869330287,0.02968477457761765,1624.510864257812
N079,Noise,AFLB3,0.4999054074287415,6.210421270225197e-05,0.4999894201755524,8.535714005120099e-05,39.81186294555664,6.31458931366069e-07,-0.0002248118980787694,0.00878276489675045,284.5439758300781
N080,Noise,AFLB1,0.0004368092049844563,0.002712571760639548,0.1071342751383781,0.239644855260849,15968.3125,87.92164611816406,-0.0008559853886254132,0.02706986665725708,676.003173828125
N080,Noise,AFLB2,0.03668994084000587,0.02542699687182903,0.02878150343894958,0.1228974163532257,16892.48828125,1940.790771484375,-0.0003402837901376188,0.02797081135213375,1442.27099609375
N080,Noise,AFLB3,0.4999299049377441,4.406945299706422e-05,0.4999914467334747,6.355457298923284e-05,39.5738639831543,5.312427902026684e-07,2.741303796938155e-05,0.007714143488556147,219.3730773925781
N081,Noise,AFLB1,0.0004581584653351456,0.002314746147021651,0.09488096088171005,0.2490658611059189,16553.802734375,71.47209167480469,-0.0008893880294635892,0.02550192922353745,600.0900268554688
N081,Noise,AFLB2,0.02495225518941879,0.02262957766652107,0.02930593676865101,0.12176264077425,20255.47265625,2697.688232421875,-0.0001545256382087246,0.02731000818312168,1374.769775390625
N081,Noise,AFLB3,0.4999387562274933,3.882434248225763e-05,0.4999909102916718,6.92407411406748e-05,39.80072784423828,6.978443707339466e-07,3.461491724010557e-05,0.007963741198182106,233.8002319335938
N082,Noise,AFLB1,0.0001867516402853653,0.001432448858395219,0.09283625334501266,0.2509881854057312,16065.494140625,90.52635192871094,-0.001416015205904841,0.02538843080401421,595.8859252929688
N082,Noise,AFLB2,0.06113722547888756,0.04540335386991501,0.02886749245226383,0.1231483295559883,27754.333984375,3371.20166015625,-0.0008347764960490167,0.02755202353000641,1400.483276367188
N082,Noise,AFLB3,0.49992635846138,4.619956962415017e-05,0.4999898672103882,7.675838423892856e-05,39.61442184448242,5.029430667491397e-07,-0.0002819221990648657,0.007841289974749088,226.9543762207031
N083,Noise,AFLB1,0.0003413395315874368,0.00180846790317446,0.0936521366238594,0.2503703534603119,18684.732421875,286.5274353027344,-0.001022496027871966,0.0255071222782135,600.5687255859375
N083,Noise,AFLB2,0.02590649574995041,0.02740711718797684,0.02948331832885742,0.1220265924930573,18972.55859375,2160.3017578125,-0.0003678133070934564,0.0271660927683115,1360.524658203125
N083,Noise,AFLB3,0.4999462962150574,3.532875052769668e-05,0.4999902248382568,7.877678581280634e-05,39.55426025390625,6.355216441988887e-07,3.787270179600455e-05,0.007663910277187824,216.5279083251953
N084,Noise,AFLB1,0.0002701821213122457,0.001721077598631382,0.09160283207893372,0.2516258358955383,17778.52734375,178.5173034667969,-0.0009425436146557331,0.02843617089092731,746.0391235351562
N084,Noise,AFLB2,0.05361774936318398,0.02999476343393326,0.03050597198307514,0.1217494159936905,15789.560546875,1703.40087890625,0.0004122619575355202,0.02812127396464348,1457.927001953125
N084,Noise,AFLB3,0.4999350905418396,4.669248301070184e-05,0.4999899864196777,7.869907858548686e-05,39.71319580078125,5.662503781422856e-07,-0.0002053560747299343,0.007982124574482441,235.0318603515625
N085,Noise,AFLB1,0.0006432596128433943,0.003005953738465905,0.148210346698761,0.2148008644580841,14537.3955078125,223.4486236572266,-0.001460329745896161,0.02649804390966892,649.0634155273438
N085,Noise,AFLB2,0.05074651166796684,0.03939888253808022,0.0210635494440794,0.1265813261270523,39274.9921875,7180.66552734375,-0.00169107154943049,0.03393019363284111,2127.269775390625
N085,Noise,AFLB3,0.4998989999294281,6.038443825673312e-05,0.4999873340129852,0.000100288430985529,39.65644836425781,6.812985589021991e-07,-0.0002999650023411959,0.009243026375770569,315.27392578125
N086,Noise,AFLB1,4.093369716429152e-05,0.0005667193909175694,0.09881453961133957,0.245822936296463,13934.412109375,64.82666778564453,-0.001506894826889038,0.02745150029659271,696.5966186523438
N086,Noise,AFLB2,0.04772897437214851,0.03446955978870392,0.0212621483951807,0.1260472983121872,37853.0,7849.0986328125,-0.001418174360878766,0.03650882095098495,2460.497314453125
N086,Noise,AFLB3,0.4998775124549866,6.658458732999861e-05,0.4999873340129852,0.0001080369183910079,39.86977386474609,7.473760206266888e-07,-8.706602966412902e-05,0.009870260022580624,359.1645202636719
N087,Noise,AFLB1,0.0002945085579995066,0.001891814870759845,0.1212996244430542,0.2304805517196655,18646.8984375,507.1679382324219,-0.001241962774656713,0.02785886824131012,716.6905517578125
N087,Noise,AFLB2,0.03923448175191879,0.03383804485201836,0.02070513926446438,0.1271265149116516,33156.4921875,4770.18994140625,-0.001256503514014184,0.03454414755105972,2202.39697265625
N087,Noise,AFLB3,0.4999028444290161,6.763119745301083e-05,0.499988466501236,0.000103106714959722,39.86709976196289,5.389424018176214e-07,-0.0001722977613098919,0.009982754476368427,367.4790344238281
N088,Noise,AFLB1,0.0001589849416632205,0.001312874373979867,0.09392296522855759,0.249893844127655,21268.34375,371.1296081542969,-0.001481058076024055,0.02950680814683437,804.4141845703125
N088,Noise,AFLB2,0.04568574950098991,0.03529014065861702,0.0226658433675766,0.1260161250829697,35848.23046875,8030.67333984375,-0.0006982467602938414,0.03298976644873619,2006.898559570312
N088,Noise,AFLB3,0.4999058544635773,5.711213452741504e-05,0.4999881684780121,0.0001086666743503883,39.61787796020508,5.912041274314106e-07,-0.0005287694511935115,0.00934412982314825,322.9004516601562
N089,Noise,AFLB1,0.0003124902723357081,0.002103295642882586,0.09680070728063583,0.2470803409814835,27165.8671875,1368.382446289062,-0.001024119090288877,0.02885031886398792,768.0519409179688
N089,Noise,AFLB2,0.05269827321171761,0.03450046852231026,0.02056410908699036,0.1270761638879776,26910.5859375,3445.9453125,-8.800559589872137e-05,0.03263622522354126,1963.249267578125
N089,Noise,AFLB3,0.4999017715454102,7.352054672082886e-05,0.4999887049198151,0.0001107065254473127,39.9262580871582,5.202858801567345e-07,-0.0003525282954797149,0.009906300343573093,362.2221984863281
N090,Noise,AFLB1,0.0004143794649280608,0.002302115084603429,0.1355019807815552,0.2225096970796585,21020.279296875,549.872802734375,-0.0009007125627249479,0.02738717570900917,692.0005493164062
N090,Noise,AFLB2,0.04882901534438133,0.03460989519953728,0.02071517892181873,0.1268509030342102,27061.71875,4245.04296875,0.0002519447589293122,0.03305356577038765,2013.883544921875
N090,Noise,AFLB3,0.4998882114887238,8.21636276668869e-05,0.4999886453151703,0.0001059636924765073,39.89359283447266,6.57686825888959e-07,-0.0002231532707810402,0.01015951950103045,380.6784057617188
N091,Noise,AFLB1,0.0003842003643512726,0.002965987427160144,0.1039892956614494,0.2417170256376266,18122.986328125,389.6262817382812,-0.001175282523036003,0.0264660082757473,646.807373046875
N091,Noise,AFLB2,0.05234820768237114,0.0392213873565197,0.01988217420876026,0.1277332454919815,36146.69140625,5742.51513671875,-9.190665150526911e-05,0.03567526489496231,2345.901611328125
N091,Noise,AFLB3,0.4998891055583954,7.650721090612933e-05,0.4999890625476837,9.680705261416733e-05,39.82500457763672,5.774657552137796e-07,-0.0002930983027908951,0.01009814813733101,376.2283935546875
N092,Noise,AFLB1,0.000506963930092752,0.003035043133422732,0.127225250005722,0.2271328121423721,19818.357421875,598.2616577148438,-0.001087814336642623,0.02777056023478508,711.8321533203125
N092,Noise,AFLB2,0.03891097381711006,0.03405104205012321,0.02276277728378773,0.1258205026388168,31002.3515625,5654.42578125,-0.0007141094538383186,0.03205982968211174,1895.441040039062
N092,Noise,AFLB3,0.4999201595783234,6.120525358710438e-05,0.4999902248382568,9.261844388674945e-05,39.74538040161133,6.855442507003318e-07,-8.134020754368976e-05,0.00912680383771658,307.0961608886719
N093,Noise,AFLB1,0.0002749917039182037,0.002098667901009321,0.1396014243364334,0.2204270660877228,20426.35546875,591.29248046875,-0.0009413505904376507,0.02587622217833996,617.9005737304688
N093,Noise,AFLB2,0.08125761151313782,0.05269291624426842,0.02189676277339458,0.1259386390447617,34424.6796875,5500.95361328125,-0.0009443208109587431,0.03293918073177338,2001.49658203125
N093,Noise,AFLB3,0.499905914068222,5.636667992803268e-05,0.4999881982803345,9.635338938096538e-05,39.719970703125,6.830712777627923e-07,-0.000414477864978835,0.009418725967407227,327.6626892089844
N094,Noise,AFLB1,0.0002449090534355491,0.002214733278378844,0.1258422881364822,0.2276178896427155,18477.7734375,511.4049987792969,-0.001133758923970163,0.0260434914380312,626.272216796875
N094,Noise,AFLB2,0.04205220192670822,0.03447238728404045,0.02169987559318542,0.1263312250375748,31420.18359375,5303.955078125,-0.0008416781201958656,0.03310485929250717,2021.327026367188
N094,Noise,AFLB3,0.499902755022049,7.03882978996262e-05,0.4999882876873016,0.0001091064696083777,39.90494155883789,5.856612688148743e-07,-0.0001633201609365642,0.009530617855489254,334.9439086914062
N095,Noise,AFLB1,0.0002845989656634629,0.002188992453739047,0.1568512320518494,0.2105890512466431,16835.708984375,340.5889587402344,-0.001169352559372783,0.02611465938389301,629.7687377929688
N095,Noise,AFLB2,0.05453106388449669,0.03601854294538498,0.02148138731718063,0.1263122707605362,26690.86328125,4424.2275390625,-0.000139501818921417,0.03426017984747887,2163.51025390625
N095,Noise,AFLB3,0.4999101758003235,6.604909867746755e-05,0.4999901056289673,9.657278860686347e-05,39.83017730712891,7.973502533786814e-07,-0.0003850333450827748,0.009487297385931015,332.35498046875
N096,Noise,AFLB1,0.0007304599857889116,0.003965883981436491,0.1029067263007164,0.2424825131893158,16291.98046875,264.0514831542969,-0.001134908408857882,0.02600822038948536,624.5826416015625
N096,Noise,AFLB2,0.07101894170045853,0.04334519430994987,0.02402606047689915,0.1244262680411339,30425.337890625,4333.9345703125,-0.000749781378544867,0.03054659441113472,1720.915893554688
N096,Noise,AFLB3,0.4999251365661621,4.554691622615792e-05,0.4999885559082031,9.246181434718892e-05,39.74907684326172,7.295588488887006e-07,-0.0003230471629649401,0.007971355691552162,234.6278381347656
N097,Noise,AFLB1,0.0002146596671082079,0.002082535298541188,0.0900525450706482,0.2536068260669708,22885.611328125,523.9303588867188,-0.001334954053163528,0.03011868894100189,837.6583862304688
N097,Noise,AFLB2,0.04396562650799751,0.03717244043946266,0.02200210280716419,0.1259110271930695,25915.291015625,3561.350830078125,0.0001764335174812004,0.03275837376713753,1978.015625
N097,Noise,AFLB3,0.4999105334281921,6.506167119368911e-05,0.4999889433383942,0.000106220024463255,39.84980392456055,5.846117119290284e-07,0.0001183573040179908,0.009837129153311253,356.7813110351562
N098,Noise,AFLB1,0.0002369951253058389,0.002001783577725291,0.139932855963707,0.2191194295883179,17646.861328125,397.822998046875,-0.001158471219241619,0.02459455281496048,558.705322265625
N098,Noise,AFLB2,0.03301142156124115,0.02915137633681297,0.02150955982506275,0.1261686533689499,41817.09375,9710.724609375,-0.001244594343006611,0.03348278999328613,2069.261474609375
N098,Noise,AFLB3,0.4999222755432129,5.385990880313329e-05,0.4999898374080658,8.4615261584986e-05,39.67937088012695,7.974726372594887e-07,-0.0002300518099218607,0.009185518138110638,311.2304992675781
N099,Noise,AFLB1,0.0005405221600085497,0.002754247980192304,0.1290257424116135,0.2254519164562225,19216.080078125,507.6243591308594,-0.001370014855638146,0.02688911557197571,668.0692138671875
N099,Noise,AFLB2,0.05996008589863777,0.03703166171908379,0.0224920604377985,0.1261229068040848,28863.96875,4887.07568359375,-0.0005133274244144559,0.03190187364816666,1876.36474609375
N099,Noise,AFLB3,0.499903678894043,7.601254765177146e-05,0.4999895095825195,0.0001034594170050696,39.69749069213867,5.039387360739056e-07,0.0002525119052734226,0.009774792939424515,352.4579772949219
N100,Noise,AFLB1,0.0002539423876442015,0.001547076157294214,0.1439910084009171,0.2175267487764359,17179.34375,392.7700500488281,-0.001252016169019043,0.02640949562191963,644.2251586914062
N100,Noise,AFLB2,0.05650609359145164,0.03326209634542465,0.02201076783239841,0.1261669099330902,33561.30859375,6148.3896484375,-0.0004899502382613719,0.03086452186107635,1756.309326171875
N100,Noise,AFLB3,0.4999209642410278,5.783562301076017e-05,0.4999902248382568,9.325812425231561e-05,39.65464019775391,6.508265641969047e-07,0.0002588521456345916,0.008932269178330898,294.3680114746094
