Image_ID,Degradation,Layer,mean,std,min,max,l1,l2,energy,numel
R001,Rain,encoder_level1,-0.001371665974147618,0.06574761122465134,-0.3262603282928467,0.4198622703552246,351732.4375,178.5626859467005,31884.6328125,7372800
R001,Rain,encoder_level2,-0.003825671970844269,0.1198135614395142,-0.9215710163116455,0.9236493110656738,332458.59375,230.159285876108,52973.296875,3686400
R001,Rain,encoder_level3,0.01723472774028778,0.471760094165802,-2.635833263397217,3.401015996932983,688140.9375,640.9100219609613,410765.65625,1843200
R001,Rain,latent,0.007259232923388481,2.865499496459961,-17.85263061523438,15.17969226837158,2079432.25,2750.888220193616,7567386.0,921600
R001,Rain,decoder_level3,-0.01282745320349932,1.190356612205505,-6.536414623260498,6.931293487548828,1734011.0,1616.175578332998,2612023.5,1843200
R001,Rain,decoder_level2,0.01729743741452694,0.296163022518158,-1.559300661087036,1.836235523223877,856236.5625,569.6019992064635,324446.4375,3686400
R001,Rain,decoder_level1,-0.0003206168184988201,0.04039158672094345,-0.4090709090232849,0.3115846514701843,397789.5,155.1085872159404,24058.673828125,14745600
R001,Rain,refinement,9.978590969694778e-05,0.01375436875969172,-0.8376654982566833,0.4422212243080139,100370.1640625,52.81816722551531,2789.7587890625,14745600
R001,Rain,AFLB1_output,0.0002265258808620274,0.03455587849020958,-0.4279901683330536,0.467938095331192,17322.11328125,33.17435702266417,1100.537963867188,921600
R001,Rain,AFLB2_output,-0.001929227611981332,0.03343820199370384,-0.7276653051376343,0.4319532215595245,43066.2734375,45.47270171831117,2067.7666015625,1843200
R001,Rain,AFLB3_output,0.0009267014102078974,0.009151034988462925,-0.05236634984612465,0.1099185645580292,24337.990234375,17.65984822295516,311.8702392578125,3686400
R002,Rain,encoder_level1,-0.003940064460039139,0.06704699993133545,-0.3420215845108032,0.3116405308246613,337149.21875,182.3661324095019,33257.40625,7372800
R002,Rain,encoder_level2,0.0009122607298195362,0.1020777672529221,-1.038183689117432,1.067678928375244,270569.40625,195.9971300810295,38414.875,3686400
R002,Rain,encoder_level3,-3.534423058226821e-06,0.4202522337436676,-2.846570253372192,3.989437103271484,607252.125,570.5533224423463,325531.09375,1843200
R002,Rain,latent,-0.0225482601672411,2.835282325744629,-15.96419906616211,19.79821968078613,2060996.5,2721.957108405641,7409050.5,921600
R002,Rain,decoder_level3,-0.04448266699910164,1.138279795646667,-6.565523147583008,7.523714065551758,1656955.0,1546.559488024951,2391846.25,1843200
R002,Rain,decoder_level2,0.01723846979439259,0.2826477587223053,-1.401064157485962,1.961143255233765,827643.25,543.6920371405121,295601.03125,3686400
R002,Rain,decoder_level1,0.0001071097140084021,0.03946675360202789,-0.2732822895050049,0.2991089820861816,382871.1875,151.5528862930363,22968.27734375,14745600
R002,Rain,refinement,0.0003964953357353806,0.01195244491100311,-0.5430080890655518,0.3934961557388306,89610.2890625,45.92263524379209,2108.888427734375,14745600
R002,Rain,AFLB1_output,0.0008100423729047179,0.03376629576086998,-0.5800187587738037,0.5344327688217163,16963.568359375,32.42497161416934,1051.378784179688,921600
R002,Rain,AFLB2_output,-0.003105199662968516,0.03208164498209953,-1.146910786628723,0.4114062488079071,40964.40625,43.75903087595891,1914.852783203125,1843200
R002,Rain,AFLB3_output,0.0009244373068213463,0.008923938497900963,-0.04363344982266426,0.2080278545618057,23698.48046875,17.225648360099,296.7229614257812,3686400
R003,Rain,encoder_level1,-0.000758926325943321,0.07618598639965057,-0.3772614300251007,0.396573007106781,393828.09375,206.8773130535342,42798.22265625,7372800
R003,Rain,encoder_level2,-0.002422338118776679,0.1233545765280724,-0.8964381217956543,0.9669917225837708,323203.4375,236.8864525595544,56115.19140625,3686400
R003,Rain,encoder_level3,-0.01308459788560867,0.4730778634548187,-2.853053092956543,3.509000062942505,668888.125,642.51741221542,412828.625,1843200
R003,Rain,latent,0.01233837101608515,2.854942560195923,-18.2313289642334,25.67683792114258,2014448.0,2740.770329670109,7511822.0,921600
R003,Rain,decoder_level3,-0.02373549900949001,1.208699822425842,-9.40807056427002,6.346292018890381,1752346.5,1641.301693778447,2693871.25,1843200
R003,Rain,decoder_level2,-4.325866757426411e-05,0.3164503574371338,-1.730877041816711,1.927383780479431,924843.0,607.5847163153464,369159.1875,3686400
R003,Rain,decoder_level1,-6.242001836653799e-05,0.04030312970280647,-0.2940896153450012,0.2654930353164673,392971.125,154.7641981572289,23951.95703125,14745600
R003,Rain,refinement,0.0002109951747115701,0.00889948382973671,-0.4945090711116791,0.2945303916931152,71310.390625,34.18362030945431,1168.519897460938,14745600
R003,Rain,AFLB1_output,-0.0005828158464282751,0.03149538114666939,-0.3727804124355316,0.4824219644069672,16026.3447265625,30.24074242543338,914.5025024414062,921600
R003,Rain,AFLB2_output,-0.001919823233038187,0.03252693265676498,-0.8751682639122009,0.4125045537948608,43047.12890625,44.23687928931936,1956.901489257812,1843200
R003,Rain,AFLB3_output,0.0005157810519449413,0.01017103809863329,-0.05079641938209534,0.1240767985582352,26683.9609375,19.55348499973254,382.3387756347656,3686400
R004,Rain,encoder_level1,-0.0007671831990592182,0.07603245228528976,-0.3767722249031067,0.3982027173042297,392909.6875,206.4606689238897,42626.0078125,7372800
R004,Rain,encoder_level2,-0.002361226594075561,0.12264484167099,-0.8976577520370483,0.9266464114189148,320315.5625,235.5217363243783,55470.48828125,3686400
R004,Rain,encoder_level3,-0.01055702846497297,0.4678990840911865,-2.819848299026489,3.50776195526123,661570.5,635.4025790788073,403736.4375,1843200
R004,Rain,latent,0.009678320959210396,2.835268259048462,-17.80349349975586,28.32959747314453,2001515.25,2721.873252008624,7408594.0,921600
R004,Rain,decoder_level3,-0.01515623833984137,1.200396060943604,-8.822248458862305,6.384401321411133,1738249.0,1629.84155671648,2656383.5,1843200
R004,Rain,decoder_level2,0.0002331203868379816,0.3032036125659943,-1.430729627609253,1.72835898399353,879481.6875,582.1511294328991,338899.9375,3686400
R004,Rain,decoder_level1,-0.0002082779537886381,0.03994855657219887,-0.2836916148662567,0.2707233428955078,385681.875,153.4045280255769,23532.94921875,14745600
R004,Rain,refinement,0.0002255052531836554,0.008318397216498852,-0.4656254351139069,0.3409595489501953,66399.328125,31.95437994173784,1021.082397460938,14745600
R004,Rain,AFLB1_output,-0.0005875934730283916,0.0315622016787529,-0.3929367363452911,0.3651373684406281,16034.6171875,30.30496140956388,918.3906860351562,921600
R004,Rain,AFLB2_output,-0.001812273752875626,0.03239405155181885,-0.8516435623168945,0.3929806649684906,42794.2578125,44.04839507176666,1940.261108398438,1843200
R004,Rain,AFLB3_output,0.0005476324004121125,0.009812957607209682,-0.04726269468665123,0.1247901096940041,25381.697265625,18.87019499192319,356.0842590332031,3686400
R005,Rain,encoder_level1,-0.002692592097446322,0.07549324631690979,-0.3760541081428528,0.3901824951171875,383931.78125,205.1164017850596,42072.73828125,7372800
R005,Rain,encoder_level2,0.002120606601238251,0.1191046759486198,-0.9125836491584778,0.9807678461074829,309283.96875,228.7172107647345,52311.5625,3686400
R005,Rain,encoder_level3,-0.03741976246237755,0.4852213859558105,-2.861112833023071,4.391901016235352,693404.3125,660.7144097490232,436543.53125,1843200
R005,Rain,latent,0.06770012527704239,3.055570125579834,-18.18400573730469,24.15725135803223,2201761.5,2934.06714306268,8608750.0,921600
R005,Rain,decoder_level3,0.01365080289542675,1.252955675125122,-7.642265319824219,7.913609981536865,1824621.0,1701.169891574619,2893979.0,1843200
R005,Rain,decoder_level2,0.01150384265929461,0.3279905915260315,-1.873627662658691,2.415191411972046,937446.4375,630.1291782245924,397062.78125,3686400
R005,Rain,decoder_level1,-0.0003097758162766695,0.04353206977248192,-0.3785468339920044,0.2957382798194885,418702.25,167.1673819671469,27944.93359375,14745600
R005,Rain,refinement,-0.0003060847811866552,0.02469622157514095,-0.9378246665000916,0.609582781791687,132470.0,94.84077425315284,8994.7724609375,14745600
R005,Rain,AFLB1_output,-0.0002083565923385322,0.03487161174416542,-0.4544144570827484,0.481747031211853,17794.859375,33.47734374088411,1120.732543945312,921600
R005,Rain,AFLB2_output,-0.0004980724188499153,0.03306455537676811,-0.6670492887496948,0.5727333426475525,45129.00390625,44.89501914623297,2015.562744140625,1843200
R005,Rain,AFLB3_output,0.0005451341858133674,0.01004993822425604,-0.06285451352596283,0.1335362195968628,26620.533203125,19.32424678148866,373.426513671875,3686400
R006,Rain,encoder_level1,-0.002589829498901963,0.07448295503854752,-0.3552107810974121,0.3741025924682617,371365.6875,202.3650399031414,40951.609375,7372800
R006,Rain,encoder_level2,-0.002219378715381026,0.1118349432945251,-1.087143659591675,0.9067491888999939,289413.125,214.7653606991826,46124.16015625,3686400
R006,Rain,encoder_level3,-0.01482259761542082,0.4461756944656372,-2.992634296417236,3.724433422088623,646539.875,606.0823995134655,367335.875,1843200
R006,Rain,latent,-0.01695792190730572,2.796428918838501,-16.96506118774414,17.18685150146484,2031637.5,2684.621109207033,7207190.5,921600
R006,Rain,decoder_level3,0.02319972962141037,1.291914463043213,-7.282183647155762,7.004542827606201,1880604.0,1754.2441392235,3077372.5,1843200
R006,Rain,decoder_level2,0.02243131026625633,0.2996487617492676,-1.406285524368286,2.231095790863037,876828.25,576.9353841635993,332854.4375,3686400
R006,Rain,decoder_level1,-0.0001859951007645577,0.04014090076088905,-0.279275506734848,0.2916776537895203,396139.75,154.1427212541189,23759.978515625,14745600
R006,Rain,refinement,0.0003462428576312959,0.0139849204570055,-0.6716057062149048,0.3918868601322174,102665.9140625,53.71855002871447,2885.6826171875,14745600
R006,Rain,AFLB1_output,0.0008544860174879432,0.03336451202630997,-0.4625802338123322,0.4162692427635193,16802.13671875,32.04043313484932,1026.58935546875,921600
R006,Rain,AFLB2_output,-0.001692882506176829,0.03947208821773529,-1.066841959953308,0.307635486125946,47375.59375,53.63834241793598,2877.07177734375,1843200
R006,Rain,AFLB3_output,0.001108883880078793,0.00950548704713583,-0.04537095874547958,0.1705689579248428,24945.890625,18.37430161167485,337.6149597167969,3686400
R007,Rain,encoder_level1,-0.001944181160070002,0.07390717417001724,-0.3885210752487183,0.4712949991226196,392837.625,200.7488324997184,40300.09375,7372800
R007,Rain,encoder_level2,-0.005435515660792589,0.1387362629175186,-1.080050945281982,0.9253959655761719,382027.75,266.5779963256533,71063.828125,3686400
R007,Rain,encoder_level3,0.006894717924296856,0.5306999087333679,-3.261653423309326,4.23946475982666,764780.5625,720.5629092938382,519210.90625,1843200
R007,Rain,latent,-0.02680662274360657,3.233975172042847,-24.79091262817383,19.2083568572998,2298693.25,3104.722531885901,9639302.0,921600
R007,Rain,decoder_level3,-0.01012895163148642,1.259454011917114,-7.191783428192139,7.65457010269165,1835355.375,1709.94678279764,2923918.0,1843200
R007,Rain,decoder_level2,0.02379732578992844,0.3084609806537628,-1.566766858100891,2.320652008056641,885588.25,594.0049452656098,352841.875,3686400
R007,Rain,decoder_level1,-0.0005231620161794126,0.04316728189587593,-0.3929349780082703,0.3135721981525421,424798.25,165.7745433374799,27481.19921875,14745600
R007,Rain,refinement,-0.0001593034830875695,0.02474286779761314,-0.9159838557243347,0.5783957242965698,144871.0625,95.01458050116571,9027.7705078125,14745600
R007,Rain,AFLB1_output,-0.0009515378624200821,0.03352420777082443,-0.3931994736194611,0.3872539699077606,17353.626953125,32.19620065961297,1036.595336914062,921600
R007,Rain,AFLB2_output,-0.001435942016541958,0.03325869888067245,-0.6439116597175598,0.4014002084732056,45172.77734375,45.19557381622812,2042.639892578125,1843200
R007,Rain,AFLB3_output,0.001034378306940198,0.009586161933839321,-0.05131694674491882,0.1223208606243134,25244.7734375,18.51226894690383,342.7041015625,3686400
R008,Rain,encoder_level1,-0.003726076101884246,0.0766034945845604,-0.3771086931228638,0.4366769790649414,402098.53125,208.2466142431852,43366.65234375,7372800
R008,Rain,encoder_level2,-0.00299048307351768,0.1400956809520721,-0.8771764039993286,1.036235570907593,382754.5625,269.0449689410676,72385.1953125,3686400
R008,Rain,encoder_level3,0.0008735895389690995,0.5499251484870911,-3.015520334243774,4.114694118499756,784177.0,746.6041035917228,557417.6875,1843200
R008,Rain,latent,-0.1077821552753448,3.307012796401978,-21.62689208984375,17.02883148193359,2343185.25,3176.418108498943,10089632.0,921600
R008,Rain,decoder_level3,-0.001611812389455736,1.273977994918823,-6.604460716247559,8.92280387878418,1850645.375,1729.611227993158,2991555.0,1843200
R008,Rain,decoder_level2,0.04225394502282143,0.32993483543396,-1.714120507240295,2.013792514801025,952436.0,638.6486710234352,407872.125,3686400
R008,Rain,decoder_level1,1.753403012116905e-05,0.04328583553433418,-0.3360475897789001,0.334490180015564,431855.1875,166.2176190269852,27628.296875,14745600
R008,Rain,refinement,-7.85902957431972e-05,0.02381600067019463,-0.7170760631561279,0.4935687184333801,167775.765625,91.453940550353,8363.8232421875,14745600
R008,Rain,AFLB1_output,-0.001012669410556555,0.03285295888781548,-0.3661803901195526,0.2998335361480713,17132.14453125,31.55382287129356,995.6437377929688,921600
R008,Rain,AFLB2_output,-0.001241834717802703,0.03296272829174995,-0.5724339485168457,0.528052031993866,45437.58203125,44.78343204950702,2005.555786132812,1843200
R008,Rain,AFLB3_output,0.001358637004159391,0.009731216356158257,-0.05689618736505508,0.1042425706982613,26726.849609375,18.86515662594627,355.8941345214844,3686400
R009,Rain,encoder_level1,-0.004308205097913742,0.07924491167068481,-0.4381278157234192,0.4516377747058868,416877.46875,215.4906646759901,46436.2265625,7372800
R009,Rain,encoder_level2,-0.005607158876955509,0.1409367173910141,-1.027947664260864,0.9742631316184998,381905.5,270.8125504846479,73339.4375,3686400
R009,Rain,encoder_level3,0.004227363970130682,0.5216381549835205,-2.747325658798218,4.456850051879883,741575.25,708.222709498926,501579.40625,1843200
R009,Rain,latent,-0.09493380039930344,2.883195638656616,-24.37006950378418,16.22188949584961,2027121.875,2769.367797891786,7669398.0,921600
R009,Rain,decoder_level3,-0.03951365873217583,1.164816498756409,-7.615047454833984,6.63824462890625,1698070.75,1582.316814041992,2503726.5,1843200
R009,Rain,decoder_level2,0.009494230151176453,0.2795142233371735,-1.408118844032288,1.905724883079529,821830.5625,536.9767802242477,288344.0625,3686400
R009,Rain,decoder_level1,4.815346619579941e-05,0.03965936973690987,-0.4167779386043549,0.3580676317214966,387621.53125,152.2920970126159,23192.8828125,14745600
R009,Rain,refinement,0.000160723298904486,0.0102918753400445,-0.5252007246017456,0.400558739900589,80897.8828125,39.52562027600737,1562.274658203125,14745600
R009,Rain,AFLB1_output,-0.0006665518740192056,0.02934830822050571,-0.3335001468658447,0.2867164611816406,15290.0908203125,28.18164218165236,794.2049560546875,921600
R009,Rain,AFLB2_output,-0.001897655776701868,0.03135934844613075,-0.5745742321014404,0.5619168877601624,42064.98046875,42.65273995402801,1819.256225585938,1843200
R009,Rain,AFLB3_output,0.0008216412970796227,0.009212033823132515,-0.04673918336629868,0.117576576769352,23854.5625,17.75731841179108,315.3223571777344,3686400
R010,Rain,encoder_level1,-0.0008332516881637275,0.07651800662279129,-0.3699665069580078,0.3692527115345001,396896.875,207.7808904531406,43172.8984375,7372800
R010,Rain,encoder_level2,-0.004561372101306915,0.1229829713702202,-0.887021541595459,0.9020494222640991,327238.9375,236.2896626759199,55832.8046875,3686400
R010,Rain,encoder_level3,-0.01998408883810043,0.4757408499717712,-3.117717981338501,3.461035013198853,682713.5625,646.4567850985865,417906.375,1843200
R010,Rain,latent,0.05663034692406654,2.94275975227356,-17.49954414367676,31.7226734161377,2094778.25,2825.572242927085,7983858.5,921600
R010,Rain,decoder_level3,-0.04483194276690483,1.234655141830444,-7.242257118225098,7.687223434448242,1796916.0,1677.328158113373,2813429.75,1843200
R010,Rain,decoder_level2,0.01541835349053144,0.3220152854919434,-1.529176235198975,2.144938468933105,929963.625,618.9776853813067,383133.375,3686400
R010,Rain,decoder_level1,-0.0003566862142179161,0.04237519577145576,-0.3461554944515228,0.3250202536582947,413566.46875,162.7265128021553,26479.91796875,14745600
R010,Rain,refinement,-8.2625783761614e-06,0.01715712808072567,-0.6507147550582886,0.4661577343940735,117695.3359375,65.88338270905267,4340.6201171875,14745600
R010,Rain,AFLB1_output,-0.0004460631171241403,0.03357502073049545,-0.4643853306770325,0.4030997157096863,16988.443359375,32.23486351423331,1039.08642578125,921600
R010,Rain,AFLB2_output,-0.002440996933728456,0.03192231431603432,-0.6267721652984619,0.3735674023628235,43889.859375,43.46568891989692,1889.26611328125,1843200
R010,Rain,AFLB3_output,0.0009305691928602755,0.01016159262508154,-0.05075740069150925,0.1346016079187393,26597.244140625,19.59189646835044,383.8424072265625,3686400
R011,Rain,encoder_level1,-0.003835223848000169,0.07876712083816528,-0.3662828505039215,0.3852262198925018,431427.03125,214.1289677828528,45851.21484375,7372800
R011,Rain,encoder_level2,-0.007813007570803165,0.1454552412033081,-0.7306244373321533,0.7862967252731323,405393.8125,279.6766687846879,78219.0390625,3686400
R011,Rain,encoder_level3,-0.002822778420522809,0.5619757175445557,-2.425374746322632,3.401830911636353,808484.75,762.973213815531,582128.125,1843200
R011,Rain,latent,-0.164517343044281,3.147357225418091,-23.28715133666992,17.5078296661377,2215205.5,3025.588042017617,9154183.0,921600
R011,Rain,decoder_level3,-0.01775941625237465,1.225752234458923,-7.446691513061523,7.207798957824707,1784503.5,1664.311118751539,2769931.5,1843200
R011,Rain,decoder_level2,0.03343067690730095,0.315914511680603,-1.612945795059204,1.980599164962769,909643.4375,609.9425690177724,372029.9375,3686400
R011,Rain,decoder_level1,-9.066415805136785e-05,0.04212270677089691,-0.3059721887111664,0.3306117951869965,422050.875,161.7515636999377,26163.568359375,14745600
R011,Rain,refinement,-0.0001912501611514017,0.01961912214756012,-0.6499348282814026,0.4744522571563721,148172.109375,75.3410118488347,5676.26806640625,14745600
R011,Rain,AFLB1_output,-0.00100131263025105,0.03053597919642925,-0.3084330558776855,0.2823107540607452,16060.349609375,29.3302955210404,860.2662353515625,921600
R011,Rain,AFLB2_output,-0.001355786342173815,0.03102758713066578,-0.5104795098304749,0.3841374218463898,43580.859375,42.16464514026755,1777.857299804688,1843200
R011,Rain,AFLB3_output,0.001077248598448932,0.009014411829411983,-0.05106743797659874,0.07595314085483551,25195.861328125,17.43081766702342,303.8334045410156,3686400
R012,Rain,encoder_level1,-0.002044154331088066,0.07075461745262146,-0.3832227289676666,0.3560221791267395,365944.96875,192.1994610099102,36940.6328125,7372800
R012,Rain,encoder_level2,0.001582563971169293,0.127032607793808,-0.8657717704772949,1.042193412780762,340315.3125,243.9215181800286,59497.70703125,3686400
R012,Rain,encoder_level3,-0.01429407298564911,0.517778754234314,-3.213982343673706,4.045760631561279,734938.0,703.2275814059059,494529.03125,1843200
R012,Rain,latent,-0.01293200999498367,3.167660713195801,-21.1864128112793,28.98095321655273,2264675.5,3040.979611901402,9247557.0,921600
R012,Rain,decoder_level3,-0.005202920641750097,1.255372524261475,-6.356052875518799,7.476847648620605,1830576.625,1704.364837703477,2904859.5,1843200
R012,Rain,decoder_level2,0.01857533119618893,0.3022478222846985,-1.589573860168457,2.147049903869629,865898.25,581.4107035908438,338038.40625,3686400
R012,Rain,decoder_level1,-0.0003030840598512441,0.04120087996125221,-0.3657760322093964,0.3092828094959259,401203.9375,158.2156607687747,25032.1953125,14745600
R012,Rain,refinement,-3.857958654407412e-05,0.0164001826196909,-0.8012187480926514,0.519833505153656,101271.4921875,62.97687990321329,3966.08740234375,14745600
R012,Rain,AFLB1_output,8.797706686891615e-05,0.0358673520386219,-0.512418806552887,0.4493557512760162,18227.302734375,34.43276396653339,1185.615234375,921600
R012,Rain,AFLB2_output,-0.001946473377756774,0.03528115153312683,-0.8471129536628723,0.4886133670806885,45445.1796875,47.97211918135366,2301.32421875,1843200
R012,Rain,AFLB3_output,0.00096138846129179,0.00972241535782814,-0.05101780965924263,0.1359813809394836,24859.28515625,18.75807768710922,351.865478515625,3686400
R013,Rain,encoder_level1,-0.002315951511263847,0.06107935681939125,-0.3798052370548248,0.361379861831665,315327.84375,165.9673466566541,27545.16015625,7372800
R013,Rain,encoder_level2,0.001795485848560929,0.119471438229084,-1.255157828330994,1.144119262695312,316845.0625,229.4110666467509,52629.4375,3686400
R013,Rain,encoder_level3,-0.003596096998080611,0.5306969881057739,-3.761310338973999,5.757910251617432,745196.75,720.5146814951102,519141.40625,1843200
R013,Rain,latent,0.06755947321653366,3.547201633453369,-29.72648811340332,31.29718399047852,2557741.5,3405.931003411549,11600366.0,921600
R013,Rain,decoder_level3,-0.01220769993960857,1.320767998695374,-7.449270725250244,7.42636251449585,1925604.0,1793.210807462413,3215605.0,1843200
R013,Rain,decoder_level2,0.02362742833793163,0.3402515053749084,-1.587058067321777,2.137973785400391,966888.1875,654.8561149214383,428836.53125,3686400
R013,Rain,decoder_level1,-0.00107459828723222,0.04540740698575974,-0.4190035164356232,0.3803621828556061,452114.625,174.4132630510794,30419.986328125,14745600
R013,Rain,refinement,-0.0001839596370700747,0.02495377510786057,-0.9160352945327759,0.5509361624717712,134206.6875,95.8251021148034,9182.4501953125,14745600
R013,Rain,AFLB1_output,-0.0004449335101526231,0.04605353996157646,-0.946749210357666,0.7757309675216675,22119.88671875,44.21345899219702,1954.829956054688,921600
R013,Rain,AFLB2_output,-0.002112207468599081,0.03811349719762802,-2.028272151947021,0.4989520907402039,47870.30078125,51.82400072149245,2685.72705078125,1843200
R013,Rain,AFLB3_output,0.001052840030752122,0.01062539499253035,-0.08105923980474472,0.2537634372711182,27402.197265625,20.50066244404144,420.2771606445312,3686400
R014,Rain,encoder_level1,-0.00287285097874701,0.07386449724435806,-0.3864965438842773,0.4151953458786011,375171.9375,200.7151569233126,40286.57421875,7372800
R014,Rain,encoder_level2,0.002384239342063665,0.1109664365649223,-0.9592864513397217,0.9730073809623718,285149.21875,213.1047277748666,45413.625,3686400
R014,Rain,encoder_level3,-0.0268599409610033,0.4461820721626282,-2.855922222137451,4.445358276367188,643175.625,606.8535140377783,368271.1875,1843200
R014,Rain,latent,0.0465984083712101,2.84985089302063,-17.88933372497559,23.65629386901855,2054934.5,2736.222487298867,7486913.5,921600
R014,Rain,decoder_level3,0.01549716666340828,1.181568264961243,-6.691192626953125,7.748034477233887,1718151.125,1604.288315733802,2573741.0,1843200
R014,Rain,decoder_level2,0.01058655604720116,0.3044522404670715,-1.796432137489319,2.201668500900269,872732.75,584.9015942874494,342109.875,3686400
R014,Rain,decoder_level1,-0.0002191720413975418,0.04087952524423599,-0.3476545810699463,0.3058274984359741,395064.625,156.9796339298509,24642.60546875,14745600
R014,Rain,refinement,6.968346133362502e-05,0.01531855296343565,-0.7944014668464661,0.4351429045200348,99136.65625,58.82385235148026,3460.24560546875,14745600
R014,Rain,AFLB1_output,9.59297685767524e-05,0.03282723948359489,-0.4354296624660492,0.4267993271350861,16650.728515625,31.51428383208507,993.1500854492188,921600
R014,Rain,AFLB2_output,-0.00087623210856691,0.03090332821011543,-0.6273902654647827,0.4384775459766388,42367.23046875,41.97261098909844,1761.700073242188,1843200
R014,Rain,AFLB3_output,0.0006522070616483688,0.009545107372105122,-0.05962833017110825,0.1280823051929474,24868.9140625,18.3693373901277,337.4325561523438,3686400
R015,Rain,encoder_level1,-0.001085554948076606,0.05998401343822479,-0.4169668853282928,0.3374288082122803,283408.625,162.9006659075555,26536.626953125,7372800
R015,Rain,encoder_level2,0.0004635496879927814,0.1172354444861412,-1.224840641021729,0.9003415107727051,318493.375,225.0938085693385,50667.22265625,3686400
R015,Rain,encoder_level3,-0.001290827873162925,0.5307132601737976,-3.227004528045654,4.763472557067871,755580.6875,720.5223148869159,519152.40625,1843200
R015,Rain,latent,0.04633600264787674,3.55671215057373,-18.98854637145996,23.81390571594238,2584396.25,3414.733518153357,11660405.0,921600
R015,Rain,decoder_level3,-0.004906140267848969,1.221229195594788,-6.806523323059082,8.777189254760742,1766156.375,1658.009122411575,2748994.25,1843200
R015,Rain,decoder_level2,0.02001640759408474,0.3559831976890564,-1.940133094787598,2.376507759094238,1017402.125,684.5673588113883,468632.46875,3686400
R015,Rain,decoder_level1,-0.000503605988342315,0.04784553125500679,-0.4109392464160919,0.3222529292106628,470962.0,183.7370212253099,33759.29296875,14745600
R015,Rain,refinement,-0.0005481737898662686,0.02650542184710503,-0.8878722786903381,0.5311532616615295,144269.03125,101.8025864188258,10363.7666015625,14745600
R015,Rain,AFLB1_output,-0.0003242362581659108,0.04676824063062668,-0.7557911276817322,0.603955090045929,22433.337890625,44.89858907339127,2015.88330078125,921600
R015,Rain,AFLB2_output,-0.002444174140691757,0.03731327131390572,-1.241618275642395,0.5405510663986206,44642.84375,50.76674071565581,2577.261962890625,1843200
R015,Rain,AFLB3_output,0.0008759012562222779,0.01113491598516703,-0.07159869372844696,0.1595054119825363,28999.375,21.44508196597401,459.8915405273438,3686400
R016,Rain,encoder_level1,-0.004310674034059048,0.08275400102138519,-0.3930181264877319,0.4613228142261505,433712.21875,225.0057551347298,50627.58984375,7372800
R016,Rain,encoder_level2,-0.002886460162699223,0.1445271670818329,-1.045218825340271,1.078963994979858,405589.3125,277.5475043798809,77032.6171875,3686400
R016,Rain,encoder_level3,0.0003237861965317279,0.565575897693634,-3.034769535064697,3.702654600143433,811479.125,767.8514667564294,589595.875,1843200
R016,Rain,latent,-0.09020161628723145,3.172881603240967,-19.66184425354004,16.93869018554688,2289265.0,3047.196908635869,9285409.0,921600
R016,Rain,decoder_level3,0.002042380860075355,1.218180298805237,-7.338661193847656,7.913441181182861,1772360.0,1653.858669898973,2735248.5,1843200
R016,Rain,decoder_level2,0.02295931056141853,0.3071179091930389,-1.644752383232117,1.974596500396729,893288.5,591.3118360898926,349649.6875,3686400
R016,Rain,decoder_level1,0.000158132694195956,0.04114142432808876,-0.4524794220924377,0.2958338558673859,409659.1875,157.9842382367621,24959.01953125,14745600
R016,Rain,refinement,4.548461583908647e-05,0.01586068607866764,-0.6802819967269897,0.6200681924819946,114729.578125,60.90527994353199,3709.453125,14745600
R016,Rain,AFLB1_output,-9.041478188009933e-05,0.03553517907857895,-0.5222029089927673,0.3766591250896454,18138.30078125,34.11388218904164,1163.756958007812,921600
R016,Rain,AFLB2_output,-0.001259631710126996,0.033365648239851,-0.8679278492927551,0.3657060563564301,43822.71484375,45.33097683634779,2054.8974609375,1843200
R016,Rain,AFLB3_output,0.001104867202229798,0.00992389302700758,-0.05459367856383324,0.1329310238361359,25702.7109375,19.17160041444563,367.5502624511719,3686400
R017,Rain,encoder_level1,-0.00177719967905432,0.08460693806409836,-0.4141642451286316,0.3939104080200195,450160.375,229.7830498535521,52800.25,7372800
R017,Rain,encoder_level2,-0.01592122949659824,0.1349586397409439,-0.8624644875526428,0.8304095268249512,386408.34375,260.9174618054529,68077.921875,3686400
R017,Rain,encoder_level3,-0.004427947103977203,0.525175154209137,-3.225883960723877,3.65617561340332,747453.75,713.0267789501318,508407.1875,1843200
R017,Rain,latent,-0.05880941078066826,2.704092979431152,-20.12038421630859,15.20132160186768,1928136.625,2596.542990208327,6742035.5,921600
R017,Rain,decoder_level3,-0.01556665450334549,1.153360962867737,-6.8643798828125,7.054686546325684,1675094.0,1565.997365898168,2452347.75,1843200
R017,Rain,decoder_level2,-0.0004463375953491777,0.3246988654136658,-1.802927494049072,1.987623453140259,960934.0,623.4224340284844,388655.53125,3686400
R017,Rain,decoder_level1,0.0002167435450246558,0.03989114984869957,-0.3269215226173401,0.2710195481777191,396723.78125,153.1842742418425,23465.421875,14745600
R017,Rain,refinement,-0.0001381870970362797,0.01024767104536295,-0.5319587588310242,0.3304557204246521,79732.671875,39.35463262914546,1548.787109375,14745600
R017,Rain,AFLB1_output,0.0002683566708583385,0.02865033037960529,-0.4099163413047791,0.2811221778392792,14703.1953125,27.50552257225186,756.5537719726562,921600
R017,Rain,AFLB2_output,-0.001641320530325174,0.03042538277804852,-0.6210599541664124,0.5722540020942688,41364.03515625,41.36693003342918,1711.222900390625,1843200
R017,Rain,AFLB3_output,0.0001984694972634315,0.009497610852122307,-0.05984392762184143,0.1096614375710487,26924.93359375,18.23939268606937,332.6754455566406,3686400
R018,Rain,encoder_level1,-0.003165585687384009,0.08394741266965866,-0.3710664510726929,0.3734172284603119,443227.9375,228.1035863237358,52031.24609375,7372800
R018,Rain,encoder_level2,-0.009876653552055359,0.1329164505004883,-0.8538815975189209,1.054947972297668,367809.125,255.9031494042229,65486.421875,3686400
R018,Rain,encoder_level3,-0.001582101220265031,0.5141180753707886,-2.72466254234314,4.465368747711182,733611.0,697.9931500380216,487194.4375,1843200
R018,Rain,latent,-0.04250584170222282,2.895828723907471,-19.50233268737793,18.38880920410156,2074512.375,2780.294948382275,7730040.0,921600
R018,Rain,decoder_level3,-0.0324733778834343,1.267987608909607,-8.483850479125977,9.4596529006958,1839553.625,1722.041448397802,2965426.75,1843200
R018,Rain,decoder_level2,0.02755789458751678,0.3280561864376068,-1.670387744903564,2.575638294219971,934894.5,632.0863766131968,399533.1875,3686400
R018,Rain,decoder_level1,-0.0002677659213077277,0.04425995424389839,-0.3950492143630981,0.3254459500312805,434403.28125,169.9613294712212,28886.853515625,14745600
R018,Rain,refinement,-0.0004083518870174885,0.02426977269351482,-0.9030462503433228,0.5240791440010071,146520.09375,93.2091272690073,8687.94140625,14745600
R018,Rain,AFLB1_output,-0.0006052744574844837,0.03067819401621819,-0.3812899887561798,0.3271702527999878,15951.2607421875,29.45679685334736,867.702880859375,921600
R018,Rain,AFLB2_output,-0.001543782069347799,0.03232847899198532,-0.5632486939430237,0.4759644865989685,45108.9375,43.94061016508177,1930.777221679688,1843200
R018,Rain,AFLB3_output,0.00099494110327214,0.009641241282224655,-0.05701583996415138,0.1303613483905792,26163.095703125,18.60948979288692,346.3131103515625,3686400
R019,Rain,encoder_level1,-0.002072796924039721,0.06608203053474426,-0.3802722096443176,0.3837916553020477,349738.125,179.5201340118289,32227.478515625,7372800
R019,Rain,encoder_level2,-0.004882734268903732,0.1238617748022079,-0.976003885269165,1.125659942626953,336700.0,237.9993188671976,56643.67578125,3686400
R019,Rain,encoder_level3,0.01335763279348612,0.4888437688350677,-3.67844033241272,3.789894104003906,705397.0625,663.9240590986292,440795.15625,1843200
R019,Rain,latent,0.008239813148975372,2.98519229888916,-18.01223564147949,37.64270401000977,2162007.5,2865.795439315235,8212783.5,921600
R019,Rain,decoder_level3,0.0004872746067121625,1.185641288757324,-6.715741157531738,8.387434959411621,1724820.625,1609.680170095911,2591070.25,1843200
R019,Rain,decoder_level2,0.02343994937837124,0.2925227284431458,-1.552199125289917,2.156435489654541,839799.4375,563.4438470247057,317468.96875,3686400
R019,Rain,decoder_level1,-0.0005138845299370587,0.04176688939332962,-0.4137962460517883,0.3488581776618958,414098.375,160.396986752791,25727.193359375,14745600
R019,Rain,refinement,7.455597369698808e-05,0.02139731869101524,-0.9681805372238159,0.5332649350166321,120205.9375,82.16619852279585,6751.2841796875,14745600
R019,Rain,AFLB1_output,0.0002369551511947066,0.03629528358578682,-0.6468325853347778,0.4941391348838806,18039.900390625,34.84421419253579,1214.119262695312,921600
R019,Rain,AFLB2_output,-0.001769006252288818,0.03374661505222321,-0.7404251098632812,0.3623215854167938,42961.55078125,45.8788262624356,2104.86669921875,1843200
R019,Rain,AFLB3_output,0.001126153743825853,0.00947203952819109,-0.05472606047987938,0.1233687177300453,24142.271484375,18.31440053197765,335.4172668457031,3686400
R020,Rain,encoder_level1,-0.003588788444176316,0.07029453665018082,-0.460961639881134,0.4737612903118134,374926.5625,191.1186333962495,36526.33203125,7372800
R020,Rain,encoder_level2,-0.00611207028850913,0.1322208493947983,-0.944920539855957,0.8596174716949463,357941.90625,254.1351295324989,64584.6640625,3686400
R020,Rain,encoder_level3,-3.954781277570873e-05,0.5028777718544006,-3.047664642333984,3.599845409393311,719942.3125,682.7294714965805,466119.53125,1843200
R020,Rain,latent,-0.08572430163621902,3.015021324157715,-23.14081192016602,14.43767166137695,2114928.5,2895.590095300093,8384442.0,921600
R020,Rain,decoder_level3,-0.02344876155257225,1.196244120597839,-8.30416202545166,7.502557754516602,1743755.25,1624.38680738302,2638632.5,1843200
R020,Rain,decoder_level2,0.01750581711530685,0.2897326052188873,-1.588249444961548,2.113120555877686,835327.4375,557.3010855901862,310584.5,3686400
R020,Rain,decoder_level1,-0.000193959305761382,0.04038256406784058,-0.4195024967193604,0.3204050660133362,394634.59375,155.0708318499163,24046.962890625,14745600
R020,Rain,refinement,2.69137690338539e-05,0.01576238684356213,-0.8975574374198914,0.5592454671859741,103767.5546875,60.52765219044515,3663.5966796875,14745600
R020,Rain,AFLB1_output,-0.0009545113425701857,0.03034651093184948,-0.3110409379005432,0.2827239036560059,15736.515625,29.14705651211306,849.5509033203125,921600
R020,Rain,AFLB2_output,-0.001489971531555057,0.03181774541735649,-0.5856645107269287,0.5151616334915161,42971.95703125,43.24454106625772,1870.09033203125,1843200
R020,Rain,AFLB3_output,0.0007906504324637353,0.008921008557081223,-0.05127972364425659,0.107877291738987,23802.046875,17.19547577728023,295.6843872070312,3686400
R021,Rain,encoder_level1,-0.002826122101396322,0.07065504044294357,-0.3173035383224487,0.3235542774200439,362117.1875,192.0023396667343,36864.8984375,7372800
R021,Rain,encoder_level2,-0.001233757822774351,0.1116049960255623,-1.060029745101929,0.9521505236625671,268881.25,214.2946824760241,45922.2109375,3686400
R021,Rain,encoder_level3,-0.01835684478282928,0.3925650715827942,-2.534932374954224,4.729560375213623,565175.375,533.5464190208759,284671.78125,1843200
R021,Rain,latent,0.111168771982193,2.637356519699097,-22.73999977111816,18.26484870910645,1876291.25,2534.110494828511,6421716.0,921600
R021,Rain,decoder_level3,0.006720964796841145,1.040035367012024,-6.124326705932617,8.25974178314209,1474904.375,1412.02828406516,1993823.875,1843200
R021,Rain,decoder_level2,-0.001093745231628418,0.2736096084117889,-1.522140860557556,2.006494522094727,808425.8125,525.3346849866283,275976.53125,3686400
R021,Rain,decoder_level1,-0.0005905297002755105,0.04037163779139519,-0.2775304913520813,0.2762973308563232,387358.84375,155.0436745424495,24038.541015625,14745600
R021,Rain,refinement,0.0001004994410322979,0.008621709421277046,-0.5312192440032959,0.3338261842727661,67542.7890625,33.10961280294497,1096.246459960938,14745600
R021,Rain,AFLB1_output,0.0002909901959355921,0.02860643155872822,-0.3635112643241882,0.4242468178272247,14657.44140625,27.46359451050608,754.2490234375,921600
R021,Rain,AFLB2_output,-0.001932009588927031,0.02907223999500275,-0.6943649649620056,0.2576986849308014,36224.07421875,39.55684386404425,1564.743896484375,1843200
R021,Rain,AFLB3_output,0.0006757565424777567,0.009757750667631626,-0.05052387714385986,0.1689843237400055,23855.25,18.77975422366256,352.6791687011719,3686400
R022,Rain,encoder_level1,-0.002658047480508685,0.07615523040294647,-0.4461898505687714,0.3754077553749084,393633.75,206.9094382211696,42811.515625,7372800
R022,Rain,encoder_level2,-0.001450012670829892,0.1209632083773613,-1.12872052192688,0.936704695224762,322375.15625,232.2660533337793,53947.51953125,3686400
R022,Rain,encoder_level3,-0.009656401351094246,0.4839335083961487,-3.338645696640015,4.046951293945312,685913.375,657.1407050624698,431833.90625,1843200
R022,Rain,latent,-0.01242232043296099,2.861001491546631,-17.72875785827637,21.16382217407227,2046992.375,2746.587337042097,7543742.0,921600
R022,Rain,decoder_level3,-0.01570706814527512,1.262935042381287,-6.827445030212402,6.610569000244141,1836248.125,1714.750200466529,2940368.25,1843200
R022,Rain,decoder_level2,0.02058403007686138,0.3159676492214203,-1.635503053665161,2.008682727813721,906485.6875,607.943819361625,369595.6875,3686400
R022,Rain,decoder_level1,-0.0006945886998437345,0.04180869460105896,-0.3430493474006653,0.3064571022987366,408820.0625,160.567535927254,25781.93359375,14745600
R022,Rain,refinement,0.000208486191695556,0.01744132302701473,-0.9195464849472046,0.5532442927360535,103456.0234375,66.97946353290872,4486.24853515625,14745600
R022,Rain,AFLB1_output,-0.0002809207944665104,0.03211132809519768,-0.5137529969215393,0.3477723896503448,16274.740234375,30.82805471513782,950.3689575195312,921600
R022,Rain,AFLB2_output,-0.001880593132227659,0.03452035039663315,-0.7768150568008423,0.4794662594795227,45347.81640625,46.93587453493729,2202.976318359375,1843200
R022,Rain,AFLB3_output,0.00110005191527307,0.010134257376194,-0.06656250357627869,0.1504351198673248,25993.72265625,19.57206906413249,383.0658874511719,3686400
R023,Rain,encoder_level1,-0.003787689143791795,0.09028493613004684,-0.4271016716957092,0.3684721291065216,479321.0,245.3654162672482,60204.1875,7372800
R023,Rain,encoder_level2,-0.01548465434461832,0.1353411078453064,-0.8426580429077148,0.8896058201789856,386714.75,261.5501565187832,68408.484375,3686400
R023,Rain,encoder_level3,0.006947391200810671,0.5119473338127136,-2.608428955078125,3.842276811599731,736643.125,695.1067364081576,483173.375,1843200
R023,Rain,latent,-0.09986532479524612,2.830638408660889,-22.60140609741211,15.72539043426514,2005197.375,2719.103436796769,7393523.5,921600
R023,Rain,decoder_level3,-0.01097289472818375,1.158775329589844,-6.780731201171875,7.878082275390625,1688389.5,1573.276199527597,2475198.0,1843200
R023,Rain,decoder_level2,0.01858472637832165,0.3094759285449982,-1.522104024887085,1.947334051132202,893796.375,595.2642532942828,354339.53125,3686400
R023,Rain,decoder_level1,1.724839239614084e-05,0.04028331115841866,-0.3009576797485352,0.3149034380912781,399462.5625,154.6879292923336,23928.35546875,14745600
R023,Rain,refinement,-0.0001209765687235631,0.01495726592838764,-0.541969358921051,0.3637231886386871,118813.2265625,57.43777840996181,3299.098388671875,14745600
R023,Rain,AFLB1_output,-0.0006223226664587855,0.02916388586163521,-0.3034703731536865,0.263263076543808,15196.7783203125,28.00370437095946,784.2074584960938,921600
R023,Rain,AFLB2_output,-0.001187073299661279,0.02976274117827415,-0.5558899641036987,0.3747251033782959,41548.4609375,40.43936402919731,1635.342163085938,1843200
R023,Rain,AFLB3_output,0.0008033099002204835,0.00912561360746622,-0.04943551868200302,0.09434525668621063,24986.40234375,17.58893070651077,309.3704833984375,3686400
R024,Rain,encoder_level1,-0.002746501006186008,0.07672609388828278,-0.3980759382247925,0.4449579417705536,406082.15625,208.4670331401346,43458.50390625,7372800
R024,Rain,encoder_level2,-0.01001262944191694,0.1576898992061615,-0.94866544008255,0.9836507439613342,448964.0,303.3743304483753,92035.984375,3686400
R024,Rain,encoder_level3,0.01556740142405033,0.6028527617454529,-3.31280517578125,3.679845809936523,872822.875,818.7329387535352,670323.625,1843200
R024,Rain,latent,-0.09381549060344696,3.571272134780884,-17.75953674316406,19.60045433044434,2557070.5,3429.603912990537,11762183.0,921600
R024,Rain,decoder_level3,-0.04023594036698341,1.204527020454407,-7.595433235168457,7.06736946105957,1754711.125,1636.232180957214,2677255.75,1843200
R024,Rain,decoder_level2,0.03814099729061127,0.326115608215332,-1.764221787452698,2.282138824462891,939082.3125,630.4097873605707,397416.5,3686400
R024,Rain,decoder_level1,-0.001359693123959005,0.04653548821806908,-0.3854321241378784,0.3064320981502533,480088.5,178.7725346372451,31959.619140625,14745600
R024,Rain,refinement,-7.062620716169477e-05,0.03501496091485023,-0.9664191007614136,0.5643051862716675,221137.28125,134.4577288941584,18078.880859375,14745600
R024,Rain,AFLB1_output,-0.0002641784667503089,0.0383467897772789,-0.5127978920936584,0.3414258360862732,19680.19921875,36.81378990206149,1355.255126953125,921600
R024,Rain,AFLB2_output,-0.001877479022368789,0.03211994096636772,-1.083775162696838,0.4599937796592712,43474.7109375,43.68191409657577,1908.109619140625,1843200
R024,Rain,AFLB3_output,0.001229268265888095,0.009445409290492535,-0.08782599121332169,0.1081907525658607,26062.72265625,18.2881238746219,334.4554748535156,3686400
R025,Rain,encoder_level1,-0.002364597283303738,0.07488146424293518,-0.377255380153656,0.3593429028987885,373006.90625,203.4262381675481,41382.234375,7372800
R025,Rain,encoder_level2,-0.002691244473680854,0.1141463071107864,-1.10438597202301,0.8955414891242981,298015.65625,219.221821521604,48058.20703125,3686400
R025,Rain,encoder_level3,-0.0167626291513443,0.4573918282985687,-2.797163486480713,4.172717571258545,661551.375,621.3926144153952,386128.78125,1843200
R025,Rain,latent,-0.01216036546975374,2.833818674087524,-18.25276184082031,18.06146621704102,2058797.75,2720.490948340023,7401071.0,921600
R025,Rain,decoder_level3,0.01556995138525963,1.311680316925049,-7.465343952178955,7.937721252441406,1909174.0,1780.921741683222,3171682.25,1843200
R025,Rain,decoder_level2,0.03062743879854679,0.3096036016941071,-1.542246341705322,1.887581467628479,905175.875,597.3404598719226,356815.625,3686400
R025,Rain,decoder_level1,-0.0004589984891936183,0.04169248044490814,-0.2624960243701935,0.3117611408233643,417005.875,160.1088374942183,25634.83984375,14745600
R025,Rain,refinement,0.0004566757997963578,0.01894534192979336,-0.6424288749694824,0.4387674629688263,137850.0,72.77124971550406,5295.65478515625,14745600
R025,Rain,AFLB1_output,0.0008575320243835449,0.03363507613539696,-0.4288418292999268,0.3922775387763977,16989.666015625,32.3001668919837,1043.30078125,921600
R025,Rain,AFLB2_output,-0.001589986379258335,0.03839880228042603,-0.9823647141456604,0.3991457521915436,47717.89453125,52.1766128239583,2722.39892578125,1843200
R025,Rain,AFLB3_output,0.001250352477654815,0.0095254210755229,-0.06136918067932129,0.1736218333244324,25574.953125,18.44569799205393,340.2437744140625,3686400
R026,Rain,encoder_level1,-0.002683563856408,0.07918933033943176,-0.4217221736907959,0.4542845785617828,415504.9375,215.1454268338047,46287.5546875,7372800
R026,Rain,encoder_level2,-0.004522469826042652,0.1610845178365707,-1.040104031562805,0.9429601430892944,445359.3125,309.4041400417906,95730.921875,3686400
R026,Rain,encoder_level3,-0.01068079844117165,0.5966648459434509,-3.121509313583374,3.54198169708252,853105.5,810.1888668699416,656406.0,1843200
R026,Rain,latent,-0.1134551391005516,3.245150804519653,-21.74243545532227,17.14577865600586,2279263.25,3117.247985002156,9717235.0,921600
R026,Rain,decoder_level3,-0.04005570337176323,1.208732485771179,-7.202984809875488,7.564345836639404,1760644.125,1641.93041874496,2695935.5,1843200
R026,Rain,decoder_level2,0.03264391422271729,0.2988375425338745,-1.583943128585815,1.940517663955688,858828.75,577.1811890559151,333138.125,3686400
R026,Rain,decoder_level1,-0.0006777102244086564,0.04242724180221558,-0.3736697137355804,0.3151171207427979,423382.53125,162.9413957148398,26549.8984375,14745600
R026,Rain,refinement,-2.14695101021789e-05,0.01775752753019333,-0.721985399723053,0.4865253567695618,133442.625,68.1889572197636,4649.73388671875,14745600
R026,Rain,AFLB1_output,-0.000914824428036809,0.03154399245977402,-0.3330833613872528,0.2855007946491241,16703.515625,30.29496412069535,917.7848510742188,921600
R026,Rain,AFLB2_output,-0.001655786531046033,0.03153812140226364,-0.4368768632411957,0.4597056210041046,43340.3828125,42.87654026478961,1838.397705078125,1843200
R026,Rain,AFLB3_output,0.001207247725687921,0.00879135075956583,-0.05037586763501167,0.09427864104509354,24090.365234375,17.03780156384345,290.2866821289062,3686400
R027,Rain,encoder_level1,0.002682937309145927,0.0664655864238739,-0.4039937555789948,0.391121119260788,357199.09375,180.6203232526036,32623.701171875,7372800
R027,Rain,encoder_level2,-0.006597314495593309,0.127292588353157,-1.061886429786682,0.979875385761261,350025.875,244.729809560462,59892.6796875,3686400
R027,Rain,encoder_level3,-0.01123346574604511,0.5238590240478516,-3.36339807510376,3.329364061355591,748054.1875,711.3780640418989,506058.75,1843200
R027,Rain,latent,0.07226809114217758,3.137535333633423,-17.65861701965332,29.54497909545898,2275368.25,3012.832886172082,9077162.0,921600
R027,Rain,decoder_level3,-0.02027900144457817,1.301228165626526,-8.093762397766113,8.165765762329102,1894215.625,1766.820590778815,3121655.0,1843200
R027,Rain,decoder_level2,0.02259598486125469,0.3322302103042603,-1.555624485015869,2.043836832046509,958364.4375,639.3556326489976,408775.625,3686400
R027,Rain,decoder_level1,-0.0001187662928714417,0.04326159507036209,-0.3805774450302124,0.3071413338184357,426703.0,166.1251410834615,27597.5625,14745600
R027,Rain,refinement,-1.852139757829718e-05,0.01795312203466892,-0.8034456372261047,0.4657825827598572,124768.46875,68.94002502741967,4752.72705078125,14745600
R027,Rain,AFLB1_output,0.000182390765985474,0.03809187188744545,-0.4969243109226227,0.4329438209533691,19096.70703125,36.56861427241518,1337.263549804688,921600
R027,Rain,AFLB2_output,-0.002576235681772232,0.03613879531621933,-0.903828501701355,0.3281289637088776,46725.92578125,49.18816758203262,2419.475830078125,1843200
R027,Rain,AFLB3_output,0.001079358975403011,0.01048196107149124,-0.04972968995571136,0.134233146905899,27362.73046875,20.23178449271753,409.3251037597656,3686400
R028,Rain,encoder_level1,-0.002978257602080703,0.08222704380750656,-0.4465260207653046,0.4584930539131165,436975.71875,223.4166860934966,49915.015625,7372800
R028,Rain,encoder_level2,-0.002687950618565083,0.1649908572435379,-0.9790414571762085,0.9288179278373718,466393.375,316.8244905503677,100377.7578125,3686400
R028,Rain,encoder_level3,-0.0005364714888855815,0.5899247527122498,-3.250895738601685,3.398636817932129,845596.25,800.9087026621698,641454.75,1843200
R028,Rain,latent,-0.1023049876093864,3.302299737930298,-21.44428825378418,16.9662971496582,2296665.75,3171.728866091804,10059864.0,921600
R028,Rain,decoder_level3,-0.02892838232219219,1.169029712677002,-7.140958309173584,6.768106460571289,1697615.75,1587.613303043282,2520516.0,1843200
R028,Rain,decoder_level2,0.02147947996854782,0.2929038405418396,-1.70887017250061,2.443749666213989,842318.4375,563.8855158629276,317966.875,3686400
R028,Rain,decoder_level1,-0.0006267080898396671,0.04312306642532349,-0.3897706866264343,0.3257613182067871,430694.5,165.6100759785618,27426.697265625,14745600
R028,Rain,refinement,-5.688309829565696e-05,0.03185127675533295,-0.9281202554702759,0.6518646478652954,173103.203125,122.3090987007917,14959.515625,14745600
R028,Rain,AFLB1_output,-0.0006612648139707744,0.03064919076859951,-0.321658194065094,0.272657185792923,16212.27734375,29.43006910092391,866.1289672851562,921600
R028,Rain,AFLB2_output,-0.001394125982187688,0.03062122501432896,-0.5395381450653076,0.5497182607650757,41579.51171875,41.61581548681718,1731.876098632812,1843200
R028,Rain,AFLB3_output,0.00098020292352885,0.009058432653546333,-0.05918776616454124,0.1007001250982285,24093.931640625,17.49371835502006,306.0301818847656,3686400
R029,Rain,encoder_level1,-0.001949801226146519,0.07719028741121292,-0.3447629809379578,0.3624043762683868,444086.5625,209.66086827899,43957.6796875,7372800
R029,Rain,encoder_level2,-0.01033623144030571,0.1640394330024719,-1.029483914375305,0.8143650889396667,474395.84375,315.5803557534911,99590.9609375,3686400
R029,Rain,encoder_level3,-0.003943293821066618,0.6023849844932556,-2.721904039382935,3.080480098724365,890513.0625,817.8425505560346,668866.4375,1843200
R029,Rain,latent,-0.1847280263900757,3.141799211502075,-22.05986404418945,16.11770057678223,2118077.5,3021.336459251104,9128474.0,921600
R029,Rain,decoder_level3,-0.004156426526606083,1.14671003818512,-6.662479877471924,6.469838619232178,1681249.625,1556.835492272706,2423736.75,1843200
R029,Rain,decoder_level2,-0.002250963589176536,0.2801732420921326,-1.676298856735229,2.209630250930786,819292.5,537.9499570127318,289390.15625,3686400
R029,Rain,decoder_level1,-0.0003429091593716294,0.04039574787020683,-0.3741694092750549,0.3191521167755127,400317.875,155.1252706987968,24063.849609375,14745600
R029,Rain,refinement,1.23675790746347e-05,0.01071103755384684,-0.4963545203208923,0.4189767241477966,85810.5390625,41.13041080951386,1691.710693359375,14745600
R029,Rain,AFLB1_output,-0.00167535908985883,0.02825993299484253,-0.2448067367076874,0.2433629035949707,15053.4365234375,27.17716892434139,738.5985107421875,921600
R029,Rain,AFLB2_output,-0.001235639210790396,0.02975018881261349,-0.5841858386993408,0.2822653651237488,41141.44140625,40.4250186011862,1634.18212890625,1843200
R029,Rain,AFLB3_output,0.0002960957062896341,0.008461850695312023,-0.04925079271197319,0.08393038809299469,23280.166015625,16.25669652434853,264.2801818847656,3686400
R030,Rain,encoder_level1,-0.001223694998770952,0.070174939930439,-0.4232532978057861,0.3995265066623688,380138.3125,190.5742862868703,36318.55859375,7372800
R030,Rain,encoder_level2,-0.01185130886733532,0.1354169398546219,-0.8863187432289124,1.054363131523132,380304.84375,260.9943426110995,68118.046875,3686400
R030,Rain,encoder_level3,0.01526951231062412,0.5264238119125366,-2.999735593795776,4.046404361724854,759968.3125,714.9972027917312,511221.0,1843200
R030,Rain,latent,-0.08707892894744873,2.989766836166382,-20.17056083679199,14.83372497558594,2152983.5,2871.39321584488,8244899.0,921600
R030,Rain,decoder_level3,-0.02852585911750793,1.194770097732544,-6.568346977233887,7.082473278045654,1742377.125,1622.535978029455,2632623.0,1843200
R030,Rain,decoder_level2,0.02550159394741058,0.3202687799930573,-1.667352795600891,1.914727210998535,927749.875,616.8623225647681,380519.125,3686400
R030,Rain,decoder_level1,-0.0001244743325514719,0.04158856719732285,-0.3338257670402527,0.3144399225711823,415375.46875,159.7008189161847,25504.3515625,14745600
R030,Rain,refinement,-1.195049935631687e-05,0.01546829845756292,-0.8068673014640808,0.4863645136356354,119013.375,59.39828490789949,3528.15625,14745600
R030,Rain,AFLB1_output,-0.0001874664594652131,0.03518647700548172,-0.4562250375747681,0.4800373017787933,17630.638671875,33.77949738168665,1141.054443359375,921600
R030,Rain,AFLB2_output,-0.002441281219944358,0.0335814580321312,-0.9602174162864685,0.3524410724639893,43451.2109375,45.7120130246484,2089.588134765625,1843200
R030,Rain,AFLB3_output,0.001134888036176562,0.009759172797203064,-0.05534384399652481,0.1166061908006668,26185.544921875,18.8638826686326,355.8460693359375,3686400
R031,Rain,encoder_level1,0.001039054477587342,0.06547824293375015,-0.3068189918994904,0.4058058857917786,349076.0,177.8148066634216,31618.10546875,7372800
R031,Rain,encoder_level2,-0.00917863380163908,0.1282271593809128,-0.9089834094047546,0.7686609029769897,357196.25,246.8260711006842,60923.109375,3686400
R031,Rain,encoder_level3,-0.008868139237165451,0.5640697479248047,-3.366532325744629,4.087400436401367,817386.125,765.9011032763956,586604.5,1843200
R031,Rain,latent,-0.01079637557268143,3.470105409622192,-23.02783966064453,23.84046936035156,2514669.0,3331.31745710312,11097676.0,921600
R031,Rain,decoder_level3,0.03541009873151779,1.218448042869568,-7.770024299621582,9.170575141906738,1772447.75,1654.918275927848,2738754.5,1843200
R031,Rain,decoder_level2,0.0194015558809042,0.3213453888893127,-1.415719509124756,2.022743701934814,940380.875,618.1066352175812,382055.8125,3686400
R031,Rain,decoder_level1,0.0003533605195116252,0.040286835283041,-0.2761333882808685,0.2690505385398865,415178.8125,154.7073977101612,23934.37890625,14745600
R031,Rain,refinement,0.0001115925770136528,0.01034766808152199,-0.6138623952865601,0.3914943337440491,88270.8984375,39.73735795429157,1579.0576171875,14745600
R031,Rain,AFLB1_output,8.846244600135833e-05,0.0448303297162056,-0.9291729927062988,0.9323149919509888,21579.71484375,43.03719832253402,1852.200439453125,921600
R031,Rain,AFLB2_output,-0.002022006316110492,0.04572560265660286,-1.749658584594727,0.5601614713668823,46345.6328125,62.13980779573288,3861.355712890625,1843200
R031,Rain,AFLB3_output,0.001055779750458896,0.01053228601813316,-0.05613512173295021,0.2475054115056992,26786.75390625,20.32333545132756,413.0379638671875,3686400
R032,Rain,encoder_level1,-0.000636486685834825,0.07456236332654953,-0.4088256061077118,0.4223271310329437,387560.5625,202.46582466246,40992.41015625,7372800
R032,Rain,encoder_level2,0.003345003118738532,0.1223332807421684,-0.9195061326026917,0.8906817436218262,313606.59375,234.96768394824,55209.8125,3686400
R032,Rain,encoder_level3,-0.0143821844831109,0.4998441636562347,-3.587670564651489,3.613623857498169,700900.6875,678.8918360092423,460894.125,1843200
R032,Rain,latent,-0.02657618559896946,3.047789096832275,-21.78843688964844,27.99865913391113,2148760.25,2925.988721782775,8561410.0,921600
R032,Rain,decoder_level3,-0.01419221889227629,1.313418984413147,-8.303156852722168,7.772064685821533,1889454.5,1783.260777340207,3180019.0,1843200
R032,Rain,decoder_level2,0.01550587639212608,0.3174861669540405,-1.785907745361328,1.959338188171387,888332.5625,610.3000286744217,372466.125,3686400
R032,Rain,decoder_level1,-0.0005736604216508567,0.04239830374717712,-0.3912619650363922,0.3751771450042725,406879.34375,162.8243817641418,26511.779296875,14745600
R032,Rain,refinement,6.03403641434852e-05,0.01673411391675472,-0.8101418018341064,0.4846022427082062,99435.96875,64.25941534855029,4129.2724609375,14745600
R032,Rain,AFLB1_output,-0.0005446672439575195,0.03268269822001457,-0.3869706988334656,0.355807900428772,16728.27734375,31.37974627944751,984.6884765625,921600
R032,Rain,AFLB2_output,-0.001851722365245223,0.03359999507665634,-0.6077589988708496,0.3499082624912262,46357.2421875,45.68609191144089,2087.218994140625,1843200
R032,Rain,AFLB3_output,0.0008989860070869327,0.01026400830596685,-0.05026291310787201,0.140998587012291,25605.80859375,19.78233992480138,391.3409729003906,3686400
R033,Rain,encoder_level1,-0.0009252396412193775,0.06869769841432571,-0.3965639770030975,0.3802005052566528,372692.78125,186.5510884282105,34801.30859375,7372800
R033,Rain,encoder_level2,-0.00838166382163763,0.1332536786794662,-1.116019725799561,1.009903192520142,366520.6875,256.3526775996303,65716.6953125,3686400
R033,Rain,encoder_level3,-0.007032058667391539,0.5676446557044983,-3.751511812210083,3.484142303466797,819571.0,770.719063602296,594007.875,1843200
R033,Rain,latent,0.04083709046244621,3.362704992294312,-19.06257057189941,18.67264747619629,2447862.5,3228.434760065627,10422791.0,921600
R033,Rain,decoder_level3,-0.03070440143346786,1.349369049072266,-8.42512035369873,9.897700309753418,1962228.875,1832.438266354422,3357830.0,1843200
R033,Rain,decoder_level2,0.02387220598757267,0.3554978966712952,-1.779565572738647,2.476004600524902,1015527.3125,684.0931268840523,467983.40625,3686400
R033,Rain,decoder_level1,-0.0001345847704214975,0.04470650851726532,-0.4140936732292175,0.3110208213329315,446622.90625,171.6737685626433,29471.8828125,14745600
R033,Rain,refinement,-0.0005249639507383108,0.02576423808932304,-0.9214890003204346,0.6058658361434937,148016.390625,98.95520609093793,9792.1328125,14745600
R033,Rain,AFLB1_output,-0.0002121764118783176,0.03957163915038109,-0.52735435962677,0.4944882988929749,19915.427734375,37.98931734608922,1443.188232421875,921600
R033,Rain,AFLB2_output,-0.00159221061039716,0.03499644994735718,-0.6637105345726013,0.6152538061141968,48330.51953125,47.5619045626329,2262.134765625,1843200
R033,Rain,AFLB3_output,0.0007101448136381805,0.01015225145965815,-0.0813295841217041,0.1078750491142273,28165.591796875,19.53995040590519,381.8096618652344,3686400
R034,Rain,encoder_level1,-0.001720114261843264,0.06878458708524704,-0.4171268045902252,0.3893470466136932,345901.15625,186.8285059218748,34904.890625,7372800
R034,Rain,encoder_level2,0.0002911884512286633,0.1182792782783508,-1.232397794723511,0.8721849918365479,314400.3125,227.096895619469,51573.0,3686400
R034,Rain,encoder_level3,-0.01407833956182003,0.4745545387268066,-2.978680372238159,4.051186561584473,679703.3125,644.5600728403831,415457.6875,1843200
R034,Rain,latent,0.07238011062145233,3.360456705093384,-19.16133880615234,28.11434936523438,2442117.75,3226.78663688816,10412152.0,921600
R034,Rain,decoder_level3,0.0102638965472579,1.123618960380554,-6.386746406555176,8.776557922363281,1623234.75,1525.539330859745,2327270.25,1843200
R034,Rain,decoder_level2,0.01761432737112045,0.3129495978355408,-1.683717846870422,2.368257761001587,902909.6875,601.8142622520672,362180.40625,3686400
R034,Rain,decoder_level1,-0.0007385571952909231,0.04268130660057068,-0.3688156604766846,0.3123858273029327,421904.40625,163.9207482863289,26870.01171875,14745600
R034,Rain,refinement,9.699554539110977e-06,0.01854157634079456,-0.8901780247688293,0.504478931427002,120253.71875,71.19966012252095,5069.3916015625,14745600
R034,Rain,AFLB1_output,-0.0004719748976640403,0.04357421025633812,-0.574881374835968,0.4867417216300964,21402.08203125,41.83369727312018,1750.058227539062,921600
R034,Rain,AFLB2_output,-0.001716600148938596,0.03500712290406227,-0.897445559501648,0.7812550663948059,40766.0390625,47.584351501439,2264.2705078125,1843200
R034,Rain,AFLB3_output,0.000979416654445231,0.009828233160078526,-0.05588704347610474,0.1350246965885162,25707.0234375,18.96367505732176,359.6209716796875,3686400
R035,Rain,encoder_level1,-0.001616784720681608,0.08090411126613617,-0.5094479322433472,0.4213720560073853,431559.15625,219.7219923135825,48277.75390625,7372800
R035,Rain,encoder_level2,-0.006214029621332884,0.1396046280860901,-1.118439435958862,0.9565466642379761,383394.15625,268.3062761332653,71988.2578125,3686400
R035,Rain,encoder_level3,-0.006707345135509968,0.548594057559967,-3.524412393569946,3.550466537475586,781555.125,744.8516211300073,554803.9375,1843200
R035,Rain,latent,-0.04045947641134262,3.172426700592041,-21.99386215209961,22.78945541381836,2236800.5,3045.777240705564,9276759.0,921600
R035,Rain,decoder_level3,-0.01956217736005783,1.23469090461731,-8.62139892578125,6.5384202003479,1794003.375,1676.48225460337,2810592.75,1843200
R035,Rain,decoder_level2,0.01110776513814926,0.3290074467658997,-1.780932426452637,2.331011533737183,947446.75,632.0542401566498,399492.5625,3686400
R035,Rain,decoder_level1,-0.0001339795999228954,0.04378904402256012,-0.4078713655471802,0.3410604000091553,427460.8125,168.1507124854813,28274.662109375,14745600
R035,Rain,refinement,-0.0002559167332947254,0.02806926891207695,-0.8816216588020325,0.6414848566055298,154610.03125,107.7904778232985,11618.787109375,14745600
R035,Rain,AFLB1_output,-0.001260657794773579,0.03244797512888908,-0.3629273772239685,0.4044214189052582,16908.65625,31.17355591489213,971.7905883789062,921600
R035,Rain,AFLB2_output,-0.00124022935051471,0.03284871578216553,-0.5896620750427246,0.5540489554405212,44077.43359375,44.6286749515341,1991.718627929688,1843200
R035,Rain,AFLB3_output,0.0006523103220388293,0.00996685866266489,-0.05911385267972946,0.1200516819953918,26864.666015625,19.17730859737785,367.7691650390625,3686400
R036,Rain,encoder_level1,-0.002219836227595806,0.07155986875295639,-0.3750791847705841,0.4695427715778351,379548.84375,194.3992750115082,37791.078125,7372800
R036,Rain,encoder_level2,-0.005452923476696014,0.1307212263345718,-1.081382870674133,0.8981850147247314,356691.1875,251.2030351005935,63102.96484375,3686400
R036,Rain,encoder_level3,0.01446543075144291,0.4943941831588745,-3.171839475631714,4.185442924499512,709632.875,671.4990227096388,450910.9375,1843200
R036,Rain,latent,-0.02245472371578217,2.903648138046265,-23.92010116577148,15.58598232269287,2063878.75,2787.585514383371,7770633.0,921600
R036,Rain,decoder_level3,-0.004659520462155342,1.145475268363953,-8.773504257202148,6.475793838500977,1669106.75,1555.161647546646,2418527.75,1843200
R036,Rain,decoder_level2,0.009075119160115719,0.2792146503925323,-1.52763557434082,1.74608302116394,809921.875,536.3752184804962,287698.375,3686400
R036,Rain,decoder_level1,-0.0002830597804859281,0.04001695662736893,-0.2705987989902496,0.2909166216850281,389806.0,153.6689700094004,23614.15234375,14745600
R036,Rain,refinement,8.495403744746e-05,0.009929118677973747,-0.5943746566772461,0.442229688167572,78301.96875,38.12921179348174,1453.836791992188,14745600
R036,Rain,AFLB1_output,-0.0005705943913199008,0.03098263405263424,-0.3967072367668152,0.3260242640972137,15935.931640625,29.74837200935593,884.9656372070312,921600
R036,Rain,AFLB2_output,-0.00141526514198631,0.03154747933149338,-0.7625747323036194,0.4386686384677887,41535.671875,42.87335717971447,1838.124755859375,1843200
R036,Rain,AFLB3_output,0.0007793040131218731,0.00909342523664236,-0.04379129409790039,0.1193124204874039,23330.37109375,17.52337480483657,307.0686645507812,3686400
R037,Rain,encoder_level1,-0.0009105344652198255,0.07728110253810883,-0.4511137008666992,0.4461961388587952,409746.5,209.8551863041512,44039.19921875,7372800
R037,Rain,encoder_level2,-0.004200433380901814,0.1309744715690613,-1.193285346031189,0.9733629822731018,355652.09375,251.6002689038706,63302.6953125,3686400
R037,Rain,encoder_level3,-0.001926969969645143,0.5253694653511047,-3.620469808578491,4.170711040496826,754336.625,713.2700663142958,508754.1875,1843200
R037,Rain,latent,-0.004799774847924709,3.107398509979248,-21.03928375244141,35.93658447265625,2205205.0,2983.106266964018,8898923.0,921600
R037,Rain,decoder_level3,-0.006586828269064426,1.286318182945251,-8.806634902954102,8.34192943572998,1866692.5,1746.38641199478,3049865.5,1843200
R037,Rain,decoder_level2,0.01691874116659164,0.3339682817459106,-1.613213539123535,2.292112112045288,962387.75,642.0413732774548,412217.125,3686400
R037,Rain,decoder_level1,-0.0004038006591144949,0.04367491975426674,-0.3771021068096161,0.345941573381424,428831.3125,167.718863541046,28129.6171875,14745600
R037,Rain,refinement,-8.736258314456791e-05,0.01914352923631668,-0.6292964220046997,0.4765179753303528,138379.828125,73.51191376126559,5404.00146484375,14745600
R037,Rain,AFLB1_output,0.0002770565624814481,0.03324808552861214,-0.4252334237098694,0.3871131241321564,17065.0234375,31.91926977101518,1018.839782714844,921600
R037,Rain,AFLB2_output,-0.001333906664513052,0.03345854207873344,-0.6547595858573914,0.564953088760376,45784.484375,45.46090997700662,2066.6943359375,1843200
R037,Rain,AFLB3_output,0.0009216425241902471,0.01070462353527546,-0.04982554912567139,0.1568638682365417,27732.8515625,20.62891327695866,425.5520629882812,3686400
R038,Rain,encoder_level1,-0.003220685524865985,0.07012845575809479,-0.3374633193016052,0.3217720985412598,360603.125,190.6198155032682,36335.9140625,7372800
R038,Rain,encoder_level2,0.003220533020794392,0.1175801604986191,-0.9849935173988342,1.20176374912262,314620.65625,225.8385761999043,51003.0625,3686400
R038,Rain,encoder_level3,-0.005869654472917318,0.464646577835083,-2.775254487991333,4.359076976776123,667850.9375,630.8754581928196,398003.84375,1843200
R038,Rain,latent,0.01035763695836067,2.965376377105713,-20.32716369628906,31.20746231079102,2138644.5,2846.778618017214,8104148.5,921600
R038,Rain,decoder_level3,0.0284737478941679,1.124446272850037,-5.87210750579834,7.522152900695801,1636884.0,1527.088160519883,2331998.25,1843200
R038,Rain,decoder_level2,0.005157936830073595,0.276811957359314,-1.48388683795929,1.644674301147461,804268.875,531.5711970188001,282567.9375,3686400
R038,Rain,decoder_level1,-0.0002615659323055297,0.0395422950387001,-0.2629048824310303,0.2799248695373535,381537.1875,151.8457340629792,23057.126953125,14745600
R038,Rain,refinement,0.0001341776369372383,0.009397691115736961,-0.5163173675537109,0.3697117269039154,72166.859375,36.09081427454914,1302.546875,14745600
R038,Rain,AFLB1_output,0.0001106454365071841,0.0350860171020031,-0.4110583662986755,0.5444221496582031,17623.369140625,33.68274367802729,1134.527221679688,921600
R038,Rain,AFLB2_output,-0.001176519901491702,0.03629777953028679,-0.876608669757843,0.3916934430599213,41581.953125,49.30538011021211,2431.0205078125,1843200
R038,Rain,AFLB3_output,0.0008993283845484257,0.01024352759122849,-0.04590138420462608,0.1705754101276398,23899.80078125,19.7432247081119,389.794921875,3686400
R039,Rain,encoder_level1,-0.00300187524408102,0.07852044701576233,-0.493457168340683,0.4659503698348999,423861.25,213.3615439518096,45523.1484375,7372800
R039,Rain,encoder_level2,-0.007566654589027166,0.1533230692148209,-0.9528259634971619,0.9007524251937866,431242.875,294.7385626491722,86870.8203125,3686400
R039,Rain,encoder_level3,0.01841797865927219,0.5836113095283508,-2.962676048278809,3.387267827987671,841962.125,792.731511925696,628423.25,1843200
R039,Rain,latent,-0.136160135269165,3.147765398025513,-22.0632438659668,27.76207542419434,2209158.75,3024.680478992781,9148692.0,921600
R039,Rain,decoder_level3,-0.04431198537349701,1.197274923324585,-7.434745311737061,6.876469135284424,1744838.0,1626.587224836098,2645786.0,1843200
R039,Rain,decoder_level2,0.02395694702863693,0.3128986954689026,-1.715202689170837,1.812261581420898,891682.3125,602.5238065836071,363034.9375,3686400
R039,Rain,decoder_level1,-0.001046058489009738,0.04319998994469643,-0.3594692647457123,0.3562626540660858,434645.59375,165.9365936886738,27534.953125,14745600
R039,Rain,refinement,9.359230898553506e-05,0.01536836288869381,-0.6689738035202026,0.4709637761116028,116700.53125,59.01560431559076,3482.841552734375,14745600
R039,Rain,AFLB1_output,-0.00113542506005615,0.03201121836900711,-0.3623103201389313,0.2897308766841888,16711.677734375,30.75009527424265,945.568359375,921600
R039,Rain,AFLB2_output,-0.002375297481194139,0.03197290003299713,-0.6855573058128357,0.3634763360023499,43299.44921875,43.52746837262291,1894.640502929688,1843200
R039,Rain,AFLB3_output,0.001060281647369266,0.009358691051602364,-0.05460560321807861,0.1038214638829231,25128.96484375,18.0836383190307,327.0179748535156,3686400
R040,Rain,encoder_level1,-0.00258904742076993,0.0707821249961853,-0.3966086208820343,0.4760147631168365,366981.8125,192.3225338623896,36987.95703125,7372800
R040,Rain,encoder_level2,-0.0004388758970890194,0.122163787484169,-1.20261812210083,1.044803500175476,319574.8125,234.5559884521178,55016.51171875,3686400
R040,Rain,encoder_level3,-0.004702068865299225,0.4640225768089294,-2.894000768661499,4.084856033325195,657868.1875,630.0103173758347,396913.0,1843200
R040,Rain,latent,0.04918982461094856,2.980984210968018,-19.28416442871094,20.98146820068359,2132395.0,2862.134430805094,8191813.5,921600
R040,Rain,decoder_level3,-0.005619678646326065,1.238698482513428,-7.42426061630249,7.39070463180542,1808965.5,1681.730061573498,2828216.0,1843200
R040,Rain,decoder_level2,0.01850951462984085,0.3138662874698639,-1.753239035606384,2.04538893699646,895627.125,603.6702845925083,364417.8125,3686400
R040,Rain,decoder_level1,-0.000652147748041898,0.04158944636583328,-0.3290225267410278,0.3162454962730408,407524.0625,159.7231063532293,25511.470703125,14745600
R040,Rain,refinement,8.325184171553701e-05,0.01394971273839474,-0.7313518524169922,0.4607402384281158,101413.4296875,53.56785316379708,2869.514892578125,14745600
R040,Rain,AFLB1_output,-0.001010980224236846,0.03281951323151588,-0.4674065411090851,0.3484224379062653,16758.630859375,31.52167746015976,993.6161499023438,921600
R040,Rain,AFLB2_output,-0.001626086770556867,0.0326189398765564,-0.6929139494895935,0.3619661033153534,44678.07421875,44.33993167581142,1966.029541015625,1843200
R040,Rain,AFLB3_output,0.0009404055308550596,0.009790605865418911,-0.05460125952959061,0.1353202760219574,25504.365234375,18.88447706771606,356.6234741210938,3686400
R041,Rain,encoder_level1,-0.004112052265554667,0.0741955041885376,-0.4536576569080353,0.4792805314064026,389972.75,201.7714711313272,40711.7265625,7372800
R041,Rain,encoder_level2,-0.002729902509599924,0.146301195025444,-1.063681483268738,0.9879658222198486,402950.84375,280.9471981084702,78931.328125,3686400
R041,Rain,encoder_level3,-0.01004142593592405,0.5988098978996277,-3.098850011825562,4.357166290283203,857016.5,813.0855582286529,661108.125,1843200
R041,Rain,latent,-0.06406580656766891,3.308950185775757,-21.25474166870117,17.8063907623291,2357245.75,3177.187592824824,10094521.0,921600
R041,Rain,decoder_level3,-0.02167235128581524,1.289478540420532,-8.22410774230957,7.800267219543457,1874313.25,1750.901410702499,3065655.75,1843200
R041,Rain,decoder_level2,0.03256642445921898,0.3255357146263123,-1.79368531703949,2.451273441314697,935117.3125,628.1483702120065,394570.375,3686400
R041,Rain,decoder_level1,-0.0006190838175825775,0.04339256137609482,-0.4160218238830566,0.3542580604553223,437096.375,166.6443923917784,27770.353515625,14745600
R041,Rain,refinement,-7.904609083198011e-05,0.02599553018808365,-0.9483704566955566,0.5538347959518433,145800.78125,99.82329602696707,9964.6904296875,14745600
R041,Rain,AFLB1_output,-0.000935447751544416,0.03453094139695168,-0.4951310157775879,0.374004453420639,17874.99609375,33.1618640687707,1099.709228515625,921600
R041,Rain,AFLB2_output,-0.001360645052045584,0.03333638608455658,-0.5787675380706787,0.5445573925971985,45815.6171875,45.29666479771855,2051.787841796875,1843200
R041,Rain,AFLB3_output,0.001219906844198704,0.009840148501098156,-0.08083336800336838,0.1418755948543549,26366.177734375,19.03771522084723,362.4346008300781,3686400
R042,Rain,encoder_level1,-0.003073083469644189,0.07503513246774673,-0.4117038249969482,0.3772597014904022,397087.8125,203.912942897821,41580.48828125,7372800
R042,Rain,encoder_level2,-0.00096710684010759,0.1429918557405472,-0.984321653842926,1.030326366424561,393880.0,274.5506271619134,75378.046875,3686400
R042,Rain,encoder_level3,-0.009681342169642448,0.5515933036804199,-3.434494972229004,3.767590284347534,790150.875,748.9832274490531,560975.875,1843200
R042,Rain,latent,-0.08122854679822922,3.252716779708862,-21.66526985168457,28.126953125,2326760.0,3123.581598101769,9756762.0,921600
R042,Rain,decoder_level3,-0.04497234895825386,1.244045853614807,-8.330367088317871,7.166362762451172,1816761.875,1690.076033792563,2856357.0,1843200
R042,Rain,decoder_level2,0.02825296670198441,0.3268052339553833,-1.758183479309082,2.110245704650879,941392.375,629.8065427176824,396656.28125,3686400
R042,Rain,decoder_level1,-0.0002567649353295565,0.04427676275372505,-0.3958731591701508,0.3103559613227844,437868.5,170.025624217719,28908.712890625,14745600
R042,Rain,refinement,-0.0004249242483638227,0.02633876539766788,-0.8557361364364624,0.5974850654602051,159810.40625,101.1540247283814,10232.13671875,14745600
R042,Rain,AFLB1_output,-0.001084879506379366,0.03470923379063606,-0.4198354482650757,0.3327815234661102,17891.416015625,33.33713764098157,1111.36474609375,921600
R042,Rain,AFLB2_output,-0.00225248490460217,0.03233348205685616,-0.5542382597923279,0.453611433506012,44651.13671875,44.00377846880027,1936.33251953125,1843200
R042,Rain,AFLB3_output,0.001166625646874309,0.0102244233712554,-0.05835875496268272,0.1332115232944489,26939.35546875,19.75826891895715,390.3891906738281,3686400
R043,Rain,encoder_level1,0.00357844028621912,0.07645536959171295,-0.3934992551803589,0.3799595832824707,400107.46875,207.8257608550971,43191.546875,7372800
R043,Rain,encoder_level2,-0.001628409489057958,0.1320034861564636,-0.8111333250999451,0.9256346821784973,348272.75,253.4660048704757,64245.015625,3686400
R043,Rain,encoder_level3,-0.02143390476703644,0.5523289442062378,-4.037477493286133,3.911129236221313,771860.8125,750.4310428014022,563146.75,1843200
R043,Rain,latent,0.05338364467024803,3.292014360427856,-21.38347434997559,26.46866226196289,2334238.0,3160.749278256661,9990336.0,921600
R043,Rain,decoder_level3,-0.0431264191865921,1.359800219535828,-8.504627227783203,7.290085792541504,1967324.75,1847.05427640879,3411609.5,1843200
R043,Rain,decoder_level2,0.007669065147638321,0.3527273535728455,-1.838163375854492,2.313987016677856,1027295.0625,677.3965557559324,458866.09375,3686400
R043,Rain,decoder_level1,0.000257679435890168,0.04285668581724167,-0.3960490822792053,0.2925543189048767,421385.71875,164.5726473324167,27084.15625,14745600
R043,Rain,refinement,-3.003129495482426e-05,0.01561772637069225,-0.6725510954856873,0.4121204614639282,114818.6171875,59.97218186506349,3596.66259765625,14745600
R043,Rain,AFLB1_output,0.0001454928133171052,0.03592900931835175,-0.3776932060718536,0.4749700129032135,18256.51171875,34.49212822050399,1189.706909179688,921600
R043,Rain,AFLB2_output,-0.00207868660800159,0.03558262437582016,-0.8123148679733276,0.4900034666061401,48262.20703125,48.39093275652863,2341.682373046875,1843200
R043,Rain,AFLB3_output,0.0004789720114786178,0.01059652119874954,-0.06208974868059158,0.1345349848270416,29016.169921875,20.36609366069236,414.7777709960938,3686400
R044,Rain,encoder_level1,0.000812646874692291,0.08265416324138641,-0.4257416427135468,0.5085563063621521,436125.15625,224.4408677692189,50373.703125,7372800
R044,Rain,encoder_level2,-0.01011405512690544,0.1447093039751053,-1.087358593940735,1.09551203250885,406090.8125,278.5196357530291,77573.1875,3686400
R044,Rain,encoder_level3,0.0009406566387042403,0.5521524548530579,-3.118473768234253,4.203371047973633,795332.0625,749.6281578222632,561942.375,1843200
R044,Rain,latent,-0.008234248496592045,3.114787817001343,-21.88291549682617,23.1800708770752,2225665.75,2990.206849032354,8941337.0,921600
R044,Rain,decoder_level3,0.01392205152660608,1.271146059036255,-7.329578399658203,9.053375244140625,1845417.75,1725.868621882906,2978622.5,1843200
R044,Rain,decoder_level2,0.0163207184523344,0.3192697465419769,-1.602530717849731,1.948467016220093,932889.9375,613.7983178536741,376748.375,3686400
R044,Rain,decoder_level1,2.325735113117844e-05,0.04161073267459869,-0.3196791112422943,0.3109337389469147,417974.25,159.7852440582359,25531.32421875,14745600
R044,Rain,refinement,-6.581224442925304e-05,0.01402036566287279,-0.6164069175720215,0.4398857951164246,108910.5859375,53.83879611206843,2898.615966796875,14745600
R044,Rain,AFLB1_output,-0.0002170167572330683,0.03561189025640488,-0.5262385010719299,0.5018326044082642,17874.078125,34.18804808461486,1168.822631835938,921600
R044,Rain,AFLB2_output,-0.001478143851272762,0.03832854703068733,-1.070334911346436,0.3050888776779175,46067.921875,52.07524181937973,2711.830810546875,1843200
R044,Rain,AFLB3_output,0.001128774369135499,0.01094937603920698,-0.04962991550564766,0.1453749537467957,27223.388671875,21.1342161040345,446.6550903320312,3686400
R045,Rain,encoder_level1,-0.0003607439284678549,0.07772765308618546,-0.3844981789588928,0.4732711911201477,407037.25,211.0553929807291,44544.37890625,7372800
R045,Rain,encoder_level2,0.003822486149147153,0.1337157785892487,-1.096639394760132,0.9512369632720947,363799.53125,256.8391854595011,65966.3671875,3686400
R045,Rain,encoder_level3,-0.02506435848772526,0.495528906583786,-3.140073776245117,3.798216342926025,707043.625,673.6123931832014,453753.65625,1843200
R045,Rain,latent,-0.02874294854700565,2.869444847106934,-20.55991363525391,22.64532089233398,2035529.375,2754.805256274933,7588952.0,921600
R045,Rain,decoder_level3,-0.01744615472853184,1.116482973098755,-6.924269676208496,7.516590118408203,1621620.125,1515.972625082656,2298173.0,1843200
R045,Rain,decoder_level2,0.01133463624864817,0.2906437516212463,-1.590948224067688,1.696229934692383,850564.5625,558.4602156823707,311877.8125,3686400
R045,Rain,decoder_level1,0.0002426233841106296,0.04025057703256607,-0.2748153507709503,0.3001482486724854,394830.375,154.5650335922553,23890.349609375,14745600
R045,Rain,refinement,0.0001156314974650741,0.009811085648834705,-0.5838009119033813,0.4020320773124695,80633.421875,37.67718233041551,1419.570068359375,14745600
R045,Rain,AFLB1_output,0.0003261527162976563,0.03143629059195518,-0.4597276151180267,0.3978554606437683,16070.150390625,30.18046206616697,910.8602905273438,921600
R045,Rain,AFLB2_output,-0.00203549861907959,0.03328190371394157,-0.8977471590042114,0.3625333607196808,40507.7421875,45.26943805134293,2049.322021484375,1843200
R045,Rain,AFLB3_output,0.00100177840795368,0.01011934783309698,-0.04954702407121658,0.1478371620178223,24883.609375,19.52412135532008,381.1913146972656,3686400
R046,Rain,encoder_level1,0.002892920980229974,0.0777013823390007,-0.4229547083377838,0.4332191944122314,393311.5,211.1279880635204,44575.02734375,7372800
R046,Rain,encoder_level2,-0.009045625105500221,0.149729460477829,-1.368472337722778,1.140522003173828,413693.46875,288.0046928871125,82946.703125,3686400
R046,Rain,encoder_level3,0.02068688906729221,0.5991780161857605,-3.103484630584717,4.464524745941162,864927.5,813.9557343615191,662523.9375,1843200
R046,Rain,latent,-0.07846144586801529,3.510524988174438,-20.71169281005859,19.778564453125,2535037.5,3370.945564674695,11363274.0,921600
R046,Rain,decoder_level3,-0.01663500629365444,1.243799805641174,-7.123442649841309,7.495920181274414,1811235.125,1688.789581327407,2852010.25,1843200
R046,Rain,decoder_level2,0.02841806970536709,0.3350705802440643,-1.784761190414429,1.933826923370361,970500.125,645.6451715145092,416857.6875,3686400
R046,Rain,decoder_level1,-2.531418431317434e-05,0.04260338470339775,-0.3372817039489746,0.3092744946479797,430081.1875,163.5970301724637,26763.98828125,14745600
R046,Rain,refinement,7.575904601253569e-05,0.01311107911169529,-0.4477941691875458,0.4231947958469391,114364.6796875,50.34738212378822,2534.85888671875,14745600
R046,Rain,AFLB1_output,9.823706204770133e-05,0.04164824262261391,-0.543327808380127,0.5904849767684937,20988.189453125,39.9824271702191,1598.594482421875,921600
R046,Rain,AFLB2_output,-0.002313686767593026,0.03833374753594398,-0.9490979313850403,0.5121253728866577,45806.66796875,52.138328257027,2718.4052734375,1843200
R046,Rain,AFLB3_output,0.001503328210674226,0.01131739653646946,-0.05357405543327332,0.1746376156806946,28192.71875,21.92026845057589,480.4981689453125,3686400
R047,Rain,encoder_level1,-0.003778374986723065,0.07635434716939926,-0.3778836131095886,0.4158638715744019,401705.0,207.577884479537,43088.578125,7372800
R047,Rain,encoder_level2,-0.003320871153846383,0.1425513923168182,-0.8897088766098022,0.9473562240600586,389836.625,273.7729157075257,74951.609375,3686400
R047,Rain,encoder_level3,-0.00251300330273807,0.563849925994873,-3.022758960723877,3.951061725616455,802906.8125,765.5156758682346,586014.25,1843200
R047,Rain,latent,-0.1046351119875908,3.434149026870728,-23.16669082641602,16.84451484680176,2435321.75,3298.313053668496,10878869.0,921600
R047,Rain,decoder_level3,-0.000908292131498456,1.272170066833496,-7.257251262664795,8.919843673706055,1847007.125,1727.155899159077,2983067.5,1843200
R047,Rain,decoder_level2,0.02854147553443909,0.3309066593647003,-1.646247625350952,2.270068407058716,949936.875,637.6996746118034,406660.875,3686400
R047,Rain,decoder_level1,6.956391735002398e-05,0.04344558715820312,-0.3810879290103912,0.3340640068054199,428842.15625,166.8312618242606,27832.669921875,14745600
R047,Rain,refinement,-0.0003604621742852032,0.02510889805853367,-0.8298482298851013,0.5650734901428223,152439.578125,96.42810732775222,9298.3798828125,14745600
R047,Rain,AFLB1_output,-0.001411642413586378,0.03440777957439423,-0.4146054983139038,0.306525707244873,17978.96875,33.05925632422692,1092.914428710938,921600
R047,Rain,AFLB2_output,-0.0009857544209808111,0.03292417898774147,-0.5306983590126038,0.4514206349849701,45304.86328125,44.71938056421259,1999.822998046875,1843200
R047,Rain,AFLB3_output,0.0009879657300189137,0.009873243048787117,-0.05464330688118935,0.1277982592582703,26773.748046875,19.0512982584398,362.9519653320312,3686400
R048,Rain,encoder_level1,-0.002657247940078378,0.06519532948732376,-0.360687255859375,0.3189326524734497,324857.3125,177.1712183877505,31389.640625,7372800
R048,Rain,encoder_level2,0.006431441754102707,0.109446682035923,-0.8153012990951538,0.7506324052810669,283443.71875,210.5001298990098,44310.3046875,3686400
R048,Rain,encoder_level3,-0.02598591893911362,0.4932907521724701,-3.581414699554443,3.701658964157104,703475.9375,670.642322702646,449761.125,1843200
R048,Rain,latent,0.0852464810013771,3.302333831787109,-18.18899345397949,30.1025390625,2375813.5,3171.296580264924,10057122.0,921600
R048,Rain,decoder_level3,0.01300967112183571,1.252769827842712,-7.032005310058594,6.690173149108887,1809658.875,1700.908433749448,2893089.5,1843200
R048,Rain,decoder_level2,0.0240064449608326,0.328760951757431,-1.606293916702271,2.035252332687378,933779.3125,632.9016264396861,400564.46875,3686400
R048,Rain,decoder_level1,-0.001075668376870453,0.04372549057006836,-0.3476159870624542,0.3215145170688629,429380.5625,167.9566827060627,28209.447265625,14745600
R048,Rain,refinement,-7.381187606370077e-05,0.0222050491720438,-0.7505141496658325,0.4820040464401245,128180.359375,85.2678569091249,7270.607421875,14745600
R048,Rain,AFLB1_output,0.0001454664306947961,0.03791218250989914,-0.4667596518993378,0.4309640824794769,19235.9453125,36.39596320603856,1324.666137695312,921600
R048,Rain,AFLB2_output,-0.0007418927852995694,0.03286116197705269,-0.6097686290740967,0.6062132120132446,44811.0,44.62516139239023,1991.405029296875,1843200
R048,Rain,AFLB3_output,0.000960334378760308,0.009900943376123905,-0.0665302500128746,0.12424186617136,26362.560546875,19.09902366819113,364.772705078125,3686400
R049,Rain,encoder_level1,-9.732285980135202e-05,0.07020429521799088,-0.3625291585922241,0.3464736342430115,362194.1875,190.6251946720317,36337.96484375,7372800
R049,Rain,encoder_level2,-0.004024176392704248,0.1126984432339668,-0.8945722579956055,0.7081955671310425,304614.125,216.5189169708966,46880.44140625,3686400
R049,Rain,encoder_level3,-0.008530538529157639,0.4557088017463684,-2.752193450927734,2.809266805648804,663335.75,618.7991899639171,382912.4375,1843200
R049,Rain,latent,0.01917696185410023,3.066473484039307,-19.21404457092285,25.75819396972656,2220394.5,2943.871940149571,8666382.0,921600
R049,Rain,decoder_level3,0.03314946964383125,0.9929547905921936,-8.082281112670898,7.355786800384521,1434277.125,1348.83125334491,1819345.75,1843200
R049,Rain,decoder_level2,0.01914859563112259,0.2781993746757507,-1.42095685005188,1.694390892982483,811028.8125,535.4065628099828,286660.1875,3686400
R049,Rain,decoder_level1,-0.0002266069641336799,0.04015941172838211,-0.2749896049499512,0.2824864387512207,390160.53125,154.2145927757811,23782.140625,14745600
R049,Rain,refinement,0.000146931255585514,0.008520415052771568,-0.6274400949478149,0.4270890653133392,70039.203125,32.72325661418038,1070.8115234375,14745600
R049,Rain,AFLB1_output,-0.0001095061961677857,0.03683264926075935,-0.4199533462524414,0.5184584856033325,18561.177734375,35.35949755557639,1250.294067382812,921600
R049,Rain,AFLB2_output,-0.0007107018027454615,0.0297407191246748,-0.8804232478141785,0.5436277389526367,35918.17578125,40.38886450466963,1631.260375976562,1843200
R049,Rain,AFLB3_output,0.001157313818112016,0.009606070816516876,-0.04489480331540108,0.1356102228164673,23691.6875,18.57702766944298,345.10595703125,3686400
R050,Rain,encoder_level1,-0.001890759682282805,0.05999694764614105,-0.3002611994743347,0.3158922791481018,300821.15625,162.9899824375719,26565.734375,7372800
R050,Rain,encoder_level2,0.002705562626942992,0.1008306592702866,-0.8849647045135498,0.7233487963676453,261672.734375,193.6645376030418,37505.953125,3686400
R050,Rain,encoder_level3,-0.01471886318176985,0.4547032415866852,-3.141307830810547,3.333319187164307,657665.375,617.6489445874574,381490.21875,1843200
R050,Rain,latent,0.08972480148077011,3.181581258773804,-16.06876182556152,32.77841186523438,2281133.25,3055.532359507914,9336278.0,921600
R050,Rain,decoder_level3,0.006548731122165918,1.297731041908264,-7.58177661895752,7.692559242248535,1882428.875,1761.880529434388,3104223.0,1843200
R050,Rain,decoder_level2,0.0202949084341526,0.3290064930915833,-1.55155348777771,2.00222635269165,937533.875,632.8931584398745,400553.75,3686400
R050,Rain,decoder_level1,-0.0005928449099883437,0.04237586259841919,-0.3437653779983521,0.3002668917179108,416443.0,162.7392289542537,26484.056640625,14745600
R050,Rain,refinement,-6.587210373254493e-05,0.01531545352190733,-0.6917058229446411,0.4027350544929504,112516.5,58.81188769938969,3458.838134765625,14745600
R050,Rain,AFLB1_output,3.618154369178228e-05,0.03792033344507217,-0.5377633571624756,0.4849589169025421,18988.0234375,36.40353731846501,1325.217529296875,921600
R050,Rain,AFLB2_output,-0.001504875137470663,0.03378694504499435,-0.7592869400978088,0.3918576240539551,46234.3515625,45.91615150194973,2108.29296875,1843200
R050,Rain,AFLB3_output,0.0009449716308154166,0.01015726011246443,-0.05253471061587334,0.1619714498519897,26634.556640625,19.58615563799546,383.6174926757812,3686400
R051,Rain,encoder_level1,-0.003585245460271835,0.08084409683942795,-0.4105569124221802,0.4854053854942322,423038.125,219.7309256511245,48281.6796875,7372800
R051,Rain,encoder_level2,-0.00458250381052494,0.1430121660232544,-1.276347756385803,0.9869735240936279,388657.375,274.7242936108855,75473.4375,3686400
R051,Rain,encoder_level3,0.007145980838686228,0.525284469127655,-2.819151639938354,4.462847709655762,745999.25,713.2158684437693,508676.875,1843200
R051,Rain,latent,-0.03881393000483513,3.204268932342529,-21.52794075012207,16.13257789611816,2268513.5,3076.32394263023,9463769.0,921600
R051,Rain,decoder_level3,-0.0136571004986763,1.206491589546204,-8.029805183410645,7.154284000396729,1754359.25,1638.092182998259,2683346.0,1843200
R051,Rain,decoder_level2,0.01436041202396154,0.2855150997638702,-1.552233457565308,2.014060020446777,834269.5,548.8819317485319,301271.375,3686400
R051,Rain,decoder_level1,-0.000257457752013579,0.04076447337865829,-0.4097439646720886,0.3560554981231689,400409.03125,156.5387020336345,24504.365234375,14745600
R051,Rain,refinement,0.0001010183113976382,0.01819686591625214,-0.8306241035461426,0.5470177531242371,119156.28125,69.87704044426896,4882.80078125,14745600
R051,Rain,AFLB1_output,-0.0008840078371576965,0.03192775696516037,-0.3479349315166473,0.3099410533905029,16661.169921875,30.66239147516975,940.1822509765625,921600
R051,Rain,AFLB2_output,-0.001044946373440325,0.03147927671670914,-0.6531226634979248,0.4422611892223358,42691.6875,42.76122328461705,1828.522216796875,1843200
R051,Rain,AFLB3_output,0.000862301152665168,0.009032851085066795,-0.05472977459430695,0.1333494186401367,23882.48046875,17.4219196678239,303.5232849121094,3686400
R052,Rain,encoder_level1,-0.003494518343359232,0.0758502334356308,-0.3472892045974731,0.366671621799469,388848.90625,206.1738306320664,42507.6484375,7372800
R052,Rain,encoder_level2,0.001181610277853906,0.1197061240673065,-0.9433039426803589,1.139814615249634,321874.59375,229.8469429587873,52829.6171875,3686400
R052,Rain,encoder_level3,-0.01647799648344517,0.4835556447505951,-3.639312982559204,3.824990272521973,691098.375,656.8779614585955,431488.65625,1843200
R052,Rain,latent,-0.04045283794403076,2.97441577911377,-19.10487937927246,22.49096488952637,2138501.75,2855.703240884809,8155041.0,921600
R052,Rain,decoder_level3,0.02124246768653393,1.249449372291565,-7.359806537628174,7.314528465270996,1818683.25,1696.55378635633,2878294.75,1843200
R052,Rain,decoder_level2,0.02209695987403393,0.3084425628185272,-1.714088320732117,1.95054829120636,889686.75,593.7274732568807,352512.3125,3686400
R052,Rain,decoder_level1,3.032594941032585e-05,0.04022734984755516,-0.2731460928916931,0.3018859326839447,395673.78125,154.4730647536165,23861.927734375,14745600
R052,Rain,refinement,0.0001085094627342187,0.01415305584669113,-0.5548925399780273,0.3836753368377686,110690.3125,54.34933167496749,2953.849853515625,14745600
R052,Rain,AFLB1_output,9.5601872089901e-06,0.03242415934801102,-0.51951664686203,0.4399455189704895,16617.431640625,31.1271952272421,968.9022827148438,921600
R052,Rain,AFLB2_output,-0.0006291050231084228,0.03286954015493393,-0.7244547009468079,0.4089402556419373,44616.15625,44.63333693132298,1992.134765625,1843200
R052,Rain,AFLB3_output,0.001072145532816648,0.009829995222389698,-0.05689511820673943,0.1340548247098923,25516.8671875,18.98551790541197,360.4498901367188,3686400
R053,Rain,encoder_level1,-0.002120748162269592,0.07528459280729294,-0.3564632534980774,0.3540399670600891,382361.71875,204.5006016953251,41820.49609375,7372800
R053,Rain,encoder_level2,0.0003268991713412106,0.121376059949398,-0.9985696077346802,1.098723292350769,326139.34375,233.0428809790164,54308.984375,3686400
R053,Rain,encoder_level3,-0.02659563347697258,0.5017660856246948,-2.980924129486084,5.691420555114746,722211.0,682.1764800988085,465364.75,1843200
R053,Rain,latent,0.03336991369724274,3.158926486968994,-19.88776206970215,23.43618202209473,2285117.5,3032.738366559173,9197502.0,921600
R053,Rain,decoder_level3,0.04869019240140915,1.260006308555603,-7.097570419311523,8.392841339111328,1836205.625,1711.918076310896,2930663.5,1843200
R053,Rain,decoder_level2,0.01425869669765234,0.344010204076767,-1.829067826271057,2.133857011795044,994693.1875,661.0667042742358,437009.1875,3686400
R053,Rain,decoder_level1,-0.0002196876594098285,0.04320899397134781,-0.3584830164909363,0.2976381182670593,429747.625,165.9246758227208,27530.998046875,14745600
R053,Rain,refinement,-0.0002436256472719833,0.0223828386515379,-0.7367673516273499,0.4976018667221069,157368.0625,85.95519136081893,7388.294921875,14745600
R053,Rain,AFLB1_output,-0.000216009488212876,0.0357794351875782,-0.387463241815567,0.3905234932899475,18261.650390625,34.34888212336757,1179.845703125,921600
R053,Rain,AFLB2_output,0.0003833626979030669,0.03323815762996674,-0.9252375364303589,0.5551837086677551,45190.16796875,45.12861935796673,2036.59228515625,1843200
R053,Rain,AFLB3_output,0.0006989469984546304,0.01049923244863749,-0.06071159243583679,0.1935956031084061,28204.005859375,20.20314539224609,408.1670837402344,3686400
R054,Rain,encoder_level1,-0.002618755213916302,0.08181492239236832,-0.66802978515625,0.4674786329269409,434282.09375,222.265000548332,49401.73046875,7372800
R054,Rain,encoder_level2,-0.004424620419740677,0.1460762768983841,-1.037449955940247,0.9043464660644531,403359.03125,280.5950986296803,78733.609375,3686400
R054,Rain,encoder_level3,-0.009144005365669727,0.5573336482048035,-3.995240926742554,3.744220733642578,795753.1875,756.7631316997413,572690.4375,1843200
R054,Rain,latent,-0.08501364290714264,2.987045288085938,-22.87252235412598,23.79359436035156,2112305.5,2868.724542370703,8229580.5,921600
R054,Rain,decoder_level3,-0.01265109982341528,1.164107441902161,-7.819742202758789,7.398042678833008,1691382.25,1580.538041301126,2498100.5,1843200
R054,Rain,decoder_level2,0.01180213689804077,0.3089356124401093,-1.658169627189636,1.911130666732788,884667.5625,593.5890308117224,352347.9375,3686400
R054,Rain,decoder_level1,-0.000594784680288285,0.04118385538458824,-0.3603871762752533,0.3532702028751373,417713.25,158.1624893799886,25015.373046875,14745600
R054,Rain,refinement,0.0001159896564786322,0.01047658082097769,-0.5946147441864014,0.4611048102378845,85441.2734375,40.2325348486963,1618.656860351562,14745600
R054,Rain,AFLB1_output,-0.0002805557451210916,0.03197735175490379,-0.4756246209144592,0.3184857368469238,16332.5654296875,30.69943918716187,942.45556640625,921600
R054,Rain,AFLB2_output,-0.001294331043027341,0.03084482438862324,-0.7595307230949402,0.4254347383975983,42087.56640625,41.91317639440788,1756.71435546875,1843200
R054,Rain,AFLB3_output,0.000633337942417711,0.009072043932974339,-0.06364430487155914,0.1318043768405914,24674.037109375,17.46071815438291,304.8766784667969,3686400
R055,Rain,encoder_level1,-0.0007036033202894032,0.08727005124092102,-0.5187897682189941,0.4466894865036011,467304.1875,236.9712040786813,56155.3515625,7372800
R055,Rain,encoder_level2,-0.01330208219587803,0.1587810963392258,-1.062160611152649,1.087932467460632,449170.8125,305.9276364599968,93591.71875,3686400
R055,Rain,encoder_level3,0.01914979703724384,0.595047652721405,-3.127521753311157,4.078922271728516,856664.75,808.2817423398849,653319.375,1843200
R055,Rain,latent,-0.05160758271813393,3.230292320251465,-22.35601615905762,19.74614715576172,2287931.25,3101.476422609077,9619156.0,921600
R055,Rain,decoder_level3,-0.01549335941672325,1.290422916412354,-8.265111923217773,7.679698944091797,1880822.75,1752.062498885242,3069723.0,1843200
R055,Rain,decoder_level2,0.03786623105406761,0.3257946670055389,-1.506007671356201,2.087157726287842,936897.5625,629.7366264955533,396568.21875,3686400
R055,Rain,decoder_level1,-0.001108829281292856,0.04561285674571991,-0.4421806633472443,0.3618862926959991,461735.46875,175.2051197436165,30696.833984375,14745600
R055,Rain,refinement,-0.0001953929313458502,0.03022366017103195,-0.8125529885292053,0.5136135220527649,206857.625,116.0612883620116,13470.22265625,14745600
R055,Rain,AFLB1_output,-0.0009716585045680404,0.03431499004364014,-0.4945204854011536,0.3734098672866821,17540.44921875,32.95559386495997,1086.071166992188,921600
R055,Rain,AFLB2_output,-0.001511710230261087,0.03471239283680916,-0.6590079665184021,0.513579249382019,46553.84765625,47.17177407657306,2225.17626953125,1843200
R055,Rain,AFLB3_output,0.001435046084225178,0.009793349541723728,-0.06715474277734756,0.1218437254428864,26434.63671875,19.00402869629103,361.1531066894531,3686400
R056,Rain,encoder_level1,-0.0003168190887663513,0.0740574300289154,-0.4301550686359406,0.4189004302024841,397164.46875,201.0892506295401,40436.88671875,7372800
R056,Rain,encoder_level2,-0.009278988465666771,0.1361993849277496,-0.982194721698761,0.8868809938430786,375421.5625,262.1089945041948,68701.125,3686400
R056,Rain,encoder_level3,0.01792028546333313,0.5381434559822083,-4.051648139953613,3.317076206207275,771964.375,731.0127392870797,534379.625,1843200
R056,Rain,latent,-0.04021023213863373,3.094404697418213,-21.01579475402832,22.399658203125,2211402.75,2970.879331107206,8826124.0,921600
R056,Rain,decoder_level3,-0.0146753741428256,1.289126873016357,-6.855675220489502,8.049930572509766,1874083.0,1750.290118808879,3063515.5,1843200
R056,Rain,decoder_level2,0.02345855720341206,0.3201891481876373,-1.612915277481079,2.188251972198486,899005.75,616.4108816365915,379962.375,3686400
R056,Rain,decoder_level1,-0.0009009875357151031,0.04475245252251625,-0.4275740385055542,0.3675783574581146,433222.875,171.8842383880791,29544.19140625,14745600
R056,Rain,refinement,-6.052343451301567e-05,0.02307240292429924,-0.8792974948883057,0.5786120891571045,136216.046875,88.59832990807445,7849.6640625,14745600
R056,Rain,AFLB1_output,-0.0004716210823971778,0.03484120219945908,-0.5200448632240295,0.445348858833313,17660.40234375,33.4506180459532,1118.94384765625,921600
R056,Rain,AFLB2_output,-0.002198199741542339,0.03590352088212967,-0.9067786931991577,0.4962009787559509,46485.79296875,48.83550944161303,2384.906982421875,1843200
R056,Rain,AFLB3_output,0.001056503388099372,0.01005040388554335,-0.05316371470689774,0.1253874599933624,25662.857421875,19.40310068422337,376.4803161621094,3686400
R057,Rain,encoder_level1,-0.002927517518401146,0.07148701697587967,-0.3538957238197327,0.3699507117271423,377017.4375,194.2706713582882,37741.09375,7372800
R057,Rain,encoder_level2,-0.007647759281098843,0.1231380254030228,-0.9164730310440063,0.9175926446914673,334051.5,236.8805655678617,56112.40234375,3686400
R057,Rain,encoder_level3,0.01305873226374388,0.4676301777362823,-3.056788682937622,3.272381067276001,674844.5,635.1233147980005,403381.625,1843200
R057,Rain,latent,-0.03693753853440285,2.714346408843994,-16.54345893859863,15.08766078948975,1973644.25,2606.01391017009,6791308.5,921600
R057,Rain,decoder_level3,-0.03089970536530018,1.207953810691833,-7.113419532775879,6.851433277130127,1759851.0,1640.508914940727,2691269.5,1843200
R057,Rain,decoder_level2,0.03093082085251808,0.3096998929977417,-1.628181934356689,1.906343698501587,903699.8125,597.582028888085,357104.28125,3686400
R057,Rain,decoder_level1,-0.0007147100404836237,0.04162511602044106,-0.26949542760849,0.2905382215976715,422374.28125,159.8640169214136,25556.50390625,14745600
R057,Rain,refinement,0.0005320935742929578,0.01562613807618618,-0.6162663102149963,0.4206880331039429,122158.265625,60.03914331891112,3604.69873046875,14745600
R057,Rain,AFLB1_output,0.0006213273154571652,0.03221407905220985,-0.3701190948486328,0.3942882120609283,16250.5546875,30.93126712782411,956.7432861328125,921600
R057,Rain,AFLB2_output,-0.002308502094820142,0.03475629165768623,-0.7641394138336182,0.580169677734375,43999.80859375,47.29067518004342,2236.407958984375,1843200
R057,Rain,AFLB3_output,0.001279766787774861,0.009277500212192535,-0.08751598000526428,0.1273632496595383,25431.44140625,17.98147562287845,323.3334655761719,3686400
R058,Rain,encoder_level1,-0.004267484880983829,0.07984774559736252,-0.4499929547309875,0.4510898888111115,419897.375,217.1192158843846,47140.75390625,7372800
R058,Rain,encoder_level2,-0.005639082752168179,0.142114982008934,-1.045270442962646,0.993396520614624,386328.25,273.0754817811368,74570.21875,3686400
R058,Rain,encoder_level3,-9.65383333095815e-06,0.5305850505828857,-3.003597736358643,4.487338542938232,755453.125,720.3461624455286,518898.59375,1843200
R058,Rain,latent,-0.09377069771289825,2.917801380157471,-23.34142112731934,16.36941528320312,2054272.875,2802.535459186913,7854205.0,921600
R058,Rain,decoder_level3,-0.04339509084820747,1.205226182937622,-7.996434211730957,7.056172847747803,1755351.125,1637.329609455591,2680848.25,1843200
R058,Rain,decoder_level2,0.01221192069351673,0.3081421554088593,-1.680353403091431,2.380611419677734,903252.1875,592.0973843043051,350579.3125,3686400
R058,Rain,decoder_level1,4.37573908129707e-05,0.04083025455474854,-0.4152610301971436,0.354742169380188,404371.1875,156.7882603824343,24582.55859375,14745600
R058,Rain,refinement,7.483421359211206e-05,0.01578721590340137,-0.6842880249023438,0.5160402059555054,117891.53125,60.62359051196572,3675.2197265625,14745600
R058,Rain,AFLB1_output,-0.0006339163519442081,0.0297563262283802,-0.3277553915977478,0.2820014953613281,15496.6064453125,28.57255340541809,816.3908081054688,921600
R058,Rain,AFLB2_output,-0.001845310209318995,0.03196163848042488,-0.6420315504074097,0.6171311736106873,43278.96875,43.46482251083556,1889.190795898438,1843200
R058,Rain,AFLB3_output,0.0007615553913637996,0.009616329334676266,-0.06337649375200272,0.1148374751210213,25891.4375,18.52115802744889,343.0332946777344,3686400
R059,Rain,encoder_level1,-0.00370385218411684,0.06802693754434586,-0.4224215745925903,0.3736769556999207,354767.28125,184.9864543182825,34219.98828125,7372800
R059,Rain,encoder_level2,0.001351743587292731,0.1251130104064941,-1.045141935348511,0.9800724387168884,348644.625,240.2309923542339,57710.9296875,3686400
R059,Rain,encoder_level3,0.000309533003019169,0.5157868266105652,-2.863944292068481,3.755893468856812,748030.625,700.2555337160857,490357.8125,1843200
R059,Rain,latent,0.0008588748751208186,2.945152282714844,-19.43097114562988,21.11768531799316,2144581.25,2827.346282293699,7993887.0,921600
R059,Rain,decoder_level3,0.01188849098980427,1.203978657722473,-6.78835391998291,8.408227920532227,1745274.75,1634.655315349386,2672098.0,1843200
R059,Rain,decoder_level2,0.01739408820867538,0.2937449514865875,-1.739483594894409,1.992826223373413,856556.25,564.9782352002597,319200.40625,3686400
R059,Rain,decoder_level1,-0.0003373843501321971,0.04015998542308807,-0.295144647359848,0.302977055311203,395844.28125,154.2197789985934,23783.740234375,14745600
R059,Rain,refinement,0.0001213398427353241,0.01523567270487547,-0.6996084451675415,0.4898730516433716,109174.53125,58.50683762457278,3423.050048828125,14745600
R059,Rain,AFLB1_output,0.0008875360363163054,0.03515173494815826,-0.4476675093173981,0.4437449276447296,17748.509765625,33.75641938371685,1139.495849609375,921600
R059,Rain,AFLB2_output,-0.001591490115970373,0.03459741920232773,-0.8449026942253113,0.3689061403274536,43350.359375,47.02068766361648,2210.945068359375,1843200
R059,Rain,AFLB3_output,0.0009808259783312678,0.009193752892315388,-0.0577380545437336,0.168489396572113,24519.599609375,17.75217478149244,315.1397094726562,3686400
R060,Rain,encoder_level1,-0.001324350014328957,0.06932450830936432,-0.3746494054794312,0.3259198665618896,354839.4375,188.2705002117963,35445.78125,7372800
R060,Rain,encoder_level2,0.003132804296910763,0.133094847202301,-0.8648326396942139,0.8970497250556946,368345.5625,255.6128893830474,65337.94921875,3686400
R060,Rain,encoder_level3,0.00110211584251374,0.5774463415145874,-2.955440521240234,3.413788080215454,837303.1875,783.9685899320202,614606.75,1843200
R060,Rain,latent,-0.07871170341968536,3.383872985839844,-18.81941795349121,28.97176170349121,2399178.75,3249.396713237705,10558579.0,921600
R060,Rain,decoder_level3,0.002320503583177924,1.328896641731262,-7.69744873046875,7.148815631866455,1930033.125,1804.172732861241,3255039.25,1843200
R060,Rain,decoder_level2,0.01703325845301151,0.3437138497829437,-1.590888023376465,2.078450202941895,967337.375,660.7404463932869,436577.9375,3686400
R060,Rain,decoder_level1,-0.000197054396267049,0.04290516674518585,-0.4175054430961609,0.3012180030345917,427587.875,164.757575224176,27145.05859375,14745600
R060,Rain,refinement,0.0001995530765270814,0.01459825783967972,-0.8004969954490662,0.414539098739624,101373.2421875,56.0625457253158,3143.009033203125,14745600
R060,Rain,AFLB1_output,0.0002387064741924405,0.03551432117819786,-0.4647308588027954,0.6745858192443848,18389.88671875,34.09451620358104,1162.43603515625,921600
R060,Rain,AFLB2_output,-0.001592821558006108,0.0356660820543766,-0.7404372692108154,0.2381869256496429,47474.76953125,48.47014273063496,2349.354736328125,1843200
R060,Rain,AFLB3_output,0.0008372842567041516,0.01065873075276613,-0.04902085289359093,0.118285246193409,27527.3828125,20.5278064737333,421.3908386230469,3686400
R061,Rain,encoder_level1,-0.001893569715321064,0.08619959652423859,-0.3904621005058289,0.3817404210567474,448159.875,234.1133706401666,54809.0703125,7372800
R061,Rain,encoder_level2,-0.008167298510670662,0.1300447732210159,-1.025132298469543,1.049953579902649,364794.09375,250.1779132562465,62588.98828125,3686400
R061,Rain,encoder_level3,-0.01906531862914562,0.5094749331474304,-2.764005661010742,4.182147026062012,736780.5,692.170228339821,479099.625,1843200
R061,Rain,latent,0.04127034544944763,3.05242395401001,-18.87516021728516,23.06037521362305,2202936.0,2930.594820168766,8588386.0,921600
R061,Rain,decoder_level3,0.005269769113510847,1.258594155311584,-7.760956764221191,7.964621543884277,1831466.0,1708.739081896356,2919789.25,1843200
R061,Rain,decoder_level2,0.02460964769124985,0.3242815136909485,-1.633885145187378,2.165906667709351,929778.25,624.4108222957062,389888.875,3686400
R061,Rain,decoder_level1,-0.0006864873575977981,0.04330874606966972,-0.3398538529872894,0.3127450346946716,427123.4375,166.326492036371,27664.501953125,14745600
R061,Rain,refinement,-0.0002214691194240004,0.02284563891589642,-0.7672841548919678,0.5132484436035156,147318.671875,87.73137099710257,7696.79345703125,14745600
R061,Rain,AFLB1_output,-9.103067714022473e-05,0.03402011096477509,-0.5019344687461853,0.4410587549209595,17428.947265625,32.65941970262944,1066.6376953125,921600
R061,Rain,AFLB2_output,-0.00108164781704545,0.03349051252007484,-0.8299556374549866,0.4037507772445679,45040.5703125,45.4919319125999,2069.515869140625,1843200
R061,Rain,AFLB3_output,0.001111262943595648,0.009957537986338139,-0.06223541125655174,0.1683025658130646,26267.033203125,19.23716089694631,370.068359375,3686400
R062,Rain,encoder_level1,-0.004029885400086641,0.08212966471910477,-0.353030800819397,0.4130462408065796,441338.625,223.2741535786218,49851.34765625,7372800
R062,Rain,encoder_level2,-0.000209830075618811,0.1446809023618698,-1.106540322303772,0.9429261684417725,408425.0625,277.7876324640822,77165.96875,3686400
R062,Rain,encoder_level3,0.00576674984768033,0.569360077381134,-3.28838324546814,4.005259037017822,816404.125,773.0285408702579,597573.125,1843200
R062,Rain,latent,-0.06967315077781677,3.278534173965454,-21.29036331176758,22.14927673339844,2360087.75,3148.103238459628,9910554.0,921600
R062,Rain,decoder_level3,0.002846929710358381,1.266744256019592,-8.39932632446289,8.722013473510742,1839279.875,1719.793301533647,2957689.0,1843200
R062,Rain,decoder_level2,0.02400799095630646,0.310168594121933,-1.872867584228516,2.194318294525146,892067.1875,597.3050152560248,356773.28125,3686400
R062,Rain,decoder_level1,8.687360241310671e-05,0.04130280762910843,-0.3457586467266083,0.3240461349487305,409690.1875,158.6031247229228,25154.951171875,14745600
R062,Rain,refinement,1.871463246061467e-05,0.0152899706736207,-0.7488799691200256,0.5092490315437317,104294.578125,58.7135317332704,3447.27880859375,14745600
R062,Rain,AFLB1_output,-0.0006032880046404898,0.03591812029480934,-0.5591214895248413,0.3561931550502777,18500.181640625,34.48625993092666,1189.302124023438,921600
R062,Rain,AFLB2_output,-0.001264800783246756,0.03424986079335213,-0.9170360565185547,0.4320060908794403,45539.046875,46.53084599388077,2165.11962890625,1843200
R062,Rain,AFLB3_output,0.001067893579602242,0.00983293354511261,-0.06216542422771454,0.1170072555541992,25500.869140625,18.99024311313822,360.6293334960938,3686400
R063,Rain,encoder_level1,-0.001245561288669705,0.0742606520652771,-0.4259738922119141,0.3990500867366791,380179.0,201.6675695141636,40669.80859375,7372800
R063,Rain,encoder_level2,-0.001244738232344389,0.1311347782611847,-1.129786014556885,0.940280556678772,353106.40625,251.7901221751957,63398.265625,3686400
R063,Rain,encoder_level3,-0.007548500783741474,0.5370131134986877,-3.973520278930664,3.890470266342163,767886.375,729.1451330153689,531652.625,1843200
R063,Rain,latent,0.04162295535206795,3.389377593994141,-20.68848419189453,33.44832229614258,2447502.5,3254.04778698777,10588827.0,921600
R063,Rain,decoder_level3,-0.004209806676954031,1.240212559700012,-8.525425910949707,8.45089340209961,1790116.25,1683.778043567501,2835108.5,1843200
R063,Rain,decoder_level2,0.02092104218900204,0.3487245142459869,-1.63983941078186,2.373148202896118,1004174.9375,670.7548918942,449912.125,3686400
R063,Rain,decoder_level1,-0.0004612814518623054,0.04501881077885628,-0.4226860105991364,0.3181499540805817,444586.8125,172.8812984662453,29887.943359375,14745600
R063,Rain,refinement,-0.0003629072452895343,0.02515002898871899,-0.8254936337471008,0.5662121176719666,153894.0625,96.58616214939902,9328.88671875,14745600
R063,Rain,AFLB1_output,-4.543105751508847e-05,0.04219363257288933,-0.7231240272521973,0.5578137040138245,20925.87109375,40.50591319679449,1640.72900390625,921600
R063,Rain,AFLB2_output,-0.001245691673830152,0.03504519909620285,-1.261804699897766,0.8765243291854858,44644.4296875,47.60899039884038,2266.615966796875,1843200
R063,Rain,AFLB3_output,0.0009761032997630537,0.01091974973678589,-0.06666203588247299,0.210358738899231,28609.396484375,21.04951597549773,443.0821228027344,3686400
R064,Rain,encoder_level1,0.0007699541165493429,0.08333183079957962,-0.3903307318687439,0.4388099312782288,437521.78125,226.2797546042288,51202.52734375,7372800
R064,Rain,encoder_level2,-0.0006105251959525049,0.1174176782369614,-1.007265090942383,0.9647337198257446,319686.15625,225.4449939841202,50825.4453125,3686400
R064,Rain,encoder_level3,-0.06519161909818649,0.5198405981063843,-3.106704235076904,4.099353313446045,761289.4375,711.287037699971,505929.25,1843200
R064,Rain,latent,0.01539895590394735,3.293548107147217,-16.97053146362305,40.60781097412109,2367087.0,3161.840761328755,9997237.0,921600
R064,Rain,decoder_level3,0.01705016940832138,1.182353854179382,-7.1715989112854,10.54125881195068,1699686.0,1605.383754745263,2577257.0,1843200
R064,Rain,decoder_level2,0.0212401207536459,0.3404808044433594,-1.642175436019897,2.043779850006104,991603.9375,654.9938931013021,429017.0,3686400
R064,Rain,decoder_level1,0.0004000048211310059,0.04340369626879692,-0.3545151054859161,0.3166309893131256,420901.375,166.6772587780049,27781.30859375,14745600
R064,Rain,refinement,-0.00010411689436296,0.01623091101646423,-0.5870174765586853,0.520979106426239,120794.296875,62.32798007002453,3884.777099609375,14745600
R064,Rain,AFLB1_output,0.001186479581519961,0.03845203295350075,-0.5720782279968262,0.4873567819595337,19375.365234375,36.93152116904169,1363.937255859375,921600
R064,Rain,AFLB2_output,-0.0003867756749968976,0.03139815479516983,-0.8748820424079895,0.8893539905548096,41380.57421875,42.63078165975701,1817.383544921875,1843200
R064,Rain,AFLB3_output,0.0009846397442743182,0.01112696342170238,-0.05450814217329025,0.1734466850757599,28642.224609375,21.44725201839679,459.984619140625,3686400
R065,Rain,encoder_level1,-0.003322447882965207,0.08165880292654037,-0.5961340069770813,0.452375739812851,417859.625,221.9107893670337,49244.3984375,7372800
R065,Rain,encoder_level2,-0.001822831341996789,0.1464156657457352,-1.3609539270401,1.39639413356781,391118.09375,281.1398395371954,79039.609375,3686400
R065,Rain,encoder_level3,-0.01908018812537193,0.5904710292816162,-4.274067401885986,4.708358287811279,830811.8125,802.0684976982951,643313.875,1843200
R065,Rain,latent,-0.02207443863153458,3.303039073944092,-20.63045692443848,20.94226455688477,2381789.75,3170.988331735076,10055167.0,921600
R065,Rain,decoder_level3,0.01301028020679951,1.297141551971436,-9.909175872802734,9.013084411621094,1883867.875,1761.146359619211,3101636.5,1843200
R065,Rain,decoder_level2,0.02582725510001183,0.3134762346744537,-1.700863361358643,2.527097702026367,902409.5,603.913668292083,364711.71875,3686400
R065,Rain,decoder_level1,7.267726687132381e-06,0.04237346351146698,-0.4075279235839844,0.3336182832717896,427409.46875,162.7141077453796,26475.880859375,14745600
R065,Rain,refinement,-5.855837662238628e-05,0.02354040555655956,-0.9330823421478271,0.5949927568435669,135478.9375,90.39544201728314,8171.3359375,14745600
R065,Rain,AFLB1_output,-0.000277153158094734,0.03965838253498077,-0.5698612928390503,0.6461701393127441,19669.52734375,38.07297776300388,1449.551635742188,921600
R065,Rain,AFLB2_output,-0.001251465873792768,0.03703271597623825,-0.9896941781044006,0.4924956858158112,46879.265625,50.30598511779563,2530.692138671875,1843200
R065,Rain,AFLB3_output,0.001196599565446377,0.01043137907981873,-0.06496556848287582,0.1901716142892838,26050.5,20.15958896157383,406.4090270996094,3686400
R066,Rain,encoder_level1,0.002203808864578605,0.07750136405229568,-0.3447370827198029,0.3906971514225006,410953.4375,210.5237423516645,44320.24609375,7372800
R066,Rain,encoder_level2,-0.01254270412027836,0.1311123371124268,-0.8152468204498291,0.894260585308075,373226.28125,252.8849401778406,63950.79296875,3686400
R066,Rain,encoder_level3,-0.01851451024413109,0.5113494992256165,-3.359655618667603,3.291635036468506,739100.375,694.6860351986356,482588.6875,1843200
R066,Rain,latent,0.02098115347325802,3.097243309020996,-17.89889335632324,23.94722366333008,2202235.0,2973.42193440487,8841238.0,921600
R066,Rain,decoder_level3,-0.01281279232352972,1.245799660682678,-7.425798416137695,7.11329460144043,1813571.75,1691.443244687802,2860980.25,1843200
R066,Rain,decoder_level2,0.009309997782111168,0.292646735906601,-1.507174015045166,1.978883028030396,864974.0625,562.1659841630405,316030.59375,3686400
R066,Rain,decoder_level1,0.0001826201332733035,0.03935414925217628,-0.3047187626361847,0.291358470916748,382939.4375,151.1215622024203,22837.7265625,14745600
R066,Rain,refinement,7.502896914957091e-05,0.009697087109088898,-0.6444858312606812,0.4170523583889008,71178.546875,37.23792864913575,1386.663330078125,14745600
R066,Rain,AFLB1_output,-0.0004395357682369649,0.03353852033615112,-0.4120005667209625,0.3674267530441284,17140.015625,32.19974547101945,1036.823608398438,921600
R066,Rain,AFLB2_output,-0.001754392171278596,0.034134890884161,-0.753839910030365,0.4054791033267975,44583.96484375,46.40423238459101,2153.352783203125,1843200
R066,Rain,AFLB3_output,0.0007635343936271966,0.009630853310227394,-0.05002708733081818,0.1225593909621239,24955.75,18.54925907434125,344.0750122070312,3686400
R067,Rain,encoder_level1,0.002320687053725123,0.07649838924407959,-0.3823470175266266,0.4280972182750702,393937.75,207.8108834523591,43185.36328125,7372800
R067,Rain,encoder_level2,-0.0100383460521698,0.13202865421772,-0.9489673376083374,0.8608439564704895,376095.15625,254.2266612936181,64631.1953125,3686400
R067,Rain,encoder_level3,-0.013366281054914,0.5103600025177002,-3.256620168685913,3.419616460800171,743909.875,693.1253043281569,480422.6875,1843200
R067,Rain,latent,0.08604129403829575,3.150166749954224,-17.40031242370605,25.89272308349609,2279073.5,3025.287920182144,9152367.0,921600
R067,Rain,decoder_level3,-0.004656807985156775,1.213147282600403,-7.64285135269165,7.156223773956299,1770372.875,1647.035442848757,2712725.75,1843200
R067,Rain,decoder_level2,0.01230150833725929,0.3163990676403046,-1.795872926712036,2.1105055809021,929008.5625,607.9452072349942,369597.375,3686400
R067,Rain,decoder_level1,-0.0002904909488279372,0.04240394756197929,-0.3484618067741394,0.2862827181816101,417187.125,162.8349732570525,26515.228515625,14745600
R067,Rain,refinement,1.097440690500662e-05,0.01629018597304821,-0.6902986764907837,0.5116170644760132,103532.40625,62.55432795029053,3913.0439453125,14745600
R067,Rain,AFLB1_output,-0.0001552281173644587,0.03782102838158607,-0.497574120759964,0.6095095276832581,18867.001953125,36.30849099803912,1318.306518554688,921600
R067,Rain,AFLB2_output,-0.001837119809351861,0.03641307353973389,-1.212960004806519,0.3976399302482605,44302.1640625,49.49890505417771,2450.1416015625,1843200
R067,Rain,AFLB3_output,0.001046318560838699,0.01066399179399014,-0.05960976704955101,0.2111725658178329,27032.328125,20.57318227347004,423.2558288574219,3686400
R068,Rain,encoder_level1,-0.002267475472763181,0.09080907702445984,-0.6121876239776611,0.4395508170127869,470715.5,246.6498419445064,60836.14453125,7372800
R068,Rain,encoder_level2,-0.014329943805933,0.1562467366456985,-1.144728422164917,0.9990480542182922,435786.5,301.2527748834855,90753.234375,3686400
R068,Rain,encoder_level3,0.00947148259729147,0.5889742374420166,-3.213290214538574,3.532195568084717,840728.0,799.72131864794,639554.1875,1843200
R068,Rain,latent,-0.08348329365253448,3.200705528259277,-22.00162887573242,17.71762847900391,2267991.0,3073.722173521869,9447768.0,921600
R068,Rain,decoder_level3,-0.009333501569926739,1.187685966491699,-7.124812126159668,6.643884658813477,1728990.25,1612.505658904799,2600174.5,1843200
R068,Rain,decoder_level2,0.01974945329129696,0.3151551187038422,-1.613873481750488,1.865141868591309,905546.125,606.2847928160494,367581.25,3686400
R068,Rain,decoder_level1,-0.0007875365554355085,0.04250255972146988,-0.4395009279251099,0.3890557885169983,431054.8125,163.2378381285264,26646.591796875,14745600
R068,Rain,refinement,-0.0001514966716058552,0.01566143520176411,-0.6836056113243103,0.4517322480678558,123282.4375,60.14272575247567,3617.1474609375,14745600
R068,Rain,AFLB1_output,-0.001109059085138142,0.03338649868965149,-0.3562682271003723,0.3057719469070435,17165.732421875,32.0687166548745,1028.402587890625,921600
R068,Rain,AFLB2_output,-0.001211991999298334,0.03062818944454193,-0.5807612538337708,0.3891237378120422,42532.30078125,41.61475216382107,1731.78759765625,1843200
R068,Rain,AFLB3_output,0.0009237417834810913,0.00932189729064703,-0.0495496578514576,0.1041216403245926,25356.294921875,17.98570192216063,323.4854736328125,3686400
R069,Rain,encoder_level1,-0.0008413710165768862,0.0761028304696083,-0.3477786183357239,0.3696032464504242,394237.90625,206.6538848533944,42705.828125,7372800
R069,Rain,encoder_level2,-0.004562039859592915,0.1215313971042633,-0.9161137938499451,0.8669141530990601,324143.9375,233.5046339208282,54524.4140625,3686400
R069,Rain,encoder_level3,-0.02130196243524551,0.4701263308525085,-2.829076528549194,3.543742895126343,677280.25,638.9195469697261,408218.1875,1843200
R069,Rain,latent,0.05583827570080757,2.878589391708374,-15.66256904602051,32.42020797729492,2046776.875,2763.965810208223,7639507.0,921600
R069,Rain,decoder_level3,-0.04912517219781876,1.234272837638855,-6.885873317718506,7.373873710632324,1798615.625,1677.031156538244,2812433.5,1843200
R069,Rain,decoder_level2,0.01998424157500267,0.3202908337116241,-1.54316771030426,1.776711225509644,921219.3125,616.1542775555486,379646.09375,3686400
R069,Rain,decoder_level1,-0.0003520667960401624,0.04201908782124519,-0.3119507133960724,0.3195548355579376,411070.53125,161.3589627004029,26036.71484375,14745600
R069,Rain,refinement,0.0001373526902170852,0.01480047218501568,-0.5991014242172241,0.4225157201290131,117767.609375,56.83626127485098,3230.360595703125,14745600
R069,Rain,AFLB1_output,-0.0002814449253492057,0.03254444524645805,-0.4586833417415619,0.4146222472190857,16526.634765625,31.24383630620456,976.1773071289062,921600
R069,Rain,AFLB2_output,-0.002568267285823822,0.03192168846726418,-0.7976072430610657,0.3660135269165039,43848.484375,43.4783587061569,1890.36767578125,1843200
R069,Rain,AFLB3_output,0.001043559284880757,0.009902073070406914,-0.05573971197009087,0.1261389851570129,26163.50390625,19.11726891329211,365.469970703125,3686400
R070,Rain,encoder_level1,0.0007953962776809931,0.08413656055927277,-0.4536398351192474,0.3971653282642365,422094.375,228.4653710767783,52196.42578125,7372800
R070,Rain,encoder_level2,-0.009999946691095829,0.1188275143504143,-1.09662401676178,0.8796712160110474,323559.28125,228.9552869830701,52420.5234375,3686400
R070,Rain,encoder_level3,-0.02956940978765488,0.479232132434845,-3.338422298431396,3.656924724578857,693358.4375,651.8644414293511,424927.25,1843200
R070,Rain,latent,0.07635506242513657,2.977585315704346,-18.51307106018066,31.92032623291016,2143001.75,2859.421619838529,8176292.0,921600
R070,Rain,decoder_level3,0.02262327633798122,1.143188714981079,-8.209847450256348,7.79909610748291,1659686.375,1552.348301767358,2409785.25,1843200
R070,Rain,decoder_level2,0.0215836688876152,0.3379334509372711,-1.5979163646698,2.118186473846436,977428.375,650.1543086068107,422700.625,3686400
R070,Rain,decoder_level1,-0.0004391873662825674,0.0430559478700161,-0.3599998950958252,0.3036734759807587,431258.46875,165.3434517338077,27338.45703125,14745600
R070,Rain,refinement,0.0001322941825492308,0.01487283129245043,-0.7962068319320679,0.4422053396701813,113062.2578125,57.11392979442493,3262.0009765625,14745600
R070,Rain,AFLB1_output,0.0001559118536533788,0.0349087156355381,-0.4260485172271729,0.4408322870731354,17630.533203125,33.51270201414775,1123.101196289062,921600
R070,Rain,AFLB2_output,-0.0006322462577372789,0.03056091256439686,-0.7616581916809082,0.5184034109115601,40999.7109375,41.49974997571522,1722.229248046875,1843200
R070,Rain,AFLB3_output,0.0009277771459892392,0.009896994568407536,-0.06517689675092697,0.1522146463394165,27272.68359375,19.08554175423727,364.2579040527344,3686400
R071,Rain,encoder_level1,-0.002112050307914615,0.07605894654989243,-0.4313378632068634,0.4115733802318573,381958.125,206.601707701074,42684.265625,7372800
R071,Rain,encoder_level2,-0.006116702686995268,0.1287045925855637,-0.9743610620498657,1.007843017578125,356181.5,247.3917297905288,61202.66796875,3686400
R071,Rain,encoder_level3,-0.005228342488408089,0.5491254925727844,-3.444483995437622,3.711028337478638,786936.25,745.5512641663214,555846.6875,1843200
R071,Rain,latent,-0.00791146419942379,3.228103876113892,-20.20467185974121,30.47400093078613,2335251.0,3098.989190042456,9603734.0,921600
R071,Rain,decoder_level3,-0.01110823918133974,1.299092888832092,-7.850022315979004,8.37026596069336,1887194.5,1763.77152715424,3110890.0,1843200
R071,Rain,decoder_level2,0.02751730382442474,0.337568074464798,-1.658147573471069,2.21664571762085,966578.625,650.2805404208249,422864.78125,3686400
R071,Rain,decoder_level1,3.421747169340961e-05,0.0439225360751152,-0.365264356136322,0.3154748678207397,436389.875,168.6625931038059,28447.0703125,14745600
R071,Rain,refinement,-0.000429020234150812,0.02324389480054379,-0.820761501789093,0.4894306063652039,147150.46875,89.27175800522666,7969.44677734375,14745600
R071,Rain,AFLB1_output,-0.0002197370631620288,0.03823696821928024,-0.4725672900676727,0.4253563284873962,19293.625,36.70809519615105,1347.484252929688,921600
R071,Rain,AFLB2_output,-0.002123824553564191,0.03527309000492096,-0.7935223579406738,0.4660471677780151,46816.4921875,47.97506065981053,2301.6064453125,1843200
R071,Rain,AFLB3_output,0.001058058347553015,0.0102325826883316,-0.055060014128685,0.1143707633018494,27293.345703125,19.75130950835721,390.1142272949219,3686400
R072,Rain,encoder_level1,-0.006777400616556406,0.07321695238351822,-0.4300062656402588,0.3925580978393555,409253.1875,199.6551714832351,39862.1875,7372800
R072,Rain,encoder_level2,-0.007640660740435123,0.1327461749315262,-0.8603271245956421,0.8289231657981873,376825.8125,255.2944990594196,65175.28125,3686400
R072,Rain,encoder_level3,-0.002666836371645331,0.5119178295135498,-2.895604848861694,3.285243511199951,738646.0,695.012117700116,483041.84375,1843200
R072,Rain,latent,-0.1096923127770424,2.603850603103638,-21.7808666229248,15.02075958251953,1854124.0,2501.913567651769,6259571.5,921600
R072,Rain,decoder_level3,-0.04747575521469116,1.13270902633667,-9.532083511352539,8.471162796020508,1644319.0,1539.166901281339,2369034.75,1843200
R072,Rain,decoder_level2,0.01128112804144621,0.2938641905784607,-1.559521794319153,1.656083583831787,843177.4375,564.6348654218937,318812.53125,3686400
R072,Rain,decoder_level1,5.622423486784101e-05,0.03869108855724335,-0.2553241848945618,0.3017747700214386,382543.40625,148.5739438692902,22074.216796875,14745600
R072,Rain,refinement,-2.492833482392598e-05,0.009576686657965183,-0.4335671663284302,0.2915306091308594,75701.0859375,36.77460180465079,1352.371337890625,14745600
R072,Rain,AFLB1_output,-0.0002272476704092696,0.02697629667818546,-0.3249199688434601,0.3116865754127502,14112.5947265625,25.89816529834329,670.7149658203125,921600
R072,Rain,AFLB2_output,-0.002208711346611381,0.02878647297620773,-0.4713320434093475,0.3232046961784363,40507.65625,39.19668203831161,1536.3798828125,1843200
R072,Rain,AFLB3_output,0.0006176836905069649,0.008830695413053036,-0.04856830835342407,0.1210944578051567,23769.939453125,16.9963617358498,288.8763122558594,3686400
R073,Rain,encoder_level1,-0.0005281841731630266,0.06964076310396194,-0.3427411913871765,0.3409799635410309,368470.65625,189.1003061373778,35758.92578125,7372800
R073,Rain,encoder_level2,-0.004668230656534433,0.1222339272499084,-0.7443021535873413,0.9703394770622253,332597.96875,234.8602310417837,55159.328125,3686400
R073,Rain,encoder_level3,-0.008284877054393291,0.4915364384651184,-2.646034479141235,3.411481380462646,708046.625,667.4267750098134,445458.5,1843200
R073,Rain,latent,0.01017790380865335,2.926024198532104,-19.79704666137695,27.89963722229004,2110932.0,2809.000266998919,7890482.5,921600
R073,Rain,decoder_level3,-0.03034390322864056,1.244921565055847,-7.574565887451172,8.06196117401123,1810755.125,1690.663627100317,2858343.5,1843200
R073,Rain,decoder_level2,0.03142969310283661,0.3169681429862976,-1.599753856658936,1.938629508018494,918431.1875,611.5633654822695,374009.75,3686400
R073,Rain,decoder_level1,-0.0001078443383448757,0.04264582693576813,-0.3062788546085358,0.3062644004821777,419670.46875,163.7605077735471,26817.50390625,14745600
R073,Rain,refinement,-1.460204566683387e-05,0.0191260389983654,-0.6867142915725708,0.4428106546401978,140372.59375,73.44401234422551,5394.02294921875,14745600
R073,Rain,AFLB1_output,-0.0001038185946526937,0.03439170867204666,-0.4721433818340302,0.4874286651611328,17290.84375,33.01618884102066,1090.068725585938,921600
R073,Rain,AFLB2_output,-0.002110882429406047,0.03370023518800735,-0.8347156643867493,0.4040211737155914,44520.46484375,45.84262098132588,2101.5458984375,1843200
R073,Rain,AFLB3_output,0.001227953471243382,0.00978565588593483,-0.05310005694627762,0.1446185559034348,26083.43359375,18.9358070548461,358.5647888183594,3686400
R074,Rain,encoder_level1,0.005067381542176008,0.07624029368162155,-0.3355535566806793,0.443573921918869,394750.21875,207.4712800154518,43044.33203125,7372800
R074,Rain,encoder_level2,-0.00850408524274826,0.1203899905085564,-0.8839442133903503,0.9499432444572449,322492.03125,231.7247491637438,53696.359375,3686400
R074,Rain,encoder_level3,-0.01256186794489622,0.4624979496002197,-3.165553331375122,2.982977867126465,663349.0,628.1396142578495,394559.375,1843200
R074,Rain,latent,0.1016549542546272,3.082481622695923,-15.12470626831055,31.38406181335449,2174825.0,2960.791110497328,8766284.0,921600
R074,Rain,decoder_level3,0.03220266103744507,0.925387442111969,-5.96727180480957,8.67342758178711,1303671.75,1257.108139739776,1580320.875,1843200
R074,Rain,decoder_level2,0.02541843429207802,0.2199974954128265,-1.653893947601318,1.681507110595703,636379.8125,425.2052078114754,180799.46875,3686400
R074,Rain,decoder_level1,0.0003245394036639482,0.04009778797626495,-0.3787278831005096,0.3604991436004639,355004.09375,153.9805499588341,23710.009765625,14745600
R074,Rain,refinement,-0.000295488367555663,0.01100620999932289,-0.3642777800559998,0.5174220204353333,96423.953125,42.2790759557476,1787.520263671875,14745600
R074,Rain,AFLB1_output,0.0001485036773374304,0.035277109593153,-0.4758598506450653,0.555056095123291,17748.26171875,33.86632514040496,1146.927978515625,921600
R074,Rain,AFLB2_output,2.155880974896718e-05,0.02568130940198898,-0.6368651986122131,0.9665725231170654,32204.43359375,34.86611354916744,1215.645874023438,1843200
R074,Rain,AFLB3_output,0.001202503684908152,0.007420320529490709,-0.144835889339447,0.1266514360904694,18808.958984375,14.43288014135795,208.3080291748047,3686400
R075,Rain,encoder_level1,0.002058530692011118,0.07336527109146118,-0.3838223516941071,0.3764838874340057,386650.8125,199.2863831273978,39715.0625,7372800
R075,Rain,encoder_level2,-0.0107744112610817,0.1413061022758484,-0.9669524431228638,0.8992388248443604,399950.46875,272.0952556091341,74035.828125,3686400
R075,Rain,encoder_level3,-0.01573614589869976,0.5533159375190735,-3.007147550582886,3.632229328155518,801467.5,751.5103542200866,564767.8125,1843200
R075,Rain,latent,0.01096109207719564,3.165427684783936,-21.17568778991699,22.38373565673828,2305363.25,3038.82872172816,9234480.0,921600
R075,Rain,decoder_level3,0.01136172749102116,1.156869888305664,-7.326901435852051,6.77570915222168,1685882.25,1570.694273243523,2467080.5,1843200
R075,Rain,decoder_level2,0.0181245468556881,0.3252451717853546,-1.638852000236511,1.958716750144958,954193.5625,625.4395704222751,391174.65625,3686400
R075,Rain,decoder_level1,0.0002999514690600336,0.04170035943388939,-0.2965602874755859,0.2990637719631195,418753.09375,160.1335258268861,25642.74609375,14745600
R075,Rain,refinement,0.0001278250565519556,0.0151980584487319,-0.6382496953010559,0.4235703945159912,118231.484375,58.362606587234,3406.19384765625,14745600
R075,Rain,AFLB1_output,0.0001763036125339568,0.03997441381216049,-0.7415927052497864,1.101865768432617,19561.6328125,38.37580796177131,1472.70263671875,921600
R075,Rain,AFLB2_output,-0.00130688410717994,0.03568468615412712,-1.701390027999878,0.6494773626327515,42435.55859375,48.4796137486547,2350.27294921875,1843200
R075,Rain,AFLB3_output,0.0009439486311748624,0.01017088536173105,-0.06080100685358047,0.2499202936887741,27151.662109375,19.61202282297735,384.6314392089844,3686400
R076,Rain,encoder_level1,-0.003447027178481221,0.09051867574453354,-0.6937689185142517,0.4788570404052734,492429.875,245.9626098998586,60497.60546875,7372800
R076,Rain,encoder_level2,-0.01789514161646366,0.1727639734745026,-1.039263844490051,1.012273192405701,494945.3125,333.4815399688565,111209.9375,3686400
R076,Rain,encoder_level3,0.02187327854335308,0.6672678589820862,-3.266133069992065,3.57786226272583,961268.5,906.3994359552526,821559.9375,1843200
R076,Rain,latent,-0.140436202287674,3.648812532424927,-26.04223823547363,18.5080451965332,2554095.0,3505.453465673164,12288204.0,921600
R076,Rain,decoder_level3,-0.0290079154074192,1.26261031627655,-7.02406644821167,8.507726669311523,1842033.125,1714.628895708923,2939952.25,1843200
R076,Rain,decoder_level2,0.03053107112646103,0.3292203545570374,-1.659966588020325,2.343521595001221,939569.4375,634.815352090669,402990.53125,3686400
R076,Rain,decoder_level1,-0.001024641329422593,0.04510874301195145,-0.4019200205802917,0.3127802908420563,457524.375,173.2622538054668,30019.80859375,14745600
R076,Rain,refinement,-0.0006505913333967328,0.02803571149706841,-0.8992041349411011,0.5514098405838013,177620.25,107.6861170471268,11596.2998046875,14745600
R076,Rain,AFLB1_output,-0.001318884082138538,0.03555920347571373,-0.4009132385253906,0.3326975405216217,18592.978515625,34.16030968554735,1166.9267578125,921600
R076,Rain,AFLB2_output,-0.001885996665805578,0.03258734568953514,-0.6143696308135986,0.4633901417255402,45376.27734375,44.31608104359523,1963.9150390625,1843200
R076,Rain,AFLB3_output,0.001111916732043028,0.009553479962050915,-0.0540749728679657,0.1012778207659721,26181.30859375,18.46650096024809,341.0116577148438,3686400
R077,Rain,encoder_level1,-0.001146082882769406,0.07018335163593292,-0.4034446775913239,0.4040311574935913,381055.625,190.5935629815446,36325.90625,7372800
R077,Rain,encoder_level2,-0.01175183895975351,0.130251333117485,-1.110419392585754,0.876758873462677,352989.9375,251.0983839802638,63050.3984375,3686400
R077,Rain,encoder_level3,0.01514406874775887,0.4972361624240875,-2.874444723129272,3.619678258895874,711531.125,675.3832245473676,456142.5,1843200
R077,Rain,latent,-0.01065638847649097,2.92155647277832,-18.22865676879883,15.68449115753174,2106460.75,2804.712997794962,7866415.0,921600
R077,Rain,decoder_level3,-0.02724875137209892,1.137002944946289,-9.71865463256836,8.573853492736816,1638382.625,1544.08953755927,2384212.5,1843200
R077,Rain,decoder_level2,0.004616220481693745,0.328359842300415,-1.822661876678467,1.972133278846741,967325.0,630.5132334059294,397546.9375,3686400
R077,Rain,decoder_level1,0.000307151087326929,0.04085340350866318,-0.2817666232585907,0.2739259004592896,410284.59375,156.8814926445277,24611.802734375,14745600
R077,Rain,refinement,4.264628660166636e-05,0.01363975834101439,-0.6349033713340759,0.3962644636631012,107229.671875,52.37692745185493,2743.342529296875,14745600
R077,Rain,AFLB1_output,0.0004921128274872899,0.03412698209285736,-0.4210554361343384,0.4510097205638885,17064.083984375,32.76531018864025,1073.565551757812,921600
R077,Rain,AFLB2_output,-0.001746717025525868,0.02978553250432014,-0.6271529793739319,0.6035279631614685,40008.28125,40.50765504429379,1640.8701171875,1843200
R077,Rain,AFLB3_output,0.0003772652125917375,0.009607356041669846,-0.07212604582309723,0.1082842722535133,27129.724609375,18.46033989854796,340.7841491699219,3686400
R078,Rain,encoder_level1,0.001266238512471318,0.07717796415090561,-0.4222910106182098,0.3849539160728455,394052.46875,209.5887528292012,43927.4453125,7372800
R078,Rain,encoder_level2,-0.007506182882934809,0.1105455905199051,-0.8083965182304382,0.6559195518493652,299884.15625,212.7362473522084,45256.7109375,3686400
R078,Rain,encoder_level3,-0.03806518018245697,0.4856568574905396,-3.034501552581787,2.88752007484436,703809.8125,661.3717751764132,437412.625,1843200
R078,Rain,latent,0.06065375357866287,2.964668035507202,-17.08412933349609,30.73739433288574,2139180.25,2846.676834486135,8103569.0,921600
R078,Rain,decoder_level3,-0.00269343052059412,1.273570418357849,-6.466744422912598,7.590250015258789,1847419.75,1729.060366210503,2989649.75,1843200
R078,Rain,decoder_level2,0.0216095931828022,0.3287052810192108,-1.481038570404053,1.819984197616577,939457.1875,632.4764817762001,400026.5,3686400
R078,Rain,decoder_level1,-0.0001237328251590952,0.04270980507135391,-0.3263290226459503,0.3365162312984467,413893.53125,164.006347533411,26898.08203125,14745600
R078,Rain,refinement,8.812225860310718e-05,0.01386452652513981,-0.5545185208320618,0.3763867318630219,102970.4609375,53.24085712296056,2834.5888671875,14745600
R078,Rain,AFLB1_output,0.001315559260547161,0.03362959250807762,-0.4995443522930145,0.3600453734397888,17174.111328125,32.30910168602359,1043.878051757812,921600
R078,Rain,AFLB2_output,-0.001647617667913437,0.03300381079316139,-0.681504487991333,0.4400606155395508,45091.69140625,44.86325931241301,2012.712036132812,1843200
R078,Rain,AFLB3_output,0.0009397640242241323,0.009916802868247032,-0.07380802184343338,0.1058211848139763,26497.46875,19.12556486604546,365.7872314453125,3686400
R079,Rain,encoder_level1,0.001047104829922318,0.08106017857789993,-0.3727824091911316,0.3947497010231018,411963.90625,220.1202530010585,48452.92578125,7372800
R079,Rain,encoder_level2,-0.01095463708043098,0.1145913749933243,-0.7972474098205566,0.7511029839515686,318955.15625,221.0185053055513,48849.1796875,3686400
R079,Rain,encoder_level3,-0.01398073136806488,0.4667881429195404,-2.788424491882324,3.081273555755615,678268.5625,634.0167830980502,401977.28125,1843200
R079,Rain,latent,0.05290942639112473,2.877068758010864,-14.81627941131592,23.39431571960449,2053587.875,2762.452895526003,7631146.0,921600
R079,Rain,decoder_level3,0.00479859346523881,1.22654664516449,-6.745330810546875,7.413481712341309,1775072.5,1665.227687134705,2772983.25,1843200
R079,Rain,decoder_level2,0.01717960275709629,0.307861328125,-1.587376832962036,1.876802682876587,886201.75,592.0133550013885,350479.8125,3686400
R079,Rain,decoder_level1,1.427895494998666e-05,0.04097339510917664,-0.2985464036464691,0.3004747629165649,398667.4375,157.3378567664979,24755.201171875,14745600
R079,Rain,refinement,0.0001750330993672833,0.01290409825742245,-0.6322345733642578,0.4066589772701263,96381.3828125,49.55629542263652,2455.826416015625,14745600
R079,Rain,AFLB1_output,0.0002807825221680105,0.03200465068221092,-0.4406511783599854,0.3507384955883026,16262.609375,30.72564973695125,944.0655517578125,921600
R079,Rain,AFLB2_output,-0.001698806532658637,0.03369597345590591,-1.112399697303772,0.3323844969272614,43730.43359375,45.80527313394169,2098.123046875,1843200
R079,Rain,AFLB3_output,0.001000461401417851,0.009839383885264397,-0.04436603933572769,0.1229725405573845,25342.18359375,18.98902254711711,360.5829772949219,3686400
R080,Rain,encoder_level1,-0.003714466001838446,0.07752147316932678,-0.3464139401912689,0.382830411195755,427324.0625,210.7347636841155,44409.140625,7372800
R080,Rain,encoder_level2,-0.00820998940616846,0.1459982842206955,-0.7502520084381104,0.8049633502960205,407027.8125,280.7595445839731,78825.921875,3686400
R080,Rain,encoder_level3,-0.007699635345488787,0.5647243857383728,-2.471591472625732,3.662937641143799,812282.875,766.7665061803365,587930.875,1843200
R080,Rain,latent,-0.1792937368154526,3.15122389793396,-23.81373405456543,16.59960746765137,2210509.25,3030.067656010341,9181310.0,921600
R080,Rain,decoder_level3,-0.02297148853540421,1.21327793598175,-6.679751873016357,6.708851337432861,1767066.0,1647.495902878062,2714242.75,1843200
R080,Rain,decoder_level2,0.02670789137482643,0.3121806979179382,-1.751569747924805,1.969081044197083,895679.625,601.5764186701471,361894.1875,3686400
R080,Rain,decoder_level1,-0.0003533953567966819,0.04150252044200897,-0.3603046238422394,0.3383175730705261,417476.53125,159.3754534307275,25400.53515625,14745600
R080,Rain,refinement,-0.0002075388765661046,0.01574920117855072,-0.7031663060188293,0.4146520793437958,117677.578125,60.482181163391,3658.09423828125,14745600
R080,Rain,AFLB1_output,-0.001265541301108897,0.03056014887988567,-0.3057751059532166,0.26827672123909,16095.67578125,29.36288708869742,862.1791381835938,921600
R080,Rain,AFLB2_output,-0.001475743134506047,0.03082079812884331,-0.5479758381843567,0.345671534538269,43235.48046875,41.89164052526993,1754.909545898438,1843200
R080,Rain,AFLB3_output,0.0009194531012326479,0.008883889764547348,-0.06000573188066483,0.07457498461008072,24744.341796875,17.14817856438904,294.0600280761719,3686400
R081,Rain,encoder_level1,-0.002194050932303071,0.06864473223686218,-0.3934658467769623,0.3372462689876556,344495.3125,186.4855473622554,34776.859375,7372800
R081,Rain,encoder_level2,-0.001016513211652637,0.1187125891447067,-0.842536985874176,0.7559407949447632,326483.96875,227.9365231676354,51955.05859375,3686400
R081,Rain,encoder_level3,0.006764858961105347,0.4750802218914032,-2.883136749267578,2.902786254882812,690467.5,645.0556662025379,416096.8125,1843200
R081,Rain,latent,0.003534528892487288,3.047442197799683,-15.37680435180664,31.96881103515625,2205299.5,2925.546444683454,8558822.0,921600
R081,Rain,decoder_level3,0.01198023650795221,0.9641461968421936,-7.447606086730957,6.71003532409668,1398312.5,1309.069373639151,1713662.625,1843200
R081,Rain,decoder_level2,0.005628924816846848,0.2898021042346954,-1.386760234832764,1.808347463607788,842783.75,556.525016284084,309720.09375,3686400
R081,Rain,decoder_level1,-0.0006959972088225186,0.04034189507365227,-0.2805692255496979,0.2875294983386993,400762.875,154.9359431648286,24005.146484375,14745600
R081,Rain,refinement,5.421698006102815e-05,0.009741656482219696,-0.5009592771530151,0.3585094213485718,78425.484375,37.40853755014522,1399.398681640625,14745600
R081,Rain,AFLB1_output,0.0008298118482343853,0.03685284405946732,-0.4779379367828369,0.431372195482254,18458.875,35.38769648479539,1252.2890625,921600
R081,Rain,AFLB2_output,-0.0003485807392280549,0.02637827582657337,-0.5968694686889648,0.6599509716033936,34487.94921875,35.81546194666662,1282.747314453125,1843200
R081,Rain,AFLB3_output,0.0005214282427914441,0.008355994708836079,-0.06635957956314087,0.1063359379768372,23408.09375,16.07471568566611,258.396484375,3686400
R082,Rain,encoder_level1,-0.002066911896690726,0.07424264401197433,-0.3702752292156219,0.3881356120109558,387630.1875,201.6684314661073,40670.15625,7372800
R082,Rain,encoder_level2,-0.009393258020281792,0.1271635591983795,-1.003627300262451,0.9121854305267334,353072.15625,244.8192174212433,59936.44921875,3686400
R082,Rain,encoder_level3,0.007575019262731075,0.4769773781299591,-2.876657247543335,2.799271821975708,688681.875,647.6475941822065,419447.40625,1843200
R082,Rain,latent,0.01026484556496143,2.880114078521729,-17.41612243652344,24.69429206848145,2086431.0,2764.927033395276,7644821.5,921600
R082,Rain,decoder_level3,-0.004778347909450531,1.114319682121277,-6.889345169067383,6.54271411895752,1620903.75,1512.864501533432,2288759.0,1843200
R082,Rain,decoder_level2,0.02078724279999733,0.3029991388320923,-1.570197820663452,1.99942147731781,879662.75,583.1257904603432,340035.6875,3686400
R082,Rain,decoder_level1,-0.0007861159974709153,0.0414133109152317,-0.3194330930709839,0.2953203618526459,410578.71875,159.0557709775096,25298.73828125,14745600
R082,Rain,refinement,0.0001237476972164586,0.01418937649577856,-0.6087313294410706,0.3607076406478882,111062.0703125,54.48927691599628,2969.081298828125,14745600
R082,Rain,AFLB1_output,0.0004056908364873379,0.03360834345221519,-0.4666131734848022,0.4483048915863037,16986.28125,32.26635895049014,1041.117919921875,921600
R082,Rain,AFLB2_output,-0.001385657931677997,0.0307494942098856,-0.8772134780883789,0.5631663203239441,40054.16796875,41.78926186506006,1746.342407226562,1843200
R082,Rain,AFLB3_output,0.001104949857108295,0.009228507988154888,-0.05534447729587555,0.1207501664757729,24932.08984375,17.8452891739844,318.454345703125,3686400
R083,Rain,encoder_level1,0.0003046244964934886,0.07660794258117676,-0.3837276101112366,0.3735373616218567,387382.65625,208.0144225768973,43270.0,7372800
R083,Rain,encoder_level2,-0.01372027210891247,0.1193745136260986,-1.082212209701538,0.879523515701294,335014.0,230.7079542543993,53226.16015625,3686400
R083,Rain,encoder_level3,-0.006384553853422403,0.4733599424362183,-3.095230340957642,3.286709785461426,683031.6875,642.713242822956,413080.3125,1843200
R083,Rain,latent,0.04649736359715462,2.765772819519043,-15.40415477752686,15.11790561676025,2009514.375,2655.517087122581,7051771.0,921600
R083,Rain,decoder_level3,-0.03199739754199982,1.260886669158936,-7.136027336120605,6.316385746002197,1838774.75,1712.387514553876,2932271.0,1843200
R083,Rain,decoder_level2,0.01769954338669777,0.3201223015785217,-1.5680251121521,2.119297504425049,921570.125,615.5735638410733,378930.8125,3686400
R083,Rain,decoder_level1,-0.0003469059884082526,0.04151732847094536,-0.307451456785202,0.312503457069397,407935.03125,159.4320976152544,25418.59375,14745600
R083,Rain,refinement,-3.184775550835184e-06,0.01435870956629515,-0.6027413010597229,0.3937416076660156,100422.0546875,55.13744810556388,3040.13818359375,14745600
R083,Rain,AFLB1_output,0.0003362951974850148,0.03276817500591278,-0.4896240532398224,0.4319071173667908,16532.98828125,31.45910314834861,989.6751708984375,921600
R083,Rain,AFLB2_output,-0.002414901508018374,0.03310275450348854,-0.8059863448143005,0.3504420816898346,45010.4140625,45.06121866676904,2030.513427734375,1843200
R083,Rain,AFLB3_output,0.0007456331513822079,0.009307468309998512,-0.05204689502716064,0.1164490953087807,25670.275390625,17.92759212973991,321.3985595703125,3686400
R084,Rain,encoder_level1,-0.001769389840774238,0.06491746008396149,-0.3954665958881378,0.3902844786643982,332122.125,176.3351799928902,31094.095703125,7372800
R084,Rain,encoder_level2,-0.005207690875977278,0.1267239600419998,-0.9696059823036194,0.7981472015380859,350949.5625,243.5153518004563,59299.7265625,3686400
R084,Rain,encoder_level3,0.01492052525281906,0.5140294432640076,-2.732334613800049,3.278007507324219,746938.5,698.1634389596751,487432.1875,1843200
R084,Rain,latent,-0.02879173867404461,3.301769018173218,-17.54523086547852,19.86795616149902,2405203.0,3169.818606797556,10047750.0,921600
R084,Rain,decoder_level3,0.004516392946243286,1.184759855270386,-6.799347877502441,8.253966331481934,1726233.875,1608.494948702047,2587256.0,1843200
R084,Rain,decoder_level2,0.03336833789944649,0.3187368214130402,-1.555423974990845,2.477922916412354,924015.0,615.3191245199519,378617.625,3686400
R084,Rain,decoder_level1,-0.0004753218381665647,0.04338447004556656,-0.3843269944190979,0.3025140464305878,438896.5625,166.6063497626966,27757.67578125,14745600
R084,Rain,refinement,-0.0001944466202985495,0.02619426883757114,-0.8731480836868286,0.5286197662353516,158614.375,100.5887648267688,10118.099609375,14745600
R084,Rain,AFLB1_output,0.0004636461962945759,0.04006204009056091,-0.5364280343055725,0.47831791639328,20083.259765625,38.4621348267317,1479.335815429688,921600
R084,Rain,AFLB2_output,-0.001276353374123573,0.03383003547787666,-0.7758073806762695,0.5735062956809998,43113.5703125,45.96185313234634,2112.491943359375,1843200
R084,Rain,AFLB3_output,0.001319490023888648,0.009758765809237957,-0.05939529463648796,0.1234045326709747,26104.021484375,18.90732822338669,357.487060546875,3686400
R085,Rain,encoder_level1,-0.001428727526217699,0.07832412421703339,-0.4095446765422821,0.5373905897140503,413204.96875,212.7080874549673,45244.73046875,7372800
R085,Rain,encoder_level2,-0.007676985580474138,0.1647998094558716,-1.143359541893005,1.052922248840332,464728.25,316.7587681304182,100336.1171875,3686400
R085,Rain,encoder_level3,0.006720466539263725,0.5959023833274841,-3.102845191955566,4.779743194580078,850395.0,809.0753209683262,654602.875,1843200
R085,Rain,latent,-0.05159835889935493,3.489037752151489,-24.88611221313477,20.84051132202148,2486973.5,3349.842384351837,11221444.0,921600
R085,Rain,decoder_level3,-0.03716767206788063,1.288947343826294,-7.322268962860107,8.158936500549316,1875133.125,1750.660375401237,3064811.75,1843200
R085,Rain,decoder_level2,0.02796401083469391,0.3119829893112183,-1.758919239044189,1.867382764816284,902970.8125,601.4087628227577,361692.5,3686400
R085,Rain,decoder_level1,-0.0004492547013796866,0.04414200037717819,-0.3247767686843872,0.2945691347122192,453857.03125,169.5140688298467,28735.01953125,14745600
R085,Rain,refinement,-0.0001029657214530744,0.01638126187026501,-0.7381929159164429,0.4583802223205566,135455.0,62.90528943938757,3957.075439453125,14745600
R085,Rain,AFLB1_output,-0.0007139131193980575,0.03816729411482811,-0.5540947318077087,0.3985483348369598,19491.484375,36.6470110373104,1343.00341796875,921600
R085,Rain,AFLB2_output,-0.001988859148696065,0.03559906408190727,-0.7808052897453308,0.4926738142967224,46250.76953125,48.40626008715195,2343.166015625,1843200
R085,Rain,AFLB3_output,0.001466665882617235,0.01071173790842295,-0.05745784938335419,0.1818544864654541,26484.08203125,20.75842555314137,430.9122314453125,3686400
R086,Rain,encoder_level1,-0.002156209433451295,0.075237937271595,-0.3598074615001678,0.382724940776825,384425.59375,204.3767010632572,41769.8359375,7372800
R086,Rain,encoder_level2,0.0003134473226964474,0.1222352534532547,-0.8586052060127258,1.009477138519287,319054.09375,234.6924433567259,55080.54296875,3686400
R086,Rain,encoder_level3,-0.008007422089576721,0.4767277240753174,-2.922351360321045,3.81402587890625,680968.125,647.3183142782228,419021.0,1843200
R086,Rain,latent,0.008751826360821724,2.882283449172974,-21.32163047790527,17.04155731201172,2066676.875,2767.005059626744,7656317.0,921600
R086,Rain,decoder_level3,0.001989909913390875,1.256187438964844,-7.719863414764404,6.52017068862915,1829750.375,1705.458735941741,2908589.5,1843200
R086,Rain,decoder_level2,0.02001816406846046,0.3212757706642151,-1.555139422416687,2.012436866760254,919081.3125,618.0457355649337,381980.53125,3686400
R086,Rain,decoder_level1,-0.0001628325408091769,0.04156888276338577,-0.32674241065979,0.3207089006900787,406959.6875,159.6257402586594,25480.376953125,14745600
R086,Rain,refinement,-3.072850449825637e-05,0.01599419116973877,-0.7263640761375427,0.4896448254585266,117287.3671875,61.41781061660779,3772.1474609375,14745600
R086,Rain,AFLB1_output,-0.0004329511430114508,0.03189332410693169,-0.3795691728591919,0.3789540529251099,16325.34765625,30.62041080889459,937.6095581054688,921600
R086,Rain,AFLB2_output,-0.0006228400743566453,0.03331339731812477,-0.7246708869934082,0.5570549368858337,45194.32421875,45.23567031824139,2046.265869140625,1843200
R086,Rain,AFLB3_output,0.0009033061796799302,0.009915577247738838,-0.06890284270048141,0.1282292157411575,26217.736328125,19.11674450983475,365.4499206542969,3686400
R087,Rain,encoder_level1,-0.00212577823549509,0.07436211407184601,-0.3876266479492188,0.4086235463619232,388836.0,201.9971959892018,40802.8671875,7372800
R087,Rain,encoder_level2,-0.006056350190192461,0.1292967349290848,-0.8996885418891907,0.9439435005187988,347284.375,248.5218960423809,61763.1328125,3686400
R087,Rain,encoder_level3,0.01341720670461655,0.4942998588085175,-2.793279409408569,3.615484237670898,707021.4375,671.3309308753768,450685.21875,1843200
R087,Rain,latent,-0.05779950320720673,2.969961404800415,-22.81577301025391,27.83936500549316,2099103.75,2851.702824629523,8132209.0,921600
R087,Rain,decoder_level3,-0.0182274729013443,1.182472825050354,-7.753202438354492,7.001494407653809,1720647.0,1605.569213705843,2577852.5,1843200
R087,Rain,decoder_level2,0.02042072266340256,0.3012301623821259,-1.575969219207764,1.947522044181824,872664.75,579.68935646603,336039.75,3686400
R087,Rain,decoder_level1,-0.0001027642356348224,0.04114007577300072,-0.3219656348228455,0.2948762774467468,400511.78125,157.9783843501224,24957.169921875,14745600
R087,Rain,refinement,4.225389056955464e-05,0.01480948831886053,-0.5593088865280151,0.3923541307449341,116400.46875,56.86866808846722,3234.04541015625,14745600
R087,Rain,AFLB1_output,-0.0005955694359727204,0.03092288412153721,-0.3531779646873474,0.3289496898651123,16003.921875,29.69147280161269,881.5835571289062,921600
R087,Rain,AFLB2_output,-0.001747529022395611,0.03156889975070953,-0.6381636261940002,0.3130080997943878,42308.984375,42.92497770456614,1842.5537109375,1843200
R087,Rain,AFLB3_output,0.001031442661769688,0.009612730704247952,-0.0458967387676239,0.1323539018630981,25069.556640625,18.56238573854774,344.5621643066406,3686400
R088,Rain,encoder_level1,-0.004827321972697973,0.08748068660497665,-0.4001928865909576,0.3862814903259277,452147.65625,237.8968230924911,56594.8984375,7372800
R088,Rain,encoder_level2,-0.01315228641033173,0.1299388259649277,-0.8530293703079224,0.9936965703964233,373989.5,250.7572827332239,62879.21484375,3686400
R088,Rain,encoder_level3,0.0165399331599474,0.5077157020568848,-2.609110832214355,3.111499547958374,734431.9375,689.6633689706885,475635.5625,1843200
R088,Rain,latent,-0.01987629011273384,2.861783981323242,-16.42692565917969,14.91357517242432,2074562.0,2747.379023724247,7548091.5,921600
R088,Rain,decoder_level3,-0.006811622995883226,1.189618110656738,-6.544002056121826,7.07203197479248,1732803.5,1615.105646699311,2608566.25,1843200
R088,Rain,decoder_level2,0.01619387418031693,0.3128837049007416,-1.500990629196167,2.106987714767456,908796.8125,601.5408080504596,361851.34375,3686400
R088,Rain,decoder_level1,-0.0001442576758563519,0.04076851904392242,-0.33552485704422,0.2846790552139282,414517.625,156.552089224721,24508.556640625,14745600
R088,Rain,refinement,-0.0002652633411344141,0.0164871234446764,-0.6055705547332764,0.3488200902938843,126124.7890625,63.31875239055864,4009.264404296875,14745600
R088,Rain,AFLB1_output,0.0005099876434542239,0.03166176378726959,-0.3369815647602081,0.4426838159561157,16316.6494140625,30.39923761315302,924.1136474609375,921600
R088,Rain,AFLB2_output,-0.001635085442103446,0.03119755163788795,-0.6929447650909424,0.4247909486293793,42476.9453125,42.41333362447033,1798.890869140625,1843200
R088,Rain,AFLB3_output,0.000799480127170682,0.009209759533405304,-0.04926008358597755,0.08554305136203766,25481.291015625,17.74923833368016,315.0354614257812,3686400
R089,Rain,encoder_level1,-0.004534979350864887,0.07568655163049698,-0.3491085171699524,0.3307158648967743,377998.6875,205.8795157367532,42386.375,7372800
R089,Rain,encoder_level2,-0.001281504868529737,0.1087919175624847,-0.6886430978775024,0.6984590291976929,298331.46875,208.8949627653812,43637.10546875,3686400
R089,Rain,encoder_level3,-0.02485103532671928,0.4570390284061432,-2.780569076538086,2.721683979034424,661811.125,621.4133588039446,386154.5625,1843200
R089,Rain,latent,0.06448425352573395,2.816503286361694,-14.83499526977539,16.89003944396973,2037563.0,2704.551718862111,7314600.0,921600
R089,Rain,decoder_level3,-0.02158862166106701,1.176844835281372,-7.23178768157959,9.182586669921875,1694459.5,1598.006414254962,2553624.5,1843200
R089,Rain,decoder_level2,0.02320500649511814,0.3353580236434937,-1.88262414932251,1.849276185035706,967738.625,645.4269904489586,416576.0,3686400
R089,Rain,decoder_level1,-0.0002649914531502873,0.04220594465732574,-0.2943539321422577,0.2940633893013,425069.46875,162.074027019677,26267.990234375,14745600
R089,Rain,refinement,0.0001550971355754882,0.01506092119961977,-0.6178800463676453,0.3447152078151703,111894.4921875,57.83700283109746,3345.118896484375,14745600
R089,Rain,AFLB1_output,0.0007907511899247766,0.03203021362423897,-0.3574624955654144,0.3828245401382446,16399.787109375,30.75837308195018,946.0775146484375,921600
R089,Rain,AFLB2_output,-0.001966239884495735,0.0309582632035017,-0.7590247988700867,0.5296843647956848,42010.03125,42.11501875444792,1773.6748046875,1843200
R089,Rain,AFLB3_output,0.0007888061227276921,0.009619935415685177,-0.0701587125658989,0.105659544467926,26836.2421875,18.53226523489042,343.4448547363281,3686400
R090,Rain,encoder_level1,-0.004057411570101976,0.07542486488819122,-0.362051248550415,0.3688357770442963,387904.1875,205.0964807261451,42064.56640625,7372800
R090,Rain,encoder_level2,-0.007710900623351336,0.1211521625518799,-0.8104202151298523,0.7520912289619446,336965.4375,233.0828128718418,54327.59765625,3686400
R090,Rain,encoder_level3,0.01766899973154068,0.4724645912647247,-2.747045040130615,2.902946710586548,682193.125,641.8875972473685,412019.6875,1843200
R090,Rain,latent,-0.02082858234643936,2.825347661972046,-17.81204986572266,17.12672805786133,2047212.75,2712.407417774844,7357154.0,921600
R090,Rain,decoder_level3,-0.01098487433046103,1.087777495384216,-7.42796802520752,9.092440605163574,1576301.125,1476.890906600755,2181206.75,1843200
R090,Rain,decoder_level2,0.008534155786037445,0.2842951118946075,-1.482632637023926,1.793949604034424,828273.0625,546.0924830099751,298217.0,3686400
R090,Rain,decoder_level1,-0.0002137308329110965,0.03880097344517708,-0.2966418564319611,0.2929814755916595,381033.9375,148.9979944286164,22200.40234375,14745600
R090,Rain,refinement,0.000143127836054191,0.00962926633656025,-0.419606477022171,0.3130113482475281,78851.96875,36.98046854369125,1367.555053710938,14745600
R090,Rain,AFLB1_output,0.0005566259496845305,0.0322192870080471,-0.3894020020961761,0.3989728987216949,16466.94140625,30.93513248516967,956.982421875,921600
R090,Rain,AFLB2_output,-0.001292324857786298,0.0290354136377573,-0.662937343120575,0.7320524454116821,38846.51171875,39.45880992457911,1556.997680664062,1843200
R090,Rain,AFLB3_output,0.0005917701055295765,0.008334701880812645,-0.0492124930024147,0.08473862707614899,23173.80859375,16.04291120713444,257.375,3686400
R091,Rain,encoder_level1,-0.002120542572811246,0.07102604955434799,-0.3534145057201385,0.3024514615535736,366452.1875,192.942267919707,37226.71875,7372800
R091,Rain,encoder_level2,0.001675867475569248,0.1245765388011932,-0.8847723603248596,1.049637079238892,334563.625,239.208599147794,57220.75390625,3686400
R091,Rain,encoder_level3,-0.01678833551704884,0.5049585700035095,-2.942085266113281,3.756940841674805,719501.5625,685.9332602374666,470504.4375,1843200
R091,Rain,latent,-0.01176680345088243,3.067293643951416,-18.35564994812012,28.90606117248535,2192047.5,2944.623745064894,8670809.0,921600
R091,Rain,decoder_level3,0.0007220861734822392,1.229120016098022,-6.542643547058105,7.596121788024902,1792272.5,1668.709006987138,2784589.75,1843200
R091,Rain,decoder_level2,0.01614326983690262,0.3127025067806244,-1.620890259742737,2.066583633422852,904902.0625,601.1883284379363,361427.40625,3686400
R091,Rain,decoder_level1,-0.0001165234061772935,0.04091325402259827,-0.3399186730384827,0.3126899003982544,399349.15625,157.1075343315845,24682.77734375,14745600
R091,Rain,refinement,1.738255195959937e-05,0.01424829941242933,-0.7017130851745605,0.425401508808136,102799.8828125,54.71350943993974,2993.568115234375,14745600
R091,Rain,AFLB1_output,0.0002369517314946279,0.034459438174963,-0.4744336009025574,0.4016599059104919,17563.515625,33.08184467749078,1094.408447265625,921600
R091,Rain,AFLB2_output,-0.001640924252569675,0.03463380411267281,-0.7830067873001099,0.5153833627700806,44478.7421875,47.07315668274357,2215.882080078125,1843200
R091,Rain,AFLB3_output,0.0008534920052625239,0.009927306324243546,-0.05487244948744774,0.1255667358636856,25950.896484375,19.13074202761994,365.9852905273438,3686400
R092,Rain,encoder_level1,-0.0004070670111104846,0.06766460090875626,-0.3689320683479309,0.4422597289085388,362686.875,183.7323439646651,33757.57421875,7372800
R092,Rain,encoder_level2,-0.003066889476031065,0.1263428330421448,-0.9815255999565125,0.8536080718040466,352885.6875,242.6496960640998,58878.875,3686400
R092,Rain,encoder_level3,-0.00412470381706953,0.47971311211586,-2.711516618728638,3.106790781021118,698665.0625,651.3041724110171,424197.125,1843200
R092,Rain,latent,0.01824028417468071,3.004873752593994,-18.16177749633789,21.27612686157227,2192845.0,2884.731963285324,8321678.5,921600
R092,Rain,decoder_level3,0.01362439710646868,0.8981152176856995,-6.260641098022461,7.477174758911133,1299843.625,1219.461971526788,1487087.5,1843200
R092,Rain,decoder_level2,0.01692136935889721,0.1790430843830109,-1.071730136871338,1.360330104827881,482146.53125,345.2945753266333,119228.34375,3686400
R092,Rain,decoder_level1,-0.0003631854197010398,0.0658971294760704,-0.5523402094841003,0.521685004234314,476471.96875,253.0488234140795,64033.70703125,14745600
R092,Rain,refinement,-0.001072384533472359,0.01759549044072628,-0.4676202535629272,0.4454624950885773,177731.40625,67.69205533494126,4582.21435546875,14745600
R092,Rain,AFLB1_output,0.0005061314441263676,0.03710883483290672,-0.5133009552955627,0.5294725894927979,18682.44921875,35.62779594291514,1269.33984375,921600
R092,Rain,AFLB2_output,-0.000628005713224411,0.02750536799430847,-0.9614575505256653,0.7518662810325623,32565.931640625,37.352257791322,1395.191162109375,1843200
R092,Rain,AFLB3_output,0.001350315054878592,0.008829067461192608,-0.0566757507622242,0.1551428437232971,16021.2861328125,17.14891976827549,294.08544921875,3686400
R093,Rain,encoder_level1,-0.002095595933496952,0.0710732713341713,-0.4242788851261139,0.3852542042732239,375038.78125,193.0684079704652,37275.41015625,7372800
R093,Rain,encoder_level2,-0.0006214740569703281,0.1346412748098373,-0.8827931880950928,0.9285645484924316,368054.1875,258.5139926096845,66829.484375,3686400
R093,Rain,encoder_level3,0.01311252452433109,0.5164784789085388,-2.860939264297485,3.975727081298828,746774.8125,701.4203670054071,491990.53125,1843200
R093,Rain,latent,0.05411480367183685,3.186171293258667,-20.04733085632324,26.6819953918457,2298138.0,3059.165572505025,9358494.0,921600
R093,Rain,decoder_level3,0.009790048934519291,1.033675193786621,-8.874552726745605,6.134302616119385,1504078.5,1403.426877325641,1969607.0,1843200
R093,Rain,decoder_level2,0.01740583777427673,0.3147487342357635,-1.745777368545532,2.198300123214722,914787.75,605.2409127777137,366316.5625,3686400
R093,Rain,decoder_level1,-0.0005799696082249284,0.04120535030961037,-0.2895343899726868,0.2857275307178497,412216.96875,158.2442176569969,25041.232421875,14745600
R093,Rain,refinement,-4.612745397025719e-05,0.01674796268343925,-0.5970338582992554,0.4473221898078918,134575.125,64.31241648439669,4136.0869140625,14745600
R093,Rain,AFLB1_output,0.0004408285603858531,0.03663782030344009,-0.5783916711807251,0.4345257580280304,18554.5703125,35.17485271713124,1237.270263671875,921600
R093,Rain,AFLB2_output,-0.0008903040434233844,0.03000589460134506,-0.7511444687843323,0.5432535409927368,37909.0625,40.75528238145563,1660.993041992188,1843200
R093,Rain,AFLB3_output,0.000915955170057714,0.009750456549227238,-0.05248017981648445,0.1393463611602783,25997.8203125,18.80329664829415,353.56396484375,3686400
R094,Rain,encoder_level1,-0.000281998043647036,0.07208336144685745,-0.3607384562492371,0.3808625340461731,403246.1875,195.7287364728286,38309.73828125,7372800
R094,Rain,encoder_level2,-0.01399794220924377,0.1319227963685989,-0.9622251391410828,0.9358150959014893,367355.09375,254.7136643002295,64879.05078125,3686400
R094,Rain,encoder_level3,0.02202777378261089,0.481622189283371,-2.52419376373291,3.189033985137939,692859.0,654.5555028032383,428442.90625,1843200
R094,Rain,latent,0.03884542733430862,2.658462762832642,-16.00147247314453,15.1465015411377,1916961.5,2552.396814760589,6514729.5,921600
R094,Rain,decoder_level3,-0.0307263471186161,1.175463318824768,-6.536198616027832,6.832274436950684,1710201.125,1596.407059618567,2548515.5,1843200
R094,Rain,decoder_level2,0.01773415692150593,0.3048896491527557,-1.452399849891663,1.845530033111572,865753.4375,586.3775447610524,343838.625,3686400
R094,Rain,decoder_level1,-0.001329319435171783,0.04308721795678139,-0.3069427311420441,0.3043004870414734,420500.3125,165.5336363571616,27401.384765625,14745600
R094,Rain,refinement,0.0002365126565564424,0.01424821466207504,-0.7026210427284241,0.4180328845977783,101256.234375,54.72067966686018,2994.352783203125,14745600
R094,Rain,AFLB1_output,0.0003000167198479176,0.02857416123151779,-0.3490032851696014,0.3089166581630707,14822.7666015625,27.43270574927968,752.5533447265625,921600
R094,Rain,AFLB2_output,-0.002320598810911179,0.03255197033286095,-0.6711559295654297,0.367693156003952,42620.33984375,44.30617599664083,1963.037231445312,1843200
R094,Rain,AFLB3_output,0.001034782500937581,0.009493785910308361,-0.06475765258073807,0.11981001496315,24664.6015625,18.33602404645105,336.2097778320312,3686400
R095,Rain,encoder_level1,0.001075435546226799,0.07373573631048203,-0.7548542022705078,0.4302835166454315,409679.84375,200.2352034951647,40094.13671875,7372800
R095,Rain,encoder_level2,-0.01559307053685188,0.1325484961271286,-1.618502378463745,1.089967012405396,370425.8125,256.248064017077,65663.0703125,3686400
R095,Rain,encoder_level3,0.00488201342523098,0.5172834396362305,-4.303776264190674,4.76441478729248,740040.6875,702.3185708779172,493251.375,1843200
R095,Rain,latent,0.01733913272619247,2.806029796600342,-21.29560279846191,18.73140335083008,2012296.5,2693.84001009711,7256774.0,921600
R095,Rain,decoder_level3,-0.03072681836783886,1.259594202041626,-8.407939910888672,7.355869293212891,1833333.75,1710.590468230196,2926119.75,1843200
R095,Rain,decoder_level2,0.02829364687204361,0.31685671210289,-1.760991096496582,2.004008769989014,903928.125,610.785508587098,373058.9375,3686400
R095,Rain,decoder_level1,-0.001218288554809988,0.04391850531101227,-0.3366743922233582,0.310168445110321,439883.125,168.7119343640959,28463.716796875,14745600
R095,Rain,refinement,-1.54063272930216e-05,0.02246158011257648,-0.7309008240699768,0.4320706725120544,133293.84375,86.25248807552597,7439.49169921875,14745600
R095,Rain,AFLB1_output,0.0003182787331752479,0.03144734725356102,-0.3668622076511383,0.3395392894744873,15918.201171875,30.19100066238438,911.4965209960938,921600
R095,Rain,AFLB2_output,-0.001988443313166499,0.0342840813100338,-0.7312512993812561,0.4920647144317627,45619.9375,46.62383491758132,2173.781982421875,1843200
R095,Rain,AFLB3_output,0.001089847297407687,0.009421475231647491,-0.1001924127340317,0.1548699140548706,25414.58984375,18.20985826381637,331.5989379882812,3686400
R096,Rain,encoder_level1,-0.004575756844133139,0.06723856925964355,-0.5495778918266296,0.445534884929657,359404.4375,182.9944927450004,33486.984375,7372800
R096,Rain,encoder_level2,-0.005350313149392605,0.1367875784635544,-0.9855576157569885,0.9476771354675293,382243.25,262.8329733404848,69081.171875,3686400
R096,Rain,encoder_level3,-0.002061533043161035,0.5479485988616943,-3.139912366867065,4.143109798431396,790274.875,743.9249374096825,553424.3125,1843200
R096,Rain,latent,-0.0276220515370369,3.096762180328369,-24.39333152770996,16.07821273803711,2213531.25,2973.009922620508,8838788.0,921600
R096,Rain,decoder_level3,-0.04424175620079041,1.242403149604797,-9.226415634155273,6.73646068572998,1806382.125,1687.811600860712,2848708.0,1843200
R096,Rain,decoder_level2,0.01539416611194611,0.3322466611862183,-1.780726671218872,2.138128280639648,964936.625,638.5979760381331,407807.375,3686400
R096,Rain,decoder_level1,1.766151763149537e-05,0.04205967858433723,-0.4300151169300079,0.3062293529510498,414906.09375,161.509172775496,26085.212890625,14745600
R096,Rain,refinement,-5.084066651761532e-05,0.01458398159593344,-0.8097262382507324,0.467022567987442,107468.609375,56.0028293439827,3136.31689453125,14745600
R096,Rain,AFLB1_output,-0.0002800977963488549,0.03374933451414108,-0.3715910017490387,0.4704917669296265,17255.283203125,32.40047863265294,1049.791015625,921600
R096,Rain,AFLB2_output,-0.002132004592567682,0.03252895176410675,-0.6155403256416321,0.5176237225532532,44614.09765625,44.25752496045164,1958.728515625,1843200
R096,Rain,AFLB3_output,0.0006691834423691034,0.01003524381667376,-0.05927323922514915,0.1212414726614952,27394.0703125,19.3104582759738,372.893798828125,3686400
R097,Rain,encoder_level1,-0.002821431960910559,0.06739354133605957,-0.5743678212165833,0.5392708778381348,348781.25,183.1533147905055,33545.13671875,7372800
R097,Rain,encoder_level2,-0.006699227262288332,0.131250336766243,-1.058600544929504,1.047556757926941,356373.75,252.3286856958598,63669.765625,3686400
R097,Rain,encoder_level3,0.02526106871664524,0.5187031626701355,-3.382085084915161,4.22178840637207,737784.0,705.0493998650023,497094.65625,1843200
R097,Rain,latent,-0.06225324794650078,3.149706602096558,-27.67144584655762,25.24816703796387,2266619.0,3024.30901198935,9146445.0,921600
R097,Rain,decoder_level3,-0.000420905213104561,1.079363703727722,-9.578231811523438,8.5668363571167,1552338.5,1465.392865411866,2147376.25,1843200
R097,Rain,decoder_level2,0.02101324871182442,0.3185047507286072,-1.690627455711365,2.18852424621582,927787.0,612.8585175226008,375595.5625,3686400
R097,Rain,decoder_level1,-0.0004818810266442597,0.042057815939188,-0.3305866420269012,0.2964934706687927,423680.71875,161.5126071414396,26086.322265625,14745600
R097,Rain,refinement,-6.508872957056155e-06,0.01633994095027447,-0.8385905623435974,0.5537744760513306,125665.3515625,62.74538158427479,3936.98291015625,14745600
R097,Rain,AFLB1_output,0.0004551726160570979,0.03855383023619652,-0.7108681201934814,0.5999994277954102,19066.1015625,37.01425473666784,1370.055053710938,921600
R097,Rain,AFLB2_output,-0.001560735050588846,0.03000675700604916,-0.7642843127250671,0.6970616579055786,38525.6796875,40.79359248092769,1664.1171875,1843200
R097,Rain,AFLB3_output,0.0009980673203244805,0.009779482148587704,-0.05611639097332954,0.1347584575414658,26425.064453125,18.87413821242492,356.2330932617188,3686400
R098,Rain,encoder_level1,0.002835018327459693,0.0752614438533783,-0.3749802112579346,0.3610686063766479,405954.34375,204.5015758649551,41820.89453125,7372800
R098,Rain,encoder_level2,-0.01498469524085522,0.1199332103133202,-0.997551441192627,0.8788092136383057,340777.34375,232.0621380955971,53852.8359375,3686400
R098,Rain,encoder_level3,-0.03246288374066353,0.4690056145191193,-2.961748361587524,3.552432298660278,678926.125,638.2666223844076,407384.28125,1843200
R098,Rain,latent,0.0709964781999588,2.875597715377808,-21.46821594238281,23.92976760864258,2072335.25,2761.414945277149,7625412.5,921600
R098,Rain,decoder_level3,-0.00283321482129395,1.107904195785522,-8.949023246765137,7.208968639373779,1600131.375,1504.145521550359,2262453.75,1843200
R098,Rain,decoder_level2,0.0004209306498523802,0.3167053163051605,-1.608708620071411,1.952578902244568,928961.375,608.0747281379156,369754.875,3686400
R098,Rain,decoder_level1,-0.0002309802803210914,0.04142941907048225,-0.2706198990345001,0.2929044961929321,396644.8125,159.0914327811998,25310.083984375,14745600
R098,Rain,refinement,0.000186084522283636,0.009024227038025856,-0.4493349492549896,0.4053758084774017,68729.6953125,34.66039904153947,1201.34326171875,14745600
R098,Rain,AFLB1_output,-0.0002141780132660642,0.03470785170793533,-0.5269610285758972,0.620215892791748,17246.1953125,33.3201723692833,1110.23388671875,921600
R098,Rain,AFLB2_output,-0.002001195913180709,0.03235333785414696,-1.296879887580872,0.2735235989093781,39923.71484375,44.00829306390374,1936.729858398438,1843200
R098,Rain,AFLB3_output,0.0005160467117093503,0.009912286885082722,-0.0533972904086113,0.176398292183876,26364.03515625,19.05736515114055,363.1831665039062,3686400
R099,Rain,encoder_level1,0.003175316844135523,0.08588025718927383,-0.5340588092803955,0.4326899945735931,474241.0,233.3491382296065,54451.8203125,7372800
R099,Rain,encoder_level2,-0.02324956469237804,0.1682764142751694,-1.071386575698853,1.033483505249023,487523.125,326.1598654226175,106380.2578125,3686400
R099,Rain,encoder_level3,0.01933107525110245,0.5906969904899597,-3.131178140640259,3.682736396789551,860483.75,802.3861289927687,643823.5,1843200
R099,Rain,latent,-0.03591081500053406,3.103443145751953,-18.1463508605957,18.23224639892578,2252766.25,2979.504656817975,8877448.0,921600
R099,Rain,decoder_level3,-0.02718885615468025,1.257026553153992,-8.328522682189941,7.983511924743652,1836241.0,1706.995166952736,2913832.5,1843200
R099,Rain,decoder_level2,0.00951111875474453,0.3166502714157104,-1.557587385177612,2.078421592712402,913708.9375,608.242704436313,369959.1875,3686400
R099,Rain,decoder_level1,-0.0007596801151521504,0.04476257041096687,-0.397310197353363,0.3075379729270935,445753.6875,171.9130298835722,29554.08984375,14745600
R099,Rain,refinement,-1.376868567604106e-05,0.01839148439466953,-0.7410037517547607,0.479452520608902,126175.1484375,70.62332340377186,4987.65380859375,14745600
R099,Rain,AFLB1_output,-0.0007121891248971224,0.0380270704627037,-0.4969304502010345,0.522797703742981,18977.796875,36.5123905419234,1333.154663085938,921600
R099,Rain,AFLB2_output,-0.003011761233210564,0.0391107089817524,-0.9051761031150818,0.3452900052070618,46580.7578125,53.25566192757114,2836.16552734375,1843200
R099,Rain,AFLB3_output,0.000950324407313019,0.009993716143071651,-0.04767012968659401,0.139690175652504,26154.048828125,19.27449359946001,371.506103515625,3686400
R100,Rain,encoder_level1,-0.003234367584809661,0.07012873142957687,-0.4144650399684906,0.3894277811050415,348437.5625,190.6222643246323,36336.84765625,7372800
R100,Rain,encoder_level2,0.002350995549932122,0.1161185801029205,-1.008187890052795,1.024551033973694,317352.40625,222.9933785451936,49726.046875,3686400
R100,Rain,encoder_level3,-0.012739940546453,0.4605137407779694,-2.647182703018188,4.471685409545898,666504.375,625.4533855532321,391191.9375,1843200
R100,Rain,latent,0.005691506899893284,3.101799726486206,-20.192626953125,20.5206241607666,2239182.25,2977.73269451776,8866892.0,921600
R100,Rain,decoder_level3,0.03523663431406021,0.9355396032333374,-7.024188041687012,7.713030815124512,1341053.125,1271.031274202173,1615520.5,1843200
R100,Rain,decoder_level2,0.02317719720304012,0.2593213617801666,-1.408064126968384,1.692424774169922,755503.1875,499.8816891275375,249881.703125,3686400
R100,Rain,decoder_level1,-0.0002222223702119663,0.03930091485381126,-0.306597888469696,0.2928479909896851,384832.25,150.9179205727405,22776.21875,14745600
R100,Rain,refinement,-0.0001261481374967843,0.01533555518835783,-0.7591215372085571,0.4697895050048828,117455.1953125,58.89052135835932,3468.093505859375,14745600
R100,Rain,AFLB1_output,0.0001842664350988343,0.03832918778061867,-0.5622782111167908,0.4763337373733521,18983.478515625,36.79644539292739,1353.978393554688,921600
R100,Rain,AFLB2_output,-0.00128327205311507,0.03661355748772621,-1.156256675720215,0.7581631541252136,34901.03515625,49.73873881263854,2473.942138671875,1843200
R100,Rain,AFLB3_output,0.001402133610099554,0.01007177773863077,-0.06197955086827278,0.1882345229387283,22656.654296875,19.52430345218412,381.1984252929688,3686400
H001,Haze,encoder_level1,0.001157681224867702,0.06606230139732361,-0.4067879319190979,0.2885768413543701,391160.5,213.5356838592791,45597.48828125,10444800
H001,Haze,encoder_level2,0.00512760179117322,0.09966988116502762,-0.9931578040122986,0.6659088730812073,377213.25,228.0725110847425,52017.0703125,5222400
H001,Haze,encoder_level3,-0.01878263801336288,0.4584986865520477,-2.973990201950073,3.19042444229126,921855.6875,741.518964693419,549850.375,2611200
H001,Haze,latent,0.03833600878715515,3.172909259796143,-18.75149917602539,34.60688018798828,3099187.25,3625.721169643358,13145854.0,1305600
H001,Haze,decoder_level3,-0.01315459609031677,0.937946081161499,-7.628633499145508,10.08405590057373,1867128.875,1515.795583183959,2297636.25,2611200
H001,Haze,decoder_level2,0.009523609653115273,0.1794673502445221,-1.08880341053009,1.369432091712952,675743.5625,410.7060802751768,168679.484375,5222400
H001,Haze,decoder_level1,0.0001712249795673415,0.07532180845737457,-0.6128520369529724,0.5841755867004395,703534.125,344.2602803475882,118515.140625,20889600
H001,Haze,refinement,-0.001955662621185184,0.03576794639229774,-0.4785205721855164,0.2994257211685181,383958.46875,163.7220813509131,26804.919921875,20889600
H001,Haze,AFLB1_output,0.0002823534596245736,0.03613444417715073,-0.6012787222862244,0.6602569222450256,25168.12109375,41.28950818704583,1704.823486328125,1305600
H001,Haze,AFLB2_output,-0.0004814625717699528,0.03071882389485836,-0.8368761539459229,1.242311596870422,47604.40625,49.64528228074018,2464.654052734375,2611200
H001,Haze,AFLB3_output,0.0006134987343102694,0.009539772756397724,-0.2287782281637192,0.1198126301169395,22866.1015625,21.84586857684888,477.2419738769531,5222400
H002,Haze,encoder_level1,-0.0007948748534545302,0.06205350160598755,-0.3607501089572906,0.2718303501605988,408750.5625,200.5635322503819,40225.73046875,10444800
H002,Haze,encoder_level2,0.002213169122114778,0.09412914514541626,-0.8701364994049072,0.657818615436554,349181.6875,215.1687382904403,46297.5859375,5222400
H002,Haze,encoder_level3,-0.01730775646865368,0.4156795144081116,-2.428175687789917,2.958152294158936,852900.9375,672.2871410342459,451970.0,2611200
H002,Haze,latent,0.02691781707108021,3.080085277557373,-16.51314544677734,31.22185325622559,3089094.25,3519.527809238052,12387076.0,1305600
H002,Haze,decoder_level3,0.008866294287145138,0.8546184301376343,-6.323923110961914,7.695560455322266,1717160.125,1381.069965642581,1907354.25,2611200
H002,Haze,decoder_level2,0.0109111126512289,0.1661758124828339,-0.8915711641311646,1.429251432418823,594222.0625,380.5721843487776,144835.1875,5222400
H002,Haze,decoder_level1,-0.001429976429790258,0.07442741096019745,-0.600227415561676,0.5857927799224854,692625.625,340.2343172359308,115759.390625,20889600
H002,Haze,refinement,-0.002430420601740479,0.03439086303114891,-0.3848349452018738,0.2534053921699524,334599.5625,157.575936555205,24830.17578125,20889600
H002,Haze,AFLB1_output,-0.0002378364006290212,0.0381447896361351,-0.6048591136932373,0.5849756002426147,26113.9140625,43.58617485707911,1899.754638671875,1305600
H002,Haze,AFLB2_output,-1.143924146163044e-05,0.03181499242782593,-0.7716732621192932,1.178332805633545,44372.4921875,51.41051226630965,2643.040771484375,2611200
H002,Haze,AFLB3_output,0.0005265434156171978,0.01076804287731647,-0.2248428612947464,0.09849781543016434,21723.62890625,24.63714702784953,606.989013671875,5222400
H003,Haze,encoder_level1,0.001914918539114296,0.0615118108689785,-0.4082014858722687,0.2873563170433044,270773.125,173.3906637210464,30064.322265625,7938048
H003,Haze,encoder_level2,0.003949492238461971,0.08824107050895691,-1.000945687294006,0.8244755864143372,230988.4375,175.9734754515578,30966.6640625,3969024
H003,Haze,encoder_level3,-0.03527341410517693,0.4016661643981934,-2.974508285522461,2.988292217254639,598214.9375,568.015679801183,322641.8125,1984512
H003,Haze,latent,0.05977112427353859,3.028678417205811,-18.19669532775879,34.39291381835938,2156016.75,3017.51603144043,9105403.0,992256
H003,Haze,decoder_level3,0.01836236752569675,0.8756821751594543,-6.04814624786377,10.38631439208984,1259745.5,1233.868307397511,1522431.0,1984512
H003,Haze,decoder_level2,0.01277566608041525,0.1707345396280289,-0.8778480291366577,1.443480849266052,487067.0,341.0952716983922,116345.984375,3969024
H003,Haze,decoder_level1,0.001093556638807058,0.07675968110561371,-0.6009083390235901,0.5920369029045105,520760.0625,305.8785757862096,93561.703125,15876096
H003,Haze,refinement,-0.0009472472011111677,0.032472163438797,-0.4497401118278503,0.3948421776294708,249074.484375,129.4397860131305,16754.658203125,15876096
H003,Haze,AFLB1_output,0.000863036373630166,0.03397152945399284,-0.5201989412307739,0.495057076215744,17743.91015625,33.85065286251876,1145.86669921875,992256
H003,Haze,AFLB2_output,-8.26856012281496e-06,0.02617874555289745,-0.9825976490974426,1.150285363197327,31279.255859375,36.87870909576842,1360.039184570312,1984512
H003,Haze,AFLB3_output,0.0007478786865249276,0.008714163675904274,-0.1950775235891342,0.1163168027997017,16256.58203125,17.42453297409243,303.6143493652344,3969024
H004,Haze,encoder_level1,0.001281218486838043,0.07758131623268127,-0.4077197909355164,0.3852986991405487,523269.125,250.7647210284971,62882.9453125,10444800
H004,Haze,encoder_level2,-0.005167741794139147,0.1085617542266846,-0.9947301745414734,0.8184830546379089,410554.625,248.3724521761623,61688.875,5222400
H004,Haze,encoder_level3,-0.04664725065231323,0.4418092966079712,-2.870845794677734,3.394347429275513,897502.0,717.8970808897332,515376.21875,2611200
H004,Haze,latent,0.06743627786636353,3.038486003875732,-17.94519424438477,31.90558624267578,2965185.25,3472.715796030536,12059755.0,1305600
H004,Haze,decoder_level3,-0.001882424461655319,0.9066253304481506,-5.687340259552002,8.578871726989746,1803725.75,1465.037798147201,2146335.75,2611200
H004,Haze,decoder_level2,0.009256254881620407,0.1759810596704483,-1.15328311920166,1.506820797920227,663225.875,402.7178758138258,162181.6875,5222400
H004,Haze,decoder_level1,0.001155342324636877,0.06354855746030807,-0.5855178833007812,0.5747026801109314,631183.125,290.497593040803,84388.8515625,20889600
H004,Haze,refinement,-0.001208896981552243,0.02161601930856705,-0.3152249157428741,0.3931962847709656,266618.625,98.95070584639606,9791.2421875,20889600
H004,Haze,AFLB1_output,0.000991519307717681,0.0345759242773056,-0.5668247938156128,0.5957006216049194,23966.36328125,39.52367917869378,1562.121215820312,1305600
H004,Haze,AFLB2_output,-0.0008798606577329338,0.02895827777683735,-1.273611545562744,0.8953264355659485,45815.37109375,46.81587677657415,2191.726318359375,2611200
H004,Haze,AFLB3_output,0.001101225730963051,0.009254606440663338,-0.1364732533693314,0.1790129393339157,22472.033203125,21.29835376377421,453.619873046875,5222400
H005,Haze,encoder_level1,-0.0007026036037132144,0.06972839683294296,-0.348252534866333,0.3140014708042145,487832.59375,225.3625724527034,50788.2890625,10444800
H005,Haze,encoder_level2,-0.00192590884398669,0.1008580327033997,-0.840141773223877,0.7365678548812866,378776.15625,230.5285536815342,53143.4140625,5222400
H005,Haze,encoder_level3,-0.01774687133729458,0.4413177669048309,-2.724615573883057,2.834053516387939,897044.75,713.710922748139,509383.28125,2611200
H005,Haze,latent,0.05265846848487854,3.042965412139893,-15.66128730773926,35.11136245727539,2984616.75,3477.499532710249,12093003.0,1305600
H005,Haze,decoder_level3,0.01266403030604124,0.8816342353820801,-6.512809276580811,9.600192070007324,1742657.75,1424.798055866164,2030049.5,2611200
H005,Haze,decoder_level2,0.00984275247901678,0.1738003790378571,-1.024133801460266,1.506402611732483,649203.0,397.814969552429,158256.75,5222400
H005,Haze,decoder_level1,-0.0004383633204270154,0.0673414096236229,-0.5931372046470642,0.5777649283409119,652975.9375,307.7914142524122,94735.5546875,20889600
H005,Haze,refinement,-0.001897060195915401,0.02514519169926643,-0.287864625453949,0.3884483277797699,279193.5625,115.2530588666739,13283.267578125,20889600
H005,Haze,AFLB1_output,-4.786661884281784e-05,0.03631753101944923,-0.6439363360404968,0.6149817705154419,24965.685546875,41.4974849812085,1722.041259765625,1305600
H005,Haze,AFLB2_output,0.0008150724461302161,0.03307744115591049,-1.352012515068054,1.098907470703125,45051.91796875,53.466750035653,2858.693359375,2611200
H005,Haze,AFLB3_output,0.0005301464116200805,0.009846988134086132,-0.1969399899244308,0.1751396507024765,22482.59765625,22.53549040151376,507.8483276367188,5222400
H006,Haze,encoder_level1,-0.001182941952720284,0.064773790538311,-0.3916970491409302,0.3154505789279938,422825.34375,216.6372075325474,46931.6796875,11182080
H006,Haze,encoder_level2,0.008627772331237793,0.09331171214580536,-0.7764930725097656,0.7990385293960571,371080.1875,221.5802267238663,49097.796875,5591040
H006,Haze,encoder_level3,-0.03170871362090111,0.4042662978172302,-2.695045948028564,3.522032022476196,884923.8125,678.0014749246494,459686.0,2795520
H006,Haze,latent,0.08082827180624008,3.058737516403198,-18.32159423828125,26.71021270751953,3323724.75,3617.512957820607,13086400.0,1397760
H006,Haze,decoder_level3,0.02220890671014786,0.8183391094207764,-6.152582168579102,8.34402847290039,1724855.5,1368.75107305894,1873479.5,2795520
H006,Haze,decoder_level2,0.003568182932212949,0.1782098114490509,-1.472490668296814,1.514941692352295,672463.125,421.468322504788,177635.546875,5591040
H006,Haze,decoder_level1,-0.00306785712018609,0.08028986304998398,-0.5927773118019104,0.6088190078735352,813744.6875,379.9739711480248,144380.21875,22364160
H006,Haze,refinement,-0.004942059051245451,0.05282158404588699,-0.6048702597618103,0.3506166636943817,496495.875,250.8882345786665,62944.90625,22364160
H006,Haze,AFLB1_output,-0.0002706633240450174,0.03988199681043625,-0.6131584644317627,0.9212982654571533,28705.0,47.15233582164833,2223.3427734375,1397760
H006,Haze,AFLB2_output,0.00169047003146261,0.04364572837948799,-1.139602065086365,1.979824304580688,46248.91015625,73.02952835476037,5333.31201171875,2795520
H006,Haze,AFLB3_output,-0.0003564450889825821,0.01649834029376507,-0.386319100856781,0.1284570395946503,27814.666015625,39.02005662907138,1522.564819335938,5591040
H007,Haze,encoder_level1,-0.001536819618195295,0.0657963827252388,-0.3702034950256348,0.3111482858657837,426761.0625,212.7014853615273,45241.921875,10444800
H007,Haze,encoder_level2,0.006099709309637547,0.1040040254592896,-1.098432302474976,0.8796544671058655,401496.40625,238.0843551270221,56684.16015625,5222400
H007,Haze,encoder_level3,-0.01662037521600723,0.4699052572250366,-2.819219350814819,3.848546028137207,953655.625,759.8044567518672,577302.8125,2611200
H007,Haze,latent,0.04906768351793289,3.465533018112183,-20.19870948791504,30.90164756774902,3553806.0,3960.213756857072,15683293.0,1305600
H007,Haze,decoder_level3,0.0324176661670208,0.957475483417511,-8.603145599365234,8.432745933532715,1919825.625,1548.091082591719,2396586.0,2611200
H007,Haze,decoder_level2,8.758161857258528e-05,0.1904489547014236,-1.474358081817627,1.444812774658203,707076.4375,435.2248700384665,189420.6875,5222400
H007,Haze,decoder_level1,-0.002124417340382934,0.07592792809009552,-0.5780175924301147,0.6025412678718567,767911.3125,347.1654864758304,120523.875,20889600
H007,Haze,refinement,-0.003562227822840214,0.04461953788995743,-0.6186955571174622,0.4128645658493042,449803.90625,204.5831031482072,41854.24609375,20889600
H007,Haze,AFLB1_output,1.472328222007491e-05,0.04668818041682243,-0.7476500272750854,0.7100199460983276,31712.951171875,53.34725338158821,2845.929443359375,1305600
H007,Haze,AFLB2_output,0.001590229687280953,0.05225388333201408,-1.534058094024658,2.041504859924316,52437.1953125,84.47723262531302,7136.40283203125,2611200
H007,Haze,AFLB3_output,-0.0001153757548308931,0.01551019586622715,-0.3868090510368347,0.211671769618988,26745.380859375,35.44576623166721,1256.40234375,5222400
H008,Haze,encoder_level1,0.0002697922755032778,0.06625014543533325,-0.4173111915588379,0.3563690781593323,372387.375,214.1117461601535,45843.83984375,10444800
H008,Haze,encoder_level2,0.007537282537668943,0.09790698438882828,-0.8916309475898743,0.8855624198913574,373721.625,224.4046724808777,50357.45703125,5222400
H008,Haze,encoder_level3,-0.03027612343430519,0.4347204864025116,-3.689407348632812,3.673398971557617,885668.125,704.1754486631864,495863.0625,2611200
H008,Haze,latent,0.08694394677877426,3.4215407371521,-19.78313636779785,30.06411361694336,3508924.5,3910.811936158526,15294450.0,1305600
H008,Haze,decoder_level3,0.03822797164320946,0.9108502864837646,-7.30454158782959,8.44446849822998,1806601.0,1473.157578129373,2170193.25,2611200
H008,Haze,decoder_level2,-0.000395330716855824,0.1979866176843643,-1.62297248840332,1.630253314971924,727155.8125,452.4512231998053,204712.109375,5222400
H008,Haze,decoder_level1,-0.00376604194752872,0.08232897520065308,-0.5881678462028503,0.6127410531044006,802472.875,376.6791987222018,141887.21875,20889600
H008,Haze,refinement,-0.005419499240815639,0.0630568116903305,-0.7427325248718262,0.4474943876266479,512771.5,289.2645307499694,83673.96875,20889600
H008,Haze,AFLB1_output,-3.097169610555284e-05,0.04915633797645569,-0.7188749313354492,0.8491489291191101,32441.2578125,56.1674481044181,3154.7822265625,1305600
H008,Haze,AFLB2_output,0.002777043264359236,0.06112327799201012,-1.536821722984314,2.056775331497192,51483.58203125,98.87225916713192,9775.7236328125,2611200
H008,Haze,AFLB3_output,-0.0006932654068805277,0.01989732682704926,-0.425799161195755,0.1562422960996628,29686.103515625,45.49809780965436,2070.076904296875,5222400
H009,Haze,encoder_level1,-0.0009372472995892167,0.06683270633220673,-0.3766583800315857,0.2961539030075073,410259.625,216.0139698173477,46662.03515625,10444800
H009,Haze,encoder_level2,0.002853634301573038,0.09401234984397888,-0.6665599346160889,0.7124649286270142,349147.0625,214.9413346561103,46199.77734375,5222400
H009,Haze,encoder_level3,-0.03370369225740433,0.4008642733097076,-2.351329326629639,2.861396789550781,824631.0625,650.0504307359545,422565.5625,2611200
H009,Haze,latent,0.09243836998939514,2.951881408691406,-20.85390281677246,25.60429191589355,2996862.0,3374.557156131749,11387636.0,1305600
H009,Haze,decoder_level3,0.01956483535468578,0.8112450242042542,-5.715373039245605,9.74226188659668,1577316.375,1311.288965102658,1719478.75,2611200
H009,Haze,decoder_level2,0.007210453972220421,0.177078515291214,-1.290831685066223,1.516323924064636,650726.0625,405.005266169466,164029.265625,5222400
H009,Haze,decoder_level1,-0.002886346541345119,0.07792641967535019,-0.5764895081520081,0.6184300780296326,771320.375,356.4080351226667,127026.6875,20889600
H009,Haze,refinement,-0.004202703014016151,0.05224711075425148,-0.5493318438529968,0.3083752393722534,443214.46875,239.567481359637,57392.578125,20889600
H009,Haze,AFLB1_output,-2.405227314739022e-05,0.0389692448079586,-0.5839237570762634,0.6383500099182129,25937.234375,44.52737921773524,1982.6875,1305600
H009,Haze,AFLB2_output,0.001875968649983406,0.04717631638050079,-0.8783057332038879,1.84311318397522,43283.14453125,76.29343665455437,5820.6884765625,2611200
H009,Haze,AFLB3_output,-0.0003154331934638321,0.01634848862886429,-0.3386594951152802,0.111011378467083,26225.302734375,37.36745455816131,1396.32666015625,5222400
H010,Haze,encoder_level1,-0.0009199216146953404,0.06457985192537308,-0.3756308853626251,0.2964168190956116,393009.65625,208.7330176475442,43569.47265625,10444800
H010,Haze,encoder_level2,0.008317086845636368,0.0912826806306839,-0.890354573726654,0.7842198014259338,330304.625,209.4684865916589,43877.046875,5222400
H010,Haze,encoder_level3,-0.04225616902112961,0.4085777401924133,-2.672181129455566,3.552752256393433,832145.3125,663.7508239166261,440565.15625,2611200
H010,Haze,latent,0.101790077984333,3.170932054519653,-17.76712608337402,29.2102108001709,3166281.75,3625.063861506443,13141088.0,1305600
H010,Haze,decoder_level3,0.02679773606359959,0.858189582824707,-5.532483100891113,8.286471366882324,1697805.375,1387.442341144309,1924996.25,2611200
H010,Haze,decoder_level2,0.004585023503750563,0.176617905497551,-1.336134195327759,1.541229605674744,634277.75,403.7532701105961,163016.703125,5222400
H010,Haze,decoder_level1,-0.001819805474951863,0.07693639397621155,-0.5955324769020081,0.617834210395813,723349.8125,351.7372510127411,123719.09375,20889600
H010,Haze,refinement,-0.003558975178748369,0.04178889468312263,-0.5323377847671509,0.2702454030513763,384594.5625,191.6881419128476,36744.34375,20889600
H010,Haze,AFLB1_output,-0.0009000924765132368,0.04159607365727425,-0.7845014929771423,0.6471243500709534,27638.22265625,47.53998368561063,2260.050048828125,1305600
H010,Haze,AFLB2_output,0.0009260999504476786,0.03933311998844147,-1.315057158470154,1.976797461509705,44673.3203125,63.57681938325182,4042.011962890625,2611200
H010,Haze,AFLB3_output,0.0002426444552838802,0.01236333791166544,-0.3505449593067169,0.1617954075336456,23480.662109375,28.25884709192581,798.5624389648438,5222400
H011,Haze,encoder_level1,-0.0004715482937172055,0.06676356494426727,-0.366820752620697,0.3176126480102539,463153.9375,215.7746401051338,46558.6953125,10444800
H011,Haze,encoder_level2,0.0001429627882316709,0.1035012975335121,-1.098687052726746,0.7206242680549622,385584.71875,236.5272926244454,55945.16015625,5222400
H011,Haze,encoder_level3,-0.01666978187859058,0.4414224922657013,-2.650078535079956,3.15550422668457,891910.3125,713.8121908107202,509527.84375,2611200
H011,Haze,latent,0.05093457922339439,3.127949237823486,-18.14575004577637,34.33541488647461,3090628.75,3574.557874758779,12777464.0,1305600
H011,Haze,decoder_level3,0.01483416650444269,0.8605492115020752,-6.22574520111084,8.899799346923828,1704224.25,1390.785928890568,1934285.5,2611200
H011,Haze,decoder_level2,0.01191294472664595,0.1788784563541412,-1.15437912940979,1.578332901000977,655793.75,409.6887919506707,167844.90625,5222400
H011,Haze,decoder_level1,-0.0008477114606648684,0.07173636555671692,-0.6300525069236755,0.5940341353416443,692496.125,327.8949908126075,107515.125,20889600
H011,Haze,refinement,-0.001908861449919641,0.02715972065925598,-0.359821081161499,0.4699271619319916,310256.3125,124.4401054473597,15485.33984375,20889600
H011,Haze,AFLB1_output,-0.0001858855248428881,0.03891374543309212,-0.7256166934967041,0.6133793592453003,26197.91015625,44.46446472236988,1977.088623046875,1305600
H011,Haze,AFLB2_output,0.0004368734371382743,0.03633270412683487,-1.297699093818665,1.31912362575531,44856.3046875,58.71501825888011,3447.453369140625,2611200
H011,Haze,AFLB3_output,0.0006414757226593792,0.01092585828155279,-0.2441235482692719,0.1444797515869141,23370.404296875,25.01139022751996,625.5696411132812,5222400
H012,Haze,encoder_level1,-0.001567600294947624,0.06753676384687424,-0.3417029976844788,0.2734355330467224,541366.375,239.165149530612,57199.96875,12533760
H012,Haze,encoder_level2,0.000965613464359194,0.09412194043397903,-0.7855263352394104,0.7000535726547241,415042.125,235.6347809641013,55523.75,6266880
H012,Haze,encoder_level3,-0.02226521633565426,0.405255138874054,-2.635339021682739,2.790356159210205,997164.25,718.445261484826,516163.59375,3133440
H012,Haze,latent,0.0646509900689125,3.002553224563599,-19.03146934509277,35.53671646118164,3520238.75,3759.127558357125,14131040.0,1566720
H012,Haze,decoder_level3,0.01704432256519794,0.840903639793396,-5.619382381439209,8.520846366882324,2005020.75,1488.833435949099,2216625.0,3133440
H012,Haze,decoder_level2,0.009751581586897373,0.1632032990455627,-1.084755897521973,1.345435619354248,714350.375,409.287509734905,167516.265625,6266880
H012,Haze,decoder_level1,-0.0002062775020021945,0.06796896457672119,-0.5766797661781311,0.5880022048950195,800643.8125,340.3050102481596,115807.5,25067520
H012,Haze,refinement,-0.001814091694541276,0.0286752562969923,-0.3214541077613831,0.2384210973978043,377705.34375,143.8567877808517,20694.775390625,25067520
H012,Haze,AFLB1_output,0.0001439683983335271,0.03490611538290977,-0.5512812733650208,0.866985023021698,29166.439453125,43.69189780261038,1908.98193359375,1566720
H012,Haze,AFLB2_output,0.0005235748249106109,0.02986312098801136,-0.7926700115203857,1.174482941627502,51133.765625,52.87040557018879,2795.27978515625,3133440
H012,Haze,AFLB3_output,0.000558885803911835,0.01088203862309456,-0.284593939781189,0.1022319421172142,26291.349609375,27.27771490555523,744.07373046875,6266880
H013,Haze,encoder_level1,0.001719829742796719,0.0692581981420517,-0.402817040681839,0.3026679158210754,611764.75,272.3867310461359,74194.53125,15458304
H013,Haze,encoder_level2,0.0006247345008887351,0.09250729531049728,-0.7825909852981567,0.7301192283630371,510159.375,257.1886619050304,66146.0078125,7729152
H013,Haze,encoder_level3,-0.02811000868678093,0.4171000719070435,-2.724496603012085,3.115212678909302,1260539.0,821.8171937846032,675383.5,3864576
H013,Haze,latent,0.04030418768525124,3.039377689361572,-16.41472053527832,37.14941024780273,4324230.5,4225.311822812608,17853260.0,1932288
H013,Haze,decoder_level3,0.02392158098518848,0.8671504259109497,-6.251042366027832,11.61620044708252,2520247.0,1705.338456142944,2908179.25,3864576
H013,Haze,decoder_level2,0.01083887275308371,0.1657335311174393,-1.183780670166016,1.43745481967926,898093.875,461.7459562627485,213209.328125,7729152
H013,Haze,decoder_level1,-0.0006646309047937393,0.07481192797422409,-0.5920658111572266,0.6133235692977905,1044659.3125,415.9909854792529,173048.5,30916608
H013,Haze,refinement,-0.003345379140228033,0.0407925620675087,-0.5578914284706116,0.4557620286941528,560622.875,227.5791500363115,51792.26953125,30916608
H013,Haze,AFLB1_output,-0.0001741220912663266,0.03557783737778664,-0.6022974848747253,0.6263455152511597,35981.8984375,49.45619066327162,2445.914794921875,1932288
H013,Haze,AFLB2_output,0.0008710810216143727,0.03325590491294861,-1.0982745885849,1.515623569488525,63945.5,65.39862742252318,4276.98046875,3864576
H013,Haze,AFLB3_output,0.0004891222342848778,0.01065749768167734,-0.3105738461017609,0.1315122246742249,32105.837890625,29.66047186591262,879.7435913085938,7729152
H014,Haze,encoder_level1,-0.0001780324382707477,0.06405050307512283,-0.3847865462303162,0.2843145430088043,391899.71875,207.0018965039934,42849.78515625,10444800
H014,Haze,encoder_level2,0.005106634460389614,0.09483163803815842,-0.9499796628952026,0.7940593361854553,352195.375,217.0286559420207,47101.4375,5222400
H014,Haze,encoder_level3,-0.01854873634874821,0.4244724214076996,-2.437143802642822,3.808547973632812,865383.4375,686.568368773278,471376.125,2611200
H014,Haze,latent,0.05450991913676262,3.170878887176514,-18.23696517944336,33.23691558837891,3170455.75,3623.671894639469,13130998.0,1305600
H014,Haze,decoder_level3,0.004259634763002396,0.8303674459457397,-5.37873649597168,8.15839958190918,1665708.125,1341.825715210437,1800496.25,2611200
H014,Haze,decoder_level2,0.01025911699980497,0.1758277863264084,-0.9447914361953735,1.63351833820343,641824.9375,402.4950892557573,162002.296875,5222400
H014,Haze,decoder_level1,-0.001446955720894039,0.07664396613836288,-0.6047933101654053,0.6040312647819519,718209.75,350.3647652804146,122755.46875,20889600
H014,Haze,refinement,-0.00324881193228066,0.04165460541844368,-0.4485760033130646,0.3117818534374237,387719.8125,190.9611585179038,36466.1640625,20889600
H014,Haze,AFLB1_output,-0.0004654404183384031,0.04107017815113068,-0.6540617942810059,0.574683666229248,27546.6484375,46.93097439241886,2202.516357421875,1305600
H014,Haze,AFLB2_output,5.054885332356207e-05,0.03832682594656944,-1.427590250968933,1.476435780525208,44459.1875,61.93316592114135,3835.717041015625,2611200
H014,Haze,AFLB3_output,0.0003424044989515096,0.01258749607950449,-0.2478732019662857,0.1614413261413574,23976.02734375,28.77630632419773,828.0758056640625,5222400
H015,Haze,encoder_level1,-0.001604270888492465,0.07137156277894974,-0.3399172127246857,0.3081728518009186,476275.96875,230.7198568475414,53231.65234375,10444800
H015,Haze,encoder_level2,0.001248961430974305,0.09562002122402191,-0.9550524950027466,0.6720197796821594,356563.125,218.5349836124642,47757.5390625,5222400
H015,Haze,encoder_level3,-0.03082113154232502,0.4248276650905609,-2.647938251495361,2.952203750610352,867782.375,688.2921345620623,473746.0625,2611200
H015,Haze,latent,0.0643727257847786,3.046787261962891,-16.74607849121094,37.68808364868164,2933439.0,3482.123059284379,12125181.0,1305600
H015,Haze,decoder_level3,0.0002400667581241578,0.8440566658973694,-5.467225074768066,8.569172859191895,1669537.125,1363.92879212956,1860301.75,2611200
H015,Haze,decoder_level2,0.0097315339371562,0.1710121333599091,-0.906058669090271,1.442389130592346,648011.25,391.4389320187761,153224.4375,5222400
H015,Haze,decoder_level1,-0.0005100457929074764,0.0664251446723938,-0.5885828733444214,0.586498498916626,648526.4375,303.6060101101426,92176.609375,20889600
H015,Haze,refinement,-0.002103440929204226,0.0271498765796423,-0.3350249826908112,0.3017504215240479,282715.5,124.460754827325,15490.4794921875,20889600
H015,Haze,AFLB1_output,-0.0005114258965477347,0.03405166789889336,-0.6354497075080872,0.5318174362182617,23622.69921875,38.9127975163297,1514.205810546875,1305600
H015,Haze,AFLB2_output,0.0003532643313519657,0.02997793070971966,-0.8074235320091248,1.200408101081848,42538.40625,48.44532446883419,2346.949462890625,2611200
H015,Haze,AFLB3_output,0.000569661264307797,0.009485757909715176,-0.2190357446670532,0.1126358583569527,22130.0625,21.71644898444818,471.6041564941406,5222400
H016,Haze,encoder_level1,-0.001657667336985469,0.07134760916233063,-0.3403940796852112,0.321153461933136,476769.40625,230.6463912843641,53197.7578125,10444800
H016,Haze,encoder_level2,0.002273224759846926,0.09386889636516571,-0.7647693157196045,0.7104989886283875,350496.625,214.5774645233045,46043.48828125,5222400
H016,Haze,encoder_level3,-0.03909085318446159,0.4113686680793762,-2.654406785964966,3.009707927703857,842324.875,667.7337371662451,445868.34375,2611200
H016,Haze,latent,0.10521499812603,2.981617450714111,-18.89274406433105,33.48320388793945,2896141.25,3409.001906716979,11621294.0,1305600
H016,Haze,decoder_level3,0.006104774307459593,0.8330665230751038,-5.538712501525879,8.282691955566406,1648919.625,1346.205686364458,1812269.75,2611200
H016,Haze,decoder_level2,0.0103162694722414,0.1786533892154694,-0.971065878868103,1.370838761329651,667212.6875,408.9490341106089,167239.3125,5222400
H016,Haze,decoder_level1,-0.001412262208759785,0.0687287226319313,-0.5970306396484375,0.5810605883598328,681424.375,314.1919198515455,98716.5625,20889600
H016,Haze,refinement,-0.002581001259386539,0.02996609732508659,-0.3535758554935455,0.2893288135528564,306938.125,137.4675600937363,18897.330078125,20889600
H016,Haze,AFLB1_output,-0.000540736538823694,0.03540223091840744,-0.69145268201828,0.5253651738166809,23932.04296875,40.45631897636249,1636.713745117188,1305600
H016,Haze,AFLB2_output,0.0009679385693743825,0.0362682081758976,-0.8777686357498169,1.31612229347229,43703.109375,58.62741741084648,3437.174072265625,2611200
H016,Haze,AFLB3_output,0.0003592684515751898,0.01162407919764519,-0.2379809767007828,0.09821176528930664,23894.671875,26.57669312905165,706.3206176757812,5222400
H017,Haze,encoder_level1,-0.003116478910669684,0.06705696135759354,-0.3234154284000397,0.3098793923854828,439460.53125,216.9514004477731,47067.91015625,10444800
H017,Haze,encoder_level2,0.001130730495788157,0.09280937165021896,-0.5592314600944519,0.6736189126968384,347386.9375,212.109024516285,44990.23828125,5222400
H017,Haze,encoder_level3,-0.01316911447793245,0.4067385792732239,-2.439982652664185,2.753871917724609,825099.9375,657.6017031608114,432440.0,2611200
H017,Haze,latent,0.002785838907584548,2.911842823028564,-14.67844104766846,25.2327766418457,2942131.5,3327.156143014632,11069968.0,1305600
H017,Haze,decoder_level3,0.01697931438684464,0.8130913376808167,-4.863254547119141,9.222346305847168,1590441.5,1314.177594543447,1727062.75,2611200
H017,Haze,decoder_level2,0.008471095934510231,0.1651135236024857,-0.9591630697250366,1.156432271003723,610255.25,377.823123299779,142750.3125,5222400
H017,Haze,decoder_level1,-0.003138547064736485,0.07567374408245087,-0.5877566337585449,0.5770824551582336,756616.0,346.165264902474,119830.390625,20889600
H017,Haze,refinement,-0.003562818747013807,0.04368603229522705,-0.4316926002502441,0.275965690612793,420835.90625,200.3305471589393,40132.328125,20889600
H017,Haze,AFLB1_output,-0.0001822703779907897,0.03744665905833244,-0.6241986751556396,0.6080376505851746,25496.19921875,42.78812889820464,1830.823974609375,1305600
H017,Haze,AFLB2_output,0.002591623459011316,0.04446524381637573,-0.3607268035411835,1.45549738407135,43634.0234375,71.97425212358931,5180.29296875,2611200
H017,Haze,AFLB3_output,-0.0001734356483211741,0.01364455185830593,-0.2516437172889709,0.08466339856386185,24448.548828125,31.1838273999295,972.4310913085938,5222400
H018,Haze,encoder_level1,-0.003729715943336487,0.06482097506523132,-0.3422966301441193,0.3238056302070618,453112.25,209.8376232352054,44031.828125,10444800
H018,Haze,encoder_level2,0.000450596708105877,0.09635251760482788,-0.6376770734786987,0.674005389213562,363010.84375,220.192680183175,48484.81640625,5222400
H018,Haze,encoder_level3,-0.005036455579102039,0.4157201051712036,-2.371484756469727,3.052343845367432,856193.5625,671.8200326352289,451342.15625,2611200
H018,Haze,latent,0.02711906656622887,3.060966014862061,-18.72297859191895,32.86908721923828,3027621.75,3497.684519793059,12233797.0,1305600
H018,Haze,decoder_level3,0.01754286326467991,0.8329263925552368,-5.373276710510254,8.771175384521484,1624155.5,1346.241573789786,1812366.375,2611200
H018,Haze,decoder_level2,0.01194014586508274,0.1712983101606369,-0.9731679558753967,1.278447866439819,633792.5,392.4104993498518,153986.0,5222400
H018,Haze,decoder_level1,-0.002010962460190058,0.07002799957990646,-0.5882496237754822,0.5647587776184082,696460.9375,320.195887309628,102525.40625,20889600
H018,Haze,refinement,-0.001525251311250031,0.02757806517183781,-0.3506668508052826,0.5146608352661133,303963.875,126.2385669328118,15936.17578125,20889600
H018,Haze,AFLB1_output,-0.0005073351203463972,0.03743657469749451,-0.7711570858955383,0.7703537940979004,25628.490234375,42.78002589099702,1830.130615234375,1305600
H018,Haze,AFLB2_output,0.001034805434755981,0.03533245995640755,-0.568362832069397,1.618590354919434,41882.9140625,57.11893302369736,3262.572509765625,2611200
H018,Haze,AFLB3_output,0.0003633346350397915,0.01203740108758211,-0.2553180158138275,0.09359626471996307,23716.453125,27.52108344850703,757.4100341796875,5222400
H019,Haze,encoder_level1,0.001294904621317983,0.06467901915311813,-0.4144957363605499,0.2898558080196381,357237.3125,209.0742242601895,43712.03125,10444800
H019,Haze,encoder_level2,0.002383096376433969,0.09537919610738754,-0.8452920317649841,0.796387791633606,362490.96875,218.034006808571,47538.828125,5222400
H019,Haze,encoder_level3,-0.004518420901149511,0.4289120733737946,-2.576769590377808,3.409105777740479,869257.25,693.1264314683144,480424.25,2611200
H019,Haze,latent,0.01448408700525761,3.248064279556274,-17.3595085144043,34.20519638061523,3212090.5,3711.367807156817,13774251.0,1305600
H019,Haze,decoder_level3,0.01196153834462166,0.862809956073761,-5.850720405578613,9.347672462463379,1699231.125,1394.366433187489,1944257.75,2611200
H019,Haze,decoder_level2,0.005280732177197933,0.1834736615419388,-1.368201613426208,1.567277431488037,670054.625,419.4581325948992,175945.125,5222400
H019,Haze,decoder_level1,-0.0009863012237474322,0.08090802282094955,-0.5887194871902466,0.6243821978569031,743425.125,369.8187478346656,136765.90625,20889600
H019,Haze,refinement,-0.002917519072070718,0.04910026490688324,-0.6991888284683228,0.4246200025081635,465532.4375,224.8092768048062,50539.2109375,20889600
H019,Haze,AFLB1_output,-0.0002514480729587376,0.04217555746436119,-0.7235884070396423,0.7286327481269836,28324.607421875,48.19185443603903,2322.454833984375,1305600
H019,Haze,AFLB2_output,-7.208767783595249e-05,0.04028173163533211,-1.36710262298584,1.889018893241882,44945.0859375,65.09219348235048,4236.99365234375,2611200
H019,Haze,AFLB3_output,0.0002892719930969179,0.01222940068691969,-0.3589580953121185,0.1348623931407928,24312.25390625,27.95514028160228,781.4898681640625,5222400
H020,Haze,encoder_level1,-0.0003471154777798802,0.06674013286828995,-0.3796238899230957,0.3226072192192078,438065.1875,215.6964555515459,46524.9609375,10444800
H020,Haze,encoder_level2,-0.0003571033594198525,0.09642081707715988,-0.7413719296455383,0.6996031999588013,362372.625,220.347878365098,48553.1875,5222400
H020,Haze,encoder_level3,-0.01238503772765398,0.4298632740974426,-2.603624105453491,2.922053813934326,881073.625,694.913214005893,482904.375,2611200
H020,Haze,latent,0.05694815143942833,3.180737495422363,-17.26611518859863,30.86373710632324,3189114.5,3634.983631324906,13213106.0,1305600
H020,Haze,decoder_level3,0.01596674881875515,0.8683702349662781,-5.473694324493408,8.018547058105469,1735397.375,1403.454755237945,1969685.25,2611200
H020,Haze,decoder_level2,0.01029737945646048,0.1747831702232361,-1.050757646560669,1.339914798736572,639005.5,400.1170922367601,160093.6875,5222400
H020,Haze,decoder_level1,-0.001433622208423913,0.07396293431520462,-0.6105276346206665,0.6069952845573425,710658.125,338.1121647286593,114319.8359375,20889600
H020,Haze,refinement,-0.002454184694215655,0.03412870317697525,-0.4199545085430145,0.3261064887046814,341785.625,156.388494871346,24457.361328125,20889600
H020,Haze,AFLB1_output,-0.0009320905082859099,0.03867401927709579,-0.5063301920890808,0.5980696678161621,26984.1796875,44.20287231502538,1953.893920898438,1305600
H020,Haze,AFLB2_output,0.0004034544981550425,0.0318329893052578,-1.154508709907532,1.723386287689209,43991.90234375,51.44371972192646,2646.456298828125,2611200
H020,Haze,AFLB3_output,0.0005043824203312397,0.01065853890031576,-0.2756742537021637,0.1167333498597145,22752.23828125,24.38475991502236,594.6165161132812,5222400
H021,Haze,encoder_level1,-0.0003598720068112016,0.06685403734445572,-0.3843195140361786,0.3157361447811127,444475.375,216.0647779746852,46683.98828125,10444800
H021,Haze,encoder_level2,0.001426617847755551,0.09530917555093765,-0.8915634751319885,0.862862229347229,355082.25,217.8303705007637,47450.0703125,5222400
H021,Haze,encoder_level3,-0.02678274363279343,0.4180893898010254,-3.079037427902222,3.444013833999634,849043.4375,676.9841209363776,458307.5,2611200
H021,Haze,latent,0.06021256372332573,3.165452480316162,-17.82484436035156,33.87626647949219,3133398.5,3617.5906346628,13086962.0,1305600
H021,Haze,decoder_level3,0.01663180999457836,0.8726179003715515,-5.366557598114014,8.364686965942383,1738720.125,1410.337548248645,1989052.0,2611200
H021,Haze,decoder_level2,0.008591683581471443,0.1751336306333542,-1.311959743499756,1.55375063419342,635607.625,400.706719434551,160565.875,5222400
H021,Haze,decoder_level1,-0.0009397133835591376,0.0734177902340889,-0.6076919436454773,0.600162923336029,692392.1875,335.5845529631839,112616.9921875,20889600
H021,Haze,refinement,-0.00211729621514678,0.03239422291517258,-0.4764838814735413,0.5959200859069824,332086.5,148.374164119381,22014.892578125,20889600
H021,Haze,AFLB1_output,-0.0005084872827865183,0.0389944463968277,-0.5850005149841309,0.6750535368919373,26873.865234375,44.55995374255973,1985.589477539062,1305600
H021,Haze,AFLB2_output,0.0001633757055969909,0.03249360248446465,-1.449578762054443,1.282495737075806,44483.1875,52.50775379869506,2757.064208984375,2611200
H021,Haze,AFLB3_output,0.0005594982067123055,0.01060997974127531,-0.2318689376115799,0.1681732833385468,22688.966796875,24.28022062851842,589.5291137695312,5222400
H022,Haze,encoder_level1,-0.0005637553404085338,0.0665985718369484,-0.3834673762321472,0.3275103569030762,448998.5625,215.2437390204417,46329.8671875,10444800
H022,Haze,encoder_level2,-0.0003675957268569618,0.1041987389326096,-0.9203992486000061,0.793202817440033,398788.25,238.1223917179987,56702.2734375,5222400
H022,Haze,encoder_level3,-0.00606413884088397,0.4452620148658752,-2.984573364257812,3.825843095779419,914063.3125,719.5748744918766,517788.0,2611200
H022,Haze,latent,0.02044118754565716,3.196228265762329,-18.47317314147949,36.24193572998047,3216456.75,3652.176611282647,13338394.0,1305600
H022,Haze,decoder_level3,0.02795206196606159,0.8578607439994812,-5.483657836914062,8.401432991027832,1713353.75,1386.970754918791,1923687.875,2611200
H022,Haze,decoder_level2,0.006032445002347231,0.1786765605211258,-1.449748158454895,1.571574449539185,649355.5625,408.554502178106,166916.78125,5222400
H022,Haze,decoder_level1,-0.002327058464288712,0.07530419528484344,-0.5877948999404907,0.6046081781387329,750408.375,344.3431700353588,118572.21875,20889600
H022,Haze,refinement,-0.003042961470782757,0.03905268758535385,-0.5340181589126587,0.4982086420059204,399123.84375,179.0319018359577,32052.421875,20889600
H022,Haze,AFLB1_output,0.0003044762706849724,0.04218679666519165,-0.7543458938598633,0.7213560938835144,28202.32421875,48.20509264622618,2323.73095703125,1305600
H022,Haze,AFLB2_output,0.001423834357410669,0.04386624321341515,-1.33610737323761,1.83908486366272,45963.03125,70.92170115918329,5029.8876953125,2611200
H022,Haze,AFLB3_output,0.0001591808249941096,0.01309427991509438,-0.3803524374961853,0.1820413172245026,24234.0703125,29.92600636459188,895.5658569335938,5222400
H023,Haze,encoder_level1,-0.0002393157774349675,0.06472304463386536,-0.3846383392810822,0.4427938461303711,440161.09375,209.1760528687498,43754.62109375,10444800
H023,Haze,encoder_level2,-0.00034274288918823,0.1036642864346504,-0.947296679019928,0.9165376424789429,375599.4375,236.9008396196603,56122.0078125,5222400
H023,Haze,encoder_level3,-0.00433707982301712,0.4498402774333954,-3.182787179946899,3.590049505233765,902847.0,726.9400766225508,528441.875,2611200
H023,Haze,latent,0.03045861609280109,3.229825973510742,-23.7845458984375,31.40025329589844,3195249.0,3690.655632811059,13620939.0,1305600
H023,Haze,decoder_level3,0.009793044067919254,0.9508913159370422,-8.120063781738281,9.443441390991211,1875852.125,1536.646511075335,2361282.5,2611200
H023,Haze,decoder_level2,0.008166388608515263,0.1814438998699188,-1.274476051330566,1.65155816078186,660927.4375,415.0657139237111,172279.546875,5222400
H023,Haze,decoder_level1,-0.0002901318075601012,0.0728609561920166,-0.5945301651954651,0.5954280495643616,698492.75,333.0146627777822,110898.765625,20889600
H023,Haze,refinement,-0.001620208844542503,0.02629844471812248,-0.4239393174648285,0.3904460668563843,298987.25,120.4253083152063,14502.2548828125,20889600
H023,Haze,AFLB1_output,0.0002636473218444735,0.03951680287718773,-0.781791627407074,0.5776609778404236,27045.05859375,45.15403325008742,2038.88671875,1305600
H023,Haze,AFLB2_output,-0.0007072871085256338,0.03727421909570694,-1.694592475891113,1.624667763710022,48600.49609375,60.24302993915562,3629.22265625,2611200
H023,Haze,AFLB3_output,0.0008640877204015851,0.01018293388187885,-0.2571282982826233,0.2118730247020721,22842.443359375,23.35425581448566,545.4212646484375,5222400
H024,Haze,encoder_level1,0.0006673511816188693,0.0629260465502739,-0.3643082976341248,0.289259672164917,382806.28125,203.3784380471538,41362.7890625,10444800
H024,Haze,encoder_level2,0.0003936441207770258,0.09146884083747864,-0.6514138579368591,0.7535337209701538,334725.40625,209.0317428795206,43694.26953125,5222400
H024,Haze,encoder_level3,-0.01777154766023159,0.4109507203102112,-2.928690671920776,2.566701173782349,842225.125,664.6844881219961,441805.46875,2611200
H024,Haze,latent,0.09074768424034119,3.124202489852905,-16.33223724365234,31.51866722106934,3137562.0,3571.308443693992,12754244.0,1305600
H024,Haze,decoder_level3,0.02437822893261909,0.8698337078094482,-6.709584712982178,8.059673309326172,1741272.875,1406.134284127942,1977213.625,2611200
H024,Haze,decoder_level2,0.003286114893853664,0.1784096956253052,-1.226698637008667,1.41702127456665,647847.375,407.7811913269174,166285.5,5222400
H024,Haze,decoder_level1,-0.00126206804998219,0.0778973326086998,-0.5918712019920349,0.6067195534706116,734768.0,356.0775898592889,126791.25,20889600
H024,Haze,refinement,-0.003603621851652861,0.04351300373673439,-0.503869891166687,0.362977147102356,378298.34375,199.5576651465686,39823.26171875,20889600
H024,Haze,AFLB1_output,-0.0005030332831665874,0.03964878991246223,-0.638389527797699,0.5747272968292236,26851.017578125,45.30748894705488,2052.7685546875,1305600
H024,Haze,AFLB2_output,0.000164156561368145,0.04032894596457481,-1.122524738311768,1.807880759239197,46255.59765625,65.16892113001411,4246.98828125,2611200
H024,Haze,AFLB3_output,0.0002112765650963411,0.01230361498892307,-0.3218336999416351,0.1237176507711411,23785.046875,28.12106851861974,790.7944946289062,5222400
H025,Haze,encoder_level1,-0.0002161141019314528,0.07047829031944275,-0.3626363277435303,0.3123034536838531,439952.84375,227.7757257698897,51881.78125,10444800
H025,Haze,encoder_level2,0.002811354584991932,0.09278316050767899,-0.7971183657646179,0.7862725257873535,343682.78125,212.1306901122513,44999.4296875,5222400
H025,Haze,encoder_level3,-0.03325572982430458,0.403243213891983,-2.470558166503906,2.750428915023804,820732.5625,653.8212915239149,427482.28125,2611200
H025,Haze,latent,0.1254724413156509,2.977848529815674,-18.06851387023926,29.57172584533691,2889549.5,3405.593634008615,11598068.0,1305600
H025,Haze,decoder_level3,0.009093730710446835,0.8496508598327637,-6.290973663330078,8.509621620178223,1673302.25,1373.047022137261,1885258.125,2611200
H025,Haze,decoder_level2,0.01260973419994116,0.1736879199743271,-0.7960572242736816,1.472641944885254,631302.625,397.966216373953,158377.109375,5222400
H025,Haze,decoder_level1,-0.0009869214845821261,0.0711180791258812,-0.6027019023895264,0.6021040678024292,683299.75,325.077466729086,105675.359375,20889600
H025,Haze,refinement,-0.002769272308796644,0.0338628813624382,-0.4011695981025696,0.2375254929065704,322657.21875,155.2874476776858,24114.19140625,20889600
H025,Haze,AFLB1_output,-0.0008231184328906238,0.03570792451500893,-0.6038997173309326,0.5367766618728638,24146.189453125,40.81173280050343,1665.597534179688,1305600
H025,Haze,AFLB2_output,0.0005357275949791074,0.03215082362294197,-0.8478186726570129,1.173372745513916,43220.57421875,51.9603965775859,2699.8828125,2611200
H025,Haze,AFLB3_output,0.0006434123497456312,0.01093618292361498,-0.2073439359664917,0.106153704226017,22784.25390625,25.03520470476275,626.761474609375,5222400
H026,Haze,encoder_level1,0.001589720486663282,0.06819145381450653,-0.4258055090904236,0.321302592754364,412668.09375,220.4438704069587,48595.5,10444800
H026,Haze,encoder_level2,-0.002060011262074113,0.1044799387454987,-0.9871230125427246,0.8254552483558655,394701.0625,238.8099319411779,57030.18359375,5222400
H026,Haze,encoder_level3,2.539429078751709e-05,0.4410785138607025,-2.639057636260986,2.620617389678955,897442.0,712.7479831609487,508009.6875,2611200
H026,Haze,latent,0.01860682852566242,3.088738918304443,-19.76636505126953,32.62744140625,3101036.75,3529.345406729129,12456279.0,1305600
H026,Haze,decoder_level3,0.0003629871353041381,0.8418456315994263,-8.873046875,8.317720413208008,1674136.75,1360.355973633372,1850568.375,2611200
H026,Haze,decoder_level2,0.008751611225306988,0.174073114991188,-1.026722192764282,1.54507577419281,633671.0,398.3042571326598,158646.28125,5222400
H026,Haze,decoder_level1,-0.001324487617239356,0.07658044993877411,-0.5915822386741638,0.5996572375297546,738504.25,350.0643690808877,122545.0625,20889600
H026,Haze,refinement,-0.0041095488704741,0.04725222662091255,-0.4914356768131256,0.353497326374054,433762.59375,216.7822027692772,46994.5234375,20889600
H026,Haze,AFLB1_output,0.0002440018288325518,0.03796380758285522,-0.583234429359436,0.5066109895706177,26186.564453125,43.37942526282261,1881.774536132812,1305600
H026,Haze,AFLB2_output,0.0001044989330694079,0.03245671465992928,-1.114587068557739,1.224940776824951,43405.27734375,52.44775348576071,2750.766845703125,2611200
H026,Haze,AFLB3_output,0.0001820723409764469,0.01270689442753792,-0.2693683505058289,0.1292039304971695,23862.314453125,29.04150051979763,843.4087524414062,5222400
H027,Haze,encoder_level1,-0.001491424161940813,0.07144971936941147,-0.415570855140686,0.3437172472476959,491833.59375,230.9644689936095,53344.5859375,10444800
H027,Haze,encoder_level2,-0.0007657681126147509,0.1012555882334709,-1.060936212539673,0.9351429343223572,375241.0625,231.4016732329306,53546.734375,5222400
H027,Haze,encoder_level3,-0.02128034457564354,0.424920380115509,-3.101588487625122,3.655492782592773,870762.25,687.4982045431101,472653.78125,2611200
H027,Haze,latent,0.05045495182275772,3.133684396743774,-17.85297203063965,34.63172912597656,3092141.0,3581.101366898178,12824287.0,1305600
H027,Haze,decoder_level3,0.02400409616529942,0.8276192545890808,-5.904447078704834,7.296554565429688,1647576.0,1337.929557189017,1790055.5,2611200
H027,Haze,decoder_level2,0.008239288814365864,0.1718553006649017,-0.9910385012626648,1.636940121650696,624988.875,393.1846337918103,154594.15625,5222400
H027,Haze,decoder_level1,-0.001573896268382668,0.07039976865053177,-0.588133692741394,0.5952800512313843,700277.25,321.8435421520836,103583.265625,20889600
H027,Haze,refinement,-0.002828071126714349,0.0299000795930624,-0.4314731657505035,0.3287109434604645,322844.25,137.2686548114682,18842.68359375,20889600
H027,Haze,AFLB1_output,0.000451565399998799,0.03947800397872925,-0.641194224357605,0.6212760806083679,26503.50390625,45.11164535765682,2035.060546875,1305600
H027,Haze,AFLB2_output,0.001129497075453401,0.03937974572181702,-1.372979760169983,1.510933041572571,43390.52734375,63.66072179923819,4052.6875,2611200
H027,Haze,AFLB3_output,0.0004122900136280805,0.01161615457385778,-0.2600064873695374,0.1749145239591599,22864.80859375,26.56261603834949,705.5725708007812,5222400
H028,Haze,encoder_level1,0.001008038059808314,0.06563904136419296,-0.4249925017356873,0.3320211172103882,678092.125,284.6424840918867,81021.34375,18800640
H028,Haze,encoder_level2,0.006212520878762007,0.09706145524978638,-0.8436430096626282,0.7571242451667786,660312.875,298.1987985178679,88922.5234375,9400320
H028,Haze,encoder_level3,-0.04099397733807564,0.4172082245349884,-2.783850193023682,3.748383045196533,1535933.0,908.8571119818561,826021.25,4700160
H028,Haze,latent,0.1039706319570541,3.040886163711548,-18.84524917602539,27.75722312927246,5578214.0,4664.393636905016,21756568.0,2350080
H028,Haze,decoder_level3,0.02911479957401752,0.8792135119438171,-5.749273777008057,8.236664772033691,3180376.25,1907.166746773863,3637285.0,4700160
H028,Haze,decoder_level2,0.005858936347067356,0.1771947294473648,-1.345674633979797,1.561917901039124,1144707.875,543.5748855953519,295473.65625,9400320
H028,Haze,decoder_level1,-0.001026679179631174,0.07864249497652054,-0.5886919498443604,0.5993494391441345,1340878.875,482.2759518678077,232590.09375,37601280
H028,Haze,refinement,-0.003766091773286462,0.04342841356992722,-0.5549922585487366,0.5273773670196533,803259.25,267.3020003198629,71450.359375,37601280
H028,Haze,AFLB1_output,0.0004598300147335976,0.03846655040979385,-0.6098784804344177,0.7204158306121826,47570.375,58.97332264001346,3477.852783203125,2350080
H028,Haze,AFLB2_output,0.001468194648623466,0.0366569496691227,-1.297767281532288,1.660954713821411,82774.6328125,79.5354492997462,6325.8876953125,4700160
H028,Haze,AFLB3_output,0.0001245924067916349,0.0134345730766654,-0.3530479669570923,0.1680074781179428,44145.25,41.19209507040231,1696.788696289062,9400320
H029,Haze,encoder_level1,0.0003813860530499369,0.07027138769626617,-0.3930856287479401,0.305467277765274,689408.875,304.6991600333023,92841.578125,18800640
H029,Haze,encoder_level2,0.004351566545665264,0.08383747935295105,-0.8723858594894409,0.8806650638580322,526290.875,257.3912391671481,66250.25,9400320
H029,Haze,encoder_level3,-0.04226182028651237,0.3766415119171143,-2.774452686309814,3.935839414596558,1368233.375,821.677514296211,675153.9375,4700160
H029,Haze,latent,0.08962589502334595,2.903637886047363,-16.69661140441895,31.82808494567871,4915623.0,4453.388148365242,19832666.0,2350080
H029,Haze,decoder_level3,0.01714318245649338,0.8586541414260864,-6.535521984100342,9.154747009277344,2970912.25,1861.920513878076,3466748.0,4700160
H029,Haze,decoder_level2,0.00920545868575573,0.1661525219678879,-1.51736307144165,1.372976303100586,1093842.5,510.2039114412981,260308.03125,9400320
H029,Haze,decoder_level1,0.0002256228181067854,0.07032377272844315,-0.5829418897628784,0.6093026995658875,1179318.625,431.2267747369127,185956.53125,37601280
H029,Haze,refinement,-0.002796052489429712,0.03939248248934746,-0.6379620432853699,0.3726094961166382,596887.375,242.1619583305768,58642.4140625,37601280
H029,Haze,AFLB1_output,-0.0002386087435297668,0.03505641594529152,-0.8167226314544678,0.8940973281860352,41075.9453125,53.74262758305785,2888.27001953125,2350080
H029,Haze,AFLB2_output,0.0004453452420420945,0.04013706371188164,-0.9743677973747253,2.364328384399414,75953.1875,87.02191938313588,7572.814453125,4700160
H029,Haze,AFLB3_output,0.0005838071228936315,0.01206116657704115,-0.398091733455658,0.1005167737603188,39243.6875,37.02276076217338,1370.684814453125,9400320
H030,Haze,encoder_level1,-0.0005862893885932863,0.06278493255376816,-0.3810717761516571,0.3104280233383179,364751.28125,202.9198098233635,41176.44921875,10444800
H030,Haze,encoder_level2,0.006498100236058235,0.08513925969600677,-0.786237895488739,0.7971926927566528,302057.53125,195.1309656359031,38076.09375,5222400
H030,Haze,encoder_level3,-0.03086359612643719,0.3812516927719116,-2.485856771469116,3.307739973068237,778538.375,618.087953894913,382032.71875,2611200
H030,Haze,latent,0.1074258238077164,2.933300733566284,-17.01111793518066,28.19418907165527,2911999.5,3353.919945377349,11248779.0,1305600
H030,Haze,decoder_level3,0.02451902255415916,0.8219311237335205,-7.001825332641602,9.718778610229492,1629013.375,1328.766392184872,1765620.125,2611200
H030,Haze,decoder_level2,0.001339112524874508,0.1828066259622574,-1.186203241348267,1.445131063461304,670015.375,417.7713377255553,174532.890625,5222400
H030,Haze,decoder_level1,-0.002220528433099389,0.07748007774353027,-0.573718249797821,0.5928947925567627,730420.5,354.2692192210607,125506.6796875,20889600
H030,Haze,refinement,-0.004004327580332756,0.04734840616583824,-0.4935559630393982,0.4390922784805298,406746.84375,217.1791005570057,47166.76171875,20889600
H030,Haze,AFLB1_output,-0.0004597926745191216,0.03830571845173836,-0.656052827835083,0.654919445514679,25352.3359375,43.77236314606084,1916.019775390625,1305600
H030,Haze,AFLB2_output,0.001909091253764927,0.04151542484760284,-1.074500203132629,1.906594276428223,43154.8203125,67.15652629072993,4509.9990234375,2611200
H030,Haze,AFLB3_output,-8.228595106629655e-05,0.01465875376015902,-0.3112094402313232,0.1057992875576019,25633.697265625,33.49954997657152,1122.219848632812,5222400
H031,Haze,encoder_level1,0.0006369300535880029,0.07117559760808945,-0.4236011207103729,0.3475064933300018,345323.875,200.5420291827875,40217.10546875,7938048
H031,Haze,encoder_level2,-0.005051663145422935,0.09780748188495636,-0.868400514125824,0.6767402291297913,277239.3125,195.1158009522806,38070.17578125,3969024
H031,Haze,encoder_level3,-0.005914097186177969,0.4118544459342957,-2.095253944396973,2.420231819152832,651419.25,580.2503231364891,336690.4375,1984512
H031,Haze,latent,0.1196673810482025,3.042770624160767,-15.4035530090332,34.69491195678711,2260134.5,3033.309248988635,9200965.0,992256
H031,Haze,decoder_level3,-0.0008953781216405332,0.8444778919219971,-5.735122680664062,9.006852149963379,1255354.0,1189.63959878612,1415242.375,1984512
H031,Haze,decoder_level2,0.01943668536841869,0.1574957519769669,-0.7045713067054749,1.276282072067261,419107.28125,316.1498482721445,99950.7265625,3969024
H031,Haze,decoder_level1,-0.0001479777856729925,0.07070645689964294,-0.6124941110610962,0.5800751447677612,512280.75,281.7291890051508,79371.3359375,15876096
H031,Haze,refinement,-0.002017484977841377,0.03084995970129967,-0.3167972266674042,0.3438809514045715,235049.28125,123.1836749469568,15174.2177734375,15876096
H031,Haze,AFLB1_output,0.0001701660949038342,0.03437522426247597,-0.4707088470458984,0.4511378705501556,18537.490234375,34.24228642610625,1172.5341796875,992256
H031,Haze,AFLB2_output,-0.001280661439523101,0.02581696957349777,-0.7381991147994995,0.7244711518287659,31776.2734375,36.41378342121119,1325.963623046875,1984512
H031,Haze,AFLB3_output,0.001186623703688383,0.009601028636097908,-0.1243675798177719,0.1067788600921631,15382.73828125,19.27309864923046,371.4523315429688,3969024
H032,Haze,encoder_level1,0.002075318247079849,0.06614447385072708,-0.4163699448108673,0.2971047163009644,335273.6875,213.8736575790717,45741.94140625,10444800
H032,Haze,encoder_level2,0.003610283369198442,0.0877687931060791,-0.9137881994247437,0.6596218347549438,318749.03125,200.7438802772079,40298.10546875,5222400
H032,Haze,encoder_level3,-0.02924154885113239,0.4025281369686127,-3.011874198913574,3.11847448348999,804982.9375,652.1676356581949,425322.625,2611200
H032,Haze,latent,0.04900740087032318,3.074891328811646,-21.72017669677734,33.07830810546875,2955600.75,3513.904950336591,12347528.0,1305600
H032,Haze,decoder_level3,0.02297699078917503,0.8833356499671936,-5.885810852050781,9.237462043762207,1726392.125,1427.883267287631,2038850.625,2611200
H032,Haze,decoder_level2,0.001703215413726866,0.172057569026947,-1.721598386764526,1.460580468177795,613759.5625,393.215053278737,154618.078125,5222400
H032,Haze,decoder_level1,-0.0002954064111690968,0.07862310111522675,-0.5885494351387024,0.6000800132751465,712309.625,359.3505209054246,129132.796875,20889600
H032,Haze,refinement,-0.004062477499246597,0.04928531497716904,-0.731651782989502,0.473158985376358,417262.59375,226.0231770471781,51086.4765625,20889600
H032,Haze,AFLB1_output,0.0004954912001267076,0.03816896677017212,-0.5666611790657043,0.6726654171943665,25289.3828125,43.61662706182128,1902.41015625,1305600
H032,Haze,AFLB2_output,0.0009560314938426018,0.03804897516965866,-1.202929496765137,1.973631381988525,44497.05859375,61.50353299049169,3782.6845703125,2611200
H032,Haze,AFLB3_output,0.0001667275791987777,0.0126893213018775,-0.4516744017601013,0.1115240231156349,22579.87890625,29.00086395029088,841.0501098632812,5222400
H033,Haze,encoder_level1,-0.0002426112041575834,0.06600933521986008,-0.3840076625347137,0.337373673915863,672482.4375,269.847454013374,72817.6484375,16711680
H033,Haze,encoder_level2,0.004643101245164871,0.09980949759483337,-0.9373189210891724,0.7360672354698181,590284.25,288.8260451811782,83420.484375,8355840
H033,Haze,encoder_level3,-0.01981871947646141,0.4156294465065002,-2.502981662750244,3.389661312103271,1368213.5,850.5102880036196,723367.75,4177920
H033,Haze,latent,0.09202837944030762,3.016523361206055,-20.79550933837891,31.59087371826172,4823822.0,4361.880557741122,19026002.0,2088960
H033,Haze,decoder_level3,0.03173952549695969,0.8896864056587219,-5.960037231445312,6.897637367248535,2870185.75,1819.672360618801,3311207.5,4177920
H033,Haze,decoder_level2,0.009778447449207306,0.1637825816869736,-0.8094719648361206,1.565964937210083,921229.625,474.2806724398539,224942.15625,8355840
H033,Haze,decoder_level1,-0.0009804691653698683,0.07406871765851974,-0.6045156717300415,0.5987587571144104,1092170.75,428.2505655279395,183398.546875,33423360
H033,Haze,refinement,-0.002604522975161672,0.03277578949928284,-0.3679686486721039,0.2469471842050552,524759.125,190.083811695657,36131.85546875,33423360
H033,Haze,AFLB1_output,0.0001666631433181465,0.03591619431972504,-0.53339022397995,0.6294263005256653,40293.9375,51.91108261293416,2694.760498046875,2088960
H033,Haze,AFLB2_output,-9.359591786051169e-05,0.02845768444240093,-1.511263132095337,1.078446626663208,72326.109375,58.16770944325554,3383.482421875,4177920
H033,Haze,AFLB3_output,0.0007767720962874591,0.009657680056989193,-0.1838292479515076,0.1799362003803253,33066.02734375,28.00709661742002,784.3974609375,8355840
H034,Haze,encoder_level1,3.561543417163193e-05,0.06444055587053299,-0.366085946559906,0.3223418593406677,402406.1875,208.261685596511,43372.9296875,10444800
H034,Haze,encoder_level2,0.002604740671813488,0.09953553229570389,-0.5826167464256287,0.6925657391548157,375080.59375,227.5421578383883,51775.43359375,5222400
H034,Haze,encoder_level3,-0.01691272296011448,0.417931079864502,-2.160533905029297,2.690424680709839,857486.75,675.8962568323633,456835.75,2611200
H034,Haze,latent,0.05454376339912415,2.947163581848145,-14.30368709564209,29.3990650177002,2955705.75,3368.089814716941,11344029.0,1305600
H034,Haze,decoder_level3,0.01828038319945335,0.8250821828842163,-6.126926422119141,8.14232063293457,1639000.5,1333.594672304895,1778474.75,2611200
H034,Haze,decoder_level2,0.01829542964696884,0.1686860322952271,-0.8985279202461243,1.508653521537781,617421.1875,387.751652156377,150351.34375,5222400
H034,Haze,decoder_level1,-0.0002424678386887535,0.07594780623912811,-0.6043455600738525,0.5885365605354309,719635.0,347.1222654735648,120493.8671875,20889600
H034,Haze,refinement,-0.002477840986102819,0.03981669992208481,-0.4503471553325653,0.2563205361366272,402957.5,182.3348246530267,33245.98828125,20889600
H034,Haze,AFLB1_output,0.0003032656677532941,0.03571123257279396,-0.5599179863929749,0.4683482646942139,24916.576171875,40.80614811070524,1665.141723632812,1305600
H034,Haze,AFLB2_output,3.223494059056975e-05,0.03019761107861996,-0.7080007791519165,1.214925169944763,42006.671875,48.79697506393839,2381.144775390625,2611200
H034,Haze,AFLB3_output,0.000698110437951982,0.01102882251143456,-0.2357356250286102,0.1039698645472527,22636.876953125,25.25413554855298,637.7713623046875,5222400
H035,Haze,encoder_level1,0.001691090874373913,0.07057411968708038,-0.4298509955406189,0.3026961982250214,516727.6875,266.0661483776168,70791.1953125,14204928
H035,Haze,encoder_level2,0.003622120013460517,0.09604070335626602,-0.9277237057685852,0.8164609670639038,495479.75,256.1347454222093,65605.0078125,7102464
H035,Haze,encoder_level3,-0.02702035382390022,0.4076467752456665,-2.967654705047607,3.752563238143921,1136698.25,769.884366317436,592721.9375,3551232
H035,Haze,latent,0.1008305177092552,3.082012414932251,-22.36455345153809,29.93795394897461,4188234.0,4109.048064941562,16884276.0,1775616
H035,Haze,decoder_level3,0.02151970565319061,0.8203344941139221,-5.491350650787354,8.150106430053711,2192787.25,1546.42862751567,2391441.5,3551232
H035,Haze,decoder_level2,0.00614785123616457,0.1693429946899414,-1.247511982917786,1.521495938301086,839860.9375,451.6039816587095,203946.15625,7102464
H035,Haze,decoder_level1,-0.001371531863696873,0.07874801754951477,-0.5918545722961426,0.6193925142288208,989310.8125,419.7976447051603,176230.0625,28409856
H035,Haze,refinement,-0.004192298278212547,0.05374078452587128,-0.5618486404418945,0.4531214833259583,593580.9375,287.3134449081699,82549.015625,28409856
H035,Haze,AFLB1_output,-0.0005034255445934832,0.03869886696338654,-0.6482334136962891,0.6101846098899841,35695.75,51.57146939033369,2659.616455078125,1775616
H035,Haze,AFLB2_output,0.0004619036917574704,0.03506869450211525,-1.495174527168274,1.66440761089325,56558.08203125,66.09167771574005,4368.10986328125,3551232
H035,Haze,AFLB3_output,0.0001079791254596785,0.01318134274333715,-0.3272942304611206,0.1511498093605042,32225.42578125,35.13004926452744,1234.120361328125,7102464
H036,Haze,encoder_level1,0.0005124136805534363,0.06614293903112411,-0.4003208577632904,0.310847282409668,394574.9375,213.7699095259901,45697.57421875,10444800
H036,Haze,encoder_level2,0.000458844966487959,0.0946851596236229,-0.6273269057273865,0.6522349715232849,352188.3125,216.3824738743875,46821.375,5222400
H036,Haze,encoder_level3,-0.01032939646393061,0.4074277877807617,-2.400314569473267,2.46208930015564,844397.0,658.5826163056538,433731.0625,2611200
H036,Haze,latent,0.07553394883871078,3.025800704956055,-15.45559215545654,28.79804992675781,3066599.25,3458.443580572047,11960832.0,1305600
H036,Haze,decoder_level3,0.01391839142888784,0.825412392616272,-5.079484939575195,8.374092102050781,1632767.125,1333.990629652248,1779531.0,2611200
H036,Haze,decoder_level2,0.009953625500202179,0.1662954390048981,-1.188190817832947,1.342063546180725,593976.0,380.7079958774178,144938.578125,5222400
H036,Haze,decoder_level1,-0.001860407297499478,0.0790398046374321,-0.6018043756484985,0.6098315715789795,736819.75,361.3525914013901,130575.6953125,20889600
H036,Haze,refinement,-0.003743009641766548,0.04517721012234688,-0.4784764349460602,0.3250896334648132,412716.6875,207.1905731295466,42927.93359375,20889600
H036,Haze,AFLB1_output,-0.0002945671731140465,0.03715680167078972,-0.6877670288085938,0.5830041170120239,25892.087890625,42.45775560180009,1802.661010742188,1305600
H036,Haze,AFLB2_output,0.0007138018263503909,0.03277138993144035,-0.6231817603111267,1.808581948280334,41460.4765625,52.96852645601796,2805.664794921875,2611200
H036,Haze,AFLB3_output,0.0002895879151765257,0.01223663613200188,-0.3117308914661407,0.09367198497056961,22749.765625,27.97168935322708,782.4154052734375,5222400
H037,Haze,encoder_level1,-0.0006089152302592993,0.0649295374751091,-0.3847109973430634,0.2851307988166809,410647.40625,209.8512214790517,44037.53515625,10444800
H037,Haze,encoder_level2,0.004140045959502459,0.09479068219661713,-0.903938889503479,0.7030937075614929,352485.125,216.8276064930386,47014.2109375,5222400
H037,Haze,encoder_level3,-0.0163443386554718,0.4212259352207184,-2.621190309524536,3.328999280929565,866187.125,681.1799734651629,464006.15625,2611200
H037,Haze,latent,0.06220907345414162,3.014171838760376,-16.75224304199219,27.65644836425781,3076229.0,3444.812331608211,11866732.0,1305600
H037,Haze,decoder_level3,0.01716335490345955,0.8641220331192017,-5.567119598388672,7.591525554656982,1752658.25,1396.628261206252,1950570.5,2611200
H037,Haze,decoder_level2,0.007957742549479008,0.1721804738044739,-1.041657090187073,1.403926491737366,625032.625,393.8966790289047,155154.59375,5222400
H037,Haze,decoder_level1,-0.001633609645068645,0.07477101683616638,-0.5780214071273804,0.6042625904083252,709939.25,341.8235564585917,116843.34375,20889600
H037,Haze,refinement,-0.00352203450165689,0.0392586849629879,-0.4196154773235321,0.3079037666320801,384989.53125,180.153016558147,32455.109375,20889600
H037,Haze,AFLB1_output,0.0003663440293166786,0.03859169036149979,-0.5571492910385132,0.6241105794906616,26416.9375,44.09795365548794,1944.629516601562,1305600
H037,Haze,AFLB2_output,0.001076201209798455,0.03816233575344086,-1.039480805397034,1.388919115066528,46306.8671875,61.69182759326291,3805.881591796875,2611200
H037,Haze,AFLB3_output,0.0001861687924247235,0.01257535349577665,-0.2715663015842438,0.1011485680937767,23572.279296875,28.74106412591301,826.0487670898438,5222400
H038,Haze,encoder_level1,-0.001834268216043711,0.06156201288104057,-0.3485357761383057,0.2552614212036133,409161.5,199.0469577919994,39619.69140625,10444800
H038,Haze,encoder_level2,0.00634609442204237,0.08961008489131927,-0.7620347738265991,0.6819746494293213,315130.15625,205.2949669073745,42146.0234375,5222400
H038,Haze,encoder_level3,-0.02057350054383278,0.3948912024497986,-2.575060844421387,2.512750625610352,807199.125,638.9783349222413,408293.3125,2611200
H038,Haze,latent,0.0599675215780735,2.925935745239258,-19.78099060058594,33.22672271728516,2936629.0,3343.959628942909,11182066.0,1305600
H038,Haze,decoder_level3,0.01390104554593563,0.8669775724411011,-5.461164951324463,10.39203262329102,1744000.625,1401.147119327589,1963213.25,2611200
H038,Haze,decoder_level2,0.007677995134145021,0.167471170425415,-1.646090507507324,1.385144591331482,600021.5625,383.1166801706759,146778.390625,5222400
H038,Haze,decoder_level1,-0.0009359103278256953,0.07178789377212524,-0.5787681937217712,0.5790418386459351,694138.0625,328.1354522144781,107672.875,20889600
H038,Haze,refinement,-0.002181957941502333,0.03027751669287682,-0.4403033256530762,0.2226779907941818,322992.4375,138.742701103067,19249.537109375,20889600
H038,Haze,AFLB1_output,-3.469974399195053e-05,0.03637652099132538,-0.7150452136993408,0.6207724213600159,24994.05859375,41.56487011569235,1727.638427734375,1305600
H038,Haze,AFLB2_output,0.0003320572141092271,0.03534108772873878,-0.7136307954788208,1.752770900726318,45188.71875,57.11092251665285,3261.657470703125,2611200
H038,Haze,AFLB3_output,0.0003655990003608167,0.01211383659392595,-0.4318643510341644,0.1014076247811317,22155.14453125,27.69583479761386,767.0592651367188,5222400
H039,Haze,encoder_level1,-0.001839506905525923,0.06518906354904175,-0.3485966920852661,0.3136917948722839,654220.5,263.2448658093829,69297.859375,16293888
H039,Haze,encoder_level2,0.007517146877944469,0.08842554688453674,-0.9533312916755676,0.789594292640686,500807.0,253.3020831191485,64161.9453125,8146944
H039,Haze,encoder_level3,-0.03387747332453728,0.3893316984176636,-2.45285701751709,3.861573457717896,1249688.625,788.7512678278241,622128.5625,4073472
H039,Haze,latent,0.09020328521728516,2.929171323776245,-17.66243934631348,26.89914321899414,4575884.0,4182.326864318474,17491858.0,2036736
H039,Haze,decoder_level3,0.006234477739781141,0.8280493021011353,-5.848376274108887,8.27448844909668,2556777.0,1671.286330943923,2793198.0,4073472
H039,Haze,decoder_level2,0.01465753279626369,0.1682555824518204,-1.049765706062317,1.581108212471008,948340.25,482.0682653940207,232389.8125,8146944
H039,Haze,decoder_level1,-0.0007571746245957911,0.07274705916643143,-0.5762433409690857,0.578768253326416,1079386.5,415.3041995032075,172477.578125,32587776
H039,Haze,refinement,-0.001917016925290227,0.03400373458862305,-0.3675024211406708,0.2404150068759918,536549.0,194.4209451325911,37799.50390625,32587776
H039,Haze,AFLB1_output,-0.0003509658272378147,0.0367228090763092,-0.7205177545547485,0.5966815948486328,38939.98828125,52.41107610455542,2746.9208984375,2036736
H039,Haze,AFLB2_output,0.000494818261358887,0.03566747903823853,-1.086412310600281,1.614040374755859,66631.8359375,71.994042044073,5183.14208984375,4073472
H039,Haze,AFLB3_output,0.0005439866799861193,0.01226223353296518,-0.275413990020752,0.1157542914152145,35803.85546875,35.03433548800287,1227.404663085938,8146944
H040,Haze,encoder_level1,0.00124247360508889,0.06603856384754181,-0.3846060633659363,0.2992425262928009,420380.5,213.4639533387312,45566.859375,10444800
H040,Haze,encoder_level2,0.001850290456786752,0.1001761257648468,-1.003625988960266,0.7412147521972656,377170.8125,228.9672380358159,52425.99609375,5222400
H040,Haze,encoder_level3,-0.03578015044331551,0.4314434826374054,-2.572151899337769,3.992286682128906,888007.125,699.5718333380782,489400.75,2611200
H040,Haze,latent,0.08228330314159393,2.961007595062256,-16.3903694152832,32.15279006958008,3010017.25,3384.637942232522,11455774.0,1305600
H040,Haze,decoder_level3,0.02719830349087715,0.8798664808273315,-7.494640350341797,8.279166221618652,1791781.125,1422.473725592146,2023431.5,2611200
H040,Haze,decoder_level2,0.007994284853339195,0.1688929498195648,-0.7944517135620117,1.414381742477417,603837.3125,386.3959473454658,149301.828125,5222400
H040,Haze,decoder_level1,0.000555161212105304,0.0728180855512619,-0.6033973097801208,0.6027188301086426,681885.375,332.8257802514703,110773.0,20889600
H040,Haze,refinement,-0.002386720618233085,0.0297296866774559,-0.3804192245006561,0.4675307273864746,322832.46875,136.3171207951334,18582.357421875,20889600
H040,Haze,AFLB1_output,-8.956871897680685e-05,0.03635535389184952,-0.5184611678123474,0.550828218460083,25415.412109375,41.54078967751155,1725.63720703125,1305600
H040,Haze,AFLB2_output,0.0007377269212156534,0.02858936972916126,-1.029217839241028,1.216767549514771,45646.484375,46.21353609029231,2135.69091796875,2611200
H040,Haze,AFLB3_output,0.0008622021996416152,0.009292072616517544,-0.1734267175197601,0.1233496814966202,20846.63671875,21.32599434183477,454.7980346679688,5222400
H041,Haze,encoder_level1,0.0007369234808720648,0.0637970045208931,-0.4340430200099945,0.3580834865570068,614899.5,250.847718995011,62924.578125,15458304
H041,Haze,encoder_level2,-0.0002906007575802505,0.1081015914678574,-1.125456571578979,0.7931304574012756,617549.3125,300.5381371390326,90323.171875,7729152
H041,Haze,encoder_level3,-0.0136860404163599,0.4492011070251465,-2.665472745895386,3.945142507553101,1361098.375,883.4729056400089,780524.375,3864576
H041,Haze,latent,0.02802136912941933,3.149794816970825,-17.9185676574707,27.28973770141602,4790781.0,4378.601146485028,19172148.0,1932288
H041,Haze,decoder_level3,0.01671847142279148,0.8465829491615295,-6.338502407073975,7.859914302825928,2509415.75,1664.581779306742,2770832.5,3864576
H041,Haze,decoder_level2,0.005784941837191582,0.1813975870609283,-1.522910594940186,1.731943845748901,965848.0,504.5661657552952,254587.015625,7729152
H041,Haze,decoder_level1,-0.001841292250901461,0.07848956435918808,-0.592280924320221,0.6066904067993164,1143315.5,436.5432574499347,190570.015625,30916608
H041,Haze,refinement,-0.003287255764007568,0.04685644432902336,-0.5459832549095154,0.5849365592002869,723809.3125,261.1748695797511,68212.3125,30916608
H041,Haze,AFLB1_output,0.0001167896189144813,0.04110710322856903,-0.6602595448493958,0.8784518837928772,41628.44921875,57.14188754757757,3265.1953125,1932288
H041,Haze,AFLB2_output,0.0004703991580754519,0.04014822095632553,-1.330803275108337,1.91042149066925,66200.0234375,78.93089342899901,6230.0859375,3864576
H041,Haze,AFLB3_output,0.0001222908031195402,0.01439669821411371,-0.3995471596717834,0.1347041130065918,37245.8828125,40.02621363956766,1602.097778320312,7729152
H042,Haze,encoder_level1,0.001864371006377041,0.06839175522327423,-0.4003579020500183,0.301886111497879,422031.46875,221.1134377276741,48891.15234375,10444800
H042,Haze,encoder_level2,-0.001913831802085042,0.0999671220779419,-0.789694607257843,0.7478201985359192,374502.65625,228.4924438028531,52208.796875,5222400
H042,Haze,encoder_level3,-0.01743735931813717,0.4372076988220215,-2.836573123931885,3.382265567779541,889115.625,707.0547185331557,499926.375,2611200
H042,Haze,latent,0.0856383815407753,3.158996343612671,-17.88517951965332,31.50822448730469,3138232.0,3610.885348498343,13038493.0,1305600
H042,Haze,decoder_level3,0.006401923485100269,0.90610271692276,-7.043779850006104,9.342002868652344,1816918.25,1464.226758395024,2143960.0,2611200
H042,Haze,decoder_level2,0.005849651992321014,0.1795570552349091,-0.9397377967834473,1.632036089897156,659853.9375,410.5517438460103,168552.734375,5222400
H042,Haze,decoder_level1,-0.0006966952350921929,0.07489324361085892,-0.6016197204589844,0.6235965490341187,719369.4375,342.3154612342247,117179.875,20889600
H042,Haze,refinement,-0.002929039997979999,0.03833982720971107,-0.502974271774292,0.3182444274425507,363460.375,175.7433431349535,30885.72265625,20889600
H042,Haze,AFLB1_output,-0.0007059992058202624,0.03946841880679131,-0.646519124507904,0.5782523155212402,26701.853515625,45.10495978782087,2034.457397460938,1305600
H042,Haze,AFLB2_output,-0.000763058545999229,0.03633316233754158,-1.649627804756165,1.408147215843201,47116.921875,58.72446253479039,3448.5625,2611200
H042,Haze,AFLB3_output,0.0005283303908072412,0.01054810639470816,-0.2237766683101654,0.2231998890638351,23336.205078125,24.13535288304405,582.5152587890625,5222400
H043,Haze,encoder_level1,0.0008687691879458725,0.0663767084479332,-0.3932576179504395,0.2819346785545349,751838.4375,309.4102252673625,95734.6875,21725184
H043,Haze,encoder_level2,0.003819176461547613,0.08352354168891907,-0.6559593081474304,0.6967489123344421,618268.9375,275.568276476085,75937.875,10862592
H043,Haze,encoder_level3,-0.0287147331982851,0.3885180950164795,-2.4312744140625,2.560132503509521,1647433.0,907.9165710570547,824312.5,5431296
H043,Haze,latent,0.0434514656662941,2.956090927124023,-16.18299674987793,31.81127166748047,6040395.0,4871.934728626811,23735748.0,2715648
H043,Haze,decoder_level3,-0.00582042196765542,0.8794319033622742,-5.895303249359131,9.787822723388672,3584952.25,2049.573248264136,4200750.5,5431296
H043,Haze,decoder_level2,0.01182010676711798,0.1628497689962387,-1.070764422416687,1.311919689178467,1251837.375,538.1394742536548,289594.09375,10862592
H043,Haze,decoder_level1,-8.17163527244702e-05,0.07469139248132706,-0.5843331217765808,0.5840988755226135,1415865.625,492.3427572585992,242401.390625,43450368
H043,Haze,refinement,-0.003020085161551833,0.04474262520670891,-0.5477284789085388,0.3526899814605713,774164.375,295.600580386778,87379.703125,43450368
H043,Haze,AFLB1_output,-0.0001337136200163513,0.03467750921845436,-0.6622061729431152,0.5753462314605713,49619.96484375,57.14626459044042,3265.695556640625,2715648
H043,Haze,AFLB2_output,-0.0003499258600641042,0.03110208921134472,-0.7523970007896423,1.405740857124329,91419.9140625,72.48845207061433,5254.57568359375,5431296
H043,Haze,AFLB3_output,0.0003927562793251127,0.01163728907704353,-0.2809231877326965,0.09041181951761246,46247.41015625,38.37653638516476,1472.758544921875,10862592
H044,Haze,encoder_level1,-0.0006288418080657721,0.06519515067338943,-0.3622505664825439,0.2643407881259918,305425.125,183.6928801525797,33743.07421875,7938048
H044,Haze,encoder_level2,0.002449673134833574,0.08844417333602905,-0.5544647574424744,0.6762516498565674,246788.640625,176.2696686720379,31070.99609375,3969024
H044,Haze,encoder_level3,-0.02891392074525356,0.398660272359848,-2.868922472000122,2.766303300857544,625256.1875,563.078674565109,317057.59375,1984512
H044,Haze,latent,0.09736938774585724,2.876131296157837,-15.14755821228027,36.18927764892578,2194513.75,2866.614553789888,8217479.0,992256
H044,Haze,decoder_level3,0.02056658267974854,0.8458231687545776,-5.481947898864746,8.164056777954102,1276982.0,1191.886162768911,1420592.625,1984512
H044,Haze,decoder_level2,0.009963683784008026,0.1779096126556396,-1.14351499080658,1.329992294311523,509175.46875,354.9942341081049,126020.90625,3969024
H044,Haze,decoder_level1,-0.001140609849244356,0.07361562550067902,-0.580608606338501,0.5806359052658081,541126.9375,293.3553332777504,86057.3515625,15876096
H044,Haze,refinement,-0.003974055871367455,0.04268837347626686,-0.4469094276428223,0.2763418257236481,297311.8125,170.8265179026664,29181.69921875,15876096
H044,Haze,AFLB1_output,-0.0002077645331155509,0.0360940583050251,-0.695171594619751,0.6147076487541199,18591.7578125,35.95462397733513,1292.734985351562,992256
H044,Haze,AFLB2_output,0.001596899703145027,0.03870999440550804,-0.8517452478408813,1.852025270462036,33461.4140625,54.57819880828104,2978.77978515625,1984512
H044,Haze,AFLB3_output,8.067599992500618e-05,0.01314640138298273,-0.3000098466873169,0.09736987948417664,18932.9296875,26.19129177128226,685.9837646484375,3969024
H045,Haze,encoder_level1,0.001651987549848855,0.07680013030767441,-0.4428267180919647,0.3925805687904358,414244.5625,248.2632722408814,61634.65234375,10444800
H045,Haze,encoder_level2,0.001892574015073478,0.09682729840278625,-0.8227061629295349,0.7639397978782654,378527.75,221.3175391264777,48981.453125,5222400
H045,Haze,encoder_level3,-0.02757453732192516,0.4433947801589966,-2.723335742950439,3.150832891464233,898229.0625,717.8750108828137,515344.53125,2611200
H045,Haze,latent,0.0446818470954895,3.252835035324097,-18.3487548828125,35.26902008056641,3196503.0,3717.132900502752,13817077.0,1305600
H045,Haze,decoder_level3,0.02453137561678886,0.8845205307006836,-7.695897579193115,10.39040088653564,1730801.0,1429.864766332817,2044513.25,2611200
H045,Haze,decoder_level2,-0.002750020939856768,0.1840492784976959,-1.71000337600708,1.520102977752686,685156.375,420.6468419291888,176943.765625,5222400
H045,Haze,decoder_level1,-0.002512414706870914,0.07621759176254272,-0.6267526745796204,0.5689702033996582,763505.125,348.5428260092295,121482.1015625,20889600
H045,Haze,refinement,-0.005091115832328796,0.06123936176300049,-0.8085513114929199,0.5725775957107544,528056.6875,280.8609392341698,78882.8671875,20889600
H045,Haze,AFLB1_output,0.0002417043870082125,0.04133898392319679,-0.6178547143936157,0.7005192041397095,27471.01171875,47.23591266517987,2231.2314453125,1305600
H045,Haze,AFLB2_output,0.00181963830254972,0.04900610074400902,-1.252995610237122,2.150355577468872,47020.86328125,79.24454708172355,6279.6982421875,2611200
H045,Haze,AFLB3_output,-0.0004430424596648663,0.01647182740271091,-0.4486323595046997,0.1182661503553391,26057.697265625,37.65597283352353,1417.972290039062,5222400
H046,Haze,encoder_level1,0.0008560894057154655,0.06923796236515045,-0.4305084347724915,0.3234796822071075,390290.3125,223.7832377547523,50078.9375,10444800
H046,Haze,encoder_level2,0.004858892876654863,0.09918265044689178,-1.035394787788391,0.774529218673706,374512.75,226.9296766070934,51497.078125,5222400
H046,Haze,encoder_level3,-0.00935179740190506,0.4426260590553284,-2.539989709854126,4.104243278503418,895850.125,715.4082750429994,511809.0,2611200
H046,Haze,latent,0.03160809725522995,3.29804539680481,-19.02926826477051,31.37773323059082,3305774.25,3768.614068858736,14202452.0,1305600
H046,Haze,decoder_level3,0.005878128577023745,0.8654152750968933,-6.357579231262207,7.524031162261963,1734787.625,1398.474704812354,1955731.5,2611200
H046,Haze,decoder_level2,0.006701751612126827,0.1774019598960876,-1.282658576965332,1.469562292098999,663510.25,405.6982792051255,164591.09375,5222400
H046,Haze,decoder_level1,-0.001120618893764913,0.07596983015537262,-0.5828357338905334,0.6062954068183899,724658.3125,347.2589541682115,120588.78125,20889600
H046,Haze,refinement,-0.003521721810102463,0.05017699673771858,-0.5815989375114441,0.396843433380127,428689.15625,229.8988483415043,52853.48046875,20889600
H046,Haze,AFLB1_output,0.0002110893838107586,0.04302337393164635,-0.7886170744895935,0.8784284591674805,29154.353515625,49.16032742942982,2416.73779296875,1305600
H046,Haze,AFLB2_output,-0.0003941742470487952,0.03988982364535332,-1.73102867603302,1.783740639686584,46137.9609375,64.46194068498869,4155.341796875,2611200
H046,Haze,AFLB3_output,0.0002612233511172235,0.01303624454885721,-0.3277297914028168,0.1766232699155807,24549.091796875,29.7971515292622,887.8702392578125,5222400
H047,Haze,encoder_level1,0.0007942057563923299,0.06718860566616058,-0.3998589515686035,0.2938132584095001,380893.65625,217.1581005281636,47157.640625,10444800
H047,Haze,encoder_level2,0.005821901373565197,0.09622135013341904,-0.9066935777664185,0.7022022008895874,359487.75,220.2926498149677,48528.8515625,5222400
H047,Haze,encoder_level3,-0.01697609014809132,0.4167622327804565,-2.980217218399048,3.218595266342163,840836.625,674.0132370732789,454293.84375,2611200
H047,Haze,latent,0.05248367041349411,3.141080856323242,-19.08318138122559,28.43148612976074,3136984.0,3589.589670143372,12885154.0,1305600
H047,Haze,decoder_level3,0.0143402237445116,0.8284431099891663,-8.936932563781738,7.916079521179199,1621485.75,1338.898987974821,1792650.5,2611200
H047,Haze,decoder_level2,0.00621816236525774,0.1824620962142944,-1.436258435249329,1.358755946159363,671162.1875,417.2148352467827,174068.21875,5222400
H047,Haze,decoder_level1,-0.000896457233466208,0.07775221765041351,-0.5829748511314392,0.6084468364715576,729307.625,355.3912346801761,126302.9296875,20889600
H047,Haze,refinement,-0.002286556409671903,0.04950891435146332,-0.569930911064148,0.5701935291290283,483898.21875,226.5223843795575,51312.390625,20889600
H047,Haze,AFLB1_output,-0.0001554131740704179,0.03850626572966576,-0.6773548722267151,0.5918790698051453,26483.64453125,43.99871408144007,1935.886840820312,1305600
H047,Haze,AFLB2_output,0.0007006007363088429,0.0353432260453701,-0.9895685315132141,1.613682270050049,41892.86328125,57.12307675920039,3263.0458984375,2611200
H047,Haze,AFLB3_output,4.773108230438083e-05,0.01351619325578213,-0.3768132925033569,0.1081993207335472,24985.486328125,30.8881679362346,954.0789184570312,5222400
H048,Haze,encoder_level1,0.00012399215484038,0.0644565224647522,-0.4176898896694183,0.338816225528717,402112.15625,208.3136719889023,43394.5859375,10444800
H048,Haze,encoder_level2,0.002521029440686107,0.1070452257990837,-0.8771953582763672,0.7226052284240723,408628.75,244.6936940467612,59875.00390625,5222400
H048,Haze,encoder_level3,-0.004500624723732471,0.4441253542900085,-2.657060146331787,3.138168811798096,912096.125,717.7082450411169,515105.125,2611200
H048,Haze,latent,0.03751843050122261,3.305543422698975,-18.31518936157227,28.09470748901367,3378477.5,3777.251646369355,14267630.0,1305600
H048,Haze,decoder_level3,0.01714342646300793,0.8860200047492981,-5.680853366851807,8.718087196350098,1743360.75,1432.006023032026,2050641.25,2611200
H048,Haze,decoder_level2,0.007117673754692078,0.1812850087881088,-1.384275436401367,1.590471982955933,636580.375,414.6020494100337,171894.859375,5222400
H048,Haze,decoder_level1,-0.002035565674304962,0.07986990362405777,-0.6137804388999939,0.6344389915466309,775864.1875,365.1650739734018,133345.53125,20889600
H048,Haze,refinement,-0.003810908412560821,0.04390360787510872,-0.5374433398246765,0.3481485843658447,444017.15625,201.4165847813928,40568.640625,20889600
H048,Haze,AFLB1_output,0.0002760083589237183,0.04327176511287689,-0.8121320009231567,0.6841965913772583,29404.228515625,49.44456136358679,2444.7646484375,1305600
H048,Haze,AFLB2_output,0.0005962972645647824,0.04060544073581696,-1.185831069946289,1.947468638420105,45975.82421875,65.62225440685118,4306.2802734375,2611200
H048,Haze,AFLB3_output,0.00033096584957093,0.01300470437854528,-0.3631751835346222,0.1164398193359375,23885.578125,29.72871522264396,883.7965087890625,5222400
H049,Haze,encoder_level1,-0.001274446491152048,0.06780477613210678,-0.3159979283809662,0.3404593169689178,449063.3125,219.1729928190287,48036.80078125,10444800
H049,Haze,encoder_level2,0.005768014118075371,0.08505822718143463,-0.6745683550834656,0.6534468531608582,287844.28125,194.8263349274168,37957.30078125,5222400
H049,Haze,encoder_level3,-0.03205622360110283,0.3857274353504181,-2.661473989486694,2.283171415328979,771828.9375,625.4537103175581,391192.34375,2611200
H049,Haze,latent,0.09386847168207169,2.679989814758301,-14.81599617004395,29.97712135314941,2485937.5,3064.110637689181,9388774.0,1305600
H049,Haze,decoder_level3,0.0159002747386694,0.7921826243400574,-6.994228839874268,8.724310874938965,1507538.375,1280.362204612429,1639327.375,2611200
H049,Haze,decoder_level2,0.01162294391542673,0.1536199301481247,-0.8755709528923035,1.136083841323853,547470.125,352.0644250346803,123949.359375,5222400
H049,Haze,decoder_level1,0.0005763996159657836,0.0675368383526802,-0.559269368648529,0.544864296913147,615622.75,308.689315898688,95289.09375,20889600
H049,Haze,refinement,-0.0007369987433776259,0.01818134263157845,-0.2803414762020111,0.1921919882297516,209021.21875,83.16632548882089,6916.6376953125,20889600
H049,Haze,AFLB1_output,0.000596099067479372,0.02950588427484035,-0.7272381782531738,0.5252838730812073,20169.818359375,33.72114652048845,1137.11572265625,1305600
H049,Haze,AFLB2_output,-0.0008327797404490411,0.02731756120920181,-0.6783930063247681,1.237532496452332,38111.26171875,44.1635242039988,1950.416870117188,2611200
H049,Haze,AFLB3_output,0.001049087266437709,0.008858717978000641,-0.2297126799821854,0.0827542245388031,19520.236328125,20.38591001521486,415.5853271484375,5222400
H050,Haze,encoder_level1,0.0009614057489670813,0.07110421359539032,-0.5487567186355591,0.3758075833320618,843051.875,311.7410534000936,97182.484375,19218432
H050,Haze,encoder_level2,-0.002497622277587652,0.1119841784238815,-0.9775957465171814,0.8349920511245728,790428.0,347.2231361099084,120563.90625,9609216
H050,Haze,encoder_level3,-0.01413442753255367,0.4694996178150177,-3.232572555541992,3.135981559753418,1746576.125,1029.582014703054,1060039.125,4804608
H050,Haze,latent,0.05685903504490852,3.268252372741699,-20.3685359954834,36.79400634765625,5993875.0,5066.35095507605,25667912.0,2402304
H050,Haze,decoder_level3,0.03286474570631981,0.9162698984146118,-9.472146987915039,9.73144817352295,3321063.75,2009.701594764755,4038900.5,4804608
H050,Haze,decoder_level2,0.003283307887613773,0.1873809546232224,-1.816664099693298,1.641764879226685,1279255.25,580.9464529971759,337498.78125,9609216
H050,Haze,decoder_level1,-0.002502950374037027,0.07494226098060608,-0.5742368698120117,0.6187992691993713,1430559.875,464.8821255167809,216115.390625,38436864
H050,Haze,refinement,-0.004049492999911308,0.0470777191221714,-0.7655105590820312,0.3896748423576355,791231.25,292.9477342462304,85818.375,38436864
H050,Haze,AFLB1_output,0.0002943908039014786,0.04021532833576202,-0.6351170539855957,0.8599293231964111,50441.6640625,62.33288204145345,3885.38818359375,2402304
H050,Haze,AFLB2_output,0.001553701935335994,0.04093099012970924,-1.547120690345764,2.243506669998169,86421.921875,89.78295497423912,8060.97900390625,4804608
H050,Haze,AFLB3_output,-0.0002600546577014029,0.01511606015264988,-0.4766156077384949,0.2096140682697296,49000.04296875,46.86480357851855,2196.309814453125,9609216
H051,Haze,encoder_level1,0.001172602525912225,0.06852733343839645,-0.4166670739650726,0.4431989192962646,305152.8125,193.1008884624822,37287.953125,7938048
H051,Haze,encoder_level2,0.0004988915170542896,0.1063573136925697,-1.005022287368774,0.7769914269447327,312236.40625,211.8917213165724,44898.1015625,3969024
H051,Haze,encoder_level3,-0.008783359080553055,0.4648521244525909,-3.08284592628479,3.767485857009888,720628.0625,654.9666499143297,428981.3125,1984512
H051,Haze,latent,0.0442209281027317,3.323011636734009,-19.7351245880127,30.15432167053223,2565560.5,3310.413116213746,10958835.0,992256
H051,Haze,decoder_level3,0.02626147121191025,0.9041895270347595,-7.135608673095703,7.467416286468506,1389300.375,1274.293431671058,1623823.75,1984512
H051,Haze,decoder_level2,0.003956960048526525,0.1816262006759644,-1.041002035140991,1.549975633621216,514523.09375,361.9290115133077,130992.609375,3969024
H051,Haze,decoder_level1,-0.001680155633948743,0.07839243859052658,-0.5921601057052612,0.6304479837417603,572335.375,312.424978494838,97609.3671875,15876096
H051,Haze,refinement,-0.003800028702244163,0.04889132454991341,-0.556100070476532,0.3971151113510132,332983.6875,195.3941329403214,38178.8671875,15876096
H051,Haze,AFLB1_output,-0.0006360729457810521,0.04284288734197617,-0.6918826699256897,0.5733686685562134,22263.673828125,42.68137996026488,1821.7001953125,992256
H051,Haze,AFLB2_output,0.001091299462132156,0.04194317385554314,-1.548408150672913,1.427257895469666,36992.91796875,59.10647544434641,3493.575439453125,1984512
H051,Haze,AFLB3_output,8.548991900170222e-05,0.01336002536118031,-0.273114800453186,0.16952745616436,19080.05859375,26.61693526076549,708.4612426757812,3969024
H052,Haze,encoder_level1,0.00261772284284234,0.06753203272819519,-0.3924643397331238,0.3488211333751678,590369.875,258.4341520339369,66788.2109375,14622720
H052,Haze,encoder_level2,-0.004112582188099623,0.09870745241641998,-0.9952996373176575,0.8137156367301941,499526.5625,267.1318436184649,71359.421875,7311360
H052,Haze,encoder_level3,-0.01045307610183954,0.4263423979282379,-2.787418842315674,3.52895188331604,1203433.75,815.4045391705886,664884.5625,3655680
H052,Haze,latent,0.05974030122160912,3.087099313735962,-21.15390014648438,34.58347702026367,4212294.5,4174.466672522371,17426172.0,1827840
H052,Haze,decoder_level3,0.01726623252034187,0.8793160319328308,-8.343147277832031,12.01829814910889,2405736.5,1681.561551059015,2827649.25,3655680
H052,Haze,decoder_level2,0.007750568445771933,0.1722501814365387,-1.324004888534546,1.517207741737366,876841.0625,466.2276134035821,217368.1875,7311360
H052,Haze,decoder_level1,2.62141566054197e-05,0.07259061932563782,-0.6098414659500122,0.5977324843406677,950537.6875,392.5631915692045,154105.859375,29245440
H052,Haze,refinement,-0.002193784108385444,0.03586617112159729,-0.5094133019447327,0.3868400156497955,469344.875,194.323345226455,37761.5625,29245440
H052,Haze,AFLB1_output,3.699748776853085e-05,0.03687572479248047,-0.7204532027244568,0.7182639241218567,35064.34375,49.85513437779628,2485.534423828125,1827840
H052,Haze,AFLB2_output,0.0003717287618201226,0.03578770905733109,-1.027120590209961,1.847351312637329,61700.859375,68.42919113374606,4682.55419921875,3655680
H052,Haze,AFLB3_output,0.0006537010776810348,0.01118779089301825,-0.3473627269268036,0.1533893793821335,31421.361328125,30.30285365197682,918.262939453125,7311360
H053,Haze,encoder_level1,0.0001072535087587312,0.06637149304151535,-0.3970834016799927,0.3152827024459839,425763.71875,214.50243114881,46011.29296875,10444800
H053,Haze,encoder_level2,-0.001417031046003103,0.1030825078487396,-0.9866546392440796,0.8186637163162231,391678.71875,235.5922888434594,55503.7265625,5222400
H053,Haze,encoder_level3,-0.0047159637324512,0.4562652111053467,-2.793895244598389,3.748845100402832,925974.5,737.3278188838394,543652.3125,2611200
H053,Haze,latent,0.07815936207771301,3.208805322647095,-18.77547645568848,38.21483612060547,3199083.0,3667.559951793563,13450996.0,1305600
H053,Haze,decoder_level3,0.01262888312339783,0.8856975436210632,-6.947353363037109,9.197566986083984,1781362.25,1431.362462830432,2048798.5,2611200
H053,Haze,decoder_level2,0.004283389076590538,0.1838537901639938,-1.17350697517395,1.538484811782837,686783.0,420.2671769243941,176624.5,5222400
H053,Haze,decoder_level1,-0.001064733020029962,0.07476601749658585,-0.6258656978607178,0.6021363735198975,738979.625,341.7537947850763,116795.65625,20889600
H053,Haze,refinement,-0.002756578847765923,0.04128218069672585,-0.4784965515136719,0.4471777081489563,428454.75,189.1009671610645,35759.17578125,20889600
H053,Haze,AFLB1_output,-0.0003754654026124626,0.04082972183823586,-0.7041501998901367,0.610867440700531,27620.060546875,46.65517727333431,2176.70556640625,1305600
H053,Haze,AFLB2_output,0.001196472090668976,0.04292928799986839,-1.209460258483887,1.54768979549408,47815.88671875,69.39726908914535,4815.98095703125,2611200
H053,Haze,AFLB3_output,1.800777499738615e-05,0.01284617744386196,-0.2857664823532104,0.1342839151620865,25310.43359375,29.35684591122603,861.8244018554688,5222400
H054,Haze,encoder_level1,-0.0001297967100981623,0.06415578722953796,-0.3459187150001526,0.2577821314334869,295039.8125,180.7563590254157,32672.861328125,7938048
H054,Haze,encoder_level2,0.005068855825811625,0.09124317765235901,-0.5387067794799805,0.5848689079284668,251945.578125,182.0586701450936,33145.359375,3969024
H054,Haze,encoder_level3,-0.02445690706372261,0.3975243270397186,-2.472332954406738,2.236254453659058,604260.625,561.0621066334813,314790.6875,1984512
H054,Haze,latent,0.1114673539996147,2.781084299087524,-19.96077728271484,27.46303176879883,2065034.5,2772.519071169755,7686862.0,992256
H054,Haze,decoder_level3,0.01079995837062597,0.8386972546577454,-5.501385688781738,8.663362503051758,1246686.5,1181.593468583844,1396163.125,1984512
H054,Haze,decoder_level2,0.004803811199963093,0.1812921017408371,-1.146339654922485,1.383554577827454,514711.28125,361.3043103638538,130540.8046875,3969024
H054,Haze,decoder_level1,-0.0008383495733141899,0.07363666594028473,-0.5370749831199646,0.5560054183006287,562190.125,293.4229562423499,86097.03125,15876096
H054,Haze,refinement,-0.00328101241029799,0.04101509228348732,-0.4593464136123657,0.2766213417053223,318322.65625,163.9459526509422,26878.275390625,15876096
H054,Haze,AFLB1_output,0.0001018703187583014,0.03260226920247078,-0.5296090245246887,0.5921220183372498,17186.669921875,32.47594512433395,1054.68701171875,992256
H054,Haze,AFLB2_output,0.001728708040900528,0.03547194972634315,-0.9901378154754639,1.350315928459167,32916.01171875,50.02960305299878,2502.961181640625,1984512
H054,Haze,AFLB3_output,-0.0003899446746800095,0.01485420670360327,-0.3007509112358093,0.1012912169098854,20267.49609375,29.6033542279075,876.3585815429688,3969024
H055,Haze,encoder_level1,-0.001926895347423851,0.06465974450111389,-0.34217169880867,0.301852285861969,429523.21875,209.0628363225994,43707.26953125,10444800
H055,Haze,encoder_level2,-3.864362952299416e-05,0.0972512811422348,-0.8130285739898682,0.7623770833015442,362618.78125,222.2441998680731,49392.484375,5222400
H055,Haze,encoder_level3,-0.01326846983283758,0.4296065270900726,-2.800229549407959,2.787083625793457,866228.875,694.5411254922202,482387.375,2611200
H055,Haze,latent,0.02879336476325989,3.097863435745239,-16.60621070861816,36.73005294799805,2987321.5,3539.860025481234,12530609.0,1305600
H055,Haze,decoder_level3,0.02148696593940258,0.8819615840911865,-6.334776878356934,9.890907287597656,1673678.375,1425.602854935413,2032343.5,2611200
H055,Haze,decoder_level2,0.0006164478836581111,0.1840073317289352,-1.397107005119324,1.623065710067749,673704.5,420.5064097311716,176825.640625,5222400
H055,Haze,decoder_level1,-0.002483430784195662,0.06946203857660294,-0.5754077434539795,0.5861564874649048,714305.125,317.680079344771,100920.6328125,20889600
H055,Haze,refinement,-0.002849535085260868,0.03584703430533409,-0.481120228767395,0.3952270746231079,372769.0625,164.3562132800278,27012.96484375,20889600
H055,Haze,AFLB1_output,-9.405005403095856e-05,0.03555579856038094,-0.6077291965484619,0.611409068107605,24451.28125,40.62721448291311,1650.570556640625,1305600
H055,Haze,AFLB2_output,0.001855968963354826,0.03753331303596497,-0.826632559299469,1.345612645149231,43521.203125,60.72497193739059,3687.522216796875,2611200
H055,Haze,AFLB3_output,-0.0005036935908719897,0.01592343300580978,-0.3665416240692139,0.1188260316848755,26522.283203125,36.40733971008628,1325.494384765625,5222400
H056,Haze,encoder_level1,0.001683434005826712,0.06178492307662964,-0.4285566508769989,0.3515876531600952,684945.75,267.997026569326,71822.40625,18800640
H056,Haze,encoder_level2,-0.000977719551883638,0.1030363366007805,-0.971306324005127,0.8655193448066711,683550.625,315.9230276111572,99807.359375,9400320
H056,Haze,encoder_level3,0.01170457992702723,0.450240820646286,-3.40448522567749,4.00446605682373,1654425.5,976.4452109565595,953445.25,4700160
H056,Haze,latent,0.04666537046432495,3.285320043563843,-19.04737663269043,35.34721755981445,5931976.5,5036.89408266642,25370302.0,2350080
H056,Haze,decoder_level3,0.0294750165194273,0.8638038635253906,-7.221848487854004,10.2033805847168,3076472.25,1873.803885149137,3511141.0,4700160
H056,Haze,decoder_level2,0.001133187906816602,0.1827607750892639,-1.582144618034363,1.431696891784668,1223358.125,560.354240637117,313996.875,9400320
H056,Haze,decoder_level1,-0.002181804273277521,0.07764209806919098,-0.5762128829956055,0.6038331985473633,1348086.375,476.2883514741884,226850.59375,37601280
H056,Haze,refinement,-0.002700354903936386,0.04749774932861328,-0.6854811310768127,0.3824695944786072,780728.625,291.7259790882533,85104.046875,37601280
H056,Haze,AFLB1_output,1.6830897948239e-05,0.04109065607190132,-0.7498856782913208,0.6744682788848877,50795.52734375,62.99186339135893,3967.974853515625,2350080
H056,Haze,AFLB2_output,0.001278676325455308,0.04238732904195786,-1.145580410957336,1.784790873527527,82005.671875,91.93691578672302,8452.396484375,4700160
H056,Haze,AFLB3_output,-0.0003465504851192236,0.0162248108536005,-0.4150876402854919,0.1254240572452545,47027.3828125,49.75652389307231,2475.711669921875,9400320
H057,Haze,encoder_level1,0.001516803633421659,0.06591583788394928,-0.4296385049819946,0.3135822117328644,661058.9375,285.8847970555622,81730.1171875,18800640
H057,Haze,encoder_level2,0.004301807377487421,0.1025248840451241,-1.113418340682983,0.9253199696540833,714378.125,314.6172525863768,98984.015625,9400320
H057,Haze,encoder_level3,-0.03235933184623718,0.4477749168872833,-3.220129013061523,4.461588382720947,1646161.0,973.3010197261688,947314.875,4700160
H057,Haze,latent,0.06698798388242722,3.233881235122681,-24.06365585327148,26.60114288330078,5960173.0,4958.593953934926,24587654.0,2350080
H057,Haze,decoder_level3,0.02214798517525196,0.9128882884979248,-6.399160861968994,7.558335304260254,3342995.5,1979.710648049356,3919254.25,4700160
H057,Haze,decoder_level2,0.004246268887072802,0.1824846267700195,-1.340750455856323,1.728508353233337,1188958.625,559.6482433189619,313206.15625,9400320
H057,Haze,decoder_level1,-0.0007696701213717461,0.07916410267353058,-0.5880197286605835,0.6088494062423706,1343581.625,485.4562769961884,235667.796875,37601280
H057,Haze,refinement,-0.003627486526966095,0.04521369934082031,-0.5575563311576843,0.5935001373291016,808072.4375,278.1407298922616,77362.265625,37601280
H057,Haze,AFLB1_output,-0.0004681627615354955,0.04150347784161568,-0.6751948595046997,0.6621807813644409,51482.6640625,63.62875648905729,4048.61865234375,2350080
H057,Haze,AFLB2_output,0.0008152929367497563,0.03723230585455894,-1.498305916786194,1.635886788368225,86922.9296875,80.73844066354793,6518.69580078125,4700160
H057,Haze,AFLB3_output,0.000178618764039129,0.0130342086777091,-0.3517560660839081,0.1841998994350433,44613.42578125,39.96655859170342,1597.325805664062,9400320
H058,Haze,encoder_level1,0.001514516421593726,0.06296146661043167,-0.4128862023353577,0.3612065017223358,297717.0625,186.5478009284752,34800.08203125,8773632
H058,Haze,encoder_level2,0.003541790414601564,0.1075277477502823,-0.851861298084259,0.765390157699585,354899.71875,225.3360684621971,50776.34375,4386816
H058,Haze,encoder_level3,0.004307926632463932,0.4617858529090881,-3.559244632720947,3.555112600326538,794270.0,683.9419520324806,467776.59375,2193408
H058,Haze,latent,-0.03707927092909813,3.165682315826416,-17.76417922973633,25.8953742980957,2741393.0,3315.445218971352,10992177.0,1096704
H058,Haze,decoder_level3,0.03128837794065475,0.859425961971283,-5.905294895172119,7.846326351165771,1465184.5,1273.666655762017,1622226.75,2193408
H058,Haze,decoder_level2,0.0006820627022534609,0.1847045570611954,-1.224250674247742,1.498954772949219,559634.5625,386.8613083199197,149661.671875,4386816
H058,Haze,decoder_level1,-0.002311373595148325,0.08286334574222565,-0.5863994359970093,0.6063329577445984,653866.25,347.2450616099529,120579.1328125,17547264
H058,Haze,refinement,-0.003718009684234858,0.05486531183123589,-0.5660621523857117,0.6930099129676819,429981.75,230.3548892470051,53063.375,17547264
H058,Haze,AFLB1_output,1.595184949110262e-05,0.04143091663718224,-0.6040613651275635,0.6231041550636292,23883.87109375,43.38796354819358,1882.515380859375,1096704
H058,Haze,AFLB2_output,0.001115301274694502,0.0399138331413269,-0.9452226161956787,1.53825843334198,39016.609375,59.13609006721276,3497.0771484375,2193408
H058,Haze,AFLB3_output,-0.0001262897421838716,0.01411424204707146,-0.3211914598941803,0.1097397655248642,21397.49609375,29.56307808631401,873.9755859375,4386816
H059,Haze,encoder_level1,0.0005796555778943002,0.06116433814167976,-0.3492764830589294,0.3568447530269623,700390.625,262.2552430362451,68777.8125,18382848
H059,Haze,encoder_level2,-0.0002108657208736986,0.09924516081809998,-0.872986912727356,0.7913274765014648,628082.75,300.8858146166083,90532.2734375,9191424
H059,Haze,encoder_level3,-0.00163116049952805,0.4400315880775452,-3.313727855682373,3.501303672790527,1568103.25,943.3291776999162,889869.9375,4595712
H059,Haze,latent,0.08186966180801392,3.341432332992554,-19.6141357421875,39.19536972045898,5747928.0,5066.690635908216,25671354.0,2297856
H059,Haze,decoder_level3,0.0208320077508688,0.8639020919799805,-6.407083511352539,10.37863540649414,2975357.5,1852.538191239252,3431897.75,4595712
H059,Haze,decoder_level2,0.007966764271259308,0.1918523013591766,-1.662387609481812,1.681080937385559,1283833.75,582.1468349995557,338894.9375,9191424
H059,Haze,decoder_level1,-0.001286783372052014,0.07602330297231674,-0.5809779167175293,0.613057017326355,1313550.25,461.0311811580644,212549.75,36765696
H059,Haze,refinement,-0.001934187486767769,0.04073332622647285,-0.6431267261505127,0.6206356287002563,702142.0625,247.2636813707181,61139.328125,36765696
H059,Haze,AFLB1_output,-7.102501695044339e-05,0.04207675158977509,-0.7132453918457031,0.7603110074996948,49249.9296875,63.78289783821855,4068.258056640625,2297856
H059,Haze,AFLB2_output,0.0009335933136753738,0.04757068678736687,-1.636865496635437,2.11505651473999,80682.3984375,101.9998276652956,10403.96484375,4595712
H059,Haze,AFLB3_output,-8.073042408796027e-05,0.01519457716494799,-0.4361400008201599,0.1651686429977417,47072.875,46.06659687513557,2122.13134765625,9191424
H060,Haze,encoder_level1,-0.001295701949857175,0.06504729390144348,-0.3712243735790253,0.3005555868148804,422465.125,210.2642403768411,44211.05078125,10444800
H060,Haze,encoder_level2,0.006123765837401152,0.09642556309700012,-0.8808186054229736,0.7641353011131287,354148.84375,220.801115967515,48753.1328125,5222400
H060,Haze,encoder_level3,-0.020692128688097,0.4180603623390198,-2.764913558959961,3.666837453842163,848462.375,676.3794007433993,457489.09375,2611200
H060,Haze,latent,0.0571804866194725,3.265341997146606,-20.66348648071289,30.66904258728027,3269702.5,3731.645079586214,13925175.0,1305600
H060,Haze,decoder_level3,0.005578183103352785,0.8682606816291809,-5.351978302001953,8.407255172729492,1725720.75,1403.069403130152,1968603.75,2611200
H060,Haze,decoder_level2,0.005879523232579231,0.1786398142576218,-1.471901655197144,1.500370621681213,641966.5,408.458956016391,166838.71875,5222400
H060,Haze,decoder_level1,-0.001792077324353158,0.07477889955043793,-0.5996959805488586,0.6237577199935913,719773.6875,341.8761425940687,116879.296875,20889600
H060,Haze,refinement,-0.0028245709836483,0.03691684827208519,-0.4930494725704193,0.3359103798866272,381188.59375,169.2221346614414,28636.130859375,20889600
H060,Haze,AFLB1_output,-0.000334098149323836,0.04399341717362404,-0.692672073841095,0.6257529854774475,29471.087890625,50.26958330699962,2527.031005859375,1305600
H060,Haze,AFLB2_output,0.0004662589926738292,0.04376116767525673,-1.386264085769653,1.848921656608582,46084.08203125,70.7185980997043,5001.1201171875,2611200
H060,Haze,AFLB3_output,0.0001999996893573552,0.01349216140806675,-0.3861645758152008,0.1127926781773567,23941.349609375,30.83644124081826,950.8861083984375,5222400
H061,Haze,encoder_level1,0.002077882178127766,0.07152923196554184,-0.4108274877071381,0.2941159009933472,570059.6875,277.5223808542295,77018.671875,15040512
H061,Haze,encoder_level2,-0.0001226557069458067,0.09156619012355804,-0.9113690257072449,0.6549254655838013,483534.875,251.1029575940913,63052.6953125,7520256
H061,Haze,encoder_level3,-0.03844558820128441,0.4101400673389435,-2.66230034828186,3.972260475158691,1205632.75,798.7910396342713,638067.125,3760128
H061,Haze,latent,0.08130379766225815,2.976213932037354,-18.45180892944336,31.60574913024902,4184243.0,4082.370757292875,16665751.0,1880064
H061,Haze,decoder_level3,0.03471114858984947,0.8880640268325806,-6.080008506774902,8.53842544555664,2556979.75,1723.364224416882,2969984.25,3760128
H061,Haze,decoder_level2,0.0119730094447732,0.1612519174814224,-0.9000642895698547,1.401599884033203,847891.4375,443.4197714919803,196621.09375,7520256
H061,Haze,decoder_level1,0.0001599710085429251,0.07173417508602142,-0.5730264782905579,0.6102015972137451,954777.125,393.435469613506,154791.46875,30081024
H061,Haze,refinement,-0.003462412161752582,0.04114861786365509,-0.5268198847770691,0.3571133315563202,511295.125,226.4819598224106,51294.078125,30081024
H061,Haze,AFLB1_output,-0.0001404238137183711,0.03440840542316437,-0.5064746141433716,0.6486762762069702,34221.02734375,47.17962475674749,2225.9169921875,1880064
H061,Haze,AFLB2_output,0.0004387629742268473,0.02986075542867184,-0.9899757504463196,1.037974119186401,64899.48046875,57.90938882817816,3353.497314453125,3760128
H061,Haze,AFLB3_output,0.0007919868221506476,0.009359341114759445,-0.201647937297821,0.1084287613630295,29692.5390625,25.75792742429624,663.4708251953125,7520256
H062,Haze,encoder_level1,2.153854802600108e-05,0.06303070485591888,-0.3704178631305695,0.4034781455993652,391140.28125,203.7052577408104,41495.83203125,10444800
H062,Haze,encoder_level2,0.00452093780040741,0.09058231860399246,-0.8187938332557678,0.7096188068389893,318046.5,207.2615440844008,42957.34765625,5222400
H062,Haze,encoder_level3,-0.02751963958144188,0.4006227850914001,-2.869567394256592,3.15938663482666,801995.9375,648.9002234550394,421071.5,2611200
H062,Haze,latent,0.03191063925623894,3.044870138168335,-18.57826614379883,31.67409133911133,2923652.25,3479.346634067954,12105853.0,1305600
H062,Haze,decoder_level3,0.01382296811789274,0.8476212620735168,-6.083179473876953,10.95794105529785,1606152.75,1369.870888076683,1876546.25,2611200
H062,Haze,decoder_level2,0.003645978402346373,0.1723754107952118,-1.478506684303284,1.770309209823608,615156.125,394.0101918098059,155244.03125,5222400
H062,Haze,decoder_level1,-0.001045070122927427,0.07624983787536621,-0.5825163722038269,0.6199076771736145,713016.0625,348.5337030869468,121475.7421875,20889600
H062,Haze,refinement,-0.003154194680973887,0.0373971052467823,-0.4903079569339752,0.5370656251907349,376035.25,171.5308827879108,29422.84375,20889600
H062,Haze,AFLB1_output,0.000833173340652138,0.03788298368453979,-0.6650640368461609,0.7055367231369019,25027.6796875,43.29664662967561,1874.599609375,1305600
H062,Haze,AFLB2_output,0.0008291113772429526,0.03539972752332687,-1.254229307174683,1.720263957977295,40981.08203125,57.21884813618018,3273.99658203125,2611200
H062,Haze,AFLB3_output,4.639229882741347e-05,0.01310301572084427,-0.3878974616527557,0.1664806008338928,23536.720703125,29.94394889929506,896.6400756835938,5222400
H063,Haze,encoder_level1,-0.0009925463236868382,0.06251602619886398,-0.3585322797298431,0.2718014717102051,391811.8125,202.0673619118139,40831.21875,10444800
H063,Haze,encoder_level2,0.005191072821617126,0.08516911417245865,-0.7803614139556885,0.6687873601913452,299167.8125,194.9945111406985,38022.859375,5222400
H063,Haze,encoder_level3,-0.01269890274852514,0.3913909196853638,-2.584542751312256,2.615263938903809,805814.125,632.7895335338599,400422.59375,2611200
H063,Haze,latent,0.01527155283838511,2.890779972076416,-20.47383880615234,34.34370422363281,2812981.5,3303.133815030811,10910693.0,1305600
H063,Haze,decoder_level3,0.01910550519824028,0.8359179496765137,-7.370593070983887,9.413076400756836,1610646.75,1351.129990045369,1825552.25,2611200
H063,Haze,decoder_level2,0.005289294291287661,0.1657750457525253,-1.107738614082336,1.274549603462219,580259.8125,379.0313929940368,143664.796875,5222400
H063,Haze,decoder_level1,-0.0005629694787785411,0.07472323626279831,-0.5835943818092346,0.6001136302947998,692081.5625,341.5332844321326,116644.984375,20889600
H063,Haze,refinement,-0.002349917544052005,0.03253962099552155,-0.3928801119327545,0.5162185430526733,322450.75,149.1101077014902,22233.82421875,20889600
H063,Haze,AFLB1_output,0.0003196797624696046,0.03348527476191521,-0.6357559561729431,0.59380042552948,23226.115234375,38.26297235854707,1464.055053710938,1305600
H063,Haze,AFLB2_output,-0.0003812350041698664,0.0282498225569725,-0.7348954677581787,1.112726449966431,40397.8203125,45.65363238988355,2084.254150390625,2611200
H063,Haze,AFLB3_output,0.0006529651000164449,0.009939179755747318,-0.2906236350536346,0.0933108702301979,20585.572265625,22.76254429653158,518.1334228515625,5222400
H064,Haze,encoder_level1,-0.001102753449231386,0.06809590011835098,-0.4994618892669678,0.3677695989608765,478043.28125,220.1040059551393,48445.7734375,10444800
H064,Haze,encoder_level2,-0.0008742283680476248,0.1155320778489113,-1.096543431282043,0.9339423179626465,451279.875,264.0280524868522,69710.8125,5222400
H064,Haze,encoder_level3,-0.02079113200306892,0.4846389889717102,-3.583243370056152,4.353779792785645,984592.375,783.858525181681,614434.1875,2611200
H064,Haze,latent,0.08427400141954422,3.33207893371582,-20.28617095947266,35.34347915649414,3395024.75,3808.546048034604,14505023.0,1305600
H064,Haze,decoder_level3,0.01349078863859177,0.9304651618003845,-8.439273834228516,7.745255470275879,1863606.625,1503.716063623715,2261162.0,2611200
H064,Haze,decoder_level2,0.0005673677078448236,0.1929879635572433,-1.374822735786438,1.791261672973633,720219.8125,441.0290346167699,194506.609375,5222400
H064,Haze,decoder_level1,-0.003523185616359115,0.07453180849552155,-0.5605955123901367,0.5904407501220703,806823.5625,341.0290837120787,116300.8359375,20889600
H064,Haze,refinement,-0.004010910168290138,0.04562615975737572,-0.4961380064487457,0.5366762280464172,466290.75,209.3392320194664,43822.9140625,20889600
H064,Haze,AFLB1_output,0.0001358777371933684,0.04421572014689445,-0.9431555271148682,0.6517447829246521,29947.318359375,50.52238345989577,2552.51123046875,1305600
H064,Haze,AFLB2_output,0.002455621724948287,0.05498170852661133,-2.29782772064209,1.642052173614502,52358.3125,88.9346615411421,7909.3740234375,2611200
H064,Haze,AFLB3_output,-0.0007175899227149785,0.01868264190852642,-0.3606951832771301,0.2231245934963226,29347.484375,42.72612466062918,1825.521728515625,5222400
H065,Haze,encoder_level1,-0.001439641695469618,0.07003608345985413,-0.4098441898822784,0.4840888977050781,876193.5,307.0948677729734,94307.2578125,19218432
H065,Haze,encoder_level2,-0.001598966307938099,0.1056337058544159,-1.06378173828125,0.8000373840332031,751636.75,327.4886448413135,107248.8125,9609216
H065,Haze,encoder_level3,-0.0206992831081152,0.454410046339035,-3.056828498840332,4.033280849456787,1724675.75,997.0731542870864,994154.875,4804608
H065,Haze,latent,0.06549149006605148,3.269027709960938,-20.3106575012207,30.69440078735352,6003663.0,5067.803074311392,25682628.0,2402304
H065,Haze,decoder_level3,0.02198113687336445,0.8590705990791321,-7.001935005187988,8.564906120300293,3141002.5,1883.648985347323,3548133.5,4804608
H065,Haze,decoder_level2,0.008648215793073177,0.1732754707336426,-1.467056035995483,1.638415932655334,1159839.125,537.8006717176913,289229.5625,9609216
H065,Haze,decoder_level1,-0.001757086953148246,0.07294648885726929,-0.5981512665748596,0.6035143136978149,1346907.75,452.3809580983709,204648.53125,38436864
H065,Haze,refinement,-0.001850467990152538,0.03207232430577278,-0.4175376892089844,0.4232794940471649,638373.1875,199.1709967276862,39669.0859375,38436864
H065,Haze,AFLB1_output,0.0001312037638854235,0.03976627066731453,-0.5722450613975525,0.8022891283035278,50434.77734375,61.63553725834634,3798.939453125,2402304
H065,Haze,AFLB2_output,0.0007003482896834612,0.03503428399562836,-1.222232699394226,1.687319040298462,80839.03125,76.80844425826498,5899.537109375,4804608
H065,Haze,AFLB3_output,0.0004448123800102621,0.01160986348986626,-0.3682553172111511,0.1545918136835098,42186.265625,36.01551315058554,1297.1171875,9609216
H066,Haze,encoder_level1,0.0005970866186544299,0.06295260787010193,-0.3992222547531128,0.3068189024925232,387397.9375,203.4620088923237,41396.7890625,10444800
H066,Haze,encoder_level2,0.0005441049579530954,0.09875569492578506,-0.9570027589797974,0.7564570307731628,372883.65625,225.6855787788622,50933.98046875,5222400
H066,Haze,encoder_level3,-0.01243933849036694,0.4428514838218689,-3.087730169296265,3.705574989318848,900665.125,715.8952000816879,512505.9375,2611200
H066,Haze,latent,0.05425195395946503,3.396830320358276,-19.90094184875488,31.75600433349609,3447768.0,3881.810273570824,15068451.0,1305600
H066,Haze,decoder_level3,0.02376259863376617,0.8887147903442383,-6.011700630187988,8.786089897155762,1769698.75,1436.605895853139,2063836.5,2611200
H066,Haze,decoder_level2,0.002919978694990277,0.1854909509420395,-1.344296216964722,1.67344081401825,678091.1875,423.9470043531385,179731.0625,5222400
H066,Haze,decoder_level1,-0.001694695209152997,0.0789606124162674,-0.5952658653259277,0.6175705194473267,766783.0,360.9737048941377,130302.015625,20889600
H066,Haze,refinement,-0.003231046255677938,0.04796909913420677,-0.5017358064651489,0.4445197880268097,474065.09375,219.7402408242514,48285.7734375,20889600
H066,Haze,AFLB1_output,-0.0002236692816950381,0.04661491513252258,-0.8506808876991272,0.6994816064834595,30929.111328125,53.26414681507158,2837.0693359375,1305600
H066,Haze,AFLB2_output,0.001422444940544665,0.04989495873451233,-1.636852979660034,1.538507223129272,49081.91015625,80.65905288620739,6505.8828125,2611200
H066,Haze,AFLB3_output,-0.0001100869849324226,0.01491931546479464,-0.3526863157749176,0.1728237271308899,26038.369140625,34.09539874851609,1162.496215820312,5222400
H067,Haze,encoder_level1,0.0002450200554449111,0.06820708513259888,-0.3782831430435181,0.304533064365387,550622.6875,257.070257298467,66085.1171875,14204928
H067,Haze,encoder_level2,0.001717903185635805,0.09312400966882706,-0.9029344916343689,0.668146014213562,476149.28125,248.2218797014075,61614.1015625,7102464
H067,Haze,encoder_level3,-0.02843998931348324,0.4227814972400665,-2.526748418807983,3.121190547943115,1170035.75,798.520154723724,637634.4375,3551232
H067,Haze,latent,0.04136071726679802,3.138352155685425,-19.90837669372559,36.409912109375,4156893.0,4182.287651513224,17491530.0,1775616
H067,Haze,decoder_level3,0.02002444863319397,0.8567066788673401,-5.954499244689941,9.948070526123047,2299754.25,1614.880026503517,2607837.5,3551232
H067,Haze,decoder_level2,0.003498224308714271,0.174455463886261,-1.553569078445435,1.498149156570435,850851.8125,465.0251001290146,216248.34375,7102464
H067,Haze,decoder_level1,-0.001258072559721768,0.07473262399435043,-0.5862269401550293,0.5993404388427734,974305.125,398.3880214376431,158713.015625,28409856
H067,Haze,refinement,-0.00413185078650713,0.04251790419220924,-0.640282928943634,0.4950115382671356,523864.25,227.6918318967547,51843.5703125,28409856
H067,Haze,AFLB1_output,3.769877002923749e-05,0.03751490265130997,-0.6013777852058411,0.7841084003448486,34416.59765625,49.98947643160759,2498.94775390625,1775616
H067,Haze,AFLB2_output,0.001036768197081983,0.0374547652900219,-1.148956298828125,2.12984037399292,59876.02734375,70.6094700845786,4985.697265625,3551232
H067,Haze,AFLB3_output,0.0001883330405689776,0.0126847755163908,-0.4075906574726105,0.1213468313217163,31527.5078125,33.8092235733507,1143.063598632812,7102464
H068,Haze,encoder_level1,-0.000900415878277272,0.06934574991464615,-0.3738019168376923,0.3614022731781006,455964.25,224.1333744252515,50235.76953125,10444800
H068,Haze,encoder_level2,0.001337456633336842,0.09790532290935516,-0.7951576113700867,0.7048311829566956,370593.125,223.7597064933721,50068.40625,5222400
H068,Haze,encoder_level3,-0.01482309401035309,0.4242808222770691,-2.582287788391113,2.813201904296875,870771.75,686.0225032752205,470626.875,2611200
H068,Haze,latent,0.09024646133184433,3.045336961746216,-17.45009803771973,31.01135635375977,3014802.0,3481.216454057403,12118868.0,1305600
H068,Haze,decoder_level3,0.02332666702568531,0.8341158628463745,-5.151412963867188,8.106677055358887,1633835.75,1348.39209801897,1818161.25,2611200
H068,Haze,decoder_level2,0.005419841501861811,0.1671634912490845,-1.192252278327942,1.50156831741333,607620.1875,382.2123101104934,146086.25,5222400
H068,Haze,decoder_level1,-0.001347930170595646,0.07152827084064484,-0.5761315226554871,0.595923662185669,693948.125,326.9790226451844,106915.28125,20889600
H068,Haze,refinement,-0.002816998632624745,0.03587064146995544,-0.4394937753677368,0.3644143342971802,360954.78125,164.4520434940685,27044.474609375,20889600
H068,Haze,AFLB1_output,-0.0003846852050628513,0.03832374885678291,-0.6622504591941833,0.6630438566207886,25785.505859375,43.79201665436578,1917.74072265625,1305600
H068,Haze,AFLB2_output,0.001401945133693516,0.03815909847617149,-1.380995750427246,1.65393853187561,42340.4453125,61.70367893521929,3807.343994140625,2611200
H068,Haze,AFLB3_output,0.0001830365799833089,0.01230288576334715,-0.3127964437007904,0.1438236087560654,22730.76171875,28.11836835878206,790.6426391601562,5222400
H069,Haze,encoder_level1,0.001031584339216352,0.06668508797883987,-0.4210618734359741,0.3441467583179474,735878.25,298.6629580312899,89199.5625,20054016
H069,Haze,encoder_level2,0.003598053008317947,0.09633295983076096,-0.9935845732688904,0.8649710416793823,683460.4375,305.2553618488953,93180.8359375,10027008
H069,Haze,encoder_level3,-0.02750358171761036,0.4417459070682526,-3.309981107711792,3.887022972106934,1685893.75,991.022136483338,982124.875,5013504
H069,Haze,latent,0.06500457227230072,3.276010990142822,-20.25974273681641,37.2254524230957,6107016.0,5187.839434677985,26913678.0,2506752
H069,Haze,decoder_level3,0.01017525140196085,0.8556194305419922,-6.967141151428223,10.14201164245605,3222277.5,1915.94050011998,3670828.0,5013504
H069,Haze,decoder_level2,0.007427118252962828,0.1868469268083572,-1.483138084411621,1.619654893875122,1334497.75,592.1264645327044,350613.75,10027008
H069,Haze,decoder_level1,-0.001601347117684782,0.0792585015296936,-0.5928007960319519,0.63165283203125,1448567.625,502.05365749091,252057.875,40108032
H069,Haze,refinement,-0.00418751547113061,0.04955368116497993,-0.6476646065711975,0.4162408709526062,877553.1875,314.9464488210655,99191.265625,40108032
H069,Haze,AFLB1_output,0.0002765796089079231,0.04058488458395004,-0.7194204330444336,0.6612024903297424,51893.5859375,64.25842752365249,4129.1455078125,2506752
H069,Haze,AFLB2_output,0.0008048349991440773,0.03953171893954277,-1.200446844100952,1.869024276733398,85447.703125,88.53324377829071,7838.13525390625,5013504
H069,Haze,AFLB3_output,-3.942142257074011e-08,0.01399993151426315,-0.3891125321388245,0.1629831790924072,50002.43359375,44.33141290238644,1965.274169921875,10027008
H070,Haze,encoder_level1,-0.0004906556569039822,0.0643298551440239,-0.4032936692237854,0.3439846634864807,564339.5,246.0023659693134,60517.1640625,14622720
H070,Haze,encoder_level2,0.008122497238218784,0.1012579649686813,-1.08711838722229,0.8615562915802002,538219.3125,274.6762156385223,75447.0234375,7311360
H070,Haze,encoder_level3,-0.03021365590393543,0.4367963373661041,-2.989206552505493,3.73490309715271,1251156.375,837.1428342881518,700808.125,3655680
H070,Haze,latent,0.07201226055622101,3.150358438491821,-17.04614639282227,25.78875923156738,4541296.0,4260.32252300222,18150348.0,1827840
H070,Haze,decoder_level3,0.0321626290678978,0.902846097946167,-7.708613395690918,8.423684120178223,2574293.0,1727.321553735725,2983639.75,3655680
H070,Haze,decoder_level2,0.007857653312385082,0.175717294216156,-1.000892281532288,1.590426802635193,874469.125,475.6060443003221,226201.109375,7311360
H070,Haze,decoder_level1,-0.001291010063141584,0.07826881110668182,-0.6004726886749268,0.6156622767448425,1025464.375,423.3278871040744,179206.5,29245440
H070,Haze,refinement,-0.003164171939715743,0.03682694956660271,-0.4813191294670105,0.4447933733463287,542526.5625,199.8904289698484,39956.18359375,29245440
H070,Haze,AFLB1_output,3.951148391934112e-05,0.04036516696214676,-0.6096910238265991,0.576133131980896,39341.4921875,54.5727769889095,2978.18798828125,1827840
H070,Haze,AFLB2_output,0.001223340048454702,0.03311964496970177,-1.135949015617371,1.260839819908142,66291.625,63.36738543690575,4015.425537109375,3655680
H070,Haze,AFLB3_output,0.000515779887791723,0.01105524972081184,-0.262591689825058,0.130642831325531,31859.6484375,29.9253873591262,895.52880859375,7311360
H071,Haze,encoder_level1,0.001182174775749445,0.06819058209657669,-0.435694545507431,0.318652480840683,537762.875,264.4971201402768,69958.7265625,15040512
H071,Haze,encoder_level2,0.006019449792802334,0.1006193235516548,-1.204570531845093,0.9190932512283325,578046.0,276.422542269982,76409.421875,7520256
H071,Haze,encoder_level3,-0.02008253149688244,0.448347806930542,-3.20584511756897,4.519400596618652,1315906.5,870.2651176509374,757361.375,3760128
H071,Haze,latent,0.08888008445501328,3.293830156326294,-22.74054527282715,26.93760681152344,4798371.0,4517.992917214458,20412260.0,1880064
H071,Haze,decoder_level3,0.02319890260696411,0.8980063199996948,-6.11816930770874,7.494351387023926,2594630.75,1741.909512575208,3034248.75,3760128
H071,Haze,decoder_level2,0.003596989205107093,0.1797975450754166,-1.06007969379425,1.497652769088745,940633.5,493.1589817188773,243205.78125,7520256
H071,Haze,decoder_level1,-0.001918944763019681,0.08170630782842636,-0.5967963337898254,0.6083356142044067,1116211.625,448.2513943090417,200929.3125,30081024
H071,Haze,refinement,-0.004295125138014555,0.05185747146606445,-0.6084140539169312,0.5417399406433105,713078.9375,285.3922738968243,81448.75,30081024
H071,Haze,AFLB1_output,-0.0004886044771410525,0.04187677428126335,-0.6373094320297241,0.6210293173789978,41122.3359375,57.42342897557146,3297.4501953125,1880064
H071,Haze,AFLB2_output,0.0004788040241692215,0.03836711868643761,-1.319337725639343,1.409525871276855,67938.8828125,74.40366110048785,5535.90478515625,3760128
H071,Haze,AFLB3_output,0.00014256096619647,0.01260777655988932,-0.2781199514865875,0.1759829819202423,35216.75390625,34.57662106986996,1195.542724609375,7520256
H072,Haze,encoder_level1,0.001491396920755506,0.07019206881523132,-0.4634114503860474,0.3585072457790375,627255.375,276.0367955545057,76196.3125,15458304
H072,Haze,encoder_level2,0.0009524940978735685,0.1086028143763542,-1.238137722015381,0.7362013459205627,619669.3125,301.9421379792824,91169.0546875,7729152
H072,Haze,encoder_level3,-0.03190572932362556,0.4494919180870056,-2.898242235183716,3.150262832641602,1352397.75,885.8580586075852,784744.5,3864576
H072,Haze,latent,0.06315170973539352,3.113349676132202,-19.11735153198242,25.2855052947998,4666302.5,4328.656835555344,18737270.0,1932288
H072,Haze,decoder_level3,0.02042070403695107,0.8835554122924805,-5.924007415771484,7.88803768157959,2611442.5,1737.403522501322,3018571.0,3864576
H072,Haze,decoder_level2,0.008290696889162064,0.1856624335050583,-1.424499273300171,1.62069571018219,995621.75,516.6810549071836,266959.3125,7729152
H072,Haze,decoder_level1,-0.001757259364239872,0.07894407957792282,-0.587973952293396,0.6046891808509827,1178723.0,439.0591681368242,192772.953125,30916608
H072,Haze,refinement,-0.003881739685311913,0.04829248785972595,-0.5743044018745422,0.7414031624794006,771490.0625,269.3853536293315,72568.46875,30916608
H072,Haze,AFLB1_output,-0.0002251711848657578,0.03963493183255196,-0.7537738084793091,0.7562531232833862,39882.515625,55.09612294591948,3035.582763671875,1932288
H072,Haze,AFLB2_output,0.001387319411151111,0.03852846100926399,-0.8258640766143799,1.827097058296204,68228.046875,75.7903570558699,5744.17822265625,3864576
H072,Haze,AFLB3_output,6.3145904277917e-05,0.01419935747981071,-0.3737281858921051,0.1186525225639343,38079.7578125,39.47652616636959,1558.396118164062,7729152
H073,Haze,encoder_level1,-0.0002618198632262647,0.06456190347671509,-0.3586165308952332,0.2905440628528595,413272.78125,208.655554982368,43537.140625,10444800
H073,Haze,encoder_level2,0.006403688807040453,0.097515769302845,-0.7993443608283997,0.7407625317573547,369798.71875,223.3285835937711,49875.65625,5222400
H073,Haze,encoder_level3,-0.03136712312698364,0.4274163246154785,-2.373331785202026,3.010595083236694,877558.4375,692.5283162080812,479595.46875,2611200
H073,Haze,latent,0.1055540293455124,3.039165735244751,-15.3357572555542,27.01580047607422,3112740.25,3474.7313565224,12073758.0,1305600
H073,Haze,decoder_level3,0.01576372422277927,0.8604186773300171,-5.787667274475098,8.097699165344238,1739492.5,1390.601803177315,1933773.375,2611200
H073,Haze,decoder_level2,0.007639692630618811,0.177903339266777,-1.1213139295578,1.388446927070618,643055.1875,406.9295854321728,165591.6875,5222400
H073,Haze,decoder_level1,-0.001937658642418683,0.07722382247447968,-0.6023216247558594,0.6154622435569763,741589.3125,353.0636783039286,124653.9609375,20889600
H073,Haze,refinement,-0.003887511556968093,0.04164009541273117,-0.4402874410152435,0.2660176753997803,396607.3125,191.1442620280557,36536.12890625,20889600
H073,Haze,AFLB1_output,-0.0003889598010573536,0.03950749710202217,-0.6228712797164917,0.5614697933197021,27027.95703125,45.14457975277528,2038.033081054688,1305600
H073,Haze,AFLB2_output,0.001078009838238358,0.03754307329654694,-0.9291753768920898,1.58131468296051,45800.7734375,60.69163742654852,3683.474853515625,2611200
H073,Haze,AFLB3_output,0.0002160883595934138,0.01289793662726879,-0.2941852211952209,0.09876730293035507,24233.10546875,29.4792376370244,869.0254516601562,5222400
H074,Haze,encoder_level1,0.001241558464244008,0.06428927928209305,-0.4098401069641113,0.2865915894508362,361653.75,207.8115037570105,43185.62109375,10444800
H074,Haze,encoder_level2,0.004125476814806461,0.09685222059488297,-0.8724250793457031,0.7133849859237671,363533.0,221.5329229200482,49076.8359375,5222400
H074,Haze,encoder_level3,-0.01875319518148899,0.4239819347858429,-2.94962215423584,2.930024147033691,854681.75,685.7910578302987,470309.375,2611200
H074,Haze,latent,0.02619494870305061,3.199066877365112,-16.87518310546875,34.25144195556641,3151071.0,3655.467548754878,13362443.0,1305600
H074,Haze,decoder_level3,0.02442451380193233,0.8851034045219421,-5.875030994415283,10.33056449890137,1734474.25,1430.801479940526,2047192.875,2611200
H074,Haze,decoder_level2,0.009037752635776997,0.1733170598745346,-1.094863414764404,1.410381317138672,641928.875,396.6121767545721,157301.21875,5222400
H074,Haze,decoder_level1,-0.000906646135263145,0.07954317331314087,-0.6015385985374451,0.5980918407440186,717235.5625,363.5768273350214,132188.109375,20889600
H074,Haze,refinement,-0.002317772479727864,0.04722609743475914,-0.6128014326095581,0.459812343120575,421222.0625,216.1073499878012,46702.38671875,20889600
H074,Haze,AFLB1_output,-8.657551370561123e-05,0.03909764066338539,-0.6645002365112305,0.7254699468612671,26828.54296875,44.67419081746543,1995.783325195312,1305600
H074,Haze,AFLB2_output,0.000456679321359843,0.03387641906738281,-1.431629061698914,1.315879940986633,44359.26953125,54.74658415428765,2997.1884765625,2611200
H074,Haze,AFLB3_output,0.0003479445003904402,0.01174593530595303,-0.2872457206249237,0.1400561034679413,23205.451171875,26.85425480210841,721.1510009765625,5222400
H075,Haze,encoder_level1,-0.0009759231470525265,0.06406516581773758,-0.3821951746940613,0.371229350566864,420067.6875,207.0724982494054,42879.01953125,10444800
H075,Haze,encoder_level2,0.003449432784691453,0.1015192717313766,-0.8513936400413513,0.7240815758705139,381654.4375,232.1315292565833,53885.046875,5222400
H075,Haze,encoder_level3,-0.005237295292317867,0.4337545931339264,-2.744086742401123,3.946603536605835,884966.1875,700.9641351381681,491350.71875,2611200
H075,Haze,latent,0.02318588458001614,3.256467819213867,-18.92973136901855,28.58913230895996,3326413.75,3721.027546256545,13846046.0,1305600
H075,Haze,decoder_level3,0.01612651534378529,0.8693138957023621,-8.218185424804688,7.971452236175537,1748399.875,1404.984074642841,1973980.25,2611200
H075,Haze,decoder_level2,0.007612662389874458,0.1749758720397949,-1.326988220214844,1.592197418212891,617163.125,400.2430901964455,160194.53125,5222400
H075,Haze,decoder_level1,-0.00113568059168756,0.07677900046110153,-0.6038874983787537,0.6149669289588928,729640.625,350.9578856501162,123171.4375,20889600
H075,Haze,refinement,-0.002112974179908633,0.03486575931310654,-0.4230466485023499,0.4955523610115051,376181.125,159.6468208949837,25487.107421875,20889600
H075,Haze,AFLB1_output,-0.000139092342578806,0.04129095003008842,-0.5904378294944763,0.6505687236785889,28506.84375,47.18048374990448,2225.998046875,1305600
H075,Haze,AFLB2_output,-0.0001951585727510974,0.03691479563713074,-1.222895979881287,1.514764666557312,45619.1328125,59.65221879386591,3558.38720703125,2611200
H075,Haze,AFLB3_output,0.0007046966929920018,0.010852319188416,-0.3481454253196716,0.15249302983284,22268.9921875,24.85256943496047,617.6502075195312,5222400
H076,Haze,encoder_level1,-0.0007893206202425063,0.06957788020372391,-0.4406838119029999,0.3401475548744202,483584.4375,224.8791689441243,50570.640625,10444800
H076,Haze,encoder_level2,-0.002049807226285338,0.1178454533219337,-0.8498659133911133,0.791893482208252,461672.0,269.3478959682069,72548.2890625,5222400
H076,Haze,encoder_level3,0.008324403315782547,0.4950803518295288,-2.842840909957886,3.242352247238159,1001768.25,800.1237013737314,640197.9375,2611200
H076,Haze,latent,0.05392589047551155,3.243578910827637,-19.24655532836914,34.50016021728516,3215882.25,3706.718090170873,13739759.0,1305600
H076,Haze,decoder_level3,0.0368073582649231,0.9417417645454407,-5.789468288421631,8.63900375366211,1862886.0,1522.941971973982,2319352.25,2611200
H076,Haze,decoder_level2,0.003355567809194326,0.1860249489545822,-1.371558427810669,1.757067799568176,685848.5,425.1839859108055,180781.421875,5222400
H076,Haze,decoder_level1,-0.002098319120705128,0.07340044528245926,-0.582544207572937,0.5998806357383728,779205.0,335.6148275925842,112637.3125,20889600
H076,Haze,refinement,-0.002746216952800751,0.04082745313644409,-0.5807762742042542,0.5278353691101074,462589.5625,187.0241148388357,34978.01953125,20889600
H076,Haze,AFLB1_output,0.000998032628558576,0.04067235067486763,-0.7651442289352417,0.6375675201416016,27767.353515625,46.48737910460886,2161.076416015625,1305600
H076,Haze,AFLB2_output,0.002381230005994439,0.04206835851073265,-1.034200191497803,1.848803639411926,48925.078125,68.08795581130704,4635.9697265625,2611200
H076,Haze,AFLB3_output,-0.000211471488000825,0.01418079622089863,-0.3598387539386749,0.128636434674263,26020.71875,32.41036881672187,1050.432006835938,5222400
H077,Haze,encoder_level1,0.0005647724028676748,0.06517686694860458,-0.3848937749862671,0.291140079498291,431988.1875,210.6492196757443,44373.09375,10444800
H077,Haze,encoder_level2,0.001892061438411474,0.09132105857133865,-0.8997090458869934,0.7312196493148804,319386.0,208.7368820728622,43571.0859375,5222400
H077,Haze,encoder_level3,-0.0391387902200222,0.407409131526947,-2.608152389526367,2.766945362091064,821735.4375,661.3718224266892,437412.6875,2611200
H077,Haze,latent,0.1053295433521271,3.075894832611084,-17.31819915771484,33.06351089477539,2946680.25,3516.665181674252,12366934.0,1305600
H077,Haze,decoder_level3,0.01790672354400158,0.850710928440094,-6.712312698364258,9.858400344848633,1637645.25,1374.985999928727,1890586.5,2611200
H077,Haze,decoder_level2,0.008501856587827206,0.1638904958963394,-1.048104286193848,1.436136603355408,594064.25,375.0355191511865,140651.640625,5222400
H077,Haze,decoder_level1,2.75930706266081e-05,0.06977973133325577,-0.608026385307312,0.593773365020752,643688.9375,318.9292755651322,101715.8828125,20889600
H077,Haze,refinement,-0.001625001546926796,0.02529303357005119,-0.3248579502105713,0.3856190145015717,266072.8125,115.8405128358059,13419.0244140625,20889600
H077,Haze,AFLB1_output,-0.0005893319030292332,0.03542609885334969,-0.623978853225708,0.5971976518630981,24292.76171875,40.48447450296533,1638.99267578125,1305600
H077,Haze,AFLB2_output,-0.0004265542083885521,0.02849309705197811,-1.122284889221191,1.256101965904236,41407.6171875,46.04774717107505,2120.39501953125,2611200
H077,Haze,AFLB3_output,0.0008404766558669508,0.008925754576921463,-0.2068908661603928,0.144566148519516,20491.833984375,20.48787423630515,419.7529907226562,5222400
H078,Haze,encoder_level1,0.001074250205419958,0.0716390609741211,-0.4051601588726044,0.3306936621665955,655316.0,292.8928318301764,85786.2109375,16711680
H078,Haze,encoder_level2,0.003054212545976043,0.1006455644965172,-0.9215054512023926,0.8119500875473022,614264.0625,291.0647211102713,84718.671875,8355840
H078,Haze,encoder_level3,-0.02720683254301548,0.4426780343055725,-3.867380857467651,3.809017419815063,1435542.875,906.5394710105015,821813.8125,4177920
H078,Haze,latent,0.0801611915230751,3.163965225219727,-18.02649688720703,29.22327995300293,4986373.0,4574.421056264935,20925328.0,2088960
H078,Haze,decoder_level3,0.03339026868343353,0.8870344161987305,-6.277637958526611,7.24030590057373,2806569.5,1814.378957109016,3291971.0,4177920
H078,Haze,decoder_level2,0.00263216020539403,0.1812445968389511,-1.751901626586914,1.587763786315918,1078098.75,523.9693752978317,274543.90625,8355840
H078,Haze,decoder_level1,-0.001307624042965472,0.0744110643863678,-0.5744636654853821,0.6300991773605347,1142500.75,430.2586431438652,185122.5,33423360
H078,Haze,refinement,-0.003848562948405743,0.04931683838367462,-0.7162129282951355,0.6153143048286438,676177.5,285.9819705855598,81785.6875,33423360
H078,Haze,AFLB1_output,-0.0002994743699673563,0.04040771722793579,-0.6950357556343079,0.8091199994087219,43289.76171875,58.40382970506943,3411.00732421875,2088960
H078,Haze,AFLB2_output,0.0009665818070061505,0.04250545799732208,-1.336388945579529,1.971375107765198,74132.671875,86.90345475997344,7552.21044921875,4177920
H078,Haze,AFLB3_output,3.335281144245528e-05,0.01457196660339832,-0.459624707698822,0.1268084794282913,40510.2890625,42.1225222982388,1774.306884765625,8355840
H079,Haze,encoder_level1,0.001130328164435923,0.06285053491592407,-0.4104948937892914,0.3184923529624939,664133.5,268.5239747210666,72105.125,18247680
H079,Haze,encoder_level2,0.004345133900642395,0.1064523681998253,-1.039859294891357,0.7910434603691101,728957.1875,321.8145088789503,103564.578125,9123840
H079,Haze,encoder_level3,-0.01097953971475363,0.4504366219043732,-2.638124465942383,3.211169242858887,1615689.75,962.3576518114251,926132.25,4561920
H079,Haze,latent,-0.03006626106798649,3.242011070251465,-21.24937438964844,34.62502288818359,5795883.5,4896.570636680329,23976404.0,2280960
H079,Haze,decoder_level3,0.03586495667695999,0.8590284585952759,-5.240946769714355,9.659333229064941,3030756.5,1836.367474118402,3372245.5,4561920
H079,Haze,decoder_level2,0.002663626335561275,0.177069291472435,-1.406374335289001,1.560250520706177,1111693.375,534.9106233755318,286129.375,9123840
H079,Haze,decoder_level1,-0.001900261733680964,0.08032983541488647,-0.5989309549331665,0.6163461804389954,1316057.125,485.4194706642905,235632.0625,36495360
H079,Haze,refinement,-0.003515919204801321,0.04793590307235718,-0.5550791621208191,0.4704912006855011,785041.9375,290.3653678987906,84312.046875,36495360
H079,Haze,AFLB1_output,0.0001086067713913508,0.04216867685317993,-0.679324746131897,0.7315804362297058,50460.15625,63.68691923496241,4056.023681640625,2280960
H079,Haze,AFLB2_output,0.001358113950118423,0.03912428766489029,-1.164255857467651,2.094379186630249,80185.59375,83.61453012746948,6991.3896484375,4561920
H079,Haze,AFLB3_output,7.180529792094603e-05,0.01323962304741144,-0.3689729869365692,0.1142272800207138,42195.390625,39.9917868765341,1599.343017578125,9123840
H080,Haze,encoder_level1,-9.683036478236318e-05,0.06705096364021301,-0.3896796107292175,0.3481619656085968,414921.09375,216.6983159977253,46958.16015625,10444800
H080,Haze,encoder_level2,0.004335824400186539,0.0949244573712349,-0.9189437627792358,0.8099799752235413,356780.21875,217.1529648801738,47155.41015625,5222400
H080,Haze,encoder_level3,-0.02334651350975037,0.4220560491085052,-2.407657384872437,4.230653762817383,864846.5625,683.0518373447215,466559.8125,2611200
H080,Haze,latent,0.1222379431128502,3.136351585388184,-19.77371597290039,29.71279144287109,3142065.0,3586.405721610426,12862306.0,1305600
H080,Haze,decoder_level3,0.02160936780273914,0.8809078931808472,-6.046095848083496,8.500032424926758,1753856.25,1423.905588513508,2027507.125,2611200
H080,Haze,decoder_level2,0.008993202820420265,0.177270382642746,-1.151032090187073,1.557792186737061,642707.3125,405.6293720873773,164535.1875,5222400
H080,Haze,decoder_level1,-0.001551872468553483,0.07521186769008636,-0.5883203744888306,0.6279025077819824,724021.25,343.8300929419937,118219.1328125,20889600
H080,Haze,refinement,-0.003497960744425654,0.04086938872933388,-0.4506083130836487,0.3736827075481415,380341.21875,187.4770402609344,35147.640625,20889600
H080,Haze,AFLB1_output,-0.0004435674927663058,0.04115160927176476,-0.8121511340141296,0.7641376256942749,27336.783203125,47.02373538387954,2211.231689453125,1305600
H080,Haze,AFLB2_output,0.0009656270267441869,0.04259106516838074,-1.514127731323242,1.369009256362915,47234.4375,68.84146969101364,4739.14794921875,2611200
H080,Haze,AFLB3_output,0.0003291027969680727,0.01284405589103699,-0.2517730593681335,0.1638994067907333,24079.9609375,29.36160453382583,862.1038208007812,5222400
H081,Haze,encoder_level1,-0.001675302512012422,0.06917784363031387,-0.4229266345500946,0.3448796272277832,714918.4375,272.066613511287,74020.2421875,15458304
H081,Haze,encoder_level2,-3.711799581651576e-05,0.0918075442314148,-1.258963942527771,0.8165128231048584,489212.375,255.2374048067798,65146.1328125,7729152
H081,Haze,encoder_level3,-0.02041676454246044,0.4015462398529053,-2.826565504074097,3.40829873085022,1218913.875,790.4003732286568,624732.75,3864576
H081,Haze,latent,0.07743562757968903,2.997812271118164,-17.52161979675293,34.81552505493164,4282607.0,4168.551786891941,17376824.0,1932288
H081,Haze,decoder_level3,0.02478032931685448,0.8182583451271057,-6.119600772857666,8.368866920471191,2392557.5,1609.312663841306,2589887.25,3864576
H081,Haze,decoder_level2,0.009158174507319927,0.1606629490852356,-1.044852733612061,1.49662709236145,886449.8125,447.3898083606733,200157.640625,7729152
H081,Haze,decoder_level1,-6.696618220303208e-05,0.06533592939376831,-0.5606285333633423,0.5582432150840759,936502.8125,363.2856142210974,131976.4375,30916608
H081,Haze,refinement,-0.001359591842629015,0.02259186655282974,-0.4399775862693787,0.6154755353927612,385970.96875,125.8441651656921,15836.75390625,30916608
H081,Haze,AFLB1_output,-0.0001737749116728082,0.03389380127191544,-0.6488050222396851,0.4753917753696442,34792.4375,47.11529295333018,2219.850830078125,1932288
H081,Haze,AFLB2_output,0.0007870756671763957,0.02909291349351406,-1.286453485488892,1.289251089096069,60317.98828125,57.21330104447959,3273.36181640625,3864576
H081,Haze,AFLB3_output,0.0005250908434391022,0.009690729901194572,-0.2741250395774841,0.1508162319660187,30985.49609375,26.98106115653742,727.9776611328125,7729152
H082,Haze,encoder_level1,-0.001161667983978987,0.06465967744588852,-0.3693161010742188,0.2684170603752136,590371.0,250.8042688033838,62902.78125,15040512
H082,Haze,encoder_level2,0.002994874026626348,0.08531726896762848,-0.7223699688911438,0.7882057428359985,439093.5,234.1103839538093,54807.671875,7520256
H082,Haze,encoder_level3,-0.02922443300485611,0.3992166817188263,-2.380593299865723,3.372039318084717,1180518.75,776.1944827167995,602477.875,3760128
H082,Haze,latent,0.08453661948442459,2.986347913742065,-16.73371315002441,33.59671783447266,4220776.0,4096.3840152017,16780362.0,1880064
H082,Haze,decoder_level3,0.01629287749528885,0.8553047180175781,-6.319789886474609,9.7332181930542,2410001.5,1658.826467717464,2751705.25,3760128
H082,Haze,decoder_level2,0.01020712126046419,0.1690158247947693,-0.9458938837051392,1.37906014919281,899757.5,464.3379527617789,215609.734375,7520256
H082,Haze,decoder_level1,-0.0003007079649250954,0.07248599827289581,-0.5868807435035706,0.581759512424469,978265.75,397.5613553277029,158055.03125,30081024
H082,Haze,refinement,-0.002157285809516907,0.03134019672870636,-0.3695502877235413,0.253175675868988,439593.46875,172.2957123668491,29685.8125,30081024
H082,Haze,AFLB1_output,-0.0005889061139896512,0.03535857796669006,-0.6958509683609009,0.696044921875,35050.3515625,48.48879088817203,2351.162841796875,1880064
H082,Haze,AFLB2_output,-0.0001586051075719297,0.03267620131373405,-1.106606721878052,1.368007779121399,61415.44921875,63.3633283291931,4014.911376953125,3760128
H082,Haze,AFLB3_output,0.0007136449567042291,0.01068854052573442,-0.2450841814279556,0.09998828172683716,32440.271484375,29.37653544856741,862.9808349609375,7520256
H083,Haze,encoder_level1,-0.001027220278047025,0.07276464998722076,-0.376098245382309,0.3737845718860626,840162.125,315.5368069853341,99563.4765625,18800640
H083,Haze,encoder_level2,-0.0002243667404400185,0.09960394352674484,-0.8179972171783447,0.7325453162193298,691334.8125,305.3858727086111,93260.53125,9400320
H083,Haze,encoder_level3,-0.03030869923532009,0.4281080067157745,-2.689912796020508,3.054947853088379,1583889.375,930.4548618820797,865746.25,4700160
H083,Haze,latent,0.08894915133714676,3.105420351028442,-18.98067092895508,29.08550643920898,5506735.5,4762.552676874031,22681908.0,2350080
H083,Haze,decoder_level3,0.02728273719549179,0.839676558971405,-6.15462064743042,7.924193859100342,2971029.5,1821.367068989664,3317378.0,4700160
H083,Haze,decoder_level2,0.006125119514763355,0.1757352948188782,-1.50309431552887,1.593143939971924,1140947.625,539.1305500525823,290661.75,9400320
H083,Haze,decoder_level1,-0.001979042077437043,0.07183916121721268,-0.6035866141319275,0.6157117486000061,1316593.75,440.6840208698291,194202.40625,37601280
H083,Haze,refinement,-0.002579053631052375,0.03714006766676903,-0.5207720398902893,0.4425241351127625,654137.375,228.2908814703294,52116.7265625,37601280
H083,Haze,AFLB1_output,-0.0002151040098397061,0.03771133720874786,-0.7364803552627563,0.713714599609375,45860.34375,57.81230996590389,3342.26318359375,2350080
H083,Haze,AFLB2_output,0.001478456892073154,0.03510120511054993,-1.321875691413879,1.786173343658447,76311.515625,76.16636678802199,5801.3154296875,4700160
H083,Haze,AFLB3_output,1.437040555174462e-05,0.01398151926696301,-0.3943482041358948,0.1183351501822472,43881.984375,42.86727933628763,1837.603637695312,9400320
H084,Haze,encoder_level1,0.001115080085583031,0.07103395462036133,-0.4337213039398193,0.3335542976856232,599958.625,290.4220258950756,84344.953125,16711680
H084,Haze,encoder_level2,0.004388016182929277,0.09637842327356339,-1.093806862831116,0.8246163129806519,601249.5625,278.8846087542301,77776.625,8355840
H084,Haze,encoder_level3,-0.04288626462221146,0.4232504665851593,-3.300505638122559,4.702957153320312,1391824.25,869.5520757838486,756120.8125,4177920
H084,Haze,latent,0.1131611093878746,3.138583660125732,-21.38352584838867,27.1010799407959,5131897.5,4539.216011603766,20604482.0,2088960
H084,Haze,decoder_level3,0.02465471439063549,0.8672263026237488,-6.784793853759766,8.394155502319336,2782115.5,1773.32336306721,3144675.75,4177920
H084,Haze,decoder_level2,0.005162321031093597,0.1822964698076248,-1.422069072723389,1.507457494735718,1065542.375,527.1660080088624,277904.0,8355840
H084,Haze,decoder_level1,-0.002568304538726807,0.08040288090705872,-0.5832684636116028,0.609983503818512,1245498.625,465.0697864299507,216289.90625,33423360
H084,Haze,refinement,-0.004798829089850187,0.05737968161702156,-0.6669069528579712,0.5573280453681946,770040.875,332.8869224301249,110813.703125,33423360
H084,Haze,AFLB1_output,-0.0002705967344809324,0.04053683578968048,-0.6876266002655029,0.5789467096328735,44277.8359375,58.59014572247837,3432.80517578125,2088960
H084,Haze,AFLB2_output,0.001626708544790745,0.04087061062455177,-1.206705927848816,1.832518815994263,73672.421875,83.60551319104201,6989.8818359375,4177920
H084,Haze,AFLB3_output,-0.0002491400809958577,0.0156693272292614,-0.3730906248092651,0.1103622540831566,42230.421875,45.30021924098436,2052.10986328125,8355840
H085,Haze,encoder_level1,-0.0003190556599292904,0.06550032645463943,-0.3838277459144592,0.3052812218666077,409336.65625,211.6891884343648,44812.3125,10444800
H085,Haze,encoder_level2,0.004585368558764458,0.09478580206632614,-1.324575901031494,0.815685510635376,352769.4375,216.8632381536806,47029.6640625,5222400
H085,Haze,encoder_level3,-0.03339336439967155,0.4290129542350769,-2.599132776260376,4.127481937408447,878136.0,695.3478670780547,483508.65625,2611200
H085,Haze,latent,0.1038342416286469,3.174658060073853,-18.98548126220703,34.97677993774414,3198462.25,3629.394853140121,13172507.0,1305600
H085,Haze,decoder_level3,0.02452250383794308,0.8852673172950745,-6.497934341430664,8.756717681884766,1786567.125,1431.070578273483,2047963.0,2611200
H085,Haze,decoder_level2,0.009119857102632523,0.1757341474294662,-1.018514275550842,1.603964447975159,637054.375,402.1381331395967,161715.078125,5222400
H085,Haze,decoder_level1,-0.0007176506915129721,0.07504182308912277,-0.5950342416763306,0.6284617781639099,717994.3125,342.9953990216195,117645.84375,20889600
H085,Haze,refinement,-0.003312367480248213,0.03917315602302551,-0.4873494207859039,0.4304313957691193,367222.53125,179.6803911637272,32285.04296875,20889600
H085,Haze,AFLB1_output,-0.000348165980540216,0.04206180572509766,-0.727483868598938,0.7119264006614685,28141.12109375,48.0626676281212,2310.02001953125,1305600
H085,Haze,AFLB2_output,0.001721097505651414,0.04447752982378006,-1.697958827018738,1.350194811820984,48557.984375,71.92595680085702,5173.34326171875,2611200
H085,Haze,AFLB3_output,0.0003314512432552874,0.01250034943223,-0.2672149538993835,0.1952942162752151,23879.931640625,28.57655412747977,816.6194458007812,5222400
H086,Haze,encoder_level1,-0.0004280369030311704,0.06680428981781006,-0.3797909319400787,0.2927748560905457,405245.1875,215.9053340731766,46615.11328125,10444800
H086,Haze,encoder_level2,0.005918701179325581,0.08763289451599121,-0.841934323310852,0.7411003112792969,306933.1875,200.7199444344034,40288.49609375,5222400
H086,Haze,encoder_level3,-0.0349893681704998,0.3869745135307312,-2.624705076217651,3.453818082809448,786489.875,627.8710058602802,394222.0,2611200
H086,Haze,latent,0.1045345142483711,2.964484691619873,-16.26938247680664,28.47011566162109,2924922.75,3389.410273189128,11488102.0,1305600
H086,Haze,decoder_level3,0.01941208355128765,0.8267229199409485,-7.319703578948975,9.085271835327148,1625210.75,1336.28692652439,1785662.75,2611200
H086,Haze,decoder_level2,0.006851544138044119,0.174652487039566,-0.9942829012870789,1.381995916366577,628424.8125,399.432820540576,159546.578125,5222400
H086,Haze,decoder_level1,-0.000466645898995921,0.07188213616609573,-0.5804946422576904,0.6056894063949585,672133.625,328.545266572964,107941.9921875,20889600
H086,Haze,refinement,-0.002597766928374767,0.03154827654361725,-0.3862199783325195,0.252121776342392,308050.03125,144.6798459098571,20932.2578125,20889600
H086,Haze,AFLB1_output,-0.0005244637723080814,0.03555857017636299,-0.5240230560302734,0.56608647108078,24551.166015625,40.63465480225515,1651.175170898438,1305600
H086,Haze,AFLB2_output,-0.0006350278272293508,0.03179842978715897,-1.37848687171936,1.005882859230042,41729.5859375,51.39398599909332,2641.341796875,2611200
H086,Haze,AFLB3_output,0.000890404568053782,0.009694116190075874,-0.1945902109146118,0.1710482090711594,21948.435546875,22.24679782413043,494.9200134277344,5222400
H087,Haze,encoder_level1,-0.0006011392106302083,0.06615941226482391,-0.3704029023647308,0.3048232793807983,743106.125,277.1496239624005,76811.9140625,17547264
H087,Haze,encoder_level2,-0.0005994879174977541,0.0964658260345459,-0.8430235385894775,0.7003282308578491,588165.375,285.7403486996542,81647.546875,8773632
H087,Haze,encoder_level3,-0.02166667580604553,0.4193354547023773,-2.725362062454224,3.676963329315186,1442449.75,879.4582849686504,773446.875,4386816
H087,Haze,latent,0.07794278115034103,3.002535581588745,-19.92601585388184,26.22627449035645,5111463.0,4448.300799181638,19787380.0,2193408
H087,Haze,decoder_level3,0.05497049912810326,0.8924453854560852,-6.866518497467041,8.907755851745605,2953216.0,1872.745044046306,3507174.0,4386816
H087,Haze,decoder_level2,0.004378775600343943,0.1823165118694305,-1.656998634338379,1.492095232009888,1126644.0,540.1830418941342,291797.71875,8773632
H087,Haze,decoder_level1,-0.001846885308623314,0.0733056291937828,-0.5786098837852478,0.5975584983825684,1240916.0,434.4050169484694,188707.71875,35094528
H087,Haze,refinement,-0.003377099754288793,0.04462867230176926,-0.5774154663085938,0.4553182125091553,735381.9375,265.1389523674332,70298.6640625,35094528
H087,Haze,AFLB1_output,0.0005152036319486797,0.03954048454761505,-0.7154977321624756,0.7699785828590393,45082.046875,58.56505547385958,3429.86572265625,2193408
H087,Haze,AFLB2_output,0.00321559701114893,0.05065660178661346,-1.010524392127991,2.06358814239502,79779.0,106.3124173280102,11302.330078125,4386816
H087,Haze,AFLB3_output,-0.0003218133351765573,0.01694429293274879,-0.4347261786460876,0.1103483811020851,44398.09765625,50.1985851316424,2519.89794921875,8773632
H088,Haze,encoder_level1,-0.002335240365937352,0.06574243307113647,-0.3557469248771667,0.338164746761322,596441.3125,247.9357039259372,61472.11328125,14204928
H088,Haze,encoder_level2,0.004822771064937115,0.09932117909193039,-0.9744754433631897,0.7200067043304443,495992.3125,265.0072522592542,70228.84375,7102464
H088,Haze,encoder_level3,-0.0152352275326848,0.4317076206207275,-2.47698974609375,3.068831205368042,1209383.375,814.0470655926474,662672.625,3551232
H088,Haze,latent,0.04769008234143257,3.055490732192993,-17.08817672729492,28.8366527557373,4239610.5,4072.005771115753,16581231.0,1775616
H088,Haze,decoder_level3,0.02929778583347797,0.8818874955177307,-6.29002046585083,7.991817951202393,2410589.25,1662.808542797396,2764932.25,3551232
H088,Haze,decoder_level2,0.005996860098093748,0.1672870814800262,-1.244490742683411,1.36396336555481,819085.0,446.1139673614804,199017.671875,7102464
H088,Haze,decoder_level1,-0.001396282576024532,0.07263119518756866,-0.5932919979095459,0.5933288335800171,935778.3125,387.2023050034697,149925.625,28409856
H088,Haze,refinement,-0.002591424155980349,0.03095033019781113,-0.4176113307476044,0.5639631748199463,450283.09375,165.545269724402,27405.236328125,28409856
H088,Haze,AFLB1_output,0.0006559475441463292,0.03762179240584373,-0.6023139953613281,0.6796855926513672,35721.69140625,50.13950022110188,2513.969482421875,1775616
H088,Haze,AFLB2_output,0.001089024823158979,0.03045905381441116,-0.8489160537719727,1.655104279518127,60301.78125,57.43589114653724,3298.881591796875,3551232
H088,Haze,AFLB3_output,0.0005674082203768194,0.01002228446304798,-0.3265016078948975,0.1046963483095169,28515.8046875,26.75260898309441,715.7020874023438,7102464
H089,Haze,encoder_level1,-0.0007407866069115698,0.06099916622042656,-0.3338502645492554,0.2448045164346695,502545.21875,219.5415945071685,48198.51171875,12951552
H089,Haze,encoder_level2,0.003695484017953277,0.09073188900947571,-1.100146293640137,0.798586368560791,400611.53125,231.0818222919103,53398.80859375,6475776
H089,Haze,encoder_level3,-0.02475192956626415,0.4030098915100098,-2.928932189941406,3.727604389190674,1013381.9375,726.5478304970705,527871.75,3237888
H089,Haze,latent,0.08948857337236404,2.904544115066528,-17.96501922607422,33.95582962036133,3524942.25,3697.429647741793,13670986.0,1618944
H089,Haze,decoder_level3,0.0116563756018877,0.824402928352356,-6.080316066741943,8.508081436157227,2028224.75,1483.589818649346,2201038.75,3237888
H089,Haze,decoder_level2,0.00939732976257801,0.1684630215167999,-1.152609348297119,1.560400724411011,763454.25,429.3635005738145,184353.015625,6475776
H089,Haze,decoder_level1,-0.0004549172008410096,0.07263416051864624,-0.5785958170890808,0.5959758758544922,857999.0,369.6794853315504,136662.921875,25903104
H089,Haze,refinement,-0.002037117956206203,0.02989576384425163,-0.3201077878475189,0.2377274334430695,391974.0625,152.5075945854828,23258.56640625,25903104
H089,Haze,AFLB1_output,-3.082287730649114e-05,0.03613604977726936,-0.8578948974609375,0.5430153012275696,30047.4921875,45.9787070708415,2114.04150390625,1618944
H089,Haze,AFLB2_output,0.0007149231969378889,0.03395740687847137,-1.281258463859558,1.080513834953308,52569.4609375,61.11694931964966,3735.281494140625,3237888
H089,Haze,AFLB3_output,0.0005585518665611744,0.01060895808041096,-0.1911849081516266,0.2003787457942963,27493.03125,27.03458478345955,730.8687744140625,6475776
H090,Haze,encoder_level1,-0.001935242908075452,0.0642116516828537,-0.3878065049648285,0.3010659217834473,728565.3125,278.5462540135839,77588.015625,18800640
H090,Haze,encoder_level2,0.004760439042001963,0.09327651560306549,-0.8596495389938354,0.7338245511054993,624695.375,286.3574579961207,82000.59375,9400320
H090,Haze,encoder_level3,-0.01630151644349098,0.416749507188797,-2.736884832382202,3.885079383850098,1520195.5,904.197710680579,817573.5,4700160
H090,Haze,latent,0.04600625112652779,3.178296327590942,-20.93540191650391,36.5108757019043,5665577.0,4872.829362906114,23744466.0,2350080
H090,Haze,decoder_level3,0.02200920693576336,0.8255288004875183,-5.721616744995117,8.982746124267578,2919686.5,1790.370073476431,3205425.0,4700160
H090,Haze,decoder_level2,0.00509530259296298,0.1760032176971436,-1.444303274154663,1.512311458587646,1165663.5,539.8509053433179,291439.0,9400320
H090,Haze,decoder_level1,-0.002098517492413521,0.07523176819086075,-0.5914738178253174,0.598974347114563,1317802.125,461.4997460725195,212982.015625,37601280
H090,Haze,refinement,-0.003563852980732918,0.04634181037545204,-0.5391561985015869,0.3171421587467194,752244.5,285.0064966364802,81228.703125,37601280
H090,Haze,AFLB1_output,-0.000150192849105224,0.04074937477707863,-0.8381347060203552,0.7408306002616882,49346.53515625,62.46909392101426,3902.3876953125,2350080
H090,Haze,AFLB2_output,0.001631278195418417,0.04387854784727097,-1.140724897384644,2.112516164779663,78465.84375,95.19376313111327,9061.8525390625,4700160
H090,Haze,AFLB3_output,-0.0001672525977483019,0.01521069277077913,-0.3789239227771759,0.1107176169753075,45669.54296875,46.63871436622556,2175.169677734375,9400320
H091,Haze,encoder_level1,0.001356863533146679,0.06780415028333664,-0.3881635069847107,0.2973216772079468,550536.125,273.7509275098442,74939.5703125,16293888
H091,Haze,encoder_level2,0.004725547973066568,0.08499356359243393,-0.8298863172531128,0.7226589322090149,473848.25,242.9705486267832,59034.6875,8146944
H091,Haze,encoder_level3,-0.03741472586989403,0.378170371055603,-2.834662675857544,3.288969039916992,1200148.25,766.9817875934212,588261.0625,4073472
H091,Haze,latent,0.1242606788873672,2.921303510665894,-17.26908493041992,32.65460205078125,4430461.0,4172.886530927962,17412982.0,2036736
H091,Haze,decoder_level3,0.01930662617087364,0.8306440711021423,-7.960383415222168,8.791096687316895,2526759.75,1676.928814827869,2812090.25,4073472
H091,Haze,decoder_level2,0.006362752988934517,0.1720516234636307,-1.155745625495911,1.477333903312683,979937.1875,491.4200882391765,241493.703125,8146944
H091,Haze,decoder_level1,-0.0005950633203610778,0.0758708044886589,-0.5770217776298523,0.6072061061859131,1076640.5,433.1271464593278,187599.125,32587776
H091,Haze,refinement,-0.00343753513880074,0.04456399381160736,-0.5500799417495728,0.3432227671146393,587961.3125,255.1524207459142,65102.7578125,32587776
H091,Haze,AFLB1_output,-0.000668768712785095,0.03488622605800629,-0.6464762687683105,0.5502553582191467,37081.55078125,49.79676713982671,2479.718017578125,2036736
H091,Haze,AFLB2_output,-0.0004517631023190916,0.03119694627821445,-0.9638388752937317,1.748165845870972,64534.2109375,62.97091148585492,3965.335693359375,4073472
H091,Haze,AFLB3_output,0.0005925174336880445,0.01038834452629089,-0.3032186329364777,0.1123946383595467,34778.9375,29.69948873882607,882.0596313476562,8146944
H092,Haze,encoder_level1,-0.004540192428976297,0.0569540336728096,-0.551915168762207,0.3945958912372589,422347.09375,184.6503346700189,34095.74609375,10444800
H092,Haze,encoder_level2,0.002583181718364358,0.09760960936546326,-0.8552853465080261,0.6487831473350525,375629.9375,223.1411496256349,49791.97265625,5222400
H092,Haze,encoder_level3,0.01716269366443157,0.4160512983798981,-3.039362192153931,3.259762525558472,857784.9375,672.8777284915885,452764.4375,2611200
H092,Haze,latent,0.06939548254013062,2.969911813735962,-19.03750610351562,27.27013206481934,3020365.0,3394.432353133584,11522171.0,1305600
H092,Haze,decoder_level3,0.02799669094383717,0.8340070843696594,-8.044983863830566,9.040495872497559,1626601.5,1348.448552967446,1818313.5,2611200
H092,Haze,decoder_level2,0.005478255450725555,0.1737011522054672,-1.083518266677856,1.634140133857727,618034.5625,397.1491572759534,157727.453125,5222400
H092,Haze,decoder_level1,-0.003846369683742523,0.07329845428466797,-0.5612322092056274,0.5527383685112,743798.5625,335.4725678054764,112541.84375,20889600
H092,Haze,refinement,-0.002420563716441393,0.03169174119830132,-0.4047664403915405,0.4515178203582764,374440.625,145.2694358231455,21103.208984375,20889600
H092,Haze,AFLB1_output,0.0004604759451467544,0.03734606504440308,-0.5190290212631226,0.5389331579208374,25701.0390625,42.67592266137898,1821.234375,1305600
H092,Haze,AFLB2_output,0.002086887368932366,0.03971187770366669,-1.213351488113403,1.351645469665527,43679.23046875,64.25979907643463,4129.32177734375,2611200
H092,Haze,AFLB3_output,-0.00014683828339912,0.01421187538653612,-0.2672522068023682,0.1276931762695312,24772.724609375,32.47952329689816,1054.91943359375,5222400
H093,Haze,encoder_level1,-0.001899407943710685,0.06288167834281921,-0.3689668476581573,0.299825131893158,418501.0,203.3163041451669,41337.51953125,10444800
H093,Haze,encoder_level2,0.004265607800334692,0.1006119400262833,-0.9077733159065247,0.8334496021270752,378828.25,230.1306948643531,52960.13671875,5222400
H093,Haze,encoder_level3,-0.0171054694801569,0.4300176501274109,-2.685651063919067,3.146818161010742,879174.625,695.4240163382337,483614.5625,2611200
H093,Haze,latent,0.06852786242961884,3.189637899398804,-17.25886344909668,30.11676406860352,3257166.75,3645.412459516755,13289032.0,1305600
H093,Haze,decoder_level3,0.01924173906445503,0.8488104343414307,-5.410130500793457,8.828597068786621,1681659.0,1371.962736374425,1882281.75,2611200
H093,Haze,decoder_level2,0.006181165110319853,0.1804527640342712,-1.233203887939453,1.707453370094299,645915.75,412.6228036900045,170257.578125,5222400
H093,Haze,decoder_level1,-0.002099803648889065,0.07674320787191391,-0.5997536182403564,0.6073576807975769,742578.6875,350.8871902941172,123121.8203125,20889600
H093,Haze,refinement,-0.002666604239493608,0.03718039765954018,-0.4568725228309631,0.4814906418323517,396692.75,170.370036152928,29025.94921875,20889600
H093,Haze,AFLB1_output,-2.073795258183964e-05,0.04237458109855652,-0.6964120268821716,0.6767880916595459,28659.703125,48.41840853597163,2344.34228515625,1305600
H093,Haze,AFLB2_output,0.0008340753265656531,0.03989765048027039,-1.328264236450195,1.884801268577576,44542.125,64.48552783982814,4158.38330078125,2611200
H093,Haze,AFLB3_output,0.0001774056727299467,0.01315683033317327,-0.3235403895378113,0.1466010361909866,24420.70703125,30.06947115768957,904.173095703125,5222400
H094,Haze,encoder_level1,0.00071378902066499,0.07217797636985779,-0.4526693522930145,0.3268264830112457,752786.3125,312.9768861273944,97954.53125,18800640
H094,Haze,encoder_level2,0.004590166732668877,0.09202607721090317,-0.9914388060569763,0.7531930208206177,610138.1875,282.5021847260654,79807.484375,9400320
H094,Haze,encoder_level3,-0.0490969605743885,0.3876526057720184,-3.249720096588135,3.721730470657349,1414648.75,847.1387873306239,717644.125,4700160
H094,Haze,latent,0.1326411813497543,3.021970748901367,-21.25240135192871,30.56734085083008,5217012.0,4637.132950433921,21503002.0,2350080
H094,Haze,decoder_level3,0.0159684531390667,0.8173137903213501,-6.253309726715088,8.102867126464844,2852736.75,1772.262395922229,3140914.0,4700160
H094,Haze,decoder_level2,0.007503884378820658,0.1758522689342499,-1.588485956192017,1.515992879867554,1143072.75,539.6526950270887,291225.03125,9400320
H094,Haze,decoder_level1,-0.0009131532278843224,0.07474413514137268,-0.5907452702522278,0.6240007877349854,1278393.25,458.3643815241319,210097.90625,37601280
H094,Haze,refinement,-0.003420115448534489,0.0461500845849514,-0.6341632008552551,0.4068894386291504,709590.625,283.7678133175079,80524.171875,37601280
H094,Haze,AFLB1_output,-3.141479101032019e-05,0.03650939464569092,-0.6812273859977722,0.7447811365127563,43579.31640625,55.96881325024344,3132.508056640625,2350080
H094,Haze,AFLB2_output,0.0004094369651284069,0.04103349521756172,-1.575789093971252,1.804419636726379,74794.578125,88.9644471210972,7914.6728515625,4700160
H094,Haze,AFLB3_output,0.0002129511121893302,0.01421799138188362,-0.416751354932785,0.1501975208520889,43088.765625,43.59717028473221,1900.713256835938,9400320
H095,Haze,encoder_level1,0.0004556387721095234,0.07297839969396591,-0.4068670570850372,0.3410969376564026,754608.0625,316.4383702832196,100133.2421875,18800640
H095,Haze,encoder_level2,0.004457420669496059,0.09259380400180817,-1.104249238967896,0.7863404154777527,620732.8125,284.2208098468513,80781.46875,9400320
H095,Haze,encoder_level3,-0.05908377468585968,0.3974384963512421,-2.870865345001221,3.982364416122437,1465527.0,871.1099241771959,758832.5,4700160
H095,Haze,latent,0.1171819716691971,2.988987684249878,-18.46697807312012,29.58098602294922,5243112.0,4585.629509674763,21027998.0,2350080
H095,Haze,decoder_level3,0.008301920257508755,0.8185125589370728,-5.752875328063965,7.704023361206055,2886113.25,1774.614465172647,3149256.5,4700160
H095,Haze,decoder_level2,0.01102626603096724,0.1654915660619736,-1.137824773788452,1.49633514881134,1071417.25,508.521155533376,258593.765625,9400320
H095,Haze,decoder_level1,-0.0006429596687667072,0.07369916141033173,-0.6066067814826965,0.6161705851554871,1250242.375,451.9396219352758,204249.421875,37601280
H095,Haze,refinement,-0.002947254572063684,0.03770997375249863,-0.5107250213623047,0.4420860409736633,630280.0,231.9422746072824,53797.21875,37601280
H095,Haze,AFLB1_output,-0.0002111302019329742,0.03456564992666245,-0.588388204574585,0.5583127737045288,42748.41796875,52.99002845096778,2807.943115234375,2350080
H095,Haze,AFLB2_output,-0.0001164569839602336,0.02657278254628181,-1.217213273048401,1.080028772354126,72060.390625,57.60995346536265,3318.90673828125,4700160
H095,Haze,AFLB3_output,0.0005601326702162623,0.01001201011240482,-0.2974208295345306,0.1095479801297188,38184.59765625,30.74476641025418,945.2406616210938,9400320
H096,Haze,encoder_level1,0.002199418842792511,0.06948613375425339,-0.4392058849334717,0.3230562508106232,676316.9375,294.6658992613499,86827.9921875,17965056
H096,Haze,encoder_level2,0.0009454471874050796,0.09896748512983322,-1.076131939888,0.6567938923835754,647932.4375,296.6276601229225,87987.96875,8982528
H096,Haze,encoder_level3,-0.02066109888255596,0.419211745262146,-2.471540689468384,2.613510608673096,1483211.0,889.4971191634069,791205.125,4491264
H096,Haze,latent,0.09203480184078217,3.098786354064941,-19.34292793273926,28.1336841583252,5388840.0,4645.713292918537,21582652.0,2245632
H096,Haze,decoder_level3,0.02218541875481606,0.8367025852203369,-6.493048667907715,8.572994232177734,2830386.0,1773.81368807437,3146415.0,4491264
H096,Haze,decoder_level2,0.007932417094707489,0.1723049581050873,-1.330348134040833,1.499451756477356,1066397.625,516.9598328206941,267247.46875,8982528
H096,Haze,decoder_level1,-0.001882898388430476,0.08034113794565201,-0.5865722894668579,0.5897536277770996,1311550.5,481.7109318616301,232045.421875,35930112
H096,Haze,refinement,-0.004910218063741922,0.05498481541872025,-0.6154666543006897,0.3706504106521606,813417.5,330.9000864120467,109494.8671875,35930112
H096,Haze,AFLB1_output,-0.0001180419712909497,0.03974395617842674,-0.6477987170219421,0.6578068137168884,46420.51171875,59.55830053073522,3547.191162109375,2245632
H096,Haze,AFLB2_output,0.001057569636031985,0.03798066452145576,-1.238853812217712,1.753257036209106,73844.375,80.52210912906932,6483.81005859375,4491264
H096,Haze,AFLB3_output,-8.346756658283994e-06,0.01451100409030914,-0.3490269482135773,0.1401323825120926,42011.8203125,43.49074552464079,1891.444946289062,8982528
H097,Haze,encoder_level1,-0.0007054750458337367,0.06380808353424072,-0.3968162834644318,0.3375828266143799,707947.3125,276.6868717521668,76555.625,18800640
H097,Haze,encoder_level2,0.005986303091049194,0.09355829656124115,-0.9462945461273193,0.7389699220657349,608525.25,287.4357808711365,82619.328125,9400320
H097,Haze,encoder_level3,-0.02070585824549198,0.3977400660514832,-2.468123197555542,3.604328632354736,1468750.125,863.4622530834802,745567.0625,4700160
H097,Haze,latent,0.09419557452201843,3.038600206375122,-16.28872108459473,27.9493236541748,5555403.0,4660.403201440837,21719358.0,2350080
H097,Haze,decoder_level3,0.0244002640247345,0.8454268574714661,-6.542361259460449,8.454981803894043,3019415.5,1833.636141659517,3362221.5,4700160
H097,Haze,decoder_level2,0.008108038455247879,0.1694525480270386,-1.15397572517395,1.369863152503967,1071856.5,520.1348983677216,270540.3125,9400320
H097,Haze,decoder_level1,-0.001366244861856103,0.07791467010974884,-0.5975550413131714,0.6113331913948059,1293252.5,477.8453103515823,228336.140625,37601280
H097,Haze,refinement,-0.003201010171324015,0.03953343257308006,-0.457196444272995,0.3802997469902039,681964.625,243.2119060613604,59152.03125,37601280
H097,Haze,AFLB1_output,-0.000413330621086061,0.03829938173294067,-0.7344632148742676,0.597482442855835,47554.984375,58.71625942695729,3447.59912109375,2350080
H097,Haze,AFLB2_output,0.0003929196682292968,0.03206741437315941,-1.017396450042725,1.277366518974304,76948.8359375,69.5268994425449,4833.98974609375,4700160
H097,Haze,AFLB3_output,0.0005426743300631642,0.01118365675210953,-0.302754282951355,0.1107364222407341,39513.0625,34.32936779441274,1178.505493164062,9400320
H098,Haze,encoder_level1,-0.002002613851800561,0.06503382325172424,-0.3262210786342621,0.298296183347702,871138.9375,297.3789144340936,88434.21875,20889600
H098,Haze,encoder_level2,0.005512856878340244,0.088893823325634,-1.050310730934143,0.7529652118682861,623049.4375,287.8427033554959,82853.421875,10444800
H098,Haze,encoder_level3,-0.03478080779314041,0.4045500159263611,-3.112757921218872,3.943951368331909,1605254.125,927.9112295904172,861019.25,5222400
H098,Haze,latent,0.05315855890512466,2.982748508453369,-22.93398666381836,37.08329010009766,5613482.0,4820.65057850079,23238672.0,2611200
H098,Haze,decoder_level3,0.02724902890622616,0.8481758236885071,-7.250217437744141,9.9439697265625,3251095.5,1939.299809209499,3760883.75,5222400
H098,Haze,decoder_level2,0.003984746057540178,0.1634746193885803,-1.249447464942932,1.354521155357361,1186438.375,528.4810190536648,279292.1875,10444800
H098,Haze,decoder_level1,-0.0003795750963035971,0.06866595894098282,-0.5633196830749512,0.5709767937660217,1305005.0,443.8418214859884,196995.5625,41779200
H098,Haze,refinement,-0.001256107818335295,0.0231719184666872,-0.4230062663555145,0.2962033450603485,507267.9375,149.9958462966558,22498.75390625,41779200
H098,Haze,AFLB1_output,0.0006173282745294273,0.03559247404336929,-0.7580642104148865,0.6363627910614014,48071.1328125,57.52327144567231,3308.9267578125,2611200
H098,Haze,AFLB2_output,0.0004859161272179335,0.03827335685491562,-1.450535655021667,2.053781986236572,85266.59375,87.47150763784457,7651.2646484375,5222400
H098,Haze,AFLB3_output,0.0007337946444749832,0.01047946140170097,-0.3278020322322845,0.1628166288137436,42947.12109375,33.95088687687794,1152.662719726562,10444800
H099,Haze,encoder_level1,0.001683849026449025,0.06447676569223404,-0.3855671286582947,0.3108249306678772,284256.125,181.7222618964171,33022.98046875,7938048
H099,Haze,encoder_level2,0.0009401623392477632,0.08820794522762299,-0.9012776017189026,0.8394624590873718,237475.546875,175.7414593852999,30885.060546875,3969024
H099,Haze,encoder_level3,-0.02838714607059956,0.3957515954971313,-2.767860412597656,2.773596048355103,597475.5625,558.9383631045556,312412.09375,1984512
H099,Haze,latent,0.05906220152974129,3.108792543411255,-18.67828369140625,29.67554473876953,2304452.5,3097.290913039975,9593211.0,992256
H099,Haze,decoder_level3,0.009042826481163502,0.827477753162384,-6.96303653717041,9.013331413269043,1224879.375,1165.759998884848,1358996.375,1984512
H099,Haze,decoder_level2,0.00857223104685545,0.1638206541538239,-0.9690660834312439,1.413477182388306,456512.625,326.8167252069575,106809.171875,3969024
H099,Haze,decoder_level1,0.0007239182596094906,0.07391851395368576,-0.5914682149887085,0.612115204334259,519836.125,294.5411155509532,86754.46875,15876096
H099,Haze,refinement,-0.002246955642476678,0.03887477889657021,-0.467784583568573,0.560394823551178,278693.34375,155.1543775063243,24072.880859375,15876096
H099,Haze,AFLB1_output,0.0004800979804713279,0.03847615420818329,-0.6239021420478821,0.5762127041816711,19782.0390625,38.32986867976216,1469.178833007812,992256
H099,Haze,AFLB2_output,0.0001547343272250146,0.03007606416940689,-1.114379405975342,1.159440517425537,31469.873046875,42.3695277278708,1795.176879882812,1984512
H099,Haze,AFLB3_output,0.0004479784111026675,0.01009117811918259,-0.2297555655241013,0.1034818738698959,16157.4267578125,20.12385811735274,404.9696655273438,3969024
H100,Haze,encoder_level1,-0.001545478007756174,0.06525347381830215,-0.3646138310432434,0.3251954019069672,809187.9375,283.0164665041594,80098.3203125,18800640
H100,Haze,encoder_level2,-0.0008089042385108769,0.09842175245285034,-1.031750321388245,0.7383295297622681,676865.0,301.7707117995383,91065.5625,9400320
H100,Haze,encoder_level3,-0.005847281310707331,0.4251529574394226,-2.968255281448364,2.89384388923645,1583603.875,921.8125148315139,849738.3125,4700160
H100,Haze,latent,0.0789649486541748,3.10318922996521,-19.46302032470703,31.43274688720703,5629877.0,4758.719995965302,22645416.0,2350080
H100,Haze,decoder_level3,0.0284525454044342,0.8509406447410583,-6.448341846466064,8.989908218383789,3013477.0,1845.857795172748,3407191.0,4700160
H100,Haze,decoder_level2,0.00187923270277679,0.1744479089975357,-1.111606955528259,1.72908627986908,1146456.875,534.8873128987077,286104.4375,9400320
H100,Haze,decoder_level1,-0.002128270687535405,0.07161209732294083,-0.5801676511764526,0.5894381403923035,1292501.5,439.3183996260571,193000.65625,37601280
H100,Haze,refinement,-0.002883116947486997,0.03591717779636383,-0.4259908497333527,0.5573636889457703,668511.0,220.9521388361063,48819.84765625,37601280
H100,Haze,AFLB1_output,0.0001118331201723777,0.03987280279397964,-0.6365319490432739,0.6435640454292297,48446.6328125,61.12512980878343,3736.281494140625,2350080
H100,Haze,AFLB2_output,0.001954948762431741,0.04105150699615479,-1.274472832679749,1.585443377494812,80221.84375,89.09992360669425,7938.79638671875,4700160
H100,Haze,AFLB3_output,-8.354514284292236e-05,0.01348518952727318,-0.2916385233402252,0.1418134272098541,43616.80859375,41.34630537029201,1709.516967773438,9400320
N001,Noise,encoder_level1,0.003800716483965516,0.1420048624277115,-0.4708909690380096,0.632084846496582,809590.8125,385.7224552706259,148781.8125,7372800
N001,Noise,encoder_level2,0.01563205756247044,0.2031382620334625,-1.190516233444214,0.9570598006248474,596960.0625,391.1785677603005,153020.671875,3686400
N001,Noise,encoder_level3,-0.02379235439002514,0.694110095500946,-3.412769317626953,3.077438116073608,1039849.75,942.9085984335916,889076.625,1843200
N001,Noise,latent,0.02511454932391644,3.087393283843994,-21.64019393920898,18.7746753692627,2063160.75,2963.995614031843,8785270.0,921600
N001,Noise,decoder_level3,0.0494038350880146,1.173646330833435,-6.172243595123291,6.4444580078125,1714864.75,1594.806101066835,2543406.5,1843200
N001,Noise,decoder_level2,-0.008047793060541153,0.2926815152168274,-1.859724998474121,1.797590970993042,863431.125,562.16089778639,316024.875,3686400
N001,Noise,decoder_level1,0.004744668491184711,0.07224922627210617,-0.3585507869720459,0.4737541079521179,739542.1875,278.0346201464847,77303.25,14745600
N001,Noise,refinement,0.0004108289140276611,0.03284591808915138,-0.3717911839485168,0.3064835071563721,365697.625,126.1381969371788,15910.8447265625,14745600
N001,Noise,AFLB1_output,-0.001466577872633934,0.02669268101453781,-0.2362571954727173,0.2467555999755859,14062.3798828125,25.66362252286481,658.6215209960938,921600
N001,Noise,AFLB2_output,0.0005658245063386858,0.02880005910992622,-0.3199715912342072,0.3762474656105042,40922.453125,39.10780341678547,1529.420288085938,1843200
N001,Noise,AFLB3_output,5.305128070176579e-05,0.008346641436219215,-0.06739433854818344,0.06423018872737885,23999.75390625,16.02587610191669,256.8287048339844,3686400
N002,Noise,encoder_level1,0.006275870837271214,0.1559404730796814,-0.6388773918151855,0.6033702492713928,909001.6875,423.7663713651663,179577.9375,7372800
N002,Noise,encoder_level2,0.01226338092237711,0.2011860013008118,-1.289567589759827,0.943211019039154,590176.0,386.9941052522635,149764.4375,3686400
N002,Noise,encoder_level3,-0.050868920981884,0.6876192092895508,-3.31848931312561,3.13252329826355,1028225.375,936.0938788390831,876271.75,1843200
N002,Noise,latent,0.09008057415485382,2.840457677841187,-20.2928352355957,16.03708076477051,1952798.25,2728.210310808168,7443131.5,921600
N002,Noise,decoder_level3,0.00811762921512127,1.17179000377655,-6.992589950561523,7.075024604797363,1694870.0,1590.913024021112,2531004.25,1843200
N002,Noise,decoder_level2,-0.01252375356853008,0.2841401994228363,-1.874836444854736,2.094879865646362,827297.5625,546.0788347390878,298202.09375,3686400
N002,Noise,decoder_level1,0.006766147445887327,0.07197578996419907,-0.3822919130325317,0.4604687094688416,718545.25,277.6055823916371,77064.859375,14745600
N002,Noise,refinement,0.0001808004744816571,0.03047428093850613,-0.3172226250171661,0.322503536939621,331009.625,117.0233016326236,13694.453125,14745600
N002,Noise,AFLB1_output,-0.00134116702247411,0.02621354348957539,-0.2570493221282959,0.2813789844512939,13627.96484375,25.19791532098315,634.9349365234375,921600
N002,Noise,AFLB2_output,-0.0002719976473599672,0.02907618880271912,-0.3293459415435791,0.4024917185306549,41051.21484375,39.47687094798358,1558.42333984375,1843200
N002,Noise,AFLB3_output,-0.0002432120236335322,0.00800351146608591,-0.0547102689743042,0.05815844237804413,22876.298828125,15.37383582196907,236.3548278808594,3686400
N003,Noise,encoder_level1,0.007445998024195433,0.1507885456085205,-0.4965319335460663,0.6226474642753601,870153.75,409.9334930814998,168045.46875,7372800
N003,Noise,encoder_level2,0.02048361487686634,0.2086550891399384,-1.248111128807068,1.161532163619995,617093.0,402.5435535442097,162041.3125,3686400
N003,Noise,encoder_level3,-0.05096554383635521,0.7077890038490295,-3.594873905181885,3.166462898254395,1052567.25,963.4141438135523,928166.8125,1843200
N003,Noise,latent,0.09144999086856842,2.978274345397949,-19.10603904724121,20.97017669677734,2044463.0,2860.491041761886,8182409.0,921600
N003,Noise,decoder_level3,0.02211577445268631,1.228460788726807,-7.010758399963379,6.489702224731445,1788563.25,1668.084005678371,2782504.25,1843200
N003,Noise,decoder_level2,-0.0149665055796504,0.3097843527793884,-2.343391895294189,2.024447441101074,893329.125,595.4796910894611,354596.0625,3686400
N003,Noise,decoder_level1,0.006296246312558651,0.07386153936386108,-0.3659482598304749,0.4672411680221558,742427.375,284.6569344184329,81029.5703125,14745600
N003,Noise,refinement,0.0001655550149735063,0.03299645334482193,-0.3412546813488007,0.3601314425468445,365086.25,126.7079758058367,16054.9111328125,14745600
N003,Noise,AFLB1_output,-0.001059346715919673,0.02735210210084915,-0.2820776998996735,0.2722138464450836,14136.603515625,26.27770464158673,690.5177612304688,921600
N003,Noise,AFLB2_output,0.0001698245614534244,0.03039072826504707,-0.3318161368370056,0.3244177997112274,43168.67578125,41.26046712606315,1702.426147460938,1843200
N003,Noise,AFLB3_output,-0.0003670839068945497,0.00863378494977951,-0.06748927384614944,0.0609513446688652,24609.140625,16.59184458222247,275.289306640625,3686400
N004,Noise,encoder_level1,0.004709297325462103,0.1468121856451035,-0.4408360123634338,0.5650899410247803,837639.0,398.8427008232694,159075.5,7372800
N004,Noise,encoder_level2,0.02643224596977234,0.1972696632146835,-1.160536766052246,0.8700211048126221,586883.1875,382.1426435246399,146033.0,3686400
N004,Noise,encoder_level3,-0.04311927780508995,0.6698090434074402,-2.868751049041748,2.957464218139648,993452.75,911.2453017711532,830368.0,1843200
N004,Noise,latent,0.06357147544622421,2.818428039550781,-17.98421287536621,18.32012176513672,1917957.5,2706.378946119704,7324487.0,921600
N004,Noise,decoder_level3,0.02115613222122192,1.212014555931091,-7.297091484069824,7.511519432067871,1765294.5,1645.736309376445,2708448.0,1843200
N004,Noise,decoder_level2,-0.008735962212085724,0.2975853085517883,-2.309651613235474,1.590744972229004,871859.4375,571.6099522401618,326737.9375,3686400
N004,Noise,decoder_level1,0.006550140678882599,0.07214157283306122,-0.3184226155281067,0.4503113031387329,735215.9375,278.1631434518239,77374.734375,14745600
N004,Noise,refinement,0.0002996880502905697,0.03192980587482452,-0.3175385594367981,0.352350652217865,353913.875,122.6158651668902,15034.650390625,14745600
N004,Noise,AFLB1_output,-0.001274458598345518,0.02581115439534187,-0.2662931084632874,0.2768419086933136,13158.5615234375,24.80889359024048,615.481201171875,921600
N004,Noise,AFLB2_output,7.531523442594334e-05,0.03002571873366833,-0.3381982147693634,0.339263528585434,42415.8046875,40.7643957628966,1661.735961914062,1843200
N004,Noise,AFLB3_output,-0.0002448942686896771,0.008498622104525566,-0.07293631136417389,0.05115790292620659,24310.380859375,16.32412854799798,266.4771728515625,3686400
N005,Noise,encoder_level1,0.007289825472980738,0.1593640148639679,-0.4526506066322327,0.5530697703361511,942925.0,433.1720212571444,187638.0,7372800
N005,Noise,encoder_level2,0.01510283071547747,0.2048511952161789,-1.084822535514832,0.978669285774231,600700.625,394.3817749021879,155536.984375,3686400
N005,Noise,encoder_level3,-0.04875810444355011,0.7004097104072571,-3.12415623664856,3.157463550567627,1058664.5,953.2090536708095,908607.5,1843200
N005,Noise,latent,0.1057716235518456,2.886092185974121,-20.2861213684082,16.56237030029297,1971481.875,2772.508521177167,7686803.5,921600
N005,Noise,decoder_level3,0.004106131847947836,1.172041654586792,-6.281832218170166,6.831911087036133,1703486.5,1591.226335252154,2532001.25,1843200
N005,Noise,decoder_level2,-0.001762562314979732,0.2833676934242249,-1.644301652908325,1.629786610603333,831974.8125,544.0764537268636,296019.1875,3686400
N005,Noise,decoder_level1,0.007134259212762117,0.07069569081068039,-0.2957010567188263,0.4511987566947937,714144.875,272.8502479612214,74447.2578125,14745600
N005,Noise,refinement,0.0003074069682043046,0.0306995939463377,-0.3426247537136078,0.2874449193477631,338186.46875,117.8923510890868,13898.6064453125,14745600
N005,Noise,AFLB1_output,-0.001149808405898511,0.02597177587449551,-0.2622838616371155,0.2960633635520935,13607.92578125,24.95732686131469,622.8681640625,921600
N005,Noise,AFLB2_output,-0.000365336483810097,0.02899922244250774,-0.3465715050697327,0.3403342664241791,40962.265625,39.37377385243651,1550.294067382812,1843200
N005,Noise,AFLB3_output,8.394337055506185e-05,0.008022652007639408,-0.06073322892189026,0.05708448216319084,23062.658203125,15.40433389691411,237.2935028076172,3686400
N006,Noise,encoder_level1,0.009526599198579788,0.1605106592178345,-0.4508681297302246,0.5609350204467773,956744.5,436.5999670751247,190619.53125,7372800
N006,Noise,encoder_level2,0.02127386257052422,0.2024011462926865,-1.110255122184753,0.929188072681427,602914.25,390.7508797174998,152686.25,3686400
N006,Noise,encoder_level3,-0.06461608409881592,0.6775645017623901,-3.127263069152832,3.220504522323608,1019131.5625,924.0656429604987,853897.3125,1843200
N006,Noise,latent,0.125755563378334,2.703890800476074,-15.68218517303467,14.68760108947754,1894450.5,2598.540936756625,6752415.0,921600
N006,Noise,decoder_level3,0.01007219776511192,1.285653948783875,-7.719637393951416,7.288739681243896,1859763.25,1745.515253442375,3046823.5,1843200
N006,Noise,decoder_level2,-0.01381765957921743,0.2936289310455322,-2.107949495315552,2.108444929122925,860941.25,564.3914034161045,318537.65625,3686400
N006,Noise,decoder_level1,0.007782791275531054,0.07409346103668213,-0.349694699048996,0.4725686609745026,720239.5,286.0842041689824,81844.171875,14745600
N006,Noise,refinement,0.0001726970367599279,0.03066856041550636,-0.296281099319458,0.3267931342124939,337279.6875,117.7691398987867,13869.5703125,14745600
N006,Noise,AFLB1_output,-0.001390491845086217,0.02534551173448563,-0.2232573181390762,0.2887911200523376,13260.015625,24.36828082470248,593.8131103515625,921600
N006,Noise,AFLB2_output,1.815186624298804e-05,0.03190621733665466,-0.2569014132022858,0.3911567628383636,44978.40234375,43.31732335832498,1876.390502929688,1843200
N006,Noise,AFLB3_output,-0.0004375358112156391,0.008186856284737587,-0.06730940192937851,0.05853503942489624,23707.681640625,15.74119685158382,247.7852783203125,3686400
N007,Noise,encoder_level1,0.002290416276082397,0.1428125500679016,-0.504902184009552,0.6020587086677551,809664.0625,387.8273617216815,150410.0625,7372800
N007,Noise,encoder_level2,0.01990063302218914,0.1998380273580551,-1.219998598098755,1.117443323135376,588809.625,385.5868295533446,148677.203125,3686400
N007,Noise,encoder_level3,-0.03402303904294968,0.688091516494751,-3.579890966415405,3.366727590560913,1023197.0,935.3252776440931,874833.375,1843200
N007,Noise,latent,0.02308408729732037,2.924649000167847,-21.96759223937988,19.34840965270996,1956003.625,2807.750612144889,7883463.5,921600
N007,Noise,decoder_level3,0.005109278485178947,1.176045775413513,-6.576457977294922,6.905882358551025,1713205.25,1596.667701808989,2549347.75,1843200
N007,Noise,decoder_level2,-0.001534320996142924,0.2868421971797943,-1.988054633140564,2.056955814361572,838692.4375,550.744921674272,303319.96875,3686400
N007,Noise,decoder_level1,0.005738182924687862,0.07052772492170334,-0.3595162332057953,0.4548823833465576,723166.0625,271.7213646366439,73832.5,14745600
N007,Noise,refinement,0.0005008764564990997,0.03246918320655823,-0.3688939809799194,0.3223252892494202,361992.0,124.6965026511871,15549.2177734375,14745600
N007,Noise,AFLB1_output,-0.001013954402878881,0.02599042840301991,-0.2678631246089935,0.2667169868946075,13373.826171875,24.96979131902437,623.490478515625,921600
N007,Noise,AFLB2_output,-0.0002763221564237028,0.02915451861917973,-0.3825017213821411,0.4558635652065277,41072.1484375,39.58326463124521,1566.834838867188,1843200
N007,Noise,AFLB3_output,4.396582517074421e-05,0.008219225332140923,-0.07250407338142395,0.05789133906364441,23414.646484375,15.78113832339817,249.0443267822266,3686400
N008,Noise,encoder_level1,0.002553243655711412,0.1384104192256927,-0.519489049911499,0.6145774722099304,786764.5625,375.8883851956588,141292.078125,7372800
N008,Noise,encoder_level2,0.0155695304274559,0.2019371688365936,-1.307201623916626,1.184038400650024,592117.0625,388.8700578278045,151219.921875,3686400
N008,Noise,encoder_level3,-0.02239852212369442,0.6921167969703674,-3.641533374786377,3.376340866088867,1036559.375,940.1408804003792,883864.875,1843200
N008,Noise,latent,0.02922304719686508,3.044306993484497,-22.28233909606934,23.3491096496582,1996578.5,2922.669498934151,8541997.0,921600
N008,Noise,decoder_level3,0.02224398031830788,1.15601634979248,-6.580635070800781,6.403120040893555,1694348.875,1569.750298614401,2464116.0,1843200
N008,Noise,decoder_level2,-0.004319852683693171,0.2686682939529419,-2.01249098777771,1.637979984283447,789344.0,515.9098152778255,266162.9375,3686400
N008,Noise,decoder_level1,0.004615160170942545,0.07033373415470123,-0.3782987892627716,0.4399014115333557,719245.625,270.6623675125524,73258.1171875,14745600
N008,Noise,refinement,0.0003830052155535668,0.0330694280564785,-0.3678473830223083,0.3169420957565308,367762.1875,126.9951209385128,16127.7607421875,14745600
N008,Noise,AFLB1_output,-0.001147204195149243,0.02625036239624023,-0.2544818520545959,0.3523581624031067,13556.2998046875,25.22440302192502,636.2705078125,921600
N008,Noise,AFLB2_output,0.0002564939495641738,0.02885178290307522,-0.4474346935749054,0.3707405030727386,40694.65234375,39.17202925528064,1534.447875976562,1843200
N008,Noise,AFLB3_output,8.17448744783178e-05,0.007992127910256386,-0.06051125004887581,0.07186395674943924,22407.78125,15.34568907999389,235.4901733398438,3686400
N009,Noise,encoder_level1,0.0006340260151773691,0.1409558057785034,-0.4814480245113373,0.5666540265083313,797546.3125,382.7397532919725,146489.71875,7372800
N009,Noise,encoder_level2,0.02018725499510765,0.2008965462446213,-1.206444382667542,1.069013118743896,594510.375,387.6638564852287,150283.265625,3686400
N009,Noise,encoder_level3,-0.03299841284751892,0.6814442873001099,-3.46448802947998,3.368730783462524,1011616.5625,926.2435559829822,857927.125,1843200
N009,Noise,latent,0.01732625253498554,2.86595630645752,-21.73903465270996,20.51636123657227,1904592.125,2751.368386821365,7570028.0,921600
N009,Noise,decoder_level3,-0.007348757702857256,1.165691375732422,-6.649662971496582,7.410364151000977,1696298.625,1582.626535225541,2504706.75,1843200
N009,Noise,decoder_level2,0.0006838417029939592,0.2880718111991882,-2.075329303741455,1.833339929580688,842935.9375,553.0994203124787,305918.96875,3686400
N009,Noise,decoder_level1,0.004914386197924614,0.07104969024658203,-0.3263371884822845,0.4522846043109894,712337.75,273.482660556387,74792.765625,14745600
N009,Noise,refinement,0.0001075477412086911,0.03107713349163532,-0.3433085680007935,0.3176957368850708,345389.375,119.3369090079113,14241.2978515625,14745600
N009,Noise,AFLB1_output,-0.0009948748629540205,0.0254429467022419,-0.2586752772331238,0.2808079421520233,12993.4375,24.4438955226108,597.5040283203125,921600
N009,Noise,AFLB2_output,-0.000581172585953027,0.0288276094943285,-0.3926197588443756,0.3483802378177643,40625.47265625,39.14561470191297,1532.379150390625,1843200
N009,Noise,AFLB3_output,8.31999714137055e-05,0.008359297178685665,-0.07315460592508316,0.0568840391933918,23649.912109375,16.05064483012725,257.6231994628906,3686400
N010,Noise,encoder_level1,0.003759322687983513,0.1488434821367264,-0.4640347361564636,0.6074075698852539,842904.0625,404.2820797413608,163444.0,7372800
N010,Noise,encoder_level2,0.02588609047234058,0.1963090449571609,-1.129720211029053,0.8993338942527771,581002.1875,380.176151606068,144533.90625,3686400
N010,Noise,encoder_level3,-0.04199051484465599,0.6633398532867432,-3.409622669219971,3.486711025238037,985710.0625,902.3826100939667,814294.375,1843200
N010,Noise,latent,0.05945076048374176,2.747184276580811,-18.47980117797852,18.5016040802002,1849639.625,2637.914327645991,6958592.0,921600
N010,Noise,decoder_level3,-0.008775865659117699,1.153479218482971,-6.436296463012695,7.282916069030762,1676417.5,1566.060662937423,2452546.0,1843200
N010,Noise,decoder_level2,-0.000709391722921282,0.2793774306774139,-1.796025037765503,1.702192068099976,818517.875,536.4063874526477,287731.8125,3686400
N010,Noise,decoder_level1,0.006417044904083014,0.07231162488460541,-0.3572434484958649,0.4468354284763336,728261.5,278.767866579884,77711.5234375,14745600
N010,Noise,refinement,0.0006137618911452591,0.03188324347138405,-0.292938232421875,0.3224016726016998,353028.40625,122.4543322082257,14995.0634765625,14745600
N010,Noise,AFLB1_output,-0.001135221216827631,0.02432871423661709,-0.2171199321746826,0.2781888544559479,12471.50390625,23.38097741713269,546.6701049804688,921600
N010,Noise,AFLB2_output,-0.0006906338967382908,0.02860617265105247,-0.3063527643680573,0.3128307461738586,40366.359375,38.84834577850854,1509.193969726562,1843200
N010,Noise,AFLB3_output,-1.740886091283755e-06,0.008008438162505627,-0.07045768946409225,0.04790680482983589,22850.05078125,15.37620130358341,236.4275665283203,3686400
N011,Noise,encoder_level1,0.003819211851805449,0.1427397727966309,-0.4713916480541229,0.6031031012535095,817185.75,387.7185875412733,150325.703125,7372800
N011,Noise,encoder_level2,0.02226180583238602,0.2061803340911865,-1.229972243309021,1.117664098739624,608123.9375,398.1670503695653,158537.0,3686400
N011,Noise,encoder_level3,-0.02800263464450836,0.7148866057395935,-3.490340709686279,3.451035261154175,1063479.25,971.3065298864205,943436.375,1843200
N011,Noise,latent,0.03578393906354904,3.179606199264526,-23.14816665649414,19.47407150268555,2162245.0,3052.615272188751,9318460.0,921600
N011,Noise,decoder_level3,0.02719373069703579,1.273268222808838,-7.884029865264893,6.739449024200439,1840006.5,1729.040485355968,2989581.0,1843200
N011,Noise,decoder_level2,-0.01573867537081242,0.3508154451847076,-2.354519844055176,2.30152440071106,1009261.25,674.2432100140127,454603.90625,3686400
N011,Noise,decoder_level1,0.004342681728303432,0.07172586768865585,-0.3764575123786926,0.5057215690612793,726771.5625,275.9316746270714,76138.2890625,14745600
N011,Noise,refinement,-3.603532240958884e-05,0.03417801111936569,-0.29991415143013,0.3164450526237488,381730.4375,131.2436382386781,17224.892578125,14745600
N011,Noise,AFLB1_output,-0.0006036414415575564,0.02897267788648605,-0.2836154699325562,0.3292589485645294,15143.2666015625,27.81980680002334,773.941650390625,921600
N011,Noise,AFLB2_output,0.0005258373566903174,0.03127365186810493,-0.3430782854557037,0.3643573522567749,44072.96875,42.46451729964898,1803.235229492188,1843200
N011,Noise,AFLB3_output,-0.0003554083814378828,0.009710473008453846,-0.0811309665441513,0.06239030137658119,27676.1484375,18.65659105765515,348.0683898925781,3686400
N012,Noise,encoder_level1,0.001481338054873049,0.1456562131643295,-0.4479188323020935,0.6081679463386536,825719.25,395.5193184283165,156435.53125,7372800
N012,Noise,encoder_level2,0.02068191021680832,0.2014510035514832,-1.065821170806885,0.8773910999298096,593095.875,388.8189649438412,151180.1875,3686400
N012,Noise,encoder_level3,-0.03808712586760521,0.6923452019691467,-3.705849647521973,3.329466342926025,1030834.9375,941.3802366737896,886196.75,1843200
N012,Noise,latent,0.05230579897761345,2.915744543075562,-18.98957252502441,14.44198703765869,1968986.125,2799.564966204571,7837564.0,921600
N012,Noise,decoder_level3,-0.01960258930921555,1.158614039421082,-6.854213714599609,6.75622034072876,1690183.625,1573.211683150109,2474995.0,1843200
N012,Noise,decoder_level2,0.00284890178591013,0.2757076919078827,-1.857869386672974,1.686993718147278,809005.9375,529.3870571236134,280250.65625,3686400
N012,Noise,decoder_level1,0.005644391290843487,0.0674661174416542,-0.329848051071167,0.4525730609893799,696353.3125,259.974968746993,67586.984375,14745600
N012,Noise,refinement,0.001069501740857959,0.03278988599777222,-0.3021457493305206,0.2814276814460754,367927.1875,125.9801261608354,15870.9921875,14745600
N012,Noise,AFLB1_output,-0.0009420656715519726,0.02643198519945145,-0.2768733501434326,0.290897935628891,13620.501953125,25.39081730696405,644.693603515625,921600
N012,Noise,AFLB2_output,-0.0004656116070691496,0.02939506433904171,-0.2458398193120956,0.4245418608188629,41001.30859375,39.91306929548187,1593.053100585938,1843200
N012,Noise,AFLB3_output,-8.886241630534641e-06,0.008131216280162334,-0.07873015850782394,0.04338786005973816,22773.986328125,15.6119447412395,243.7328186035156,3686400
N013,Noise,encoder_level1,0.004921985324472189,0.1519939601421356,-0.4499490261077881,0.5537981986999512,866779.0,412.9240434087122,170506.265625,7372800
N013,Noise,encoder_level2,0.02889321930706501,0.1985533982515335,-1.053059220314026,1.000933170318604,588401.5625,385.2376904263133,148408.078125,3686400
N013,Noise,encoder_level3,-0.04675727337598801,0.6736992597579956,-3.191852807998657,2.865256309509277,1006536.1875,916.8446569621268,840604.125,1843200
N013,Noise,latent,0.07754921168088913,2.765799522399902,-18.80113792419434,14.09579658508301,1874459.375,2656.210929124417,7055456.5,921600
N013,Noise,decoder_level3,0.01142717991024256,1.205636382102966,-6.199439525604248,6.632503509521484,1753092.625,1636.899813672175,2679441.0,1843200
N013,Noise,decoder_level2,-0.001843343838118017,0.2978284060955048,-1.939530253410339,1.540393352508545,876452.3125,571.841460765132,327002.65625,3686400
N013,Noise,decoder_level1,0.006727932952344418,0.07316610962152481,-0.3380051553249359,0.4506356418132782,737193.5625,282.1431928117352,79604.78125,14745600
N013,Noise,refinement,0.0005886076833121479,0.03184457123279572,-0.3334855437278748,0.3477265238761902,352669.875,122.3040364981876,14958.27734375,14745600
N013,Noise,AFLB1_output,-0.0009348017047159374,0.02493113279342651,-0.2136023193597794,0.3010765016078949,12808.6826171875,23.95070544898221,573.6362915039062,921600
N013,Noise,AFLB2_output,-0.0001876139576779678,0.02957523241639137,-0.3148033022880554,0.371023952960968,41841.6796875,40.15347601070408,1612.301635742188,1843200
N013,Noise,AFLB3_output,-4.687852197093889e-05,0.008654222823679447,-0.07108252495527267,0.04676578938961029,24656.462890625,16.61635186838743,276.1031494140625,3686400
N014,Noise,encoder_level1,0.006105583161115646,0.1466466933488846,-0.4894846677780151,0.5804204940795898,840674.0,398.5332875055734,158828.78125,7372800
N014,Noise,encoder_level2,0.02515700459480286,0.2022469043731689,-1.135753870010376,0.9588220119476318,605594.625,391.3065853649795,153120.84375,3686400
N014,Noise,encoder_level3,-0.04133233800530434,0.6845815181732178,-3.518994808197021,3.41042423248291,1014944.4375,931.1111641474395,866968.0,1843200
N014,Noise,latent,0.06645368039608002,2.789226055145264,-19.70286560058594,15.10679721832275,1916739.25,2678.416883160648,7173917.0,921600
N014,Noise,decoder_level3,-0.02228940837085247,1.189607381820679,-8.037140846252441,7.08930492401123,1728335.5,1615.347950133345,2609349.0,1843200
N014,Noise,decoder_level2,-0.01245184428989887,0.2993490099906921,-2.024264097213745,1.880383610725403,873320.375,575.2471208098308,330909.25,3686400
N014,Noise,decoder_level1,0.006068527232855558,0.07326863706111908,-0.3626502156257629,0.4932221174240112,734003.9375,282.3149698253708,79701.7421875,14745600
N014,Noise,refinement,9.934405170497485e-06,0.03267968446016312,-0.3241177797317505,0.342961460351944,362142.875,125.4900005354012,15747.740234375,14745600
N014,Noise,AFLB1_output,-0.001351383398286998,0.02558040991425514,-0.2643724381923676,0.2815833985805511,13234.318359375,24.59143815571603,604.7388305664062,921600
N014,Noise,AFLB2_output,-0.0009281475795432925,0.02953922376036644,-0.3069227337837219,0.3186984062194824,41740.328125,40.12357163783606,1609.901000976562,1843200
N014,Noise,AFLB3_output,-0.0003413080703467131,0.008476117625832558,-0.07698959857225418,0.06315804272890091,24229.3515625,16.28733410344571,265.2772521972656,3686400
N015,Noise,encoder_level1,0.002106227912008762,0.1448763757944107,-0.4889343976974487,0.6102048754692078,822653.75,393.4229395637728,154781.609375,7372800
N015,Noise,encoder_level2,0.01906238310039043,0.201671376824379,-1.181594967842102,1.045935869216919,593178.25,388.9349439494991,151270.390625,3686400
N015,Noise,encoder_level3,-0.03091725520789623,0.6890700459480286,-3.474503040313721,3.041304349899292,1030311.3125,936.4537161547281,876945.5625,1843200
N015,Noise,latent,0.04313221573829651,2.922457456588745,-20.48407363891602,19.68264770507812,1939136.25,2805.864750838857,7872877.0,921600
N015,Noise,decoder_level3,0.01642485335469246,1.175083518028259,-6.328608989715576,6.63133716583252,1716115.75,1595.502115322947,2545627.0,1843200
N015,Noise,decoder_level2,-0.00436615664511919,0.2802489995956421,-1.876346468925476,1.575525283813477,824538.5,538.1433649595617,289598.28125,3686400
N015,Noise,decoder_level1,0.004827747121453285,0.07149837911128998,-0.3572128117084503,0.4513086080551147,722900.125,275.1789332643398,75723.4453125,14745600
N015,Noise,refinement,0.0003406630421523005,0.03228891640901566,-0.3158058226108551,0.313800185918808,358985.625,123.9963378365466,15375.091796875,14745600
N015,Noise,AFLB1_output,-0.0009716421482153237,0.02531661465764046,-0.3087796270847321,0.2744185626506805,13095.66015625,24.32184333039503,591.5520629882812,921600
N015,Noise,AFLB2_output,-6.7083106841892e-05,0.02882257290184498,-0.3284465968608856,0.4069275557994843,40858.8203125,39.13092756615283,1531.2294921875,1843200
N015,Noise,AFLB3_output,-1.555118274154665e-06,0.00823899731040001,-0.07033055275678635,0.05569111928343773,23266.53515625,15.81887435592912,250.2367858886719,3686400
N016,Noise,encoder_level1,0.004022939596325159,0.1449901312589645,-0.4664397835731506,0.5953999757766724,825935.4375,393.8417750188519,155111.34375,7372800
N016,Noise,encoder_level2,0.01979389972984791,0.2068812996149063,-1.179388761520386,0.9777193665504456,606670.25,399.0260212379639,159221.765625,3686400
N016,Noise,encoder_level3,-0.03901239112019539,0.7278509736061096,-3.513739824295044,3.30150318145752,1085779.875,989.5816666652631,979271.875,1843200
N016,Noise,latent,0.0378250926733017,3.151935338973999,-21.59500694274902,19.46807861328125,2110176.75,3026.075841746204,9157135.0,921600
N016,Noise,decoder_level3,0.02823504619300365,1.182611703872681,-8.390628814697266,7.490823268890381,1723498.875,1606.02443941554,2579314.5,1843200
N016,Noise,decoder_level2,-0.009125525131821632,0.2991909980773926,-2.058459281921387,1.851577281951904,871243.375,574.7138690252742,330296.03125,3686400
N016,Noise,decoder_level1,0.005333303939551115,0.0709475576877594,-0.3638535439968109,0.475037008523941,734241.1875,273.2072959540063,74642.2265625,14745600
N016,Noise,refinement,-0.0001340152230113745,0.03393343091011047,-0.3668437600135803,0.3763042688369751,378951.8125,130.3053954897878,16979.49609375,14745600
N016,Noise,AFLB1_output,-0.000900506682228297,0.02797364257276058,-0.2436594069004059,0.2931700348854065,14467.7685546875,26.86860616165849,721.9219970703125,921600
N016,Noise,AFLB2_output,0.0006681393133476377,0.03037012554705143,-0.2727226912975311,0.4579695165157318,41971.03515625,41.24182713779862,1700.888305664062,1843200
N016,Noise,AFLB3_output,-0.0003018726711161435,0.008765609003603458,-0.07811195403337479,0.05013008788228035,24534.953125,16.83994749953542,283.5838317871094,3686400
N017,Noise,encoder_level1,0.004414559341967106,0.1389615535736084,-0.4558252394199371,0.546281099319458,794067.6875,377.511278805018,142514.765625,7372800
N017,Noise,encoder_level2,0.02168891951441765,0.2021218240261078,-0.984584629535675,0.8318302631378174,607643.375,390.3017862821025,152335.484375,3686400
N017,Noise,encoder_level3,-0.03590218350291252,0.6612512469291687,-2.876689195632935,2.655732870101929,980396.125,899.0667383459362,808321.0,1843200
N017,Noise,latent,0.04254646971821785,2.707848310470581,-17.17740821838379,12.96348285675049,1873085.125,2599.855188274916,6759247.0,921600
N017,Noise,decoder_level3,-0.03406785055994987,1.204205870628357,-7.23992395401001,7.636613368988037,1739616.75,1635.538214166823,2674985.25,1843200
N017,Noise,decoder_level2,-0.007200218737125397,0.2811022698879242,-1.754504442214966,1.509777188301086,821997.0,539.8933633135343,291484.84375,3686400
N017,Noise,decoder_level1,0.005312449764460325,0.07182542979717255,-0.3478159308433533,0.4636344909667969,700821.5625,276.5630437847761,76487.1171875,14745600
N017,Noise,refinement,-0.0002400899538770318,0.02975748293101788,-0.3269579410552979,0.3332616090774536,326797.84375,114.272452320649,13058.193359375,14745600
N017,Noise,AFLB1_output,-0.001402798341587186,0.02565756812691689,-0.2646916508674622,0.2695174813270569,13324.2900390625,24.66805256567313,608.5128173828125,921600
N017,Noise,AFLB2_output,-0.001257189433090389,0.0296807698905468,-0.2630056142807007,0.3589501976966858,41894.1640625,40.33207948695663,1626.676635742188,1843200
N017,Noise,AFLB3_output,-0.0001860858174040914,0.008026101626455784,-0.06576956063508987,0.04788254946470261,22872.5859375,15.41425553446032,237.5992736816406,3686400
N018,Noise,encoder_level1,0.007845276035368443,0.1516793221235275,-0.4130176901817322,0.5616404414176941,870046.25,412.4038524310848,170076.9375,7372800
N018,Noise,encoder_level2,0.03453141078352928,0.207530215382576,-0.9860974550247192,1.062608122825623,631781.625,403.9362766885391,163164.515625,3686400
N018,Noise,encoder_level3,-0.0510612353682518,0.7055630683898926,-3.085515737533569,3.024584293365479,1050487.5,960.4093528282615,922386.125,1843200
N018,Noise,latent,0.0669565349817276,2.879029989242554,-18.00370597839355,16.65939331054688,1997139.5,2764.616067377168,7643102.0,921600
N018,Noise,decoder_level3,-0.03287670016288757,1.294330358505249,-7.467443466186523,6.829111099243164,1874903.375,1757.807867771674,3089888.5,1843200
N018,Noise,decoder_level2,-0.002200201852247119,0.3020389974117279,-1.645226120948792,1.521343946456909,884521.5,579.9303029244118,336319.15625,3686400
N018,Noise,decoder_level1,0.006303707137703896,0.07383215427398682,-0.3510714769363403,0.4674852192401886,732493.125,284.5469260508713,80966.953125,14745600
N018,Noise,refinement,0.0006303362897597253,0.032122403383255,-0.3174982070922852,0.3332157135009766,356284.84375,123.373788937825,15221.091796875,14745600
N018,Noise,AFLB1_output,-0.0014584397431463,0.02666671015322208,-0.3167768716812134,0.24091637134552,13791.1767578125,25.63829923562233,657.3223876953125,921600
N018,Noise,AFLB2_output,-0.000964559440035373,0.03191700577735901,-0.4182573258876801,0.3689351975917816,45038.1484375,43.35174623203992,1879.373901367188,1843200
N018,Noise,AFLB3_output,-0.0001317130518145859,0.008641558699309826,-0.07502532005310059,0.05435759574174881,24619.1796875,16.59371873525774,275.3515014648438,3686400
N019,Noise,encoder_level1,0.002970690140500665,0.14500592648983,-0.4770670831203461,0.6805097460746765,828898.0,393.8157484789048,155090.84375,7372800
N019,Noise,encoder_level2,0.01516458299010992,0.2038230299949646,-1.243457198143005,1.035339832305908,598411.375,392.4218672232728,153994.921875,3686400
N019,Noise,encoder_level3,-0.03128374367952347,0.6947993040084839,-3.696367740631104,3.385079860687256,1032838.75,944.2464919182914,891601.4375,1843200
N019,Noise,latent,0.05569000169634819,2.965644598007202,-21.42067527770996,21.2885913848877,2031426.875,2847.520675956542,8108374.0,921600
N019,Noise,decoder_level3,-0.01687319204211235,1.229153990745544,-8.344368934631348,7.926152229309082,1788990.75,1668.912070781442,2785267.5,1843200
N019,Noise,decoder_level2,-0.004831521306186914,0.3081189393997192,-2.213062286376953,1.967075347900391,899721.4375,591.6610621800289,350062.8125,3686400
N019,Noise,decoder_level1,0.004573116078972816,0.0714595839381218,-0.372478187084198,0.4564682245254517,717759.5,274.9661342783871,75606.375,14745600
N019,Noise,refinement,-7.0230096753221e-05,0.03244791552424431,-0.3176285922527313,0.3005289137363434,359636.28125,124.6002827795748,15525.23046875,14745600
N019,Noise,AFLB1_output,-0.00119232595898211,0.02760454639792442,-0.2812347114086151,0.2614069283008575,14349.3359375,26.52507243672366,703.5794677734375,921600
N019,Noise,AFLB2_output,-0.0009138125460594893,0.03033682145178318,-0.3757135570049286,0.4092722833156586,43021.1875,41.20531433792855,1697.8779296875,1843200
N019,Noise,AFLB3_output,-2.299398147442844e-05,0.008642314001917839,-0.07278843224048615,0.05853252112865448,24833.744140625,16.59330217292366,275.3376770019531,3686400
N020,Noise,encoder_level1,0.0117634255439043,0.1467641144990921,-0.4552898108959198,0.6414693593978882,858375.8125,399.7851376051891,159828.15625,7372800
N020,Noise,encoder_level2,0.01454035378992558,0.2156975716352463,-1.259318828582764,1.320671796798706,648181.0,415.0792469517116,172290.78125,3686400
N020,Noise,encoder_level3,-0.05235832184553146,0.73203045129776,-3.149765253067017,3.572565317153931,1093121.5,996.3763721606409,992765.875,1843200
N020,Noise,latent,0.07240079343318939,3.051310777664185,-20.98715591430664,18.73888969421387,2117662.25,2930.082763336217,8585385.0,921600
N020,Noise,decoder_level3,0.004792985040694475,1.213730216026306,-8.08314323425293,7.356099128723145,1763853.25,1647.827509176856,2715335.5,1843200
N020,Noise,decoder_level2,-0.01338835060596466,0.2928151190280914,-2.124938488006592,1.765831112861633,858713.125,562.7924517528642,316735.34375,3686400
N020,Noise,decoder_level1,0.006106485147029161,0.07347215712070465,-0.418470025062561,0.5131838321685791,732100.5625,283.1058630397823,80148.9296875,14745600
N020,Noise,refinement,-0.000365575950127095,0.03219345957040787,-0.3016872107982635,0.3566012680530548,354878.28125,123.6308612109048,15284.58984375,14745600
N020,Noise,AFLB1_output,-0.001434172969311476,0.02885783649981022,-0.2435707151889801,0.27401202917099,15100.62890625,27.7377154678427,769.380859375,921600
N020,Noise,AFLB2_output,-0.000273376441327855,0.0301577840000391,-0.4599111974239349,0.318751186132431,42533.16796875,40.94524765664585,1676.513305664062,1843200
N020,Noise,AFLB3_output,-0.0003618804912548512,0.008322671055793762,-0.0650874674320221,0.07250653207302094,23825.24609375,15.99462752742967,255.8281097412109,3686400
N021,Noise,encoder_level1,0.004001774359494448,0.1416980773210526,-0.4887326955795288,0.6163462400436401,811501.625,384.9047974824424,148151.703125,7372800
N021,Noise,encoder_level2,0.008124575018882751,0.212647944688797,-1.2243732213974,0.9904999136924744,624594.3125,408.5819608719896,166939.21875,3686400
N021,Noise,encoder_level3,-0.02343267202377319,0.7364173531532288,-3.460851669311523,3.274741172790527,1104787.5,1000.299298960066,1000598.6875,1843200
N021,Noise,latent,0.02521469630300999,3.240164756774902,-25.19022941589355,16.33155250549316,2167544.0,3110.652503896892,9676159.0,921600
N021,Noise,decoder_level3,0.01734695956110954,1.20068371295929,-7.837560653686523,7.826657772064209,1743522.25,1630.272369881794,2657788.0,1843200
N021,Noise,decoder_level2,-0.0115668373182416,0.3048312664031982,-2.417105913162231,2.128683090209961,882695.9375,585.6971807171348,343041.1875,3686400
N021,Noise,decoder_level1,0.00417364714667201,0.07109078019857407,-0.3637197613716125,0.4637710154056549,731191.125,273.4586491821021,74779.6328125,14745600
N021,Noise,refinement,-0.0004739146679639816,0.03403539210557938,-0.3243329524993896,0.3279320001602173,378464.5,130.7085782260484,17084.732421875,14745600
N021,Noise,AFLB1_output,-0.0007886008243076503,0.02878718078136444,-0.2764922678470612,0.2470422387123108,15179.345703125,27.64605987233703,764.3046264648438,921600
N021,Noise,AFLB2_output,0.0001535640767542645,0.03024608641862869,-0.3593141734600067,0.4232636690139771,42258.8671875,41.06397596519744,1686.250122070312,1843200
N021,Noise,AFLB3_output,-0.0002370094152865931,0.008706444874405861,-0.07945568859577179,0.05983266234397888,24586.029296875,16.72256819718117,279.644287109375,3686400
N022,Noise,encoder_level1,-5.35074868821539e-05,0.1410661041736603,-0.5010232925415039,0.6097513437271118,802217.3125,383.0354095902884,146716.125,7372800
N022,Noise,encoder_level2,0.009757285937666893,0.205940455198288,-1.103705167770386,1.013279557228088,600183.25,395.8492452942155,156696.625,3686400
N022,Noise,encoder_level3,-0.01832427084445953,0.7196840047836304,-3.772929906845093,3.371575593948364,1082885.25,977.3920976251036,955295.3125,1843200
N022,Noise,latent,-0.004688750486820936,3.196640729904175,-23.75254440307617,18.26764106750488,2114434.0,3068.778421456981,9417401.0,921600
N022,Noise,decoder_level3,0.03209830448031425,1.192835569381714,-6.342336654663086,6.439247131347656,1732338.75,1620.03348730821,2624508.5,1843200
N022,Noise,decoder_level2,-0.006520217284560204,0.3077670633792877,-2.744373559951782,2.236460447311401,885387.9375,591.0453662791039,349334.625,3686400
N022,Noise,decoder_level1,0.003477000631392002,0.07000695914030075,-0.398364782333374,0.4633025825023651,717494.6875,269.1580768108213,72446.0703125,14745600
N022,Noise,refinement,0.0001866560633061454,0.03285837545990944,-0.2904636561870575,0.3026523590087891,367139.03125,126.1782012732885,15920.9384765625,14745600
N022,Noise,AFLB1_output,-0.000605652341619134,0.02731732837855816,-0.2452952712774277,0.2390923351049423,14441.71484375,26.2310804214795,688.069580078125,921600
N022,Noise,AFLB2_output,0.0005276283482089639,0.02940413169562817,-0.2812386155128479,0.3296042680740356,41555.67578125,39.92679764170769,1594.149169921875,1843200
N022,Noise,AFLB3_output,-0.0001147496295743622,0.008780958130955696,-0.09225427359342575,0.06435232609510422,24678.328125,16.86087914687335,284.2892456054688,3686400
N023,Noise,encoder_level1,0.006348824594169855,0.154172271490097,-0.4818753004074097,0.6202072501182556,897250.6875,418.9772144759187,175541.90625,7372800
N023,Noise,encoder_level2,0.01798548363149166,0.2051404565572739,-1.355352401733398,1.021991848945618,604051.875,395.3805722022771,156325.796875,3686400
N023,Noise,encoder_level3,-0.05352342501282692,0.7053261399269104,-3.42681622505188,3.153962373733521,1058346.25,960.335650957518,922244.5625,1843200
N023,Noise,latent,0.08034132421016693,2.87544846534729,-21.56282424926758,19.35746574401855,1979480.5,2761.507921408157,7625926.0,921600
N023,Noise,decoder_level3,0.02121721394360065,1.265575408935547,-7.892804145812988,7.972336769104004,1835324.0,1718.443554499245,2953048.25,1843200
N023,Noise,decoder_level2,-0.009553171694278717,0.3125985562801361,-2.15086817741394,1.787898421287537,905243.875,600.4694517625355,360563.5625,3686400
N023,Noise,decoder_level1,0.006654543336480856,0.07202234864234924,-0.3655510544776917,0.4694370329380035,729180.4375,277.7438399406907,77141.640625,14745600
N023,Noise,refinement,0.0004164130077697337,0.03328291699290276,-0.3328510224819183,0.3290342688560486,371336.3125,127.8163966398678,16337.03125,14745600
N023,Noise,AFLB1_output,-0.0009962808107957244,0.02630114555358887,-0.239000529050827,0.2727356255054474,13772.4072265625,25.26720725951549,638.4317626953125,921600
N023,Noise,AFLB2_output,0.0003188200935255736,0.03167423233389854,-0.4830081760883331,0.4012841880321503,44353.5078125,43.00454333056349,1849.390747070312,1843200
N023,Noise,AFLB3_output,-0.0002655305725056678,0.008839082904160023,-0.06775691360235214,0.08065065741539001,25097.9140625,16.97869525403224,288.2760925292969,3686400
N024,Noise,encoder_level1,0.0008352841250598431,0.1405883282423019,-0.4787681996822357,0.5783436298370361,796821.3125,381.7448223290003,145729.109375,7372800
N024,Noise,encoder_level2,0.009078924544155598,0.2049644142389297,-1.184737801551819,0.9150459170341492,603377.1875,393.9175437194947,155171.03125,3686400
N024,Noise,encoder_level3,-0.02960006333887577,0.7061014175415039,-3.188182830810547,3.169571161270142,1055953.25,959.4770711173874,920596.25,1843200
N024,Noise,latent,0.004111880902200937,3.043843030929565,-21.77835273742676,16.27143096923828,2044260.375,2922.091887672254,8538621.0,921600
N024,Noise,decoder_level3,0.0131143955513835,1.171219944953918,-6.157018661499023,7.69603443145752,1704178.75,1590.200537668127,2528737.75,1843200
N024,Noise,decoder_level2,-0.004148609936237335,0.2803335189819336,-1.718521595001221,1.523045778274536,819523.4375,538.2992894292171,289766.125,3686400
N024,Noise,decoder_level1,0.004690985195338726,0.07025032490491867,-0.3227424323558807,0.4569109082221985,705192.8125,270.3619969133975,73095.609375,14745600
N024,Noise,refinement,-0.0002163148310501128,0.03006292320787907,-0.3135073184967041,0.2889402508735657,332554.0,115.4446101288947,13327.4580078125,14745600
N024,Noise,AFLB1_output,-0.0008886599680408835,0.02732152864336967,-0.2790376842021942,0.2882939577102661,14210.568359375,26.24253753673961,688.6707763671875,921600
N024,Noise,AFLB2_output,-0.0002443284320179373,0.02906237542629242,-0.3323542475700378,0.403078556060791,40885.08203125,39.45778283148412,1556.916625976562,1843200
N024,Noise,AFLB3_output,-3.607336111599579e-05,0.008029328659176826,-0.0615488737821579,0.05906278640031815,22856.2890625,15.41646684396823,237.6674499511719,3686400
N025,Noise,encoder_level1,0.001389074372127652,0.1435117125511169,-0.5019903182983398,0.5721012949943542,814234.75,389.6941509055531,151861.53125,7372800
N025,Noise,encoder_level2,0.01227324362844229,0.2003740668296814,-1.111765623092651,0.8881189227104187,586760.5,385.4392380778065,148563.40625,3686400
N025,Noise,encoder_level3,-0.0313849113881588,0.6863631010055542,-3.382323026657104,3.233401536941528,1026144.25,932.8111076204013,870136.5625,1843200
N025,Noise,latent,0.0408814437687397,2.839198112487793,-21.01517868041992,16.57864379882812,1883747.0,2725.912599479301,7430599.5,921600
N025,Noise,decoder_level3,0.002812162972986698,1.204002737998962,-6.373988151550293,6.955937385559082,1751904.375,1634.612798187999,2671959.0,1843200
N025,Noise,decoder_level2,-0.0127568393945694,0.2886252701282501,-1.762056112289429,1.765986084938049,844366.6875,554.7015244705931,307693.78125,3686400
N025,Noise,decoder_level1,0.004940827377140522,0.07294850796461105,-0.3184195458889008,0.4353814125061035,733987.125,280.7640663217072,78828.4609375,14745600
N025,Noise,refinement,-0.0001932757731992751,0.03207166865468025,-0.3069631457328796,0.3266062438488007,355005.6875,123.1574433778771,15167.755859375,14745600
N025,Noise,AFLB1_output,-0.0007177426596172154,0.02517863176763058,-0.2109596580266953,0.2761959433555603,12892.162109375,24.18130547898456,584.7355346679688,921600
N025,Noise,AFLB2_output,-0.0003152066201437265,0.02980414964258671,-0.3540751039981842,0.3420515656471252,42259.6796875,40.4657183951351,1637.474365234375,1843200
N025,Noise,AFLB3_output,-0.0003400237765163183,0.008288783952593803,-0.0717368945479393,0.04958570376038551,23606.271484375,15.92785065197441,253.6964263916016,3686400
N026,Noise,encoder_level1,0.003584566060453653,0.1476918011903763,-0.4552322328090668,0.584089994430542,842937.75,401.1441838665993,160916.65625,7372800
N026,Noise,encoder_level2,0.01698802411556244,0.200674369931221,-1.164713621139526,0.9124367833137512,591213.75,386.6729278408304,149515.953125,3686400
N026,Noise,encoder_level3,-0.0338517390191555,0.6846550703048706,-3.347596168518066,3.118300676345825,1020989.6875,930.6540710704488,866117.0,1843200
N026,Noise,latent,0.05568060278892517,2.853446960449219,-19.86899566650391,15.44605922698975,1925130.0,2739.830469207903,7506671.0,921600
N026,Noise,decoder_level3,0.01042326632887125,1.189882516860962,-6.711004257202148,7.570777893066406,1728707.25,1615.500077375424,2609840.5,1843200
N026,Noise,decoder_level2,-0.007523545529693365,0.2919540703296661,-1.954543590545654,1.64547872543335,856110.125,560.7378788257487,314426.96875,3686400
N026,Noise,decoder_level1,0.005642793606966734,0.07085580378770828,-0.3740018010139465,0.4494618773460388,722497.9375,272.947725649986,74500.4609375,14745600
N026,Noise,refinement,0.0001010330524877645,0.03203416615724564,-0.3359944224357605,0.3278054594993591,356451.78125,123.0118174264672,15131.9072265625,14745600
N026,Noise,AFLB1_output,-0.0009487642091698945,0.02554439008235931,-0.3144413828849792,0.2779538333415985,13152.7275390625,24.53952139613897,602.1881103515625,921600
N026,Noise,AFLB2_output,-0.0002854907943401486,0.02937226183712482,-0.3294137120246887,0.3853184282779694,41455.0390625,39.87898870626454,1590.333740234375,1843200
N026,Noise,AFLB3_output,-9.083825716516003e-05,0.008289845660328865,-0.07557028532028198,0.07365565001964569,23771.1875,15.91745925181538,253.3655090332031,3686400
N027,Noise,encoder_level1,0.001659430447034538,0.142338439822197,-0.4660880565643311,0.5433626770973206,803968.4375,386.5164331888103,149394.953125,7372800
N027,Noise,encoder_level2,0.01380142290145159,0.1975725442171097,-1.107950925827026,0.8659253120422363,579689.25,380.2636626408051,144600.453125,3686400
N027,Noise,encoder_level3,-0.02874980866909027,0.6808673143386841,-2.905729055404663,3.004953622817993,1017815.9375,925.1998770536019,855994.8125,1843200
N027,Noise,latent,0.03668131679296494,2.925081729888916,-21.8953685760498,16.70832824707031,1966578.5,2808.299129366386,7886544.0,921600
N027,Noise,decoder_level3,0.03919023647904396,1.237900137901306,-7.110053062438965,7.181663036346436,1803992.125,1681.470859099259,2827344.25,1843200
N027,Noise,decoder_level2,-0.01528732478618622,0.2906848192214966,-1.96392023563385,1.772085547447205,846673.5625,558.8861411325208,312353.71875,3686400
N027,Noise,decoder_level1,0.005299257580190897,0.07130668312311172,-0.3376187682151794,0.462594211101532,723487.4375,274.5727504915591,75390.1953125,14745600
N027,Noise,refinement,0.0001377728913212195,0.0312432236969471,-0.3056152760982513,0.2851617932319641,345722.4375,119.9751439101033,14394.03515625,14745600
N027,Noise,AFLB1_output,-0.001106098527088761,0.02596018277108669,-0.2228317409753799,0.2588211297988892,13429.32421875,24.94438638470337,622.222412109375,921600
N027,Noise,AFLB2_output,0.0004042412911076099,0.03071742877364159,-0.3212383687496185,0.3150297105312347,43571.87890625,41.70697692027228,1739.471923828125,1843200
N027,Noise,AFLB3_output,-0.0002977335534524173,0.008107728324830532,-0.05131710693240166,0.04810120537877083,23319.421875,15.57733109420721,242.6532440185547,3686400
N028,Noise,encoder_level1,0.0022241803817451,0.1444132924079895,-0.4552213251590729,0.6096117496490479,833488.25,392.1704826985325,153797.6875,7372800
N028,Noise,encoder_level2,0.00776682747527957,0.2020495682954788,-1.109803915023804,1.088284850120544,599033.0,388.2216868298318,150716.078125,3686400
N028,Noise,encoder_level3,-0.05000268667936325,0.6533971428871155,-2.921525478363037,3.362918138504028,978207.0625,889.6751513895395,791521.875,1843200
N028,Noise,latent,0.06211076676845551,2.612400531768799,-19.89946746826172,15.18693923950195,1778476.625,2508.61316268571,6293140.0,921600
N028,Noise,decoder_level3,-0.00457712821662426,1.071510195732117,-5.969817161560059,7.240435600280762,1542928.75,1454.743705949608,2116279.25,1843200
N028,Noise,decoder_level2,-0.003815669333562255,0.2435918897390366,-1.760505318641663,1.620550394058228,716476.0625,467.7538081084963,218793.625,3686400
N028,Noise,decoder_level1,0.004862344358116388,0.06853324919939041,-0.406218558549881,0.469807893037796,653778.9375,263.8292238835569,69605.859375,14745600
N028,Noise,refinement,-0.0003324057906866074,0.02549949660897255,-0.2824737727642059,0.2884703874588013,274837.3125,97.92638637485558,9589.5771484375,14745600
N028,Noise,AFLB1_output,-0.001123995753005147,0.02455799840390682,-0.2271571159362793,0.2623597979545593,12726.3876953125,23.60035865640473,556.9769287109375,921600
N028,Noise,AFLB2_output,-0.0004534649197012186,0.02618466503918171,-0.2646006643772125,0.3063454031944275,37088.80859375,35.55481024066926,1264.14453125,1843200
N028,Noise,AFLB3_output,-7.423195347655565e-05,0.007121935952454805,-0.06505842506885529,0.04884813725948334,20112.962890625,13.6748596072618,187.0017852783203,3686400
N029,Noise,encoder_level1,0.006934885866940022,0.1410255879163742,-0.4814026951789856,0.7260280251502991,810873.375,383.3880622163397,146986.40625,7372800
N029,Noise,encoder_level2,0.0217677503824234,0.2178958207368851,-1.304815649986267,1.217169404029846,644119.4375,420.4424009302582,176771.8125,3686400
N029,Noise,encoder_level3,-0.02773767895996571,0.7582784295082092,-3.459185838699341,3.366223573684692,1136831.125,1030.161455792246,1061232.625,1843200
N029,Noise,latent,0.02051141858100891,3.354300737380981,-22.65002250671387,19.15850448608398,2291816.5,3220.188969610324,10369617.0,921600
N029,Noise,decoder_level3,0.03396091610193253,1.20414674282074,-6.599685668945312,5.994351387023926,1758469.375,1635.453836095657,2674709.25,1843200
N029,Noise,decoder_level2,-0.005571149289608002,0.3043371140956879,-1.498356580734253,1.802421092987061,901560.4375,584.4251449073696,341552.75,3686400
N029,Noise,decoder_level1,0.004065762739628553,0.07328105717897415,-0.3530009388923645,0.488325446844101,762898.375,281.8320366370722,79429.296875,14745600
N029,Noise,refinement,0.0001458626938983798,0.03446952998638153,-0.3634860217571259,0.3550487160682678,384234.1875,132.3641697647063,17520.2734375,14745600
N029,Noise,AFLB1_output,-0.001343989279121161,0.03063164465129375,-0.2964611947536469,0.2733599245548248,16184.6689453125,29.43466969873176,866.3997802734375,921600
N029,Noise,AFLB2_output,0.0003264015540480614,0.03006182797253132,-0.3982033133506775,0.276432991027832,42435.4296875,40.81569725703734,1665.921142578125,1843200
N029,Noise,AFLB3_output,0.0001461727515561506,0.008826016448438168,-0.07183398306369781,0.06544667482376099,25228.62109375,16.94827569613693,287.2440490722656,3686400
N030,Noise,encoder_level1,0.003432530909776688,0.1472150236368179,-0.4847138226032257,0.5611621141433716,837815.6875,399.8401242997006,159872.125,7372800
N030,Noise,encoder_level2,0.01374003943055868,0.1956126987934113,-1.15087878704071,0.9598347544670105,574063.625,376.5017430238537,141753.5625,3686400
N030,Noise,encoder_level3,-0.03555446490645409,0.6645340919494629,-3.032577276229858,2.936299800872803,994945.5625,903.4917334984311,816297.3125,1843200
N030,Noise,latent,0.03846187144517899,2.736141204833984,-21.06429862976074,16.54866027832031,1820562.25,2626.954986291162,6900892.5,921600
N030,Noise,decoder_level3,0.005086932796984911,1.201564311981201,-6.349213600158691,6.225021839141846,1751419.375,1631.312431755487,2661180.25,1843200
N030,Noise,decoder_level2,-0.00674447463825345,0.281446099281311,-2.136735916137695,1.771516561508179,829490.6875,540.531653790969,292174.46875,3686400
N030,Noise,decoder_level1,0.006603525020182133,0.07162655144929886,-0.3202276229858398,0.4279164373874664,724744.0625,276.2123984590482,76293.2890625,14745600
N030,Noise,refinement,0.0006811721832491457,0.03170191496610641,-0.29320228099823,0.303120344877243,350903.25,121.763458573375,14826.33984375,14745600
N030,Noise,AFLB1_output,-0.0009856658289209008,0.02411818318068981,-0.2457810789346695,0.2517521381378174,12337.3603515625,23.17278503565322,536.9779663085938,921600
N030,Noise,AFLB2_output,-0.0005255189607851207,0.02943622134625912,-0.3254649341106415,0.3137980699539185,41729.7109375,39.97030911003269,1597.625610351562,1843200
N030,Noise,AFLB3_output,-0.0001901034120237455,0.008205085061490536,-0.06952840834856033,0.04843777790665627,23325.099609375,15.75799067202196,248.3142700195312,3686400
N031,Noise,encoder_level1,0.001772695686668158,0.138898491859436,-0.4900729954242706,0.5997568368911743,786279.0,377.1803696509138,142265.03125,7372800
N031,Noise,encoder_level2,0.0143883815035224,0.204227477312088,-1.143027901649475,0.99651700258255,592457.375,393.0887105667117,154518.734375,3686400
N031,Noise,encoder_level3,-0.01201096829026937,0.7166623473167419,-3.134618997573853,3.152191162109375,1088287.875,973.1097060455209,946942.5,1843200
N031,Noise,latent,-0.005394113250076771,3.261505365371704,-24.87562942504883,18.84589385986328,2151966.25,3131.049344868266,9803470.0,921600
N031,Noise,decoder_level3,0.01741929724812508,1.149543404579163,-7.359450340270996,6.096975326538086,1679466.0,1560.85104990835,2436256.0,1843200
N031,Noise,decoder_level2,-0.002573132980614901,0.2907705903053284,-1.93223762512207,1.696945667266846,854788.75,558.3014138885912,311700.46875,3686400
N031,Noise,decoder_level1,0.004099266603589058,0.07156267017126083,-0.3246219158172607,0.4579647779464722,749510.3125,275.2511211375896,75763.1796875,14745600
N031,Noise,refinement,0.0006716997013427317,0.03518738225102425,-0.3399295508861542,0.3122906684875488,397216.84375,135.1441576960506,18263.943359375,14745600
N031,Noise,AFLB1_output,-0.001298412098549306,0.02740607224404812,-0.2497047632932663,0.246710792183876,14592.111328125,26.33933830200561,693.7607421875,921600
N031,Noise,AFLB2_output,-0.0001704361638985574,0.02852066233754158,-0.3040838539600372,0.2929620444774628,40383.25390625,38.72162361965453,1499.364135742188,1843200
N031,Noise,AFLB3_output,0.000188134639756754,0.008283793926239014,-0.06208478286862373,0.04765337705612183,23752.875,15.90898663375171,253.0958557128906,3686400
N032,Noise,encoder_level1,0.003434943733736873,0.145367369055748,-0.4914578199386597,0.5683102607727051,823131.6875,394.8247633444488,155886.59375,7372800
N032,Noise,encoder_level2,0.01880194619297981,0.2008160799741745,-1.132115364074707,0.9503629207611084,587795.0625,387.253147178948,149965.0,3686400
N032,Noise,encoder_level3,-0.02657742239534855,0.7024254202842712,-2.926586627960205,3.163415193557739,1054000.125,954.3267587676665,910739.5625,1843200
N032,Noise,latent,0.02671317383646965,3.081364870071411,-20.93964767456055,16.20037841796875,2047938.875,2958.221425113407,8751074.0,921600
N032,Noise,decoder_level3,0.02079780213534832,1.133569955825806,-6.554234027862549,6.61628532409668,1651808.375,1539.244701144038,2369274.25,1843200
N032,Noise,decoder_level2,0.003615262219682336,0.2821551859378815,-2.298736810684204,1.796284675598145,831008.4375,541.7824459596305,293528.21875,3686400
N032,Noise,decoder_level1,0.00611029239371419,0.0706188976764679,-0.3268036842346191,0.4372312128543854,731709.8125,272.1897603235655,74087.265625,14745600
N032,Noise,refinement,0.0007573255570605397,0.03260955959558487,-0.3268649578094482,0.322944849729538,364782.0625,125.2544753441968,15688.68359375,14745600
N032,Noise,AFLB1_output,-0.001140200067311525,0.02667002379894257,-0.2115454077720642,0.2660976350307465,13903.70703125,25.62661008661212,656.72314453125,921600
N032,Noise,AFLB2_output,0.0001325134508078918,0.02812913991510868,-0.2910728454589844,0.398190051317215,39608.3125,38.18980947650253,1458.461547851562,1843200
N032,Noise,AFLB3_output,0.000209918012842536,0.00797427911311388,-0.06868468225002289,0.05170473456382751,23027.86328125,15.31591957990525,234.577392578125,3686400
N033,Noise,encoder_level1,0.006260087247937918,0.1462345868349075,-0.4932746291160583,0.6011747717857361,842799.375,397.4329935662111,157952.984375,7372800
N033,Noise,encoder_level2,0.02020639181137085,0.2014334797859192,-1.179515242576599,0.9594005346298218,595411.125,388.6932836440578,151082.46875,3686400
N033,Noise,encoder_level3,-0.03257042169570923,0.6882837414741516,-3.418264865875244,3.002543687820435,1029748.625,935.4906466662294,875142.75,1843200
N033,Noise,latent,0.07616037875413895,2.95410418510437,-22.39487075805664,18.55129623413086,1999971.625,2836.882355685551,8047901.5,921600
N033,Noise,decoder_level3,0.001143035944551229,1.244417905807495,-6.751174449920654,6.648778915405273,1811967.375,1689.478469824342,2854337.5,1843200
N033,Noise,decoder_level2,-0.01256707310676575,0.3116677105426788,-2.041134119033813,1.987487077713013,913874.25,598.8882669162922,358667.15625,3686400
N033,Noise,decoder_level1,0.005458015482872725,0.07403872907161713,-0.3840542733669281,0.469769150018692,741613.9375,285.0801970498828,81270.71875,14745600
N033,Noise,refinement,-0.0003125484217889607,0.03331471607089043,-0.3247414231300354,0.3295313715934753,369912.25,127.9341413823925,16367.14453125,14745600
N033,Noise,AFLB1_output,-0.0009622530196793377,0.02646975964307785,-0.2676785588264465,0.2451517730951309,13877.4765625,25.42775410277002,646.5706787109375,921600
N033,Noise,AFLB2_output,-0.0003323816636111587,0.03087387047708035,-0.3800472319126129,0.3778665065765381,43791.53515625,41.91818552065141,1757.13427734375,1843200
N033,Noise,AFLB3_output,-0.0002673455455806106,0.008774773217737675,-0.06976902484893799,0.05379969626665115,25270.203125,16.85538229627307,284.1039123535156,3686400
N034,Noise,encoder_level1,0.003277202136814594,0.1538781225681305,-0.4722640514373779,0.5754868984222412,889789.25,417.9184654331512,174655.84375,7372800
N034,Noise,encoder_level2,0.01210224162787199,0.1995291262865067,-1.029158115386963,0.8748996257781982,587279.9375,383.7999560317849,147302.40625,3686400
N034,Noise,encoder_level3,-0.04461727291345596,0.6760050654411316,-3.157066822052002,3.001559019088745,1010098.25,919.7717787581873,845980.125,1843200
N034,Noise,latent,0.06435845047235489,2.646826505661011,-17.46039581298828,14.29098701477051,1805055.375,2541.704447806629,6460261.5,921600
N034,Noise,decoder_level3,-0.0200284868478775,1.234291315078735,-6.733094215393066,6.954103946685791,1789731.5,1675.950103672541,2808808.75,1843200
N034,Noise,decoder_level2,-0.01140701491385698,0.2942277491092682,-2.034566640853882,1.94385039806366,860210.4375,565.3416279118318,319611.15625,3686400
N034,Noise,decoder_level1,0.006273912731558084,0.07312101870775223,-0.3226255178451538,0.4470736384391785,718616.0625,281.8164018913732,79420.484375,14745600
N034,Noise,refinement,6.89079679432325e-05,0.03083338774740696,-0.332180917263031,0.2855149805545807,340084.625,118.4004971880397,14018.677734375,14745600
N034,Noise,AFLB1_output,-0.000978826661594212,0.02389300055801868,-0.2501842081546783,0.2687973082065582,12378.3017578125,22.95652044746084,527.0018310546875,921600
N034,Noise,AFLB2_output,-0.0008633812540210783,0.03071186318993568,-0.2319142818450928,0.3230277299880981,43469.51953125,41.71228297254,1739.91455078125,1843200
N034,Noise,AFLB3_output,-0.0003929039812646806,0.008264300413429737,-0.06701362133026123,0.0583413727581501,23765.0859375,15.88537979205078,252.3452911376953,3686400
N035,Noise,encoder_level1,0.003524243133142591,0.1440103948116302,-0.492783784866333,0.586528480052948,819221.5,391.1470311788139,152996.0,7372800
N035,Noise,encoder_level2,0.02103045582771301,0.2015677839517593,-1.189300179481506,0.8954874277114868,596573.6875,389.110865467671,151407.265625,3686400
N035,Noise,encoder_level3,-0.03461367264389992,0.6888712644577026,-3.610070705413818,3.282118320465088,1023743.125,936.4224807745701,876887.0625,1843200
N035,Noise,latent,0.03547943010926247,2.910153388977051,-21.00445747375488,15.61639213562012,1956001.625,2793.954903000405,7806184.0,921600
N035,Noise,decoder_level3,0.02355272136628628,1.149650454521179,-7.285861968994141,7.313744068145752,1676002.875,1561.14469220505,2437172.75,1843200
N035,Noise,decoder_level2,-0.007829196751117706,0.2786873281002045,-1.836111307144165,1.707041263580322,816150.1875,535.290750433818,286536.1875,3686400
N035,Noise,decoder_level1,0.005404604133218527,0.07126578688621521,-0.3427474796772003,0.4600552320480347,723995.75,274.4464457093587,75320.8515625,14745600
N035,Noise,refinement,0.000345445383572951,0.03205413743853569,-0.3072593808174133,0.3255117535591125,356155.3125,123.0950391846682,15152.388671875,14745600
N035,Noise,AFLB1_output,-0.001233440241776407,0.02581899613142014,-0.2901034653186798,0.268732875585556,13318.515625,24.81450470097454,615.7596435546875,921600
N035,Noise,AFLB2_output,0.0002059755061054602,0.02834541909396648,-0.2934946715831757,0.3073364198207855,40125.1875,38.48403242843874,1481.020751953125,1843200
N035,Noise,AFLB3_output,-9.688903810456395e-05,0.008071915246546268,-0.06691038608551025,0.05353982746601105,22885.373046875,15.49919470879354,240.2250366210938,3686400
N036,Noise,encoder_level1,0.004776779096573591,0.1499118953943253,-0.4549310803413391,0.5454394817352295,847829.75,407.2608577435352,165861.40625,7372800
N036,Noise,encoder_level2,0.02199903130531311,0.1925911605358124,-0.9252175688743591,0.9570149183273315,565458.0,372.1795601588029,138517.625,3686400
N036,Noise,encoder_level3,-0.02629426121711731,0.6390178799629211,-2.81118106842041,3.426992893218994,958691.0625,868.2935491525893,753933.6875,1843200
N036,Noise,latent,0.08018578588962555,2.655964612960815,-22.84722900390625,15.67809295654297,1758763.0,2550.887884639386,6507029.0,921600
N036,Noise,decoder_level3,-0.001313913147896528,1.225879549980164,-6.316534519195557,6.055609226226807,1781222.875,1664.310292583688,2769928.75,1843200
N036,Noise,decoder_level2,-0.01296177320182323,0.3116421401500702,-1.648388981819153,1.379883170127869,923967.625,598.8702123582372,358645.53125,3686400
N036,Noise,decoder_level1,0.00519352313131094,0.07458173483610153,-0.3174301087856293,0.4518525302410126,744251.4375,287.0873805350907,82419.1640625,14745600
N036,Noise,refinement,0.0009068399085663259,0.03195808082818985,-0.3256500363349915,0.3647442162036896,353092.375,122.7684280019195,15072.0869140625,14745600
N036,Noise,AFLB1_output,-0.001048673642799258,0.02279619686305523,-0.2299684286117554,0.2417847514152527,11670.751953125,21.90749260919366,479.938232421875,921600
N036,Noise,AFLB2_output,-0.0005901942495256662,0.02937792986631393,-0.344684511423111,0.3599980175495148,41997.60546875,39.89284658913644,1591.439208984375,1843200
N036,Noise,AFLB3_output,-0.0002791547158267349,0.008959433063864708,-0.06674925237894058,0.04565728083252907,25797.431640625,17.21045962937355,296.1999206542969,3686400
N037,Noise,encoder_level1,0.004355182871222496,0.1498881131410599,-0.4731557369232178,0.57279372215271,864096.25,407.1614774877407,165780.46875,7372800
N037,Noise,encoder_level2,0.02009310200810432,0.1978167444467545,-1.130718946456909,0.9954620003700256,581571.5,381.7624424953298,145742.5625,3686400
N037,Noise,encoder_level3,-0.03547047823667526,0.6703313589096069,-3.284815311431885,3.266666412353516,1002045.25,911.345228220349,830550.125,1843200
N037,Noise,latent,0.07661792635917664,2.774375438690186,-19.52341651916504,14.48716831207275,1876385.75,2664.415789624435,7099111.5,921600
N037,Noise,decoder_level3,-0.005359376315027475,1.216476559638977,-6.766762733459473,6.461372852325439,1768805.25,1651.559414613958,2727648.5,1843200
N037,Noise,decoder_level2,-0.009612005203962326,0.2974096834659576,-1.670037984848022,1.618924975395203,873411.1875,571.3247215900954,326411.9375,3686400
N037,Noise,decoder_level1,0.005392135120928288,0.07185782492160797,-0.3422547578811646,0.4697962403297424,711029.625,276.7098124615388,76568.3203125,14745600
N037,Noise,refinement,0.0001503844105172902,0.03189767152070999,-0.3186427354812622,0.3004779815673828,354506.40625,122.4884162252701,15003.412109375,14745600
N037,Noise,AFLB1_output,-0.001085737021639943,0.02469678968191147,-0.251541405916214,0.2495835423469543,12827.544921875,23.73181869874283,563.19921875,921600
N037,Noise,AFLB2_output,-0.0006028290372341871,0.02964879386126995,-0.2706823348999023,0.34815314412117,42170.6484375,40.26085597000516,1620.9365234375,1843200
N037,Noise,AFLB3_output,-0.0001804267958505079,0.00836251862347126,-0.07238626480102539,0.05340072512626648,24125.55859375,16.05977242314483,257.9162902832031,3686400
N038,Noise,encoder_level1,0.003991151694208384,0.1424215137958527,-0.4680801033973694,0.5540738105773926,812536.3125,386.8675281992532,149666.484375,7372800
N038,Noise,encoder_level2,0.01418793108314276,0.2001399248838425,-1.010987281799316,0.863926112651825,591730.9375,385.2330057900024,148404.46875,3686400
N038,Noise,encoder_level3,-0.03673820570111275,0.6794334650039673,-3.263925552368164,2.86277174949646,1010348.8125,923.7769617174916,853363.875,1843200
N038,Noise,latent,0.04620856419205666,2.843705654144287,-22.34630966186523,15.25783061981201,1924324.75,2730.318021769625,7454636.5,921600
N038,Noise,decoder_level3,-0.005713840015232563,1.199704766273499,-7.995800018310547,7.315658569335938,1748357.0,1628.791576599044,2652962.0,1843200
N038,Noise,decoder_level2,-0.008661992847919464,0.2822935581207275,-2.29715895652771,2.01870584487915,826372.0,542.25873091173,294044.53125,3686400
N038,Noise,decoder_level1,0.005619930103421211,0.06976437568664551,-0.3247121274471283,0.450181782245636,712142.25,268.7630084061049,72233.5546875,14745600
N038,Noise,refinement,0.0003026954364031553,0.03231621533632278,-0.3230358362197876,0.269532173871994,359800.09375,124.0997031750076,15400.736328125,14745600
N038,Noise,AFLB1_output,-0.001005146186798811,0.02579152956604958,-0.2612984478473663,0.2740387916564941,13243.580078125,24.77866376006533,613.982177734375,921600
N038,Noise,AFLB2_output,-0.0003787330642808229,0.03041867911815643,-0.2634644508361816,0.5179781913757324,42304.55078125,41.30096727028239,1705.769897460938,1843200
N038,Noise,AFLB3_output,-0.0001943210227182135,0.008175032213330269,-0.0720260739326477,0.05604368820786476,23161.669921875,15.7004948629153,246.5055389404297,3686400
N039,Noise,encoder_level1,0.005127106793224812,0.1484904587268829,-0.4686474204063416,0.6173843741416931,846830.5,403.4349196276892,162759.734375,7372800
N039,Noise,encoder_level2,0.01954448781907558,0.2000934332609177,-1.126953125,0.8534475564956665,590194.6875,386.0077112247889,149001.953125,3686400
N039,Noise,encoder_level3,-0.04977896809577942,0.6832461357116699,-3.583585739135742,3.240394830703735,1011356.4375,930.0643122924349,865019.625,1843200
N039,Noise,latent,0.070170558989048,2.865508079528809,-16.76969528198242,14.42112731933594,1964573.25,2751.712557662955,7571922.0,921600
N039,Noise,decoder_level3,-0.025107616558671,1.286496758460999,-7.923172950744629,7.946544170379639,1860490.875,1746.938607965374,3051794.5,1843200
N039,Noise,decoder_level2,-0.01244250405579805,0.3286783695220947,-2.430307626724243,2.05156946182251,948898.4375,631.5144990417876,398810.5625,3686400
N039,Noise,decoder_level1,0.006539303343743086,0.07195432484149933,-0.3799439966678619,0.4628292918205261,740541.625,277.4433078351323,76974.7890625,14745600
N039,Noise,refinement,-6.764256249880418e-05,0.03347726911306381,-0.3232462406158447,0.3377053141593933,373210.78125,128.5529818426045,16525.869140625,14745600
N039,Noise,AFLB1_output,-0.001205095439217985,0.02716319262981415,-0.3151896297931671,0.316174328327179,13753.2861328125,26.10231427568971,681.330810546875,921600
N039,Noise,AFLB2_output,-0.0007322171586565673,0.03261464089155197,-0.3080298900604248,0.4114632904529572,45437.578125,44.29026074957817,1961.627197265625,1843200
N039,Noise,AFLB3_output,-0.0004394807328935713,0.009169397875666618,-0.0729500949382782,0.05695605278015137,26134.2578125,17.62545364553598,310.6566162109375,3686400
N040,Noise,encoder_level1,0.005508426111191511,0.1504739969968796,-0.4656642377376556,0.5925521850585938,861234.9375,408.8542298301438,167161.78125,7372800
N040,Noise,encoder_level2,0.02508914656937122,0.2003060430288315,-1.203458428382874,1.018018126487732,591189.9375,387.5926703705838,150228.078125,3686400
N040,Noise,encoder_level3,-0.04229547455906868,0.6856698989868164,-3.513536214828491,3.310991287231445,1016678.5,932.6657359418754,869865.375,1843200
N040,Noise,latent,0.08641991019248962,2.893696308135986,-21.29130744934082,20.95231628417969,1958094.875,2779.187201323437,7723881.5,921600
N040,Noise,decoder_level3,0.0009635374299250543,1.231221318244934,-7.345025539398193,6.415303230285645,1784895.5,1671.561994064235,2794119.5,1843200
N040,Noise,decoder_level2,-0.01283542811870575,0.3080810010433197,-2.048638820648193,2.183982372283936,898790.875,592.0286627351753,350497.9375,3686400
N040,Noise,decoder_level1,0.005893330089747906,0.07259878516197205,-0.3831304311752319,0.4544812142848969,728519.6875,279.6963615914587,78230.0546875,14745600
N040,Noise,refinement,0.0003511943214107305,0.03296324238181114,-0.3140349388122559,0.331447422504425,365077.9375,126.5860240483719,16024.021484375,14745600
N040,Noise,AFLB1_output,-0.0008947295136749744,0.02614750899374485,-0.2633560597896576,0.2656626105308533,13374.716796875,25.11629931361182,630.8284912109375,921600
N040,Noise,AFLB2_output,-0.0002260330657009035,0.03016918897628784,-0.2854574918746948,0.3869791328907013,42653.9296875,40.96019915770751,1677.737915039062,1843200
N040,Noise,AFLB3_output,-0.000317064841510728,0.008743551559746265,-0.07604514807462692,0.06373567134141922,24927.845703125,16.79865270389312,282.1947326660156,3686400
N041,Noise,encoder_level1,0.00108027143869549,0.1402629762887955,-0.5465289354324341,0.6432079672813416,798829.0,380.8659541098417,145058.875,7372800
N041,Noise,encoder_level2,0.01150275953114033,0.2036615014076233,-1.208651900291443,1.037962794303894,598398.3125,391.6532865622348,153392.296875,3686400
N041,Noise,encoder_level3,-0.02177772484719753,0.6997133493423462,-3.196889162063599,3.274132966995239,1044649.6875,950.4223403308657,903302.625,1843200
N041,Noise,latent,0.006088958121836185,2.987412214279175,-22.81574249267578,22.0185661315918,2014328.625,2867.921721386412,8224975.0,921600
N041,Noise,decoder_level3,-0.002270255703479052,1.17883026599884,-7.567946910858154,7.266275405883789,1712894.125,1600.435956231926,2561395.25,1843200
N041,Noise,decoder_level2,-0.007652121130377054,0.2958440184593201,-2.121381282806396,2.120917320251465,860298.375,568.2105133663051,322863.1875,3686400
N041,Noise,decoder_level1,0.004012635443359613,0.07104245573282242,-0.3502897024154663,0.4614597260951996,713825.3125,273.2378342442715,74658.9140625,14745600
N041,Noise,refinement,-6.705631676595658e-05,0.03190222010016441,-0.3285569548606873,0.2930639982223511,353955.5,122.5047950273274,15007.4248046875,14745600
N041,Noise,AFLB1_output,-0.001078172004781663,0.02706309780478477,-0.2852622270584106,0.2921411693096161,14149.7841796875,26.00118428980988,676.0615844726562,921600
N041,Noise,AFLB2_output,-0.0004538455395959318,0.02914225682616234,-0.4236348569393158,0.3242307305335999,41215.03125,39.56963613069527,1565.756103515625,1843200
N041,Noise,AFLB3_output,-8.083783905021846e-05,0.008310394361615181,-0.07214328646659851,0.05403510481119156,23767.048828125,15.95671233998946,254.6166687011719,3686400
N042,Noise,encoder_level1,0.00449097529053688,0.1459888219833374,-0.5117146968841553,0.6259980201721191,831563.625,396.5895430101505,157283.265625,7372800
N042,Noise,encoder_level2,0.02243170887231827,0.1968348622322083,-1.25496780872345,1.006508946418762,580877.375,380.3691258172777,144680.671875,3686400
N042,Noise,encoder_level3,-0.03210682049393654,0.6637727618217468,-3.490718841552734,3.183746576309204,985910.3125,902.221355876705,814003.375,1843200
N042,Noise,latent,0.0762859582901001,2.826070308685303,-22.89167213439941,18.6310920715332,1895234.25,2714.015843726783,7365882.0,921600
N042,Noise,decoder_level3,-0.002417233772575855,1.192224621772766,-7.284833431243896,6.124247074127197,1730396.25,1618.621249706058,2619934.75,1843200
N042,Noise,decoder_level2,-0.01463181059807539,0.302357017993927,-2.032291889190674,2.448548793792725,883588.8125,581.2048369550962,337799.0625,3686400
N042,Noise,decoder_level1,0.005469645373523235,0.07294533401727676,-0.3680039942264557,0.4648455679416656,725734.3125,280.8964305353487,78902.8046875,14745600
N042,Noise,refinement,5.258341479930095e-05,0.03313852101564407,-0.319159209728241,0.331462562084198,367082.0,127.2520797349694,16193.091796875,14745600
N042,Noise,AFLB1_output,-0.0009984468342736363,0.02498554810881615,-0.2597962617874146,0.237806648015976,12868.1533203125,24.00526879015313,576.2529296875,921600
N042,Noise,AFLB2_output,-0.0003491092356853187,0.02922306954860687,-0.2868659198284149,0.3265328407287598,41394.72265625,39.6773870604569,1574.295043945312,1843200
N042,Noise,AFLB3_output,-0.0003362160932738334,0.008542061783373356,-0.0695490911602974,0.05346986278891563,24466.44921875,16.41345823792552,269.401611328125,3686400
N043,Noise,encoder_level1,0.001317764865234494,0.1444291621446609,-0.4840104877948761,0.6394304633140564,818763.8125,392.1833714922141,153807.796875,7372800
N043,Noise,encoder_level2,0.01773256063461304,0.2025673985481262,-1.327050805091858,1.047784924507141,596300.0625,390.4167644966082,152425.25,3686400
N043,Noise,encoder_level3,-0.03658827021718025,0.7017984986305237,-3.654173374176025,3.256492376327515,1038292.5,954.0872601602015,910282.5,1843200
N043,Noise,latent,0.03354135900735855,2.950095415115356,-21.41378784179688,20.24578094482422,1997347.5,2832.274439386127,8021778.5,921600
N043,Noise,decoder_level3,0.005095797590911388,1.209023594856262,-7.211955070495605,8.281109809875488,1757354.875,1641.439459742576,2694323.5,1843200
N043,Noise,decoder_level2,-0.0007416237494908273,0.2987819314002991,-1.939852952957153,1.828365564346313,868335.6875,573.6630925464876,329089.34375,3686400
N043,Noise,decoder_level1,0.005726232193410397,0.07134848088026047,-0.3551192283630371,0.4533902108669281,719856.9375,274.8591116372168,75547.53125,14745600
N043,Noise,refinement,0.0003262232639826834,0.03171286359429359,-0.3102164268493652,0.2985495030879974,351492.84375,121.7838441153013,14831.3046875,14745600
N043,Noise,AFLB1_output,-0.0008552244398742914,0.02700882777571678,-0.3029850423336029,0.3152779042720795,13930.8701171875,25.94147065804759,672.9598999023438,921600
N043,Noise,AFLB2_output,-0.00031593709718436,0.02991685830056667,-0.4829760789871216,0.296992689371109,42329.7578125,40.61873900071016,1649.881958007812,1843200
N043,Noise,AFLB3_output,1.409570359101053e-05,0.008366779424250126,-0.0711134597659111,0.06122211366891861,23955.90234375,16.06423928904033,258.0597839355469,3686400
N044,Noise,encoder_level1,0.00739364605396986,0.1484524756669998,-0.4624355733394623,0.6270387172698975,866792.9375,403.5911645774719,162885.828125,7372800
N044,Noise,encoder_level2,0.0260811448097229,0.2042607516050339,-1.202816486358643,1.054055213928223,606066.9375,395.3647050509188,156313.25,3686400
N044,Noise,encoder_level3,-0.04005815833806992,0.6981745362281799,-2.894432306289673,3.259795665740967,1050200.875,949.4320670801045,901421.25,1843200
N044,Noise,latent,0.06572185456752777,2.950729370117188,-19.55109786987305,16.88003158569336,2014418.5,2833.402724640463,8028171.0,921600
N044,Noise,decoder_level3,-1.921335933730006e-05,1.177329182624817,-6.39826488494873,6.336245536804199,1711169.625,1598.395210828661,2554867.25,1843200
N044,Noise,decoder_level2,-0.009771277196705341,0.319394439458847,-2.39927864074707,2.071940183639526,928669.1875,613.5242456496727,376412.0,3686400
N044,Noise,decoder_level1,0.005671913735568523,0.07270509749650955,-0.3217313885688782,0.4756971895694733,728494.8125,280.0358654485171,78420.0859375,14745600
N044,Noise,refinement,0.0002927011228166521,0.03520990908145905,-0.375941127538681,0.3469272255897522,391833.625,135.2107224044195,18281.939453125,14745600
N044,Noise,AFLB1_output,-0.00132671685423702,0.02691099047660828,-0.2577677071094513,0.2471732348203659,14060.2998046875,25.86592746478041,669.0462036132812,921600
N044,Noise,AFLB2_output,-0.0005867595318704844,0.02898937277495861,-0.3897713422775269,0.398087739944458,41056.77734375,39.36533704596199,1549.629760742188,1843200
N044,Noise,AFLB3_output,-0.000227323078433983,0.009005594067275524,-0.06977453082799911,0.05752158910036087,25706.30078125,17.29624688335594,299.16015625,3686400
N045,Noise,encoder_level1,0.005765211302787066,0.1508822441101074,-0.4224401116371155,0.5389503240585327,860382.5,409.988014306516,168090.171875,7372800
N045,Noise,encoder_level2,0.02948418073356152,0.1953627318143845,-0.9408843517303467,0.822695791721344,583375.6875,379.3441709055248,143902.0,3686400
N045,Noise,encoder_level3,-0.04456821829080582,0.6459354758262634,-2.699506521224976,2.702744960784912,959566.1875,879.0360487488554,772704.375,1843200
N045,Noise,latent,0.09124893695116043,2.588687181472778,-13.41664123535156,13.10081195831299,1768876.0,2486.683031670904,6183592.5,921600
N045,Noise,decoder_level3,-0.01445643696933985,1.209874629974365,-7.088878631591797,7.407032012939453,1756020.375,1642.697552807576,2698455.25,1843200
N045,Noise,decoder_level2,-0.01727567054331303,0.3080236911773682,-2.094433069229126,1.757639527320862,900539.4375,592.3348926072142,350860.625,3686400
N045,Noise,decoder_level1,0.006207638885825872,0.07497303187847137,-0.3625063002109528,0.4693599939346313,741558.6875,288.8815987995774,83452.578125,14745600
N045,Noise,refinement,0.0001308741775574163,0.03257230669260025,-0.3170653581619263,0.3142288625240326,360005.40625,125.0786627486879,15644.671875,14745600
N045,Noise,AFLB1_output,-0.001100229448638856,0.02370191551744938,-0.2023407220840454,0.2577208578586578,12084.142578125,22.77834022054998,518.852783203125,921600
N045,Noise,AFLB2_output,-0.0005356909241527319,0.03030777722597122,-0.182478278875351,0.3306050896644592,42915.9453125,41.15362943678616,1693.621215820312,1843200
N045,Noise,AFLB3_output,-0.000544124050065875,0.008748415857553482,-0.07295864820480347,0.04976747930049896,25059.265625,16.82941524620796,283.2292175292969,3686400
N046,Noise,encoder_level1,0.002750535495579243,0.1466905176639557,-0.4771991968154907,0.6441230773925781,837690.0,398.3773336925684,158704.5,7372800
N046,Noise,encoder_level2,0.01655047573149204,0.2055675685405731,-1.401029467582703,1.258097887039185,598030.0625,395.9668546734688,156789.75,3686400
N046,Noise,encoder_level3,-0.03005410358309746,0.7154980301856995,-3.801193714141846,3.42694878578186,1072049.5,972.2489071734666,945267.9375,1843200
N046,Noise,latent,0.04533379897475243,3.11310076713562,-23.57967185974121,21.06468200683594,2067162.5,2988.893440723507,8933484.0,921600
N046,Noise,decoder_level3,0.04057389870285988,1.179713845252991,-8.270574569702148,7.127289295196533,1718176.375,1602.57971720598,2568261.75,1843200
N046,Noise,decoder_level2,-0.003897080663591623,0.2916724681854248,-2.060773372650146,1.898176431655884,853994.25,560.0611015773189,313668.4375,3686400
N046,Noise,decoder_level1,0.005026053171604872,0.07107353955507278,-0.4763171076774597,0.4620199799537659,727800.125,273.603956477241,74859.125,14745600
N046,Noise,refinement,0.0004880724882241338,0.03347652032971382,-0.4110648334026337,0.3055750131607056,372973.40625,128.5635026698868,16528.57421875,14745600
N046,Noise,AFLB1_output,-0.0009621777571737766,0.02669442445039749,-0.2712752521038055,0.3097609579563141,13936.228515625,25.64328853853016,657.5782470703125,921600
N046,Noise,AFLB2_output,0.0007819317397661507,0.02947026491165161,-0.4898579120635986,0.3376331329345703,41432.8359375,40.02424192169353,1601.93994140625,1843200
N046,Noise,AFLB3_output,-1.706726106931455e-05,0.008460753597319126,-0.0752948597073555,0.05636803805828094,23942.6328125,16.24468155905428,263.8896789550781,3686400
N047,Noise,encoder_level1,0.003099663415923715,0.1473892778158188,-0.477640300989151,0.5763033032417297,832912.75,400.2931152605551,160234.578125,7372800
N047,Noise,encoder_level2,0.02324751019477844,0.1999857276678085,-1.237819910049438,0.989761233329773,585724.125,386.5582103642348,149427.25,3686400
N047,Noise,encoder_level3,-0.03027751110494137,0.6931554079055786,-3.260295629501343,2.991918087005615,1040348.5625,941.9563418757793,887281.75,1843200
N047,Noise,latent,0.06590645760297775,2.986165046691895,-21.84500885009766,17.80740737915039,1984508.5,2867.416781704397,8222079.0,921600
N047,Noise,decoder_level3,0.02146472595632076,1.173833608627319,-5.932049751281738,6.245366096496582,1718132.25,1593.915775692053,2540567.5,1843200
N047,Noise,decoder_level2,0.00119631236884743,0.2856158912181854,-1.854071736335754,1.495718002319336,846470.5,548.3872947105905,300728.625,3686400
N047,Noise,decoder_level1,0.005642421077936888,0.07077442109584808,-0.3472950458526611,0.4338477253913879,727231.5,272.6360898707286,74330.4375,14745600
N047,Noise,refinement,0.0007639910909347236,0.03279124200344086,-0.3255622684955597,0.2928978204727173,366114.03125,125.9525386492368,15864.0419921875,14745600
N047,Noise,AFLB1_output,-0.0008112743962556124,0.02583318203687668,-0.1945351213216782,0.2625204026699066,13402.2978515625,24.81208182109826,615.639404296875,921600
N047,Noise,AFLB2_output,0.0002457127848174423,0.02917302399873734,-0.3640690445899963,0.3751396536827087,41188.5703125,39.60801279708912,1568.794677734375,1843200
N047,Noise,AFLB3_output,0.0001488779089413583,0.008383035659790039,-0.07318966090679169,0.04835299029946327,23883.044921875,16.09796668060908,259.14453125,3686400
N048,Noise,encoder_level1,0.003926140256226063,0.1525281220674515,-0.5978978276252747,0.5981335639953613,878415.9375,414.2952789074478,171640.578125,7372800
N048,Noise,encoder_level2,0.01956100016832352,0.210303783416748,-1.228935360908508,1.120056629180908,617718.25,405.5261628427937,164451.46875,3686400
N048,Noise,encoder_level3,-0.05180906876921654,0.7371756434440613,-3.660685777664185,3.552234411239624,1092454.375,1003.291551594052,1006593.9375,1843200
N048,Noise,latent,0.04479575529694557,3.075863361358643,-20.68155670166016,18.0944938659668,2107466.25,2953.141886195108,8721047.0,921600
N048,Noise,decoder_level3,0.01059482619166374,1.232668280601501,-8.308341026306152,7.683432579040527,1785545.875,1673.587762861571,2800896.0,1843200
N048,Noise,decoder_level2,-0.005343062803149223,0.3202445209026337,-2.398714303970337,2.341429471969604,921961.0625,614.9550796602952,378169.75,3686400
N048,Noise,decoder_level1,0.006200410425662994,0.07225655764341354,-0.3688602149486542,0.4792841672897339,739177.75,278.4848795266989,77553.828125,14745600
N048,Noise,refinement,0.0002518444089218974,0.03327265381813049,-0.3433436155319214,0.4420579075813293,369112.5,127.7706456531585,16325.337890625,14745600
N048,Noise,AFLB1_output,-0.001032806816510856,0.02836310863494873,-0.2684528231620789,0.3084448873996735,14688.162109375,27.24663109909186,742.37890625,921600
N048,Noise,AFLB2_output,-0.0001505043765064329,0.03086680732667446,-0.4953328669071198,0.3732477128505707,43214.19140625,41.9066650916243,1756.168579101562,1843200
N048,Noise,AFLB3_output,-7.341403397731483e-05,0.00893379282206297,-0.07078380137681961,0.08084965497255325,25383.5625,17.15346150067321,294.2412414550781,3686400
N049,Noise,encoder_level1,0.009088772349059582,0.1520191133022308,-0.4482712745666504,0.5571337938308716,893498.8125,413.5130552654898,170993.046875,7372800
N049,Noise,encoder_level2,0.01645220257341862,0.2042437344789505,-1.10917329788208,0.8636698722839355,610202.25,393.4181736714764,154777.859375,3686400
N049,Noise,encoder_level3,-0.05845680087804794,0.6831485629081726,-3.003927230834961,2.502246618270874,1022554.3125,930.8626375572284,866505.25,1843200
N049,Noise,latent,0.1071381494402885,2.758184194564819,-17.95122337341309,14.31099033355713,1921972.625,2649.853769550312,7021725.0,921600
N049,Noise,decoder_level3,-0.01754264533519745,1.200563430786133,-7.025307655334473,7.331027507781982,1737814.5,1630.113032890664,2657268.5,1843200
N049,Noise,decoder_level2,-0.01661047153174877,0.2756443023681641,-1.898289203643799,1.647633790969849,806323.3125,530.1970742092038,281108.9375,3686400
N049,Noise,decoder_level1,0.007093421649187803,0.0722678005695343,-0.3130419254302979,0.4753277897834778,716926.25,278.8419551242245,77752.8359375,14745600
N049,Noise,refinement,-0.0001552377798361704,0.03037505783140659,-0.302645742893219,0.3476750254631042,331625.78125,116.6417500364363,13605.2978515625,14745600
N049,Noise,AFLB1_output,-0.001495475065894425,0.02574820071458817,-0.2028270661830902,0.2686096429824829,13428.8642578125,24.75993009246177,613.0541381835938,921600
N049,Noise,AFLB2_output,-0.0008924016146920621,0.02996439859271049,-0.2506684362888336,0.4347313046455383,42022.1875,40.69905209948845,1656.412841796875,1843200
N049,Noise,AFLB3_output,-0.0004262638976797462,0.007889198139309883,-0.06790679693222046,0.04712093621492386,22481.720703125,15.16935544057235,230.1093444824219,3686400
N050,Noise,encoder_level1,0.008993715979158878,0.1535170674324036,-0.4502468407154083,0.5771597027778625,905562.875,417.5581172124427,174354.78125,7372800
N050,Noise,encoder_level2,0.01803978532552719,0.206880122423172,-1.073519945144653,0.9690534472465515,611828.8125,398.7171028749582,158975.328125,3686400
N050,Noise,encoder_level3,-0.04096410796046257,0.704960286617279,-3.313093423843384,2.845656633377075,1061202.5,958.7002594659084,919106.1875,1843200
N050,Noise,latent,0.1278996467590332,2.992112874984741,-20.15239524841309,16.18623924255371,2077425.75,2875.051303890071,8265920.0,921600
N050,Noise,decoder_level3,0.003323961980640888,1.205322027206421,-6.220501899719238,8.043758392333984,1752773.75,1636.405741251234,2677823.75,1843200
N050,Noise,decoder_level2,-0.007849395275115967,0.296175092458725,-1.774933099746704,1.716786026954651,872338.875,568.8558418000117,323596.96875,3686400
N050,Noise,decoder_level1,0.006502662785351276,0.07126117497682571,-0.3588493168354034,0.4751299321651459,726243.375,274.7798266339798,75503.953125,14745600
N050,Noise,refinement,0.000374911556718871,0.0324140228331089,-0.3019247651100159,0.3457174003124237,359422.40625,124.478168580378,15494.814453125,14745600
N050,Noise,AFLB1_output,-0.0008321524946950376,0.02762190625071526,-0.2476571351289749,0.2625810205936432,14482.1591796875,26.52906098338492,703.7910766601562,921600
N050,Noise,AFLB2_output,-0.0003672131279017776,0.02994702942669392,-0.338266909122467,0.3877402245998383,42263.109375,40.66049230845127,1653.275634765625,1843200
N050,Noise,AFLB3_output,-1.818234704842325e-05,0.008367846719920635,-0.07314497232437134,0.04802082479000092,24166.634765625,16.06630415342591,258.1261291503906,3686400
N051,Noise,encoder_level1,0.004005856346338987,0.1431382447481155,-0.4901610314846039,0.5989124774932861,813424.6875,388.8140220593903,151176.34375,7372800
N051,Noise,encoder_level2,0.01547551900148392,0.2013868987560272,-1.265473604202271,1.192628741264343,585483.125,387.8028050762397,150391.015625,3686400
N051,Noise,encoder_level3,-0.03779492154717445,0.6942389011383057,-3.527448415756226,3.99883770942688,1031428.6875,943.9257121193383,890995.75,1843200
N051,Noise,latent,0.05978865548968315,2.953889846801758,-21.38561820983887,23.28902053833008,1951762.5,2836.315038919337,8044683.0,921600
N051,Noise,decoder_level3,0.01377096399664879,1.222201704978943,-8.529624938964844,7.00358772277832,1781858.25,1659.421359992693,2753679.25,1843200
N051,Noise,decoder_level2,-0.01172022894024849,0.3017168045043945,-2.149889230728149,2.026178359985352,879407.125,579.7331282581667,336090.5,3686400
N051,Noise,decoder_level1,0.005663879215717316,0.07251472771167755,-0.3808319270610809,0.4471054077148438,741259.4375,279.3046611676934,78011.09375,14745600
N051,Noise,refinement,0.0003396267420612276,0.03453051298856735,-0.3027158975601196,0.3097527325153351,381462.09375,132.6035709596465,17583.70703125,14745600
N051,Noise,AFLB1_output,-0.0009130762773565948,0.02642539143562317,-0.2647093534469604,0.3058586716651917,13378.759765625,25.38351462940872,644.3228149414062,921600
N051,Noise,AFLB2_output,-0.0002133447269443423,0.02997546270489693,-0.3439862132072449,0.4276811480522156,42538.0859375,40.69706948717253,1656.25146484375,1843200
N051,Noise,AFLB3_output,-0.0002761220675893128,0.0086525222286582,-0.08018337935209274,0.0572204664349556,24567.03515625,16.62129984816405,276.2676086425781,3686400
N052,Noise,encoder_level1,0.008699984289705753,0.1603709310293198,-0.4636276960372925,0.5508320927619934,955022.5625,436.0938832407535,190177.875,7372800
N052,Noise,encoder_level2,0.01463637687265873,0.2009884268045425,-0.9181885719299316,0.8686978220939636,593801.75,386.9196460507013,149706.8125,3686400
N052,Noise,encoder_level3,-0.06019102409482002,0.6754762530326843,-2.779317140579224,2.601146459579468,1012985.0625,920.6906714526872,847671.3125,1843200
N052,Noise,latent,0.1428728103637695,2.658431053161621,-16.48521614074707,13.52803993225098,1874034.0,2555.77678994078,6531995.0,921600
N052,Noise,decoder_level3,-0.02073757164180279,1.233886361122131,-7.103908061981201,6.431488990783691,1789121.375,1675.41629155264,2807019.75,1843200
N052,Noise,decoder_level2,-0.01133098639547825,0.2854912877082825,-1.753814458847046,1.956222534179688,835043.75,548.5748296723065,300934.34375,3686400
N052,Noise,decoder_level1,0.007476533763110638,0.07223202288150787,-0.3221766352653503,0.4651957750320435,705405.75,278.8528537822412,77758.9140625,14745600
N052,Noise,refinement,0.0004646903835237026,0.02996756136417389,-0.3089431524276733,0.3088045120239258,327647.6875,115.0892698693605,13245.5400390625,14745600
N052,Noise,AFLB1_output,-0.001228924607858062,0.02519644796848297,-0.2646233141422272,0.2354005873203278,13178.556640625,24.21734370917101,586.479736328125,921600
N052,Noise,AFLB2_output,-0.0007654701475985348,0.03061350248754025,-0.2388584315776825,0.3238608539104462,43037.91015625,41.57525796907714,1728.502075195312,1843200
N052,Noise,AFLB3_output,-0.0003343847347423434,0.008055215701460838,-0.07829473167657852,0.05430901423096657,23068.490234375,15.47933369782161,239.6097717285156,3686400
N053,Noise,encoder_level1,0.006770846899598837,0.1557365655899048,-0.4846839904785156,0.5506287813186646,901965.0,423.269399289625,179156.984375,7372800
N053,Noise,encoder_level2,0.01326923258602619,0.2002518177032471,-1.030832648277283,0.8485046625137329,592226.375,385.3266471449905,148476.625,3686400
N053,Noise,encoder_level3,-0.04492524638772011,0.665840744972229,-2.799537181854248,2.452857494354248,1002544.8125,906.0306631124578,820891.5625,1843200
N053,Noise,latent,0.1092956513166428,2.632640361785889,-19.46485900878906,12.5497932434082,1792599.875,2529.51181060694,6398430.0,921600
N053,Noise,decoder_level3,-0.04230295494198799,1.23648476600647,-6.544323921203613,7.812793731689453,1795733.5,1679.689480231391,2821356.75,1843200
N053,Noise,decoder_level2,-0.01256888825446367,0.2916267514228821,-1.603040933609009,1.525390148162842,859448.125,560.4431840070856,314096.5625,3686400
N053,Noise,decoder_level1,0.006413924973458052,0.07251276820898056,-0.31611567735672,0.4658533334732056,721024.8125,279.5361811331406,78140.4765625,14745600
N053,Noise,refinement,-1.269761014555115e-05,0.03158072382211685,-0.3200576901435852,0.3172187805175781,348518.8125,121.2699927138305,14706.4111328125,14745600
N053,Noise,AFLB1_output,-0.0007318740244954824,0.02395534701645374,-0.2118920385837555,0.2721472680568695,12318.576171875,23.0078629031706,529.3617553710938,921600
N053,Noise,AFLB2_output,-0.001607915037311614,0.030234320089221,-0.2936805486679077,0.3495119214057922,42898.98046875,41.10547895829247,1689.660400390625,1843200
N053,Noise,AFLB3_output,-0.0004329202638473362,0.008408574387431145,-0.07080724090337753,0.04258359968662262,24026.35546875,16.16584655149747,261.3345947265625,3686400
N054,Noise,encoder_level1,0.003100669011473656,0.1527960151433945,-0.5062177181243896,0.5652586221694946,878972.375,414.9708950637382,172200.84375,7372800
N054,Noise,encoder_level2,0.01618879288434982,0.2029296010732651,-1.214321374893188,0.9232926964759827,594129.125,390.8626876858419,152773.640625,3686400
N054,Noise,encoder_level3,-0.03980517759919167,0.6997175812721252,-3.205725431442261,3.495655536651611,1051223.5,951.5039739801406,905359.8125,1843200
N054,Noise,latent,0.05629577487707138,2.869661092758179,-20.00292205810547,15.43443298339844,1935007.125,2755.404688970388,7592255.0,921600
N054,Noise,decoder_level3,-0.0003954866260755807,1.189936280250549,-6.841343879699707,7.489902019500732,1728154.875,1615.511064647965,2609876.0,1843200
N054,Noise,decoder_level2,-0.004995658528059721,0.3030804097652435,-2.151741981506348,1.961260557174683,879477.375,581.9934224284669,338716.34375,3686400
N054,Noise,decoder_level1,0.005743189249187708,0.07126235961914062,-0.3560865521430969,0.4572097659111023,724152.5,274.5346773405866,75369.2890625,14745600
N054,Noise,refinement,0.0005031553446315229,0.03297273442149162,-0.3100944459438324,0.2928601801395416,367387.03125,126.6300359931442,16035.166015625,14745600
N054,Noise,AFLB1_output,-0.0007973095052875578,0.02542895637452602,-0.2252881824970245,0.2727000713348389,13251.1904296875,24.42379555987933,596.5217895507812,921600
N054,Noise,AFLB2_output,-0.0003179943596478552,0.02960626594722271,-0.2180740237236023,0.355128139257431,41707.99609375,40.19711867297674,1615.808349609375,1843200
N054,Noise,AFLB3_output,-0.0001788731024134904,0.008683081716299057,-0.07905635982751846,0.05444888025522232,24541.1640625,16.67505333018318,278.0574035644531,3686400
N055,Noise,encoder_level1,0.002757256850600243,0.1454114317893982,-0.6131479144096375,0.6110632419586182,824628.375,394.9051903621931,155950.109375,7372800
N055,Noise,encoder_level2,0.02134810201823711,0.204916849732399,-1.180327415466309,1.046749234199524,602730.1875,395.5696643765798,156475.359375,3686400
N055,Noise,encoder_level3,-0.03447287902235985,0.7116836905479431,-3.679094552993774,3.559253215789795,1056385.875,967.3466286704058,935759.5,1843200
N055,Noise,latent,0.04781351983547211,3.05567741394043,-21.00929832458496,20.36814880371094,2044335.75,2933.809468932841,8607238.0,921600
N055,Noise,decoder_level3,0.03708156570792198,1.166888833045959,-7.516055583953857,8.010252952575684,1696473.375,1585.020504599231,2512290.0,1843200
N055,Noise,decoder_level2,-0.008597561158239841,0.2978245913982391,-2.427878379821777,2.06334114074707,865462.125,572.0614586738037,327254.3125,3686400
N055,Noise,decoder_level1,0.004941347520798445,0.07133856415748596,-0.3802141547203064,0.4465814530849457,733200.9375,274.5964652904331,75403.21875,14745600
N055,Noise,refinement,0.0003798942198045552,0.0339549295604229,-0.3142426609992981,0.3312790393829346,378214.3125,130.3950952274471,17002.880859375,14745600
N055,Noise,AFLB1_output,-0.001053571584634483,0.02741117775440216,-0.4188255965709686,0.2986930310726166,13995.76171875,26.33416102915328,693.488037109375,921600
N055,Noise,AFLB2_output,0.0007305655744858086,0.02941134944558144,-0.4542633593082428,0.4179361760616302,41110.53515625,39.94248795142836,1595.40234375,1843200
N055,Noise,AFLB3_output,-0.0001392959238728508,0.008520177565515041,-0.06833065301179886,0.07785307615995407,24145.71875,16.3609269798696,267.679931640625,3686400
N056,Noise,encoder_level1,0.007186351343989372,0.1450339108705521,-0.5195260643959045,0.5976595878601074,836997.625,394.292245675717,155466.375,7372800
N056,Noise,encoder_level2,0.005063342861831188,0.2117372751235962,-1.188395619392395,1.072140693664551,618326.125,406.6518012993426,165365.6875,3686400
N056,Noise,encoder_level3,-0.03407247364521027,0.719329297542572,-2.996299028396606,3.840414762496948,1090695.875,977.6887605470363,955875.3125,1843200
N056,Noise,latent,0.0750388354063034,3.061790466308594,-19.88839721679688,18.7497730255127,2079439.125,2940.201523705476,8644785.0,921600
N056,Noise,decoder_level3,0.02651830017566681,1.219002962112427,-5.862109184265137,6.857471466064453,1793699.75,1655.364914452399,2740233.0,1843200
N056,Noise,decoder_level2,-0.008977006189525127,0.3045167326927185,-2.046770095825195,2.021462440490723,904146.9375,584.9261171293346,342138.5625,3686400
N056,Noise,decoder_level1,0.004759720526635647,0.07317865639925003,-0.3585773706436157,0.4306299090385437,771340.375,281.5998102360866,79298.453125,14745600
N056,Noise,refinement,0.0005559638375416398,0.03564742207527161,-0.397925078868866,0.3036788403987885,400006.125,136.9027440489233,18742.361328125,14745600
N056,Noise,AFLB1_output,-0.001196080003865063,0.02721908688545227,-0.2542966604232788,0.2449522167444229,14478.6982421875,26.1555394448737,684.1122436523438,921600
N056,Noise,AFLB2_output,8.258657180704176e-05,0.03008384071290493,-0.3563931882381439,0.3264220058917999,42855.0703125,40.84333157781084,1668.177734375,1843200
N056,Noise,AFLB3_output,3.648603887995705e-05,0.008841055445373058,-0.07289528846740723,0.06998105347156525,25361.181640625,16.97496972509727,288.1495971679688,3686400
N057,Noise,encoder_level1,0.003764778841286898,0.1435337662696838,-0.4939049780368805,0.5757495760917664,819711.0,389.8698500782024,151998.5,7372800
N057,Noise,encoder_level2,0.01947888359427452,0.2027786672115326,-1.114001393318176,0.9449901580810547,603133.0,391.1271971814284,152980.484375,3686400
N057,Noise,encoder_level3,-0.03137792646884918,0.6852746605873108,-2.974165439605713,2.974068403244019,1023288.25,931.3345263652583,867384.0,1843200
N057,Noise,latent,0.0458066463470459,2.852896213531494,-20.67399978637695,14.82473659515381,1949622.25,2739.13325707239,7502851.0,921600
N057,Noise,decoder_level3,-0.02819396555423737,1.169380784034729,-6.952195644378662,9.159536361694336,1702509.25,1588.065411121343,2521951.75,1843200
N057,Noise,decoder_level2,-0.006420745514333248,0.2888263165950775,-1.85538649559021,1.844493389129639,851174.4375,554.6834964644252,307673.78125,3686400
N057,Noise,decoder_level1,0.005373735446482897,0.07335195690393448,-0.337660163640976,0.4753825962543488,737708.1875,282.4263731488261,79764.65625,14745600
N057,Noise,refinement,0.0003579388721846044,0.03268357738852501,-0.3283178806304932,0.3599760830402374,364215.65625,125.51246903321,15753.3798828125,14745600
N057,Noise,AFLB1_output,-0.001252804882824421,0.02602643333375454,-0.3041365146636963,0.2697356939315796,13597.0849609375,25.01430498937683,625.7154541015625,921600
N057,Noise,AFLB2_output,-0.001200669561512768,0.0288065243512392,-0.3311080038547516,0.4320457279682159,40928.8359375,39.14298895056911,1532.173583984375,1843200
N057,Noise,AFLB3_output,-8.289453398901969e-05,0.00822898093611002,-0.06147494167089462,0.05618064850568771,23671.1875,15.80044566624477,249.6540832519531,3686400
N058,Noise,encoder_level1,0.006772517692297697,0.1523207724094391,-0.4530499279499054,0.5485112071037292,879082.4375,414.0036986549758,171399.0625,7372800
N058,Noise,encoder_level2,0.02541940100491047,0.197212353348732,-0.8823208212852478,0.8042383790016174,586605.0625,381.7801027751447,145756.046875,3686400
N058,Noise,encoder_level3,-0.04387322068214417,0.6528800129890442,-2.677029848098755,2.473023653030396,976354.4375,888.3784385046724,789216.25,1843200
N058,Noise,latent,0.1087973117828369,2.611342906951904,-16.90350151062012,13.40132236480713,1793329.125,2509.063968893579,6295402.0,921600
N058,Noise,decoder_level3,-0.0338096059858799,1.201017498970032,-6.214745998382568,6.440767288208008,1751852.75,1631.201321112756,2660817.75,1843200
N058,Noise,decoder_level2,-0.0108419144526124,0.2852171063423157,-1.431424140930176,1.504154086112976,842996.6875,548.0123458919516,300317.53125,3686400
N058,Noise,decoder_level1,0.006553345825523138,0.07405317574739456,-0.3268311023712158,0.4820831120014191,726505.125,285.4755216082458,81496.2734375,14745600
N058,Noise,refinement,0.0002418458752799779,0.03177502751350403,-0.310035914182663,0.3428485691547394,350316.78125,122.0196337300887,14888.791015625,14745600
N058,Noise,AFLB1_output,-0.0008875411585904658,0.02413766086101532,-0.183921679854393,0.2491067349910736,12370.6572265625,23.18781455101674,537.6747436523438,921600
N058,Noise,AFLB2_output,-0.001296209986321628,0.02927722595632076,-0.2823425233364105,0.2870659828186035,41757.328125,39.78701843488024,1583.0068359375,1843200
N058,Noise,AFLB3_output,-0.0003179733757860959,0.008272377774119377,-0.06873228400945663,0.04661731049418449,23612.98046875,15.89469492957625,252.6413269042969,3686400
N059,Noise,encoder_level1,0.003362661926075816,0.1482252031564713,-0.4400476515293121,0.6122967004776001,842753.9375,402.5779621700622,162069.015625,7372800
N059,Noise,encoder_level2,0.02443814091384411,0.1962883025407791,-1.095398902893066,0.8815232515335083,581016.0625,379.7832029592673,144235.28125,3686400
N059,Noise,encoder_level3,-0.03827347978949547,0.660219132900238,-3.187021970748901,2.770416498184204,979350.125,897.8480870949161,806131.1875,1843200
N059,Noise,latent,0.06387080997228622,2.68481183052063,-18.22743225097656,15.6085786819458,1821955.5,2578.148463529593,6646849.5,921600
N059,Noise,decoder_level3,-0.01019651815295219,1.186509847640991,-7.126179695129395,6.799211502075195,1722839.25,1610.918759590315,2595059.25,1843200
N059,Noise,decoder_level2,-0.01129030901938677,0.295115202665329,-2.072488069534302,1.730594158172607,863442.625,567.0356580498267,321529.4375,3686400
N059,Noise,decoder_level1,0.005512995179742575,0.07341572642326355,-0.3407840430736542,0.4668696224689484,728756.9375,282.7101126817009,79925.0078125,14745600
N059,Noise,refinement,0.0003741513937711716,0.03194885328412056,-0.3048815727233887,0.3454636633396149,353899.21875,122.6920130983472,15053.330078125,14745600
N059,Noise,AFLB1_output,-0.001088757766410708,0.0242804978042841,-0.2469161748886108,0.2647919952869415,12424.68359375,23.3326992857027,544.4148559570312,921600
N059,Noise,AFLB2_output,-0.0006449627690017223,0.02910410612821579,-0.2868107855319977,0.3230736255645752,41348.265625,39.52274488546121,1562.04736328125,1843200
N059,Noise,AFLB3_output,-0.0002655824646353722,0.008386930450797081,-0.0651753842830658,0.0507114976644516,24011.3046875,16.11097758153777,259.5635986328125,3686400
N060,Noise,encoder_level1,0.003800449892878532,0.1478575021028519,-0.4562530517578125,0.5350484848022461,840641.9375,401.608601439262,161289.46875,7372800
N060,Noise,encoder_level2,0.02048044465482235,0.1941982209682465,-0.9362861514091492,0.8188278675079346,573829.6875,374.9283681585057,140571.28125,3686400
N060,Noise,encoder_level3,-0.03622735291719437,0.6467660665512085,-2.695869922637939,2.721509218215942,962492.4375,879.4551580382026,773441.375,1843200
N060,Noise,latent,0.07109808921813965,2.640748023986816,-19.02435111999512,15.16741752624512,1782382.125,2536.036573080128,6431481.5,921600
N060,Noise,decoder_level3,-0.03018324263393879,1.186324000358582,-6.576010704040527,8.522777557373047,1723580.5,1611.127943398661,2595733.25,1843200
N060,Noise,decoder_level2,-0.01568397134542465,0.2871041595935822,-2.036601543426514,1.788157939910889,846825.8125,552.0618737967693,304772.3125,3686400
N060,Noise,decoder_level1,0.005888023413717747,0.07288075238466263,-0.319233775138855,0.4586622416973114,722535.875,280.7739304137762,78834.0,14745600
N060,Noise,refinement,0.0002247824886580929,0.03192247077822685,-0.3159103989601135,0.3231102228164673,352575.25,122.5853258321525,15027.162109375,14745600
N060,Noise,AFLB1_output,-0.001024194061756134,0.02358690835535526,-0.196792796254158,0.2692752182483673,12087.7958984375,22.66476806468095,513.6917114257812,921600
N060,Noise,AFLB2_output,-0.001152453944087029,0.02913928031921387,-0.2637446224689484,0.3340161442756653,41342.02734375,39.5917259126473,1567.504760742188,1843200
N060,Noise,AFLB3_output,-0.0004607300506904721,0.008278341963887215,-0.06991373747587204,0.0450405441224575,23678.92578125,15.91901357767286,253.4149932861328,3686400
N061,Noise,encoder_level1,0.006755670998245478,0.1446273624897003,-0.4743202030658722,0.6168749928474426,834150.625,393.133445855221,154553.90625,7372800
N061,Noise,encoder_level2,0.02349102310836315,0.20118448138237,-1.29712975025177,1.159707188606262,600600.625,388.8984845046326,151242.03125,3686400
N061,Noise,encoder_level3,-0.04166452214121819,0.6778185367584229,-2.95700216293335,3.494411468505859,1004595.5,921.9737997904278,850035.6875,1843200
N061,Noise,latent,0.07130647450685501,2.793854236602783,-19.83119583129883,18.26520538330078,1904475.5,2682.973536954847,7198347.0,921600
N061,Noise,decoder_level3,0.003439882071688771,1.175184607505798,-8.042496681213379,6.336827278137207,1712485.75,1595.490363493305,2545589.5,1843200
N061,Noise,decoder_level2,-0.01722287572920322,0.2897968292236328,-1.739726066589355,1.481948614120483,844815.9375,557.3916374507246,310685.4375,3686400
N061,Noise,decoder_level1,0.006067586597055197,0.07310034334659576,-0.3846696019172668,0.4752548933029175,729128.125,281.6706299030838,79338.34375,14745600
N061,Noise,refinement,0.0001199762045871466,0.03201593458652496,-0.3670194745063782,0.3410129845142365,353616.09375,122.9420476090768,15114.7470703125,14745600
N061,Noise,AFLB1_output,-0.001434698351658881,0.02577812783420086,-0.2697972357273102,0.3260159492492676,13151.6357421875,24.78530000204569,614.3110961914062,921600
N061,Noise,AFLB2_output,-0.0003507984802126884,0.02924570068717003,-0.5437523126602173,0.3882567286491394,41294.09765625,39.70813778124942,1576.736206054688,1843200
N061,Noise,AFLB3_output,-0.0004202324780635536,0.00840584933757782,-0.0750863179564476,0.07269403338432312,23707.49609375,16.15938621790609,261.1257629394531,3686400
N062,Noise,encoder_level1,-0.001567407161928713,0.1333670765161514,-0.4754709899425507,0.6039580702781677,749610.0,362.155310260667,131156.46875,7372800
N062,Noise,encoder_level2,0.01521038357168436,0.2057761251926422,-1.055193424224854,1.0087730884552,609787.25,396.1680120226771,156949.09375,3686400
N062,Noise,encoder_level3,-0.03497951477766037,0.6887340545654297,-3.185086727142334,3.571774244308472,1019615.0,936.2615152829898,876585.625,1843200
N062,Noise,latent,-0.00437004491686821,2.846179008483887,-19.84140777587891,19.47136306762695,1915433.625,2732.334990443156,7465654.5,921600
N062,Noise,decoder_level3,-0.003594513051211834,1.189165234565735,-7.427032947540283,7.322043418884277,1715868.25,1614.471585380182,2606518.5,1843200
N062,Noise,decoder_level2,-0.002342464635148644,0.2975514233112335,-2.396580696105957,2.010743618011475,847649.625,571.3164348677535,326402.46875,3686400
N062,Noise,decoder_level1,0.003688990604132414,0.07141783088445663,-0.3575976490974426,0.477477639913559,695716.0,274.6100644550378,75410.6875,14745600
N062,Noise,refinement,-0.0003752862103283405,0.02860552631318569,-0.3352339863777161,0.3156324326992035,311435.3125,109.854675843532,12068.0498046875,14745600
N062,Noise,AFLB1_output,-0.001041216077283025,0.02618462219834328,-0.2789720594882965,0.2837539315223694,13508.64453125,25.15710402277059,632.8798828125,921600
N062,Noise,AFLB2_output,-0.0004508346028160304,0.02939783409237862,-0.3287833631038666,0.3617576062679291,41466.3125,39.91651596858514,1593.328247070312,1843200
N062,Noise,AFLB3_output,-8.329002594109625e-05,0.008373633958399296,-0.05905903875827789,0.05932961776852608,23491.6171875,16.078173400984,258.5076599121094,3686400
N063,Noise,encoder_level1,0.002741121686995029,0.142216682434082,-0.4838351011276245,0.614046037197113,805396.4375,386.2312697723995,149174.59375,7372800
N063,Noise,encoder_level2,0.01450524665415287,0.2030105441808701,-1.1660475730896,1.084488034248352,594384.875,390.773911616423,152704.25,3686400
N063,Noise,encoder_level3,-0.02330718375742435,0.7080528736114502,-3.400164604187012,3.396883249282837,1061570.0,961.805073806538,925069.0,1843200
N063,Noise,latent,0.01816865243017673,3.143744945526123,-23.13761520385742,18.13577270507812,2085216.0,3018.045559629609,9108599.0,921600
N063,Noise,decoder_level3,0.02699823118746281,1.213409900665283,-6.502788543701172,6.748046398162842,1774137.125,1647.787683532074,2715204.25,1843200
N063,Noise,decoder_level2,0.001918698428198695,0.3139081001281738,-2.03724479675293,1.544095993041992,922002.6875,602.7147957367564,363265.125,3686400
N063,Noise,decoder_level1,0.005577070638537407,0.07141426205635071,-0.3290527164936066,0.4578480124473572,744503.4375,275.0657449819952,75661.1640625,14745600
N063,Noise,refinement,0.0002588640782050788,0.03219025209546089,-0.3157517910003662,0.2989882826805115,358296.0625,123.6145644609688,15280.560546875,14745600
N063,Noise,AFLB1_output,-0.001135536818765104,0.02735237032175064,-0.2571723163127899,0.2641981840133667,14242.0830078125,26.2808923504202,690.685302734375,921600
N063,Noise,AFLB2_output,4.43519493273925e-05,0.03019372932612896,-0.3933327496051788,0.3806604146957397,42514.95703125,40.99241158577021,1680.377807617188,1843200
N063,Noise,AFLB3_output,0.0002079510159092024,0.008849004283547401,-0.06571410596370697,0.07168102264404297,25514.03515625,16.99477889722679,288.822509765625,3686400
N064,Noise,encoder_level1,0.002842212794348598,0.1476109623908997,-0.4656119644641876,0.5677107572555542,838597.25,400.8808855196266,160705.484375,7372800
N064,Noise,encoder_level2,0.02191119641065598,0.1997760981321335,-1.160650610923767,0.9625709056854248,586780.625,385.8702826080288,148895.875,3686400
N064,Noise,encoder_level3,-0.03001555800437927,0.6843630075454712,-3.224642276763916,3.133574247360229,1026956.5625,930.0152552512244,864928.375,1843200
N064,Noise,latent,0.03698176890611649,2.907844305038452,-20.73394203186035,17.89677047729492,1940939.625,2791.756167719524,7793902.5,921600
N064,Noise,decoder_level3,0.01996436156332493,1.153410196304321,-6.839526653289795,6.892247200012207,1682381.75,1566.156202299119,2452845.25,1843200
N064,Noise,decoder_level2,0.002197230700403452,0.2782545983791351,-1.807648897171021,1.786863088607788,824069.0625,534.2654712312972,285439.59375,3686400
N064,Noise,decoder_level1,0.005256091244518757,0.0718395933508873,-0.3478807210922241,0.4565684199333191,728706.4375,276.6014026311146,76508.3359375,14745600
N064,Noise,refinement,0.0007940150680951774,0.03215380012989044,-0.3526508510112762,0.304598480463028,357956.375,123.5082313172891,15254.283203125,14745600
N064,Noise,AFLB1_output,-0.001027300371788442,0.02493516355752945,-0.2081440091133118,0.2932402491569519,13039.8056640625,23.95806399871255,573.9888305664062,921600
N064,Noise,AFLB2_output,1.583430503160344e-06,0.02809334918856621,-0.292662650346756,0.3247130811214447,39980.41015625,38.14079622810807,1454.720336914062,1843200
N064,Noise,AFLB3_output,0.0001916055043693632,0.008126363158226013,-0.0781044289469719,0.04960722476243973,23213.193359375,15.60695344548735,243.5769958496094,3686400
N065,Noise,encoder_level1,0.002452149288728833,0.1364049762487411,-0.6383808255195618,0.613556981086731,774561.625,370.4389077499824,137224.984375,7372800
N065,Noise,encoder_level2,0.01473974622786045,0.204749807715416,-1.271445512771606,1.105673789978027,607765.875,394.1369527207516,155343.9375,3686400
N065,Noise,encoder_level3,-0.03234918043017387,0.6868909001350403,-3.890468597412109,4.00168514251709,1022381.875,933.5876030132363,871585.8125,1843200
N065,Noise,latent,0.008517790585756302,2.979532718658447,-21.97864151000977,15.88094520568848,2028486.0,2860.363176241786,8181677.5,921600
N065,Noise,decoder_level3,0.02153714559972286,1.131054043769836,-9.049745559692383,8.673126220703125,1638471.125,1535.84813702397,2358829.5,1843200
N065,Noise,decoder_level2,-0.004658814053982496,0.2690498232841492,-1.914118766784668,1.870012760162354,782101.375,516.6531416240493,266930.46875,3686400
N065,Noise,decoder_level1,0.004386905115097761,0.06969506293535233,-0.354615330696106,0.4695091247558594,701038.75,268.1586954351844,71909.0859375,14745600
N065,Noise,refinement,-9.557520388625562e-05,0.02953550219535828,-0.3302022218704224,0.3713463246822357,323652.46875,113.4169187596696,12863.3974609375,14745600
N065,Noise,AFLB1_output,-0.001697031548246741,0.02763022296130657,-0.3460573852062225,0.3004481196403503,14344.19140625,26.5749970602068,706.23046875,921600
N065,Noise,AFLB2_output,-1.693096419330686e-05,0.02787338756024837,-0.3716298639774323,0.3531938791275024,39335.4296875,37.84217262918284,1432.030029296875,1843200
N065,Noise,AFLB3_output,3.235409531043842e-05,0.007648372557014227,-0.05390093475580215,0.06414146721363068,21743.267578125,14.68500643726451,215.6494140625,3686400
N066,Noise,encoder_level1,0.00623867055401206,0.1524202525615692,-0.4373032450675964,0.5455138087272644,868684.5,414.2116948192071,171571.328125,7372800
N066,Noise,encoder_level2,0.03322187811136246,0.1955680996179581,-0.9300079941749573,0.9261835217475891,585712.5,380.8699950442408,145061.953125,3686400
N066,Noise,encoder_level3,-0.04918578267097473,0.6439599394798279,-3.005640029907227,3.555852890014648,952571.375,876.8155093860966,768805.4375,1843200
N066,Noise,latent,0.1017236486077309,2.622381687164307,-20.16777229309082,15.36063575744629,1783103.75,2519.379685557538,6347274.0,921600
N066,Noise,decoder_level3,-0.04299062490463257,1.226915836334229,-8.416422843933105,6.438021659851074,1783519.75,1666.738431788264,2778017.0,1843200
N066,Noise,decoder_level2,-0.007717890199273825,0.2997718155384064,-2.006795883178711,1.599240183830261,885087.375,575.7526052915435,331491.0625,3686400
N066,Noise,decoder_level1,0.006958949379622936,0.0773443654179573,-0.3453347682952881,0.4738721251487732,746493.25,298.2020733705586,88924.4765625,14745600
N066,Noise,refinement,0.0001033459120662883,0.03192543983459473,-0.323712170124054,0.3296988606452942,349696.375,122.5943275222186,15029.369140625,14745600
N066,Noise,AFLB1_output,-0.001067521516233683,0.02405975013971329,-0.2532483041286469,0.2425460368394852,12207.8837890625,23.12008367292318,534.5382690429688,921600
N066,Noise,AFLB2_output,-0.001420323154889047,0.03059050627052784,-0.2942476272583008,0.3398750722408295,43558.32421875,41.57579087303993,1728.54638671875,1843200
N066,Noise,AFLB3_output,-0.0003698133223224431,0.008566996082663536,-0.05882755666971207,0.04576060920953751,24689.181640625,16.46395080244686,271.0616760253906,3686400
N067,Noise,encoder_level1,0.003602545708417892,0.1432785093784332,-0.477110356092453,0.5804244875907898,815349.875,389.1656740708255,151449.921875,7372800
N067,Noise,encoder_level2,0.01580259762704372,0.2108472138643265,-1.129279255867004,1.08419406414032,613973.25,405.9620517979482,164805.1875,3686400
N067,Noise,encoder_level3,-0.01775913499295712,0.74192875623703,-3.188492059707642,3.455256700515747,1120972.375,1007.564390001949,1015186.0,1843200
N067,Noise,latent,0.04078344628214836,3.376585006713867,-24.06253814697266,17.37983703613281,2232834.0,3241.758010709621,10508995.0,921600
N067,Noise,decoder_level3,0.06001883745193481,1.156703948974609,-6.270058631896973,6.610732555389404,1687662.125,1572.505961832896,2472775.0,1843200
N067,Noise,decoder_level2,-0.003417164320126176,0.2890836894512177,-1.600332140922546,1.642237424850464,859223.625,555.079442512511,308113.1875,3686400
N067,Noise,decoder_level1,0.004630737006664276,0.07187983393669128,-0.327521026134491,0.4522761404514313,748351.0625,276.5907683293136,76502.453125,14745600
N067,Noise,refinement,0.0002150345389964059,0.03388634696602821,-0.3580150604248047,0.32127645611763,379555.59375,130.1261932582176,16932.826171875,14745600
N067,Noise,AFLB1_output,-0.0007945941761136055,0.02858145907521248,-0.2617748081684113,0.2647033035755157,15129.814453125,27.44880266201287,753.436767578125,921600
N067,Noise,AFLB2_output,0.001096063177101314,0.02854548767209053,-0.3212186396121979,0.366176426410675,40507.4921875,38.78319678081041,1504.136352539062,1843200
N067,Noise,AFLB3_output,0.0001733302051434293,0.008310136385262012,-0.06359728425741196,0.05390894785523415,23954.103515625,15.95893166850463,254.6875,3686400
N068,Noise,encoder_level1,0.006386563181877136,0.1467470526695251,-0.4653668403625488,0.6863759756088257,858585.8125,398.8379801059573,159071.734375,7372800
N068,Noise,encoder_level2,0.01202507130801678,0.2058210968971252,-1.274943470954895,1.0756676197052,605674.25,395.8504097193787,156697.546875,3686400
N068,Noise,encoder_level3,-0.03634557127952576,0.7013679146766663,-3.847667694091797,3.757565498352051,1052589.0,953.4863331479901,909136.1875,1843200
N068,Noise,latent,0.05915829166769981,3.060829877853394,-21.23579025268555,20.05333137512207,2070863.625,2938.945559209969,8637401.0,921600
N068,Noise,decoder_level3,0.005033221561461687,1.137157678604126,-6.407671451568604,6.271712303161621,1650102.0,1543.871594401555,2383539.5,1843200
N068,Noise,decoder_level2,-0.003844181075692177,0.2780878245830536,-1.933067560195923,1.764254093170166,817140.6875,533.9796344431124,285134.25,3686400
N068,Noise,decoder_level1,0.005588684231042862,0.07153432071208954,-0.4007258117198944,0.4854916930198669,722018.75,275.5288239231969,75916.1328125,14745600
N068,Noise,refinement,-0.000201672242837958,0.03142911940813065,-0.3052093386650085,0.4245151281356812,343974.125,120.6903037284375,14566.1494140625,14745600
N068,Noise,AFLB1_output,-0.001588508603163064,0.02781553938984871,-0.2456850856542587,0.2570529580116272,14627.984375,26.74642549679244,715.3712768554688,921600
N068,Noise,AFLB2_output,-0.0003308278683107346,0.0280587449669838,-0.363018125295639,0.3006800413131714,39660.69140625,38.0964640901472,1451.340576171875,1843200
N068,Noise,AFLB3_output,0.0001438740728190169,0.00800353940576315,-0.06261342763900757,0.05637055262923241,22785.248046875,15.36927850224881,236.2147216796875,3686400
N069,Noise,encoder_level1,0.001485520973801613,0.1260410398244858,-0.447638988494873,0.5439181327819824,710619.125,342.2617556417895,117143.109375,7372800
N069,Noise,encoder_level2,0.01264840457588434,0.1837057322263718,-1.098392724990845,1.119288563728333,533076.6875,353.550053917405,124997.640625,3686400
N069,Noise,encoder_level3,-0.01680907234549522,0.656360387802124,-3.252689361572266,3.107304811477661,975368.25,891.3965517658232,794587.8125,1843200
N069,Noise,latent,-0.01224783342331648,3.115548849105835,-22.2763557434082,17.90985870361328,2085059.875,2990.9498491282,8945781.0,921600
N069,Noise,decoder_level3,0.03883576020598412,1.10563850402832,-6.024105548858643,6.757646560668945,1617089.0,1501.990346174036,2255975.0,1843200
N069,Noise,decoder_level2,-0.003789873095229268,0.2651657462120056,-1.462839722633362,1.488429307937622,787918.375,509.1702502601659,259254.34375,3686400
N069,Noise,decoder_level1,0.002381710568442941,0.06574242562055588,-0.3426250815391541,0.4057971239089966,663096.875,252.6165263299296,63815.109375,14745600
N069,Noise,refinement,0.0002476711815688759,0.02291622571647167,-0.2325978875160217,0.237080305814743,257370.40625,88.00344287032894,7744.60595703125,14745600
N069,Noise,AFLB1_output,-0.001605383004061878,0.02715465798974037,-0.2596011757850647,0.2295239716768265,14388.7666015625,26.11398681965639,681.9403076171875,921600
N069,Noise,AFLB2_output,0.0002519666741136461,0.02739828638732433,-0.4135363101959229,0.3833229839801788,38799.15234375,37.19872138994666,1383.744873046875,1843200
N069,Noise,AFLB3_output,0.0001422953646397218,0.007728856988251209,-0.05843575671315193,0.0660768449306488,22091.041015625,14.84192114555982,220.2826232910156,3686400
N070,Noise,encoder_level1,0.003905714256688952,0.1393304914236069,-0.6313440799713135,0.5245322585105896,802537.3125,378.4713289999654,143240.546875,7372800
N070,Noise,encoder_level2,0.00893522147089243,0.1778067052364349,-1.186330914497375,1.01570737361908,513772.5625,341.8196710255277,116840.6875,3686400
N070,Noise,encoder_level3,-0.04438291490077972,0.6418018937110901,-3.470161199569702,3.090734004974365,947076.0,873.4201093975339,762862.6875,1843200
N070,Noise,latent,0.0503346174955368,2.825928688049316,-22.52073097229004,17.30444717407227,1939918.375,2713.321949198068,7362116.0,921600
N070,Noise,decoder_level3,0.009943393990397453,1.086175560951233,-6.677978992462158,6.562974452972412,1569983.125,1474.702597136114,2174747.75,1843200
N070,Noise,decoder_level2,-0.0070292754098773,0.2577633857727051,-1.636909246444702,1.863134622573853,754940.875,495.0896699083914,245113.78125,3686400
N070,Noise,decoder_level1,0.004494416993111372,0.06443068385124207,-0.3478844463825226,0.3859032690525055,631244.125,248.0150260064902,61511.453125,14745600
N070,Noise,refinement,0.0003919648006558418,0.02065682038664818,-0.1913098394870758,0.1773316264152527,225402.0,79.33646948676882,6294.275390625,14745600
N070,Noise,AFLB1_output,-0.001345157506875694,0.02657012082636356,-0.2963412702083588,0.2766026258468628,13799.244140625,25.53998378003351,652.290771484375,921600
N070,Noise,AFLB2_output,-0.0002280170447193086,0.02726208604872227,-0.4078286290168762,0.360451728105545,38335.55078125,37.01352918560236,1370.001342773438,1843200
N070,Noise,AFLB3_output,-0.000150795400259085,0.00735546974465251,-0.05577896907925606,0.05172469094395638,20992.3125,14.12546882864092,199.5288696289062,3686400
N071,Noise,encoder_level1,0.005028797779232264,0.1344743371009827,-0.4906641244888306,0.5931962132453918,769119.625,365.3920625506252,133511.359375,7372800
N071,Noise,encoder_level2,0.0173257440328598,0.1840355694293976,-1.133395671844482,1.106753468513489,536588.25,354.9107172057502,125961.6171875,3686400
N071,Noise,encoder_level3,-0.04339208081364632,0.653588593006134,-3.377015590667725,3.028013229370117,961838.5625,889.2946643267348,790845.0,1843200
N071,Noise,latent,0.05809922516345978,2.917998075485229,-19.44785690307617,22.60861206054688,2004524.75,2801.833328376262,7850270.0,921600
N071,Noise,decoder_level3,0.01550587359815836,1.129159450531006,-7.472238063812256,6.968443870544434,1643608.625,1533.14211670021,2350524.75,1843200
N071,Noise,decoder_level2,-0.00841340608894825,0.2754872441291809,-2.219106674194336,1.740234375,797807.625,529.1820929509993,280033.6875,3686400
N071,Noise,decoder_level1,0.004053506534546614,0.06597181409597397,-0.3520177900791168,0.396349310874939,654289.75,253.8095219598745,64419.2734375,14745600
N071,Noise,refinement,0.0001906192919705063,0.02210958674550056,-0.2212386429309845,0.2278012782335281,246265.359375,84.90396976603185,7208.68408203125,14745600
N071,Noise,AFLB1_output,-0.001084800693206489,0.02736191265285015,-0.2869569361209869,0.2709841728210449,14155.2158203125,26.28807111800842,691.0626831054688,921600
N071,Noise,AFLB2_output,9.232759111910127e-06,0.02818819135427475,-0.429780900478363,0.3122128546237946,39920.96875,38.26955975839757,1464.559204101562,1843200
N071,Noise,AFLB3_output,-0.0002398577053099871,0.007786680478602648,-0.07290741801261902,0.05541817843914032,22123.31640625,14.95751735547892,223.7273254394531,3686400
N072,Noise,encoder_level1,0.00204833410680294,0.1307984590530396,-0.4070522487163544,0.5173010230064392,739955.625,355.1993058481393,126166.546875,7372800
N072,Noise,encoder_level2,0.02395406737923622,0.1726025491952896,-1.132587313652039,0.9588950276374817,504686.40625,334.5730721755712,111939.140625,3686400
N072,Noise,encoder_level3,-0.04157649725675583,0.6277521252632141,-2.936249971389771,3.014696836471558,919423.1875,854.1317228624634,729541.0,1843200
N072,Noise,latent,0.01981132104992867,2.811949014663696,-18.78156280517578,17.6303768157959,1915362.125,2699.538108640069,7287506.0,921600
N072,Noise,decoder_level3,0.01670162193477154,1.124332189559937,-7.806558132171631,7.802324295043945,1638962.5,1526.612262494966,2330545.0,1843200
N072,Noise,decoder_level2,-0.003005313454195857,0.276286244392395,-1.897241830825806,1.549472332000732,811740.4375,530.5009719595243,281431.28125,3686400
N072,Noise,decoder_level1,0.004365190863609314,0.06443021446466446,-0.3140669167041779,0.3889926373958588,647697.3125,247.9792077977507,61493.6875,14745600
N072,Noise,refinement,0.0001646671735215932,0.02082393690943718,-0.182288646697998,0.1981132179498672,233216.15625,79.96641751189996,6394.6279296875,14745600
N072,Noise,AFLB1_output,-0.001284492202103138,0.02639339119195938,-0.2930945754051208,0.2855557501316071,13452.400390625,25.36764344562528,643.517333984375,921600
N072,Noise,AFLB2_output,1.928548044816125e-05,0.02811410836875439,-0.4005374610424042,0.3480902910232544,39570.78125,38.16898717586373,1456.87158203125,1843200
N072,Noise,AFLB3_output,-0.0001662245340412483,0.007976347580552101,-0.06429709494113922,0.06334870308637619,22724.240234375,15.31791199003229,234.638427734375,3686400
N073,Noise,encoder_level1,0.004736662842333317,0.1396570354700089,-0.4307441711425781,0.5039238333702087,815985.375,379.4274057708536,143965.15625,7372800
N073,Noise,encoder_level2,0.01164674200117588,0.1794315725564957,-1.045965075492859,0.9790774583816528,519668.46875,345.2336052407123,119186.2421875,3686400
N073,Noise,encoder_level3,-0.03684273362159729,0.6504574418067932,-3.02394437789917,2.936232566833496,970019.0,884.5057588845875,782350.4375,1843200
N073,Noise,latent,0.06980786472558975,2.861491680145264,-20.09171295166016,16.14194107055664,1955447.625,2747.84934084822,7550676.0,921600
N073,Noise,decoder_level3,0.001478589372709394,1.108982563018799,-6.004290103912354,7.06780481338501,1611870.75,1505.606024164356,2266849.5,1843200
N073,Noise,decoder_level2,0.0007274450035765767,0.2631636559963226,-1.492428541183472,1.577198505401611,774708.5625,505.276177575195,255304.015625,3686400
N073,Noise,decoder_level1,0.004492188338190317,0.06388519704341888,-0.3037332594394684,0.3846212923526764,633699.4375,245.9248646690692,60479.0390625,14745600
N073,Noise,refinement,0.0004069239657837898,0.02091706916689873,-0.1816957592964172,0.1871459037065506,232826.828125,80.33674548910511,6453.99267578125,14745600
N073,Noise,AFLB1_output,-0.0009747593430802226,0.02645520865917206,-0.2796990275382996,0.2945391237735748,13818.6875,25.41423421591235,645.88330078125,921600
N073,Noise,AFLB2_output,-0.0004571258905343711,0.0276483278721571,-0.3564201295375824,0.3578074276447296,38945.390625,37.54174434358871,1409.382568359375,1843200
N073,Noise,AFLB3_output,0.0001126092247432098,0.007609002757817507,-0.06710804998874664,0.05061281844973564,21664.41796875,14.61088467717834,213.4779510498047,3686400
N074,Noise,encoder_level1,0.007014462258666754,0.1428187340497971,-0.4367005527019501,0.4982382357120514,845880.875,388.2617311492339,150747.171875,7372800
N074,Noise,encoder_level2,0.01856809481978416,0.1734955608844757,-1.009659290313721,0.916087806224823,510872.1875,335.013759045804,112234.21875,3686400
N074,Noise,encoder_level3,-0.05207550898194313,0.6211147904396057,-3.075851678848267,3.229086875915527,921700.0,846.2120375532364,716074.8125,1843200
N074,Noise,latent,0.08747415244579315,2.639365196228027,-15.83425807952881,14.26044750213623,1853321.25,2535.181847521002,6427147.0,921600
N074,Noise,decoder_level3,0.01243123598396778,1.20494282245636,-6.850427627563477,7.131324291229248,1742016.0,1635.971653177402,2676403.25,1843200
N074,Noise,decoder_level2,-0.00780754815787077,0.2688518762588501,-1.725054502487183,1.632415294647217,791438.0625,516.4132611097434,266682.65625,3686400
N074,Noise,decoder_level1,0.005535552743822336,0.06570262461900711,-0.3411009609699249,0.3985331058502197,629424.5,253.1919355943234,64106.15625,14745600
N074,Noise,refinement,0.0002965658204630017,0.02000748366117477,-0.2128187716007233,0.1835539489984512,222249.328125,76.83717311220526,5903.951171875,14745600
N074,Noise,AFLB1_output,-0.001397786545567214,0.02576864510774612,-0.2310986518859863,0.2852209508419037,13403.5712890625,24.77426653256484,613.7642822265625,921600
N074,Noise,AFLB2_output,-4.445486774784513e-05,0.02973277680575848,-0.2959224879741669,0.2903452217578888,42098.79296875,40.36660159604797,1629.462524414062,1843200
N074,Noise,AFLB3_output,-0.000347187597071752,0.007596633862704039,-0.05782681703567505,0.04966754838824272,21940.68359375,14.60076147732622,213.1822357177734,3686400
N075,Noise,encoder_level1,-0.0001644118601689115,0.1276037693023682,-0.4603662490844727,0.5145002603530884,714778.3125,346.4815335988341,120049.453125,7372800
N075,Noise,encoder_level2,0.01782818511128426,0.1791807115077972,-1.17646324634552,1.097908735275269,520153.0625,345.7256860576026,119526.25,3686400
N075,Noise,encoder_level3,-0.03483050316572189,0.6535384654998779,-3.325070858001709,3.292906284332275,961024.3125,888.5324628284551,789489.9375,1843200
N075,Noise,latent,-0.008004860952496529,2.913661479949951,-22.3275318145752,19.26113510131836,1954113.5,2797.125488783083,7823911.0,921600
N075,Noise,decoder_level3,0.001886685728095472,1.105458498001099,-5.763368606567383,6.400144100189209,1611589.875,1500.822441196826,2252468.0,1843200
N075,Noise,decoder_level2,0.001912488951347768,0.2626079320907593,-1.740240335464478,1.67774224281311,771330.875,504.2206083402383,254238.421875,3686400
N075,Noise,decoder_level1,0.003637206507846713,0.06384062767028809,-0.3175705969333649,0.3774488270282745,646746.875,245.5455501276698,60292.6171875,14745600
N075,Noise,refinement,0.0004951197770424187,0.02231062576174736,-0.3250870108604431,0.2243974655866623,250653.28125,85.69389905901996,7343.4443359375,14745600
N075,Noise,AFLB1_output,-0.000950073532294482,0.02637112513184547,-0.2585064172744751,0.271477609872818,13612.8759765625,25.33270436894828,641.7459106445312,921600
N075,Noise,AFLB2_output,-0.0002567071933299303,0.0276090744882822,-0.4312920570373535,0.3878759443759918,38794.83203125,37.48494163806814,1405.120849609375,1843200
N075,Noise,AFLB3_output,7.578202348668128e-05,0.007633550558239222,-0.05851348116993904,0.05420799925923347,21662.330078125,14.6571390821749,214.8317260742188,3686400
N076,Noise,encoder_level1,0.0002948776818811893,0.1229060590267181,-0.483424961566925,0.5459778308868408,693989.0625,333.7265558245253,111373.4140625,7372800
N076,Noise,encoder_level2,0.01304158102720976,0.1836741715669632,-1.240962624549866,1.182919144630432,531851.9375,353.5422534860579,124992.125,3686400
N076,Noise,encoder_level3,-0.01995942182838917,0.657769501209259,-3.431825160980225,3.482084512710571,976949.25,893.4284736340118,798214.4375,1843200
N076,Noise,latent,-0.001497092773206532,3.042744636535645,-21.73516082763672,22.91567611694336,1997614.25,2921.035090511581,8532446.0,921600
N076,Noise,decoder_level3,0.0111886253580451,1.091955661773682,-5.79470682144165,5.836060047149658,1597522.625,1482.565934452832,2198001.75,1843200
N076,Noise,decoder_level2,-0.002273563994094729,0.245129257440567,-1.551393270492554,1.424789428710938,720630.1875,470.6684076927195,221528.75,3686400
N076,Noise,decoder_level1,0.002527539152652025,0.06406544148921967,-0.3332208395004272,0.3704487085342407,647152.6875,246.2026842232838,60615.76171875,14745600
N076,Noise,refinement,0.0003649677964858711,0.02361933514475822,-0.2725266814231873,0.2494071125984192,264151.0,90.70907737790083,8228.13671875,14745600
N076,Noise,AFLB1_output,-0.00120430183596909,0.02642643079161644,-0.2567773163318634,0.3574879765510559,13751.546875,25.39570381897177,644.9417724609375,921600
N076,Noise,AFLB2_output,8.694754797033966e-05,0.02747972868382931,-0.526714563369751,0.3721826374530792,38546.11328125,37.3079031663785,1391.879638671875,1843200
N076,Noise,AFLB3_output,7.901675417087972e-05,0.007453307043761015,-0.06001956015825272,0.08556792885065079,20624.869140625,14.31115396491901,204.8091278076172,3686400
N077,Noise,encoder_level1,-0.00152880884706974,0.1289463192224503,-0.4540646076202393,0.5598387122154236,720834.625,350.1512619568863,122605.90625,7372800
N077,Noise,encoder_level2,0.01929682865738869,0.1810616999864578,-1.117404937744141,1.162404298782349,526572.625,349.6072126329776,122225.203125,3686400
N077,Noise,encoder_level3,-0.03471020981669426,0.6537157297134399,-3.426873445510864,3.286217212677002,960202.75,888.764064586322,789901.5625,1843200
N077,Noise,latent,-0.01103935483843088,2.872023344039917,-22.39502334594727,20.20870971679688,1906237.875,2757.162853369383,7601947.0,921600
N077,Noise,decoder_level3,-0.01272280141711235,1.087478637695312,-6.05814266204834,6.330401420593262,1583174.0,1476.5109210568,2180084.5,1843200
N077,Noise,decoder_level2,0.003443697933107615,0.2621520161628723,-1.49676501750946,1.596857070922852,771011.25,503.3752638439835,253386.65625,3686400
N077,Noise,decoder_level1,0.002991288201883435,0.06446078419685364,-0.3099808096885681,0.3769190013408661,642896.5625,247.7957907355369,61402.75390625,14745600
N077,Noise,refinement,3.936814027838409e-05,0.02151142805814743,-0.2268163561820984,0.1845366954803467,241410.71875,82.60402118787106,6823.42431640625,14745600
N077,Noise,AFLB1_output,-0.001028877799399197,0.02570554241538048,-0.2535630762577057,0.2936797142028809,13152.1572265625,24.69707834362068,609.9456787109375,921600
N077,Noise,AFLB2_output,-0.0006728848093189299,0.0271987859159708,-0.3888025879859924,0.310387134552002,38159.40625,36.93759583849665,1364.385986328125,1843200
N077,Noise,AFLB3_output,9.089193190447986e-05,0.007770493626594543,-0.06155616044998169,0.0487857274711132,21799.865234375,14.92036866578862,222.6174011230469,3686400
N078,Noise,encoder_level1,0.001067792065441608,0.1318917572498322,-0.4568365812301636,0.530551552772522,737001.75,358.1361254816386,128261.484375,7372800
N078,Noise,encoder_level2,0.0232903715223074,0.1723258793354034,-1.139867901802063,0.9677267074584961,501351.78125,333.8738768232699,111471.765625,3686400
N078,Noise,encoder_level3,-0.04015233740210533,0.6202700138092041,-3.601100444793701,3.396904468536377,908560.75,843.8690656731055,712115.0,1843200
N078,Noise,latent,0.02034101076424122,2.729187488555908,-19.35578536987305,19.03783416748047,1842214.75,2620.092841866486,6864886.5,921600
N078,Noise,decoder_level3,-0.004283989779651165,1.072751045227051,-6.24929666519165,6.881633758544922,1561318.375,1456.426620190664,2121178.5,1843200
N078,Noise,decoder_level2,0.001844337210059166,0.2550240457057953,-1.664387941360474,1.441564679145813,751644.125,489.6590012447438,239765.9375,3686400
N078,Noise,decoder_level1,0.004124974831938744,0.06499529629945755,-0.3191700577735901,0.3805915117263794,643301.625,250.0840639914907,62542.0390625,14745600
N078,Noise,refinement,0.0005731444689445198,0.02087417058646679,-0.2211663872003555,0.2153022587299347,233935.890625,80.18702199292446,6429.95849609375,14745600
N078,Noise,AFLB1_output,-0.001175062730908394,0.0246439054608345,-0.2060181051492691,0.2673792243003845,12704.0517578125,23.68502754453024,560.9805297851562,921600
N078,Noise,AFLB2_output,-0.0005923773860558867,0.02666393108665943,-0.3271054327487946,0.3310114741325378,37676.21875,36.20908588173175,1311.097900390625,1843200
N078,Noise,AFLB3_output,1.959149994945619e-05,0.007404058706015348,-0.05630339309573174,0.0412999652326107,21083.57421875,14.2158430879828,202.0901947021484,3686400
N079,Noise,encoder_level1,0.001414468279108405,0.127317026257515,-0.4536470770835876,0.533715009689331,721149.4375,345.7239799500463,119525.0703125,7372800
N079,Noise,encoder_level2,0.02046158723533154,0.1857157200574875,-1.152738332748413,1.0815269947052,539598.125,358.7318810755464,128688.5625,3686400
N079,Noise,encoder_level3,-0.02323542907834053,0.6798624396324158,-3.246654033660889,3.224160671234131,999023.4375,923.5507565911037,852946.0,1843200
N079,Noise,latent,0.001608343096449971,3.193500757217407,-23.7562255859375,20.13924407958984,2175881.25,3065.761080058262,9398891.0,921600
N079,Noise,decoder_level3,0.02284702658653259,1.196645736694336,-6.937773704528809,6.221205711364746,1732891.75,1624.916228609955,2640352.75,1843200
N079,Noise,decoder_level2,-0.009601254016160965,0.3124954104423523,-2.405230045318604,2.275601863861084,903786.0,600.2743122939711,360329.25,3686400
N079,Noise,decoder_level1,0.002400454366579652,0.06435295939445496,-0.3676435947418213,0.4438921809196472,642923.375,247.2872349364196,61150.9765625,14745600
N079,Noise,refinement,4.465977326617576e-06,0.02351478114724159,-0.2130002975463867,0.2073472291231155,264897.5625,90.296757386582,8153.50439453125,14745600
N079,Noise,AFLB1_output,-0.000506396172568202,0.0297826211899519,-0.2969579100608826,0.3082590103149414,15545.2578125,28.59544799432409,817.6996459960938,921600
N079,Noise,AFLB2_output,0.0004095638869330287,0.02968477457761765,-0.3633508086204529,0.3389885127544403,41778.15625,40.30522130267755,1624.510864257812,1843200
N079,Noise,AFLB3_output,-0.0002248118980787694,0.00878276489675045,-0.07257965207099915,0.06003284454345703,24971.28515625,16.86843133874867,284.5439758300781,3686400
N080,Noise,encoder_level1,-0.0009893995011225343,0.1285759806632996,-0.4253787994384766,0.5267444252967834,720082.0625,349.131422246695,121892.75,7372800
N080,Noise,encoder_level2,0.01748198457062244,0.1794114410877228,-0.9605926275253296,0.8341135382652283,520979.59375,346.1014234476651,119786.1953125,3686400
N080,Noise,encoder_level3,-0.03763547539710999,0.6567408442497253,-3.52157735824585,3.40621018409729,965536.1875,893.0837376752529,797598.5625,1843200
N080,Noise,latent,0.02275179512798786,2.919430732727051,-19.90182876586914,14.89130878448486,1980409.5,2802.738660667455,7855344.0,921600
N080,Noise,decoder_level3,-0.01812946982681751,1.108708381652832,-6.634721279144287,7.108552932739258,1615293.875,1505.433741484493,2266330.75,1843200
N080,Noise,decoder_level2,0.005161436740309,0.2571496963500977,-1.714025735855103,1.578952312469482,756237.375,493.826892746841,243865.0,3686400
N080,Noise,decoder_level1,0.003561396850273013,0.06132755801081657,-0.300627738237381,0.3680959045886993,621094.0,235.8945656299653,55646.24609375,14745600
N080,Noise,refinement,0.001067678909748793,0.02256992645561695,-0.2134514451026917,0.2872131764888763,255937.703125,86.76543225487326,7528.240234375,14745600
N080,Noise,AFLB1_output,-0.0008559853886254132,0.02706986665725708,-0.2668976187705994,0.2860272228717804,13971.80078125,26.00006103508461,676.003173828125,921600
N080,Noise,AFLB2_output,-0.0003402837901376188,0.02797081135213375,-0.3525927662849426,0.3998635709285736,39157.796875,37.97724313445817,1442.27099609375,1843200
N080,Noise,AFLB3_output,2.741303796938155e-05,0.007714143488556147,-0.07869656383991241,0.04209440946578979,21418.375,14.81124834011563,219.3730773925781,3686400
N081,Noise,encoder_level1,0.00219540623947978,0.1344758868217468,-0.4103513360023499,0.4813419282436371,757467.4375,365.1896767434698,133363.5,7372800
N081,Noise,encoder_level2,0.02617177367210388,0.1746561676263809,-0.9753296971321106,0.9309760332107544,509311.8125,339.0838414942535,114977.8515625,3686400
N081,Noise,encoder_level3,-0.04286909475922585,0.6369266510009766,-2.837197542190552,2.881306886672974,937666.9375,866.6767707744335,751128.625,1843200
N081,Noise,latent,0.04155097901821136,2.776614189147949,-19.16786766052246,15.37068367004395,1879200.75,2665.847895135805,7106745.0,921600
N081,Noise,decoder_level3,0.01216850895434618,1.110196828842163,-5.613646984100342,6.339097023010254,1616035.375,1507.343772999378,2272085.25,1843200
N081,Noise,decoder_level2,0.002469120547175407,0.2703074216842651,-1.660167455673218,1.384283185005188,800623.125,519.0119218283911,269373.375,3686400
N081,Noise,decoder_level1,0.004396559670567513,0.0651470348238945,-0.3246451616287231,0.3721771836280823,643778.9375,250.7336344983457,62867.35546875,14745600
N081,Noise,refinement,0.0005123621667735279,0.02048560045659542,-0.1790390461683273,0.18844074010849,229869.984375,78.68930883048058,6192.00732421875,14745600
N081,Noise,AFLB1_output,-0.0008893880294635892,0.02550192922353745,-0.2294858247041702,0.29575514793396,13066.154296875,24.49673502439598,600.0900268554688,921600
N081,Noise,AFLB2_output,-0.0001545256382087246,0.02731000818312168,-0.3296738862991333,0.3601996600627899,38721.453125,37.07788795752295,1374.769775390625,1843200
N081,Noise,AFLB3_output,3.461491724010557e-05,0.007963741198182106,-0.06170768663287163,0.04506849125027657,22645.0703125,15.29052752306452,233.8002319335938,3686400
N082,Noise,encoder_level1,0.003488478483632207,0.1305492967367172,-0.458174467086792,0.5201334357261658,742411.3125,354.6057449830727,125745.234375,7372800
N082,Noise,encoder_level2,0.02217674814164639,0.1765775829553604,-0.9857590198516846,1.009184598922729,519079.53125,341.6923072187901,116753.6328125,3686400
N082,Noise,encoder_level3,-0.03511201217770576,0.6336525082588196,-3.480164051055908,3.38430643081665,926210.1875,861.5949236735323,742345.8125,1843200
N082,Noise,latent,0.02936688810586929,2.717337369918823,-20.46227645874023,16.07150268554688,1867112.125,2608.796082487092,6805817.0,921600
N082,Noise,decoder_level3,-0.02053229883313179,1.098340630531311,-6.946547508239746,7.133977890014648,1593968.5,1491.417195153657,2224325.25,1843200
N082,Noise,decoder_level2,-0.008263600058853626,0.2713281810283661,-1.733317375183105,1.683949947357178,792652.0,521.1916334228707,271640.71875,3686400
N082,Noise,decoder_level1,0.003812430426478386,0.06557879596948624,-0.3649400770664215,0.4020193517208099,646784.5,252.2477623166358,63628.93359375,14745600
N082,Noise,refinement,4.477315451367758e-05,0.02173226326704025,-0.2285226434469223,0.1925571262836456,242579.15625,83.45207328255093,6964.24853515625,14745600
N082,Noise,AFLB1_output,-0.001416015205904841,0.02538843080401421,-0.2518253028392792,0.2885143458843231,13183.017578125,24.41077477862939,595.8859252929688,921600
N082,Noise,AFLB2_output,-0.0008347764960490167,0.02755202353000641,-0.3352223038673401,0.3257682919502258,38777.9140625,37.42303136261395,1400.483276367188,1843200
N082,Noise,AFLB3_output,-0.0002819221990648657,0.007841289974749088,-0.07645145058631897,0.06087024137377739,22190.041015625,15.06500501894052,226.9543762207031,3686400
N083,Noise,encoder_level1,-0.0002545229508541524,0.1304889321327209,-0.4630200862884521,0.5275194048881531,731171.3125,354.3159783300776,125539.8125,7372800
N083,Noise,encoder_level2,0.01721769198775291,0.1818908601999283,-1.062764883041382,1.002176403999329,526983.875,350.7915936670946,123054.7421875,3686400
N083,Noise,encoder_level3,-0.03052492067217827,0.6558945775032043,-3.227834224700928,2.973443508148193,971054.0,891.4358151319701,794657.8125,1843200
N083,Noise,latent,0.01258803345263004,2.920181274414062,-21.54864692687988,19.98152542114258,1938362.75,2803.400256830979,7859053.0,921600
N083,Noise,decoder_level3,0.0029427211266011,1.094188570976257,-6.673805236816406,7.053902149200439,1600125.25,1485.524991375103,2206784.5,1843200
N083,Noise,decoder_level2,-0.0004931727889925241,0.254614919424057,-1.904036998748779,1.626804113388062,751916.875,488.8615761388903,238985.640625,3686400
N083,Noise,decoder_level1,0.002726508770138025,0.06476210057735443,-0.3356169760227203,0.3643832206726074,649349.25,248.9067659285299,61954.578125,14745600
N083,Noise,refinement,0.0002798039931803942,0.02217944525182247,-0.2102244943380356,0.2212001979351044,248802.84375,85.17584923538332,7254.92529296875,14745600
N083,Noise,AFLB1_output,-0.001022496027871966,0.0255071222782135,-0.2808032631874084,0.258139580488205,13264.9697265625,24.50650374055706,600.5687255859375,921600
N083,Noise,AFLB2_output,-0.0003678133070934564,0.0271660927683115,-0.3695617020130157,0.4121772646903992,38348.6484375,36.88529053976836,1360.524658203125,1843200
N083,Noise,AFLB3_output,3.787270179600455e-05,0.007663910277187824,-0.06664598733186722,0.05883605778217316,21384.87109375,14.71488730249727,216.5279083251953,3686400
N084,Noise,encoder_level1,0.001462765270844102,0.1278086751699448,-0.4250881969928741,0.5257142782211304,719377.5,347.0603333715912,120450.875,7372800
N084,Noise,encoder_level2,0.01771937124431133,0.1867998391389847,-1.069931030273438,1.040103673934937,542414.5,360.265657189247,129791.34375,3686400
N084,Noise,encoder_level3,-0.03752908483147621,0.690639317035675,-3.304237127304077,3.254810094833374,1023034.1875,939.026357457553,881770.5,1843200
N084,Noise,latent,0.002234793733805418,3.163385391235352,-21.6773738861084,19.49729347229004,2117362.75,3036.850671337002,9222462.0,921600
N084,Noise,decoder_level3,0.02049841545522213,1.100611090660095,-7.8504638671875,6.711709976196289,1602954.75,1494.498243558687,2233525.0,1843200
N084,Noise,decoder_level2,-0.005059715826064348,0.267295628786087,-1.841939926147461,1.684731483459473,782429.25,513.2995287841203,263476.40625,3686400
N084,Noise,decoder_level1,0.003185453359037638,0.06425706297159195,-0.3338209986686707,0.3900740444660187,652609.0625,247.05013566329,61033.76953125,14745600
N084,Noise,refinement,7.374372944468632e-05,0.02313059568405151,-0.2026304304599762,0.2126949578523636,260283.84375,88.82193937345941,7889.3369140625,14745600
N084,Noise,AFLB1_output,-0.0009425436146557331,0.02843617089092731,-0.2532835900783539,0.292613297700882,14711.8505859375,27.31371676530231,746.0391235351562,921600
N084,Noise,AFLB2_output,0.0004122619575355202,0.02812127396464348,-0.3298092186450958,0.3894361555576324,39037.10546875,38.18281029407245,1457.927001953125,1843200
N084,Noise,AFLB3_output,-0.0002053560747299343,0.007982124574482441,-0.07805344462394714,0.04614949226379395,22200.818359375,15.33074885162374,235.0318603515625,3686400
N085,Noise,encoder_level1,0.008329654112458229,0.1653647571802139,-0.5521758794784546,0.7127367854118347,958946.375,449.5825841822612,202124.5,7372800
N085,Noise,encoder_level2,0.02604521438479424,0.2568686306476593,-1.178162336349487,1.008282423019409,779991.3125,495.7165268578404,245734.875,3686400
N085,Noise,encoder_level3,-0.04801441729068756,0.7625530958175659,-2.879263162612915,2.799927949905396,1154638.0,1037.326672268674,1076046.625,1843200
N085,Noise,latent,0.1018891558051109,2.966598987579346,-16.50750732421875,14.10439777374268,2070284.25,2849.61427214281,8120301.5,921600
N085,Noise,decoder_level3,-0.04192781075835228,1.377487182617188,-8.200318336486816,7.675924301147461,1992707.5,1871.004676637662,3500658.5,1843200
N085,Noise,decoder_level2,-0.01601212471723557,0.334496796131134,-2.088462591171265,1.967306971549988,975775.0,642.9692595684494,413409.46875,3686400
N085,Noise,decoder_level1,0.009191472083330154,0.08913466334342957,-0.3935348391532898,0.6079739332199097,925369.0625,344.0920911434902,118399.3671875,14745600
N085,Noise,refinement,-9.99357143882662e-06,0.05410338938236237,-0.549619197845459,0.6999257206916809,586182.375,207.7570320711191,43162.984375,14745600
N085,Noise,AFLB1_output,-0.001460329745896161,0.02649804390966892,-0.2104323208332062,0.2361343502998352,14093.9375,25.4767230139071,649.0634155273438,921600
N085,Noise,AFLB2_output,-0.00169107154943049,0.03393019363284111,-0.3141100704669952,0.3285923898220062,48097.9375,46.12233488658857,2127.269775390625,1843200
N085,Noise,AFLB3_output,-0.0002999650023411959,0.009243026375770569,-0.06074238568544388,0.0751594677567482,26688.23828125,17.75595465699465,315.27392578125,3686400
N086,Noise,encoder_level1,0.01153586804866791,0.1772301644086838,-0.5355184078216553,0.7571004629135132,1026359.5,482.2496435975874,232564.71875,7372800
N086,Noise,encoder_level2,0.03844653815031052,0.263391524553299,-1.19422435760498,1.112889647483826,801624.875,511.0707815459616,261193.34375,3686400
N086,Noise,encoder_level3,-0.0682218074798584,0.8055898547172546,-2.934335708618164,3.154257297515869,1223748.5,1097.619868169304,1204769.375,1843200
N086,Noise,latent,0.1275418698787689,3.135982275009155,-17.37763977050781,16.24926948547363,2181120.25,3013.032027708965,9078362.0,921600
N086,Noise,decoder_level3,-0.04737387597560883,1.483015418052673,-8.370216369628906,8.080452919006348,2148586.0,2014.435528876514,4057950.5,1843200
N086,Noise,decoder_level2,-0.006587998941540718,0.3610829710960388,-2.093825578689575,1.811375856399536,1052741.25,693.3946387159335,480796.125,3686400
N086,Noise,decoder_level1,0.010618656873703,0.0904090628027916,-0.3682032227516174,0.5791916251182556,952997.4375,349.5571752231672,122190.21875,14745600
N086,Noise,refinement,0.0008642708999104798,0.05802478641271591,-0.5267822742462158,0.7134252786636353,638697.6875,222.8399089032303,49657.625,14745600
N086,Noise,AFLB1_output,-0.001506894826889038,0.02745150029659271,-0.2569356560707092,0.2437425553798676,14533.84375,26.39311688020844,696.5966186523438,921600
N086,Noise,AFLB2_output,-0.001418174360878766,0.03650882095098495,-0.3322043418884277,0.3702733218669891,51751.875,49.60340023076165,2460.497314453125,1843200
N086,Noise,AFLB3_output,-8.706602966412902e-05,0.009870260022580624,-0.07150471210479736,0.06948821246623993,28611.625,18.95163634791655,359.1645202636719,3686400
N087,Noise,encoder_level1,0.007051255088299513,0.1731725037097931,-0.569760262966156,0.7384446263313293,1007099.4375,470.6032199475478,221467.390625,7372800
N087,Noise,encoder_level2,0.02129672095179558,0.2571674585342407,-1.377124071121216,1.028502345085144,767302.125,495.4517193935247,245472.40625,3686400
N087,Noise,encoder_level3,-0.04753414541482925,0.790209949016571,-3.295635938644409,3.620028257369995,1198961.75,1074.763811262735,1155117.25,1843200
N087,Noise,latent,0.120063915848732,3.106906652450562,-20.59018898010254,19.21660614013672,2144167.25,2984.856780483781,8909370.0,921600
N087,Noise,decoder_level3,-0.02712653204798698,1.41000509262085,-8.725461959838867,8.922736167907715,2047888.25,1914.640632076944,3665848.75,1843200
N087,Noise,decoder_level2,-0.01384300459176302,0.3657146394252777,-2.800430059432983,2.262672901153564,1064930.75,702.6749337353652,493752.0625,3686400
N087,Noise,decoder_level1,0.008949967101216316,0.0876842737197876,-0.4155517518520355,0.5812693238258362,935167.375,338.4570342931286,114553.1640625,14745600
N087,Noise,refinement,0.0001414663129253313,0.05755284428596497,-0.6575995683670044,0.6023941040039062,630812.4375,221.0035792272379,48842.58203125,14745600
N087,Noise,AFLB1_output,-0.001241962774656713,0.02785886824131012,-0.2866837382316589,0.2579235434532166,14614.84375,26.77107677621153,716.6905517578125,921600
N087,Noise,AFLB2_output,-0.001256503514014184,0.03454414755105972,-0.3802027702331543,0.3423047661781311,49053.72265625,46.92970245650669,2202.39697265625,1843200
N087,Noise,AFLB3_output,-0.0001722977613098919,0.009982754476368427,-0.0686628520488739,0.07752402871847153,28930.2421875,19.16974268016731,367.4790344238281,3686400
N088,Noise,encoder_level1,0.01489997189491987,0.1737081408500671,-0.5686901807785034,0.7501915693283081,1019162.0,473.3999531315989,224107.515625,7372800
N088,Noise,encoder_level2,0.01994393393397331,0.2694837152957916,-1.438711047172546,1.216498494148254,813015.4375,518.8237899325743,269178.125,3686400
N088,Noise,encoder_level3,-0.07206594198942184,0.82333904504776,-3.455015659332275,3.651230812072754,1247043.5,1122.075922119355,1259054.375,1843200
N088,Noise,latent,0.1358634382486343,3.252655744552612,-19.91588020324707,19.06012344360352,2287434.25,3125.27246812178,9767328.0,921600
N088,Noise,decoder_level3,0.003564393846318126,1.331260085105896,-8.781339645385742,8.353137969970703,1937732.625,1807.385127746712,3266641.0,1843200
N088,Noise,decoder_level2,-0.02330498583614826,0.338543176651001,-2.446548223495483,2.119373321533203,988123.5625,651.5411777086695,424505.90625,3686400
N088,Noise,decoder_level1,0.01060099527239799,0.0894196629524231,-0.473069429397583,0.582777738571167,939937.0,345.7760858742258,119561.1015625,14745600
N088,Noise,refinement,2.169816434616223e-05,0.05533869937062263,-0.5226236581802368,0.7370100617408752,604932.0625,212.5006249990809,45156.515625,14745600
N088,Noise,AFLB1_output,-0.001481058076024055,0.02950680814683437,-0.2534658312797546,0.2798867523670197,15762.607421875,28.36219639890946,804.4141845703125,921600
N088,Noise,AFLB2_output,-0.0006982467602938414,0.03298976644873619,-0.3427958488464355,0.3448289930820465,46807.3125,44.79842139596342,2006.898559570312,1843200
N088,Noise,AFLB3_output,-0.0005287694511935115,0.00934412982314825,-0.06885609775781631,0.07223102450370789,27008.388671875,17.96943103328974,322.9004516601562,3686400
N089,Noise,encoder_level1,0.007850615307688713,0.1693483889102936,-0.575165331363678,0.7594061493873596,988965.0,460.3238330241006,211898.03125,7372800
N089,Noise,encoder_level2,0.01410385314375162,0.2591395676136017,-1.333525657653809,1.109506964683533,771852.3125,498.2843063954553,248287.25,3686400
N089,Noise,encoder_level3,-0.03803309425711632,0.8092264533042908,-3.834858894348145,3.445048570632935,1231355.25,1099.854990441922,1209681.0,1843200
N089,Noise,latent,0.09547488391399384,3.260159969329834,-23.12684631347656,17.18021392822266,2220846.25,3131.095495190142,9803759.0,921600
N089,Noise,decoder_level3,0.01934445649385452,1.318495869636536,-8.425766944885254,8.086543083190918,1913833.125,1790.242022744411,3204966.5,1843200
N089,Noise,decoder_level2,-0.018842538818717,0.3582077622413635,-2.775399446487427,2.415011644363403,1032629.5625,688.7097084403558,474321.0625,3686400
N089,Noise,decoder_level1,0.008495925925672054,0.08515069633722305,-0.514843761920929,0.5915517807006836,920938.8125,328.6022006164901,107979.40625,14745600
N089,Noise,refinement,-0.0005179349100217223,0.0565921775996685,-0.6012283563613892,0.5534673929214478,621343.625,217.3230602122104,47229.3125,14745600
N089,Noise,AFLB1_output,-0.001024119090288877,0.02885031886398792,-0.2490756809711456,0.2534095942974091,15366.140625,27.7137500334756,768.0519409179688,921600
N089,Noise,AFLB2_output,-8.800559589872137e-05,0.03263622522354126,-0.3309648633003235,0.4488308131694794,46033.453125,44.3085687827775,1963.249267578125,1843200
N089,Noise,AFLB3_output,-0.0003525282954797149,0.009906300343573093,-0.09551820158958435,0.0792388841509819,28283.974609375,19.03213594125284,362.2221984863281,3686400
N090,Noise,encoder_level1,0.003924060612916946,0.1674584299325943,-0.5790085792541504,0.7170347571372986,974491.25,454.8230425121401,206864.0,7372800
N090,Noise,encoder_level2,0.01500309631228447,0.2524388432502747,-1.249839901924133,1.121275782585144,750065.0625,485.5378461047089,235747.0,3686400
N090,Noise,encoder_level3,-0.02660784311592579,0.7908617258071899,-3.544007301330566,3.441498756408691,1205812.125,1074.317108678811,1154157.25,1843200
N090,Noise,latent,0.06489234417676926,3.188375234603882,-21.37109756469727,18.67522621154785,2149520.5,3061.474154716972,9372624.0,921600
N090,Noise,decoder_level3,0.03203620761632919,1.358362793922424,-8.011612892150879,9.480103492736816,1964208.75,1844.687304125011,3402871.25,1843200
N090,Noise,decoder_level2,-0.01436917949467897,0.3714954257011414,-2.855552434921265,2.854826211929321,1062235.75,713.8045732201497,509516.96875,3686400
N090,Noise,decoder_level1,0.007444397546350956,0.08418172597885132,-0.4626790881156921,0.5821282863616943,907203.375,324.5193440882993,105312.8046875,14745600
N090,Noise,refinement,-6.35159231023863e-05,0.05613822117447853,-0.7179797887802124,0.5384300947189331,617499.125,215.5709080702914,46470.81640625,14745600
N090,Noise,AFLB1_output,-0.0009007125627249479,0.02738717570900917,-0.2890999615192413,0.2534490823745728,14534.7841796875,26.30590331686799,692.0005493164062,921600
N090,Noise,AFLB2_output,0.0002519447589293122,0.03305356577038765,-0.2947831749916077,0.3230360150337219,46837.7265625,44.87631385176233,2013.883544921875,1843200
N090,Noise,AFLB3_output,-0.0002231532707810402,0.01015951950103045,-0.08375157415866852,0.06560836732387543,28977.423828125,19.51098167088778,380.6784057617188,3686400
N091,Noise,encoder_level1,0.01046217512339354,0.18337582051754,-0.5717747211456299,0.7450768947601318,1081835.75,498.7282733362928,248729.890625,7372800
N091,Noise,encoder_level2,0.02247178554534912,0.2617609202861786,-1.427492260932922,1.107772469520569,780948.3125,504.4295664411435,254449.1875,3686400
N091,Noise,encoder_level3,-0.07113683968782425,0.7951887249946594,-3.6528639793396,3.353884696960449,1218014.25,1083.89534780808,1174829.125,1843200
N091,Noise,latent,0.1547483950853348,3.001957178115845,-20.60221862792969,17.89658737182617,2081998.375,2885.705459675329,8327296.0,921600
N091,Noise,decoder_level3,0.01760433800518513,1.44130539894104,-9.82127857208252,9.071718215942383,2082443.125,1956.927119235665,3829563.75,1843200
N091,Noise,decoder_level2,-0.0151541493833065,0.3684009611606598,-2.608396291732788,2.063436031341553,1062391.0,707.9280065797651,501162.0625,3686400
N091,Noise,decoder_level1,0.01160521153360605,0.08773895353078842,-0.3941874504089355,0.5773847699165344,941101.9375,339.8520358185309,115499.40625,14745600
N091,Noise,refinement,0.0005994531093165278,0.05773681029677391,-0.6515940427780151,0.5775191187858582,638293.25,221.7213023989802,49160.3359375,14745600
N091,Noise,AFLB1_output,-0.001175282523036003,0.0264660082757473,-0.2196973562240601,0.2885530889034271,13996.4765625,25.43240792860312,646.807373046875,921600
N091,Noise,AFLB2_output,-9.190665150526911e-05,0.03567526489496231,-0.436051994562149,0.3929772973060608,50160.0078125,48.4345084761694,2345.901611328125,1843200
N091,Noise,AFLB3_output,-0.0002930983027908951,0.01009814813733101,-0.07770602405071259,0.0773344486951828,28977.15234375,19.39660778473101,376.2283935546875,3686400
N092,Noise,encoder_level1,0.004753557965159416,0.1657684147357941,-0.5607206225395203,0.6808698773384094,963810.125,450.2943828763579,202765.03125,7372800
N092,Noise,encoder_level2,0.01438202988356352,0.2535918056964874,-1.277989029884338,1.04465126991272,758781.25,487.6786852016397,237830.5,3686400
N092,Noise,encoder_level3,-0.03593537956476212,0.7825855016708374,-3.254732847213745,3.560736179351807,1188105.75,1063.592849731513,1131229.75,1843200
N092,Noise,latent,0.07169823348522186,3.112993717193604,-20.62005996704102,15.4393253326416,2126492.5,2989.266465205134,8935714.0,921600
N092,Noise,decoder_level3,0.01122344098985195,1.303652286529541,-7.868814468383789,7.912381172180176,1894348.625,1769.962640848671,3132767.75,1843200
N092,Noise,decoder_level2,-0.009809158742427826,0.3259312808513641,-2.104106426239014,1.892608642578125,945574.75,626.0714066701977,391965.40625,3686400
N092,Noise,decoder_level1,0.00866845715790987,0.08511656522750854,-0.3765178322792053,0.5878880620002747,900919.5,328.5382160038616,107937.359375,14745600
N092,Noise,refinement,-0.0002469244936946779,0.05252091959118843,-0.6745820045471191,0.4949493706226349,571210.0,201.6825514577302,40675.8515625,14745600
N092,Noise,AFLB1_output,-0.001087814336642623,0.02777056023478508,-0.2523366510868073,0.2727908194065094,14634.146484375,26.68018278273806,711.8321533203125,921600
N092,Noise,AFLB2_output,-0.0007141094538383186,0.03205982968211174,-0.3794441223144531,0.3365800976753235,45323.1875,43.53666317070088,1895.441040039062,1843200
N092,Noise,AFLB3_output,-8.134020754368976e-05,0.00912680383771658,-0.07390731573104858,0.07454241067171097,26097.380859375,17.52415934898653,307.0961608886719,3686400
N093,Noise,encoder_level1,0.005291958805173635,0.1690468788146973,-0.5643349289894104,0.6863422989845276,982709.3125,459.2361524858425,210897.84375,7372800
N093,Noise,encoder_level2,0.01706433482468128,0.2514213025569916,-1.304996728897095,0.9991416931152344,750311.9375,483.8394943057046,234100.65625,3686400
N093,Noise,encoder_level3,-0.03733536973595619,0.7711057066917419,-3.168124914169312,3.149553775787354,1170666.75,1048.114199407679,1098543.375,1843200
N093,Noise,latent,0.09652203321456909,2.982470512390137,-20.05265808105469,17.10964393615723,2015053.125,2864.670836239305,8206339.0,921600
N093,Noise,decoder_level3,-0.01313381176441908,1.337207198143005,-7.220097064971924,8.450968742370605,1942040.25,1815.540277713497,3296186.5,1843200
N093,Noise,decoder_level2,-0.02060629613697529,0.3385260701179504,-2.219517707824707,2.078042507171631,985586.25,651.1730760711779,424026.375,3686400
N093,Noise,decoder_level1,0.008692079223692417,0.08842314034700394,-0.365073949098587,0.5499927401542664,937905.8125,341.1814033619066,116404.75,14745600
N093,Noise,refinement,-0.0005889706662856042,0.05617326870560646,-0.6211225986480713,0.5728082060813904,616270.0625,215.7172175992218,46533.91796875,14745600
N093,Noise,AFLB1_output,-0.0009413505904376507,0.02587622217833996,-0.2101439386606216,0.2612115442752838,13485.4228515625,24.85760595331877,617.9005737304688,921600
N093,Noise,AFLB2_output,-0.0009443208109587431,0.03293918073177338,-0.3199220597743988,0.4122450053691864,46891.015625,44.73808871678863,2001.49658203125,1843200
N093,Noise,AFLB3_output,-0.000414477864978835,0.009418725967407227,-0.06811167299747467,0.0749715119600296,27074.32421875,18.10145544449353,327.6626892089844,3686400
N094,Noise,encoder_level1,0.007713103666901588,0.1737139821052551,-0.5733006596565247,0.7047288417816162,1011918.625,472.1485796335725,222924.28125,7372800
N094,Noise,encoder_level2,0.02142830565571785,0.2537416517734528,-1.357813358306885,0.9931466579437256,759815.9375,488.9180976912186,239040.90625,3686400
N094,Noise,encoder_level3,-0.04746951535344124,0.7701033353805542,-3.415941476821899,3.055153131484985,1170927.125,1047.511276788942,1097279.875,1843200
N094,Noise,latent,0.1155833974480629,2.971893072128296,-19.35892295837402,14.99333477020264,2034584.5,2855.17416281389,8152019.5,921600
N094,Noise,decoder_level3,-0.0003868018393404782,1.352458596229553,-7.347722053527832,8.429159164428711,1959785.75,1836.158830275856,3371479.25,1843200
N094,Noise,decoder_level2,-0.01478908304125071,0.3449472486972809,-2.343917369842529,2.05880331993103,1004241.125,662.9071390473932,439445.875,3686400
N094,Noise,decoder_level1,0.01012381538748741,0.08606099337339401,-0.4210621118545532,0.5650870203971863,924824.375,332.7529113321174,110724.5,14745600
N094,Noise,refinement,0.0002751531428657472,0.05653101205825806,-0.589732825756073,0.6063728332519531,622404.75,217.0816558636404,47124.4453125,14745600
N094,Noise,AFLB1_output,-0.001133758923970163,0.0260434914380312,-0.2892585098743439,0.2770771682262421,13605.3955078125,25.02543140081455,626.272216796875,921600
N094,Noise,AFLB2_output,-0.0008416781201958656,0.03310485929250717,-0.4084210097789764,0.3743123710155487,46860.16796875,44.95917065924579,2021.327026367188,1843200
N094,Noise,AFLB3_output,-0.0001633201609365642,0.009530617855489254,-0.06787937879562378,0.07401423901319504,27472.912109375,18.30147285579514,334.9439086914062,3686400
N095,Noise,encoder_level1,0.005442027933895588,0.1681110560894012,-0.559995174407959,0.715235710144043,973878.8125,456.7093749037784,208583.453125,7372800
N095,Noise,encoder_level2,0.01879905350506306,0.2488576918840408,-1.39894962310791,0.9937927722930908,743380.25,479.1681431136673,229602.109375,3686400
N095,Noise,encoder_level3,-0.03405526652932167,0.7639634609222412,-3.068655252456665,3.172934770584106,1158740.5,1038.221195121733,1077903.25,1843200
N095,Noise,latent,0.09540623426437378,3.015006303787231,-19.82931327819824,15.43218326568604,2044742.75,2895.854968744119,8385976.0,921600
N095,Noise,decoder_level3,0.03223782405257225,1.380300402641296,-7.271905422210693,8.110808372497559,2007280.25,1874.469058160203,3513634.25,1843200
N095,Noise,decoder_level2,-0.02319600805640221,0.3416582345962524,-2.194129467010498,2.068333625793457,995036.75,657.4938925571856,432298.21875,3686400
N095,Noise,decoder_level1,0.008964937180280685,0.08737711608409882,-0.3625106513500214,0.5543572306632996,937136.9375,337.2895292808539,113764.2265625,14745600
N095,Noise,refinement,-0.0003402807924430817,0.05618751049041748,-0.6668695211410522,0.6085536479949951,614714.6875,215.7639950559407,46554.1015625,14745600
N095,Noise,AFLB1_output,-0.001169352559372783,0.02611465938389301,-0.2410535514354706,0.2560869455337524,13628.7001953125,25.09519351973538,629.7687377929688,921600
N095,Noise,AFLB2_output,-0.000139501818921417,0.03426017984747887,-0.5236495733261108,0.2793148159980774,48483.83984375,46.51354914330071,2163.51025390625,1843200
N095,Noise,AFLB3_output,-0.0003850333450827748,0.009487297385931015,-0.05577193200588226,0.06697290390729904,27331.8359375,18.23060559797041,332.35498046875,3686400
N096,Noise,encoder_level1,0.005771464668214321,0.1661175489425659,-0.506845235824585,0.6635960340499878,976054.5625,451.3294597630427,203698.28125,7372800
N096,Noise,encoder_level2,0.01258150115609169,0.2507537305355072,-1.350047707557678,1.167515754699707,755065.8125,482.052820627574,232374.921875,3686400
N096,Noise,encoder_level3,-0.05409034714102745,0.7463288903236389,-3.29412579536438,3.645026922225952,1135867.0,1015.907353059323,1032067.75,1843200
N096,Noise,latent,0.1103796735405922,2.867514371871948,-19.46973609924316,15.12434005737305,1977394.125,2754.852627637275,7589213.0,921600
N096,Noise,decoder_level3,-0.01405653171241283,1.247665643692017,-6.717635154724121,8.636689186096191,1810688.375,1693.994465752471,2869617.25,1843200
N096,Noise,decoder_level2,-0.01627418398857117,0.2825829982757568,-2.228204727172852,1.926622867584229,830042.0625,543.4583413197372,295346.96875,3686400
N096,Noise,decoder_level1,0.008729221299290657,0.08410272747278214,-0.489194393157959,0.5873613357543945,852414.4375,324.689394845289,105423.203125,14745600
N096,Noise,refinement,0.0001956789055839181,0.04437891393899918,-0.4722048938274384,0.597637414932251,473095.84375,170.4166768541154,29041.84375,14745600
N096,Noise,AFLB1_output,-0.001134908408857882,0.02600822038948536,-0.2266062647104263,0.2585131525993347,13774.6103515625,24.99165143806152,624.5826416015625,921600
N096,Noise,AFLB2_output,-0.000749781378544867,0.03054659441113472,-0.3448403775691986,0.3113173246383667,43534.375,41.48392331439599,1720.915893554688,1843200
N096,Noise,AFLB3_output,-0.0003230471629649401,0.007971355691552162,-0.07488677650690079,0.06699676066637039,22923.185546875,15.31756632545672,234.6278381347656,3686400
N097,Noise,encoder_level1,0.0109097957611084,0.1714121550321579,-0.5851994156837463,0.7927866578102112,996728.75,466.3754857944401,217506.09375,7372800
N097,Noise,encoder_level2,0.0271728727966547,0.2647722065448761,-1.505975365638733,1.237590432167053,792570.375,511.0327778137132,261154.5,3686400
N097,Noise,encoder_level3,-0.0491265282034874,0.8341552019119263,-3.69949197769165,3.509868144989014,1268909.5,1134.448930097781,1286974.375,1843200
N097,Noise,latent,0.09951668977737427,3.38747501373291,-22.02726364135742,18.9920768737793,2335721.0,3253.378858971085,10584474.0,921600
N097,Noise,decoder_level3,0.03469657525420189,1.341996669769287,-7.880804061889648,6.975095748901367,1951512.125,1822.563853476744,3321739.0,1843200
N097,Noise,decoder_level2,-0.00892159529030323,0.3518005907535553,-1.896616339683533,2.125171661376953,1032269.25,675.6743159614697,456535.78125,3686400
N097,Noise,decoder_level1,0.008799641393125057,0.08698606491088867,-0.4161296486854553,0.6005905866622925,952872.75,335.7312913626015,112715.5,14745600
N097,Noise,refinement,0.001018171431496739,0.05871551111340523,-0.5689880847930908,0.7865062952041626,647504.6875,225.5014550950836,50850.90625,14745600
N097,Noise,AFLB1_output,-0.001334954053163528,0.03011868894100189,-0.2736695408821106,0.2679684162139893,16069.2724609375,28.94232862487863,837.6583862304688,921600
N097,Noise,AFLB2_output,0.0001764335174812004,0.03275837376713753,-0.3272321820259094,0.3399357795715332,46565.78125,44.47488757714852,1978.015625,1843200
N097,Noise,AFLB3_output,0.0001183573040179908,0.009837129153311253,-0.07130725681781769,0.08581418544054031,28443.19921875,18.88865561746405,356.7813110351562,3686400
N098,Noise,encoder_level1,0.00751414755359292,0.1753974854946136,-0.5807946920394897,0.688118040561676,1023641.125,476.691888173063,227235.15625,7372800
N098,Noise,encoder_level2,0.01846464164555073,0.2510518133640289,-1.297006726264954,0.9944351315498352,748861.625,483.3214348391762,233599.609375,3686400
N098,Noise,encoder_level3,-0.04795192182064056,0.7594526410102844,-3.805618047714233,3.005718469619751,1159197.625,1033.120273733896,1067337.5,1843200
N098,Noise,latent,0.1110316812992096,2.884071111679077,-20.1490592956543,15.328369140625,1949869.75,2770.759372446478,7677107.5,921600
N098,Noise,decoder_level3,-0.00762840686365962,1.363121271133423,-6.832659721374512,7.379582405090332,1982301.0,1850.663732286338,3424956.25,1843200
N098,Noise,decoder_level2,-0.01318173948675394,0.3286700248718262,-2.227650165557861,1.977707743644714,963850.9375,631.5537882872685,398860.1875,3686400
N098,Noise,decoder_level1,0.01078254729509354,0.08797024190425873,-0.3607722222805023,0.5473333597183228,944807.8125,340.3337745875364,115827.078125,14745600
N098,Noise,refinement,0.0005599018768407404,0.05807008221745491,-0.6938090920448303,0.5174602270126343,637239.25,222.9994832533251,49728.76953125,14745600
N098,Noise,AFLB1_output,-0.001158471219241619,0.02459455281496048,-0.1952436864376068,0.2861214280128479,12764.5625,23.63694824349423,558.705322265625,921600
N098,Noise,AFLB2_output,-0.001244594343006611,0.03348278999328613,-0.4040051996707916,0.3734102547168732,47480.0390625,45.48913578657408,2069.261474609375,1843200
N098,Noise,AFLB3_output,-0.0002300518099218607,0.009185518138110638,-0.06871947646141052,0.0669073760509491,26570.544921875,17.64172608526666,311.2304992675781,3686400
N099,Noise,encoder_level1,0.005938619840890169,0.1693473160266876,-0.5951981544494629,0.7366145253181458,980912.8125,460.1097355522919,211700.96875,7372800
N099,Noise,encoder_level2,0.0199141651391983,0.2508074641227722,-1.299575090408325,1.021784782409668,742890.375,483.0658437262978,233352.609375,3686400
N099,Noise,encoder_level3,-0.02633190155029297,0.78452467918396,-3.497078657150269,3.381540775299072,1204811.5,1065.705810718887,1135728.875,1843200
N099,Noise,latent,0.06387810409069061,3.216282606124878,-21.65945625305176,18.51996994018555,2152838.75,3088.240113721729,9537227.0,921600
N099,Noise,decoder_level3,0.02133569121360779,1.294061541557312,-8.941360473632812,7.083187103271484,1885929.875,1757.114893796077,3087452.75,1843200
N099,Noise,decoder_level2,-0.004599251318722963,0.3502593040466309,-2.491758584976196,2.16340160369873,1020483.25,672.5558526992387,452331.375,3686400
N099,Noise,decoder_level1,0.00838070921599865,0.084372878074646,-0.4307693839073181,0.5758522748947144,930344.75,325.586238095992,106006.3984375,14745600
N099,Noise,refinement,0.0006944278720766306,0.05966395512223244,-0.663567304611206,0.5354779958724976,662149.25,229.1250937670294,52498.30859375,14745600
N099,Noise,AFLB1_output,-0.001370014855638146,0.02688911557197571,-0.2153860926628113,0.2618158161640167,14290.134765625,25.84703491441886,668.0692138671875,921600
N099,Noise,AFLB2_output,-0.0005133274244144559,0.03190187364816666,-0.3437124192714691,0.2931458055973053,45113.9296875,43.31702605320164,1876.36474609375,1843200
N099,Noise,AFLB3_output,0.0002525119052734226,0.009774792939424515,-0.0584971085190773,0.07605618238449097,28110.50390625,18.77386420785348,352.4579772949219,3686400
N100,Noise,encoder_level1,0.007757881656289101,0.174103319644928,-0.5813049674034119,0.7082372307777405,1009759.6875,473.2100815177124,223927.78125,7372800
N100,Noise,encoder_level2,0.02345619350671768,0.2533563673496246,-1.277531743049622,0.9770538210868835,756583.875,488.5245483852372,238656.234375,3686400
N100,Noise,encoder_level3,-0.04288217425346375,0.7808600664138794,-3.10960841178894,3.333258152008057,1191690.625,1061.728190263403,1127266.75,1843200
N100,Noise,latent,0.09823566675186157,3.082523107528687,-19.222412109375,15.26156711578369,2088736.625,2960.724404601009,8765889.0,921600
N100,Noise,decoder_level3,0.02072002924978733,1.253725051879883,-7.662466049194336,7.092457294464111,1826268.625,1702.346101707875,2897982.25,1843200
N100,Noise,decoder_level2,-0.001192732946947217,0.319061666727066,-2.597297191619873,2.127875328063965,934928.375,612.6026954723592,375282.0625,3686400
N100,Noise,decoder_level1,0.01066688355058432,0.08517134934663773,-0.3661590814590454,0.5666646957397461,932376.0,329.6129832849428,108644.71875,14745600
N100,Noise,refinement,0.00098246312700212,0.05815286561846733,-0.6061831712722778,0.6212348937988281,641349.3125,223.3388680906214,49880.25,14745600
N100,Noise,AFLB1_output,-0.001252016169019043,0.02640949562191963,-0.2097382992506027,0.2735713720321655,13866.0732421875,25.38159094090452,644.2251586914062,921600
N100,Noise,AFLB2_output,-0.0004899502382613719,0.03086452186107635,-0.3497992157936096,0.3459145128726959,43632.76953125,41.90834435016343,1756.309326171875,1843200
N100,Noise,AFLB3_output,0.0002588521456345916,0.008932269178330898,-0.05747148767113686,0.07100997865200043,25783.388671875,17.15715627586954,294.3680114746094,3686400
